Date,Open,High,Low,Close,Volume,Series,TOTAL_TRADES,QTY_PER_TRADE,DLV_QTY
2021-12-24,856.05,864.0,743.85,755.0,13492548,EQ,436142,30.94,4533248
2021-12-27,738.5,741.7,702.35,705.75,2137929,EQ,110115,19.42,546969
2021-12-28,705.75,748.0,702.0,734.6,1586404,EQ,63356,25.04,413868
2021-12-29,748.0,824.0,740.2,787.25,5408945,EQ,198384,27.27,776079
2021-12-30,792.45,814.0,772.05,778.3,1904086,EQ,81667,23.32,307130
2021-12-31,783.75,793.05,756.1,759.9,980471,EQ,33490,29.28,265177
2022-01-03,764.0,782.9,757.65,773.55,773259,EQ,24056,32.14,235685
2022-01-04,778.5,783.85,753.25,758.35,448706,EQ,17317,25.91,140919
2022-01-05,760.0,789.0,740.5,772.35,953044,EQ,34647,27.51,199226
2022-01-06,759.95,774.0,758.2,761.35,276248,EQ,9612,28.74,98748
2022-01-07,766.7,769.0,739.25,740.65,425068,EQ,15921,26.7,187012
2022-01-10,746.9,774.9,741.95,759.6,561329,EQ,17847,31.45,167927
2022-01-11,759.0,782.5,748.75,763.3,564979,EQ,20484,27.58,155128
2022-01-12,770.0,776.6,750.0,753.95,232552,EQ,8811,26.39,93971
2022-01-13,760.0,760.0,743.45,746.0,189888,EQ,7398,25.67,90615
2022-01-14,748.0,764.4,735.05,738.6,322468,EQ,11928,27.03,144565
2022-01-17,750.0,834.0,742.45,814.4,2841269,EQ,102748,27.65,707457
2022-01-18,821.65,824.5,772.55,780.05,823370,EQ,32815,25.09,251164
2022-01-19,780.0,812.3,756.4,795.1,812554,EQ,37208,21.84,191790
2022-01-20,792.0,806.0,775.5,783.35,381920,EQ,13745,27.79,128222
2022-01-21,784.0,804.0,748.6,758.75,529262,EQ,22356,23.67,158241
2022-01-24,755.0,765.0,706.0,720.45,471275,EQ,24288,19.4,173711
2022-01-25,718.0,757.5,705.6,735.9,298283,EQ,13118,22.74,79992
2022-01-27,722.0,738.9,715.0,717.65,185855,EQ,8680,21.41,72852
2022-01-28,726.0,776.95,724.0,741.35,771322,EQ,29738,25.94,341167
2022-01-31,748.9,755.0,711.05,721.8,275063,EQ,13760,19.99,104294
2022-02-01,727.6,748.0,726.0,732.6,201773,EQ,8719,23.14,49193
2022-02-02,737.9,753.85,713.35,720.85,429933,EQ,17001,25.29,200412
2022-02-03,724.0,743.9,722.85,737.1,251681,EQ,11664,21.58,83282
2022-02-04,739.95,744.1,728.45,731.05,125290,EQ,5163,24.27,40394
2022-02-07,725.1,737.2,709.55,714.35,193955,EQ,10388,18.67,85622
2022-02-08,719.0,726.45,694.85,704.0,161360,EQ,9130,17.67,60672
2022-02-09,717.8,729.95,700.2,718.3,365106,EQ,14830,24.62,123765
2022-02-10,725.0,731.4,714.0,718.8,128661,EQ,5554,23.17,50251
2022-02-11,711.0,726.0,710.1,713.25,215967,EQ,9905,21.8,121931
2022-02-14,690.5,712.0,639.05,650.05,368995,EQ,22515,16.39,159128
2022-02-15,652.1,685.0,630.25,679.3,470238,EQ,26941,17.45,156772
2022-02-16,696.0,696.0,671.25,677.55,117711,EQ,6546,17.98,33426
2022-02-17,680.0,684.85,660.0,664.6,113764,EQ,5936,19.17,25571
2022-02-18,660.0,672.8,645.05,649.1,111159,EQ,5645,19.69,40078
2022-02-21,640.0,646.85,611.0,620.55,180059,EQ,9608,18.74,72773
2022-02-22,608.9,608.9,584.25,597.6,291970,EQ,18125,16.11,132103
2022-02-23,604.0,624.8,604.0,615.0,117971,EQ,6267,18.82,36908
2022-02-24,578.3,594.2,575.0,585.35,214539,EQ,12008,17.87,99204
2022-02-25,599.95,619.5,597.65,607.9,164327,EQ,8350,19.68,67700
2022-02-28,598.0,623.95,591.25,613.55,195975,EQ,10573,18.54,83512
2022-03-02,610.0,668.8,603.95,662.45,431871,EQ,23316,18.52,95275
2022-03-03,674.3,679.7,635.25,640.75,184980,EQ,8036,23.02,60765
2022-03-04,638.0,646.0,615.0,622.9,162100,EQ,9348,17.34,43967
2022-03-07,614.0,633.45,604.6,620.1,165831,EQ,,,
2022-03-08,628.05,650.45,620.1,642.8,230165,EQ,10439,22.05,125986
2022-03-09,643.0,720.0,643.0,713.1,463408,EQ,26834,17.27,120555
2022-03-10,720.0,735.2,665.2,670.55,448415,EQ,25493,17.59,160558
2022-03-11,670.0,688.0,656.85,663.3,286572,EQ,15377,18.64,87361
2022-03-14,668.0,675.8,648.95,655.3,181529,EQ,9398,19.32,66185
2022-03-15,660.0,680.65,656.0,663.35,229276,EQ,11454,20.02,81766
2022-03-16,674.9,692.95,666.35,674.0,149355,EQ,6775,22.05,47362
2022-03-17,682.95,684.9,660.1,671.05,184809,EQ,7549,24.48,62964
2022-03-21,675.0,694.7,671.1,677.1,154264,EQ,7213,21.39,56796
2022-03-22,682.7,682.7,661.15,665.15,130825,EQ,5958,21.96,69757
2022-03-23,674.0,678.0,657.1,664.3,195562,EQ,12938,15.12,66651
2022-03-24,664.85,686.3,660.05,681.5,253588,EQ,12596,20.13,87580
2022-03-25,681.5,692.9,670.0,672.8,133463,EQ,8018,16.65,61022
2022-03-28,675.0,679.65,665.5,674.95,137356,EQ,8173,16.81,44796
2022-03-29,676.05,721.0,675.35,712.9,488207,EQ,21309,22.91,178699
2022-03-30,722.0,740.35,713.3,723.5,276393,EQ,14227,19.43,120317
2022-03-31,727.5,733.05,698.4,702.9,186195,EQ,13871,13.42,83021
2022-04-01,705.0,750.0,705.0,746.5,319823,EQ,16032,19.95,119452
2022-04-04,754.9,771.85,747.0,757.25,353926,EQ,12546,28.21,192690
2022-04-05,763.7,787.95,744.15,767.9,385137,EQ,18273,21.08,115592
2022-04-06,763.2,787.45,757.75,778.6,316334,EQ,14575,21.7,122366
2022-04-07,779.0,819.9,774.8,811.65,801244,EQ,32652,24.54,276341
2022-04-08,820.0,852.0,802.15,821.2,606100,EQ,26528,22.85,184730
2022-04-11,822.0,898.0,815.2,871.85,1497070,EQ,63336,23.64,368712
2022-04-12,875.95,922.7,862.55,877.85,1242955,EQ,52178,23.82,248378
2022-04-13,886.5,911.0,873.15,878.8,368147,EQ,15101,24.38,68905
2022-04-18,871.5,927.5,855.55,915.0,774908,EQ,29796,26.01,211279
2022-04-19,925.0,934.8,863.8,881.35,436696,EQ,16953,25.76,154324
2022-04-20,882.0,908.0,858.0,865.55,230060,EQ,9827,23.41,77519
2022-04-21,873.7,891.95,868.0,877.15,153985,EQ,7569,20.34,44039
2022-04-22,874.0,899.0,851.65,856.4,239321,EQ,9905,24.16,63141
2022-04-25,853.9,872.0,835.0,847.5,258567,EQ,13516,19.13,79768
2022-04-26,859.5,867.55,812.45,817.8,224421,EQ,10883,20.62,99832
2022-04-27,812.95,836.95,807.5,817.8,242963,EQ,11459,21.2,54510
2022-04-28,825.0,847.85,815.6,838.1,214696,EQ,10672,20.12,61570
2022-04-29,844.0,844.0,782.7,797.9,141658,EQ,7508,18.87,54604
2022-05-02,780.0,788.95,766.8,778.0,144202,EQ,8872,16.25,52387
2022-05-04,774.0,792.1,735.25,743.35,129796,EQ,8233,15.77,48840
2022-05-05,750.1,771.25,743.45,759.05,118639,EQ,6912,17.16,37298
2022-05-06,745.1,755.0,712.75,717.5,213138,EQ,13165,16.19,84395
2022-05-09,707.4,733.45,705.0,715.75,169746,EQ,10377,16.36,60639
2022-05-10,715.0,731.9,681.25,691.4,149494,EQ,11509,12.99,57232
2022-05-12,664.9,687.75,650.0,661.85,169525,EQ,18458,9.18,64283
2022-05-13,680.0,703.05,662.2,689.25,202085,EQ,15041,13.44,56312
2022-05-16,693.05,714.35,684.1,707.6,108019,EQ,10571,10.22,31930
2022-05-17,714.0,725.85,698.2,721.15,128485,EQ,10158,12.65,41730
2022-05-18,725.0,742.15,710.1,733.45,135196,EQ,9756,13.86,47676
2022-05-19,719.9,721.8,701.0,704.05,73200,EQ,6635,11.03,25192
2022-05-20,712.6,744.0,712.6,735.15,135980,EQ,9596,14.17,40204
2022-05-23,748.0,767.95,725.25,758.25,240616,EQ,15374,15.65,93275
2022-05-24,750.0,767.0,710.15,714.05,168643,EQ,10414,16.19,60437
2022-05-25,717.0,728.8,699.05,718.65,139463,EQ,11154,12.5,45144
2022-05-26,721.0,740.85,690.0,726.8,263805,EQ,21591,12.22,87966
2022-05-27,730.1,755.0,723.55,738.85,281005,EQ,18091,15.53,52467
2022-05-30,742.0,771.4,741.25,753.7,288630,EQ,18977,15.21,78365
2022-05-31,760.0,771.0,745.25,764.65,174206,EQ,12256,14.21,43807
2022-06-01,765.0,788.1,762.55,772.55,165611,EQ,11672,14.19,47867
2022-06-02,770.0,791.7,765.15,782.45,166617,EQ,11081,15.04,67012
2022-06-03,791.45,792.0,750.35,757.95,140717,EQ,10877,12.94,48930
2022-06-06,755.1,770.5,742.1,752.65,85330,EQ,6325,13.49,22440
2022-06-07,753.95,766.45,740.0,746.9,68979,EQ,4537,15.2,26474
2022-06-08,746.9,749.95,720.0,723.35,97286,EQ,6702,14.52,34644
2022-06-09,725.0,734.0,719.55,725.4,62136,EQ,3686,16.86,22168
2022-06-10,721.3,743.95,711.0,721.8,103744,EQ,5644,18.38,31379
2022-06-13,715.0,717.3,699.0,701.75,112963,EQ,5874,19.23,35606
2022-06-14,701.0,714.0,692.85,703.5,59186,EQ,3878,15.26,18768
2022-06-15,706.2,712.0,695.05,702.05,28679,EQ,2155,13.31,11048
2022-06-16,715.0,715.0,672.9,676.55,83959,EQ,7670,10.95,30520
2022-06-17,679.7,687.8,661.05,671.05,71211,EQ,7450,9.56,21414
2022-06-20,669.0,675.2,607.75,638.95,210354,EQ,13223,15.91,101101
2022-06-21,644.75,674.8,644.75,667.85,120679,EQ,10004,12.06,54726
2022-06-22,675.0,675.0,635.0,640.05,106297,EQ,8303,12.8,54054
2022-06-23,642.0,650.85,635.55,642.25,134868,EQ,6079,22.19,71458
2022-06-24,649.9,674.9,642.4,647.9,185715,EQ,13322,13.94,90153
2022-06-27,659.9,668.0,656.25,659.85,78986,EQ,5108,15.46,38767
2022-06-28,657.0,664.9,652.55,660.6,64810,EQ,3926,16.51,36944
2022-06-29,658.9,667.0,651.65,654.15,50351,EQ,4484,11.23,22363
2022-06-30,655.0,662.05,633.0,640.5,105662,EQ,5385,19.62,67238
2022-07-01,639.7,643.45,630.15,636.2,62571,EQ,4527,13.82,32705
2022-07-04,631.7,647.95,631.65,641.3,104053,EQ,4450,23.38,74284
2022-07-05,644.7,664.7,642.55,656.65,124226,EQ,6056,20.51,76636
2022-07-06,656.0,699.5,655.85,694.2,187237,EQ,10810,17.32,62045
2022-07-07,700.0,714.8,693.2,695.2,125002,EQ,8057,15.51,43125
2022-07-08,700.3,718.2,696.1,708.75,100083,EQ,6090,16.43,33702
2022-07-11,704.0,739.9,700.8,731.85,109002,EQ,6439,16.93,41735
2022-07-12,730.0,734.7,709.4,717.6,76447,EQ,5327,14.35,32247
2022-07-13,724.4,732.0,653.0,717.75,100126,EQ,9230,10.85,37173
2022-07-14,728.25,736.4,722.0,729.85,98004,EQ,5764,17.0,33322
2022-07-15,726.0,735.0,712.7,716.35,49749,EQ,3784,13.15,22515
2022-07-18,722.1,744.0,706.0,715.6,137529,EQ,8180,16.81,46976
2022-07-19,715.6,751.7,714.95,745.05,228420,EQ,12422,18.39,76402
2022-07-20,752.0,763.7,745.05,748.9,125247,EQ,7143,17.53,35554
2022-07-21,750.0,767.5,745.35,757.45,126302,EQ,7493,16.86,44681
2022-07-22,757.0,763.7,746.0,750.75,65512,EQ,5064,12.94,23799
2022-07-25,750.75,756.0,735.0,743.45,55443,EQ,5102,10.87,24227
2022-07-26,742.45,743.1,725.4,730.3,67316,EQ,4517,14.9,33015
2022-07-27,730.3,770.0,722.05,767.35,140719,EQ,8008,17.57,67671
2022-07-28,769.0,789.0,753.8,757.1,164762,EQ,12497,13.18,75342
2022-07-29,755.0,784.0,755.0,776.15,114549,EQ,7567,15.14,49681
2022-08-01,776.95,801.25,776.95,797.4,140790,EQ,9214,15.28,52290
2022-08-02,797.0,820.0,742.1,750.95,564279,EQ,35384,15.95,151341
2022-08-03,755.0,787.7,751.25,775.75,243922,EQ,13931,17.51,81598
2022-08-04,780.0,802.5,776.15,799.65,207047,EQ,13463,15.38,93924
2022-08-05,802.0,834.5,802.0,820.2,358524,EQ,16482,21.75,173653
2022-08-08,820.9,837.0,803.45,833.4,227195,EQ,,,
2022-08-10,834.8,844.0,816.1,833.4,181400,EQ,12783,14.19,38387
2022-08-11,833.4,852.8,824.95,832.2,114922,EQ,8715,13.19,47375
2022-08-12,832.1,843.7,821.05,838.55,104061,EQ,7633,13.63,46583
2022-08-16,840.0,862.0,828.9,859.8,159346,EQ,9857,16.17,75727
2022-08-17,864.8,874.8,855.0,864.1,146589,EQ,10721,13.67,59048
2022-08-18,862.85,879.0,856.0,866.45,90660,EQ,9567,9.48,37683
2022-08-19,865.95,885.0,855.25,863.55,141986,EQ,10680,13.29,71891
2022-08-22,861.0,861.0,836.0,839.75,59129,EQ,5936,9.96,27724
2022-08-23,830.0,855.2,829.85,843.05,56757,EQ,5510,10.3,25023
2022-08-24,843.0,886.35,842.25,881.05,183859,EQ,10148,18.12,82981
2022-08-25,885.25,919.9,885.25,894.6,255536,EQ,15577,16.4,105294
2022-08-26,900.0,974.0,894.1,957.75,661363,EQ,26872,24.61,188010
2022-08-29,948.95,1094.0,941.0,1032.5,1775361,EQ,80244,22.12,368483
2022-08-30,1057.0,1097.55,1053.75,1067.2,697266,EQ,28992,24.05,179588
2022-09-01,1058.95,1116.45,1052.45,1097.8,523229,EQ,33732,15.51,157334
2022-09-02,1095.0,1095.0,1050.05,1059.05,160519,EQ,11289,14.22,81521
2022-09-05,1064.95,1096.7,1053.6,1077.4,142703,EQ,9404,15.17,57111
2022-09-06,1089.0,1089.0,1050.0,1065.7,98937,EQ,7014,14.11,53491
2022-09-07,1055.05,1156.75,1055.05,1133.3,284596,EQ,20027,14.21,103092
2022-09-08,1142.9,1202.0,1126.0,1177.25,352177,EQ,15984,22.03,129250
2022-09-09,1183.45,1185.0,1154.45,1160.75,113032,EQ,6405,17.65,52730
2022-09-12,1161.0,1181.25,1116.15,1133.8,159480,EQ,10285,15.51,75508
2022-09-13,1141.85,1146.5,1065.35,1079.6,273094,EQ,16215,16.84,96288
2022-09-14,1063.0,1170.0,1056.2,1131.5,470244,EQ,26932,17.46,119503
2022-09-15,1149.0,1234.0,1143.65,1181.55,552250,EQ,31482,17.54,123609
2022-09-16,1185.05,1222.85,1129.5,1183.3,510245,EQ,33297,15.32,100397
2022-09-19,1186.15,1267.05,1184.5,1238.2,630308,EQ,38727,16.28,127858
2022-09-20,1249.0,1270.4,1190.4,1199.65,253033,EQ,16921,14.95,66961
2022-09-21,1197.5,1223.35,1180.4,1200.9,300192,EQ,17031,17.63,87773
2022-09-22,1198.0,1248.0,1188.0,1227.05,268791,EQ,19183,14.01,67477
2022-09-23,1232.0,1247.95,1168.05,1182.1,136668,EQ,11254,12.14,40932
2022-09-26,1165.0,1219.0,1111.25,1205.1,351911,EQ,25517,13.79,88332
2022-09-27,1213.95,1242.75,1123.0,1131.85,292089,EQ,22727,12.85,69614
2022-09-28,1127.5,1149.5,1101.65,1110.15,179585,EQ,14160,12.68,43478
2022-09-29,1129.8,1137.25,1094.6,1121.5,217663,EQ,20959,10.39,49086
2022-09-30,1128.0,1167.95,1108.65,1129.6,271338,EQ,18359,14.78,105450
2022-10-03,1128.0,1145.0,1077.0,1085.05,156051,EQ,16178,9.65,49930
2022-10-04,1106.0,1136.95,1097.0,1122.6,110106,EQ,13377,8.23,32218
2022-10-06,1129.85,1219.0,1129.8,1205.35,356270,EQ,33044,10.78,127305
2022-10-07,1203.0,1215.0,1180.2,1199.1,110355,EQ,9697,11.38,32932
2022-10-10,1185.1,1209.9,1171.1,1190.0,97192,EQ,9332,10.41,22232
2022-10-11,1190.1,1244.0,1138.45,1153.8,183029,EQ,13536,13.52,48069
2022-10-12,1159.8,1170.0,1131.15,1159.15,149644,EQ,10921,13.7,34059
2022-10-13,1158.0,1175.5,1151.0,1164.5,98442,EQ,9176,10.73,34574
2022-10-14,1178.7,1230.0,1178.7,1200.2,364745,EQ,23553,15.49,140515
2022-10-17,1202.0,1307.0,1186.95,1286.15,863574,EQ,44997,19.19,210409
2022-10-18,1314.9,1451.45,1302.65,1411.45,1657598,EQ,79691,20.8,321540
2022-10-19,1443.7,1465.0,1341.3,1360.05,1112138,EQ,56454,19.7,162686
2022-10-20,1354.0,1383.15,1335.75,1361.25,326542,EQ,18096,18.04,55293
2022-10-21,1368.1,1397.0,1325.25,1332.8,225419,EQ,12732,17.7,54885
2022-10-24,1342.6,1348.75,1325.55,1337.2,47174,EQ,2940,16.05,17774
2022-10-25,1342.0,1381.3,1322.85,1356.65,233338,EQ,13780,16.93,65272
2022-10-27,1363.45,1363.6,1325.0,1335.2,147682,EQ,9483,15.57,45596
2022-10-28,1335.05,1372.95,1320.5,1337.05,171296,EQ,11749,14.58,39718
2022-10-31,1340.0,1365.0,1271.0,1334.95,402764,EQ,21444,18.78,86389
2022-11-01,1359.0,1364.0,1317.5,1343.15,295875,EQ,16655,17.76,86524
2022-11-02,1340.05,1387.7,1330.05,1352.25,317548,EQ,16824,18.87,74545
2022-11-03,1349.8,1431.1,1348.05,1406.85,580391,EQ,27083,21.43,198652
2022-11-04,1413.2,1455.0,1408.3,1436.75,468303,EQ,16604,28.2,218962
2022-11-07,1442.5,1459.9,1390.45,1402.35,166889,EQ,10235,16.31,61268
2022-11-09,1409.6,1410.8,1324.55,1336.55,194127,EQ,15418,12.59,82734
2022-11-10,1336.55,1361.15,1322.6,1329.9,134087,EQ,11408,11.75,53364
2022-11-11,1341.95,1400.95,1340.5,1390.65,293449,EQ,20336,14.43,113578
2022-11-14,1394.7,1398.8,1355.0,1378.1,105739,EQ,12922,8.18,39348
2022-11-15,1374.9,1415.95,1365.05,1371.85,161494,EQ,12922,12.5,39348
2022-11-16,1369.95,1387.7,1340.45,1364.95,138773,EQ,10207,13.6,48684
2022-11-17,1365.0,1428.0,1365.0,1389.95,268574,EQ,17191,15.62,64308
2022-11-18,1397.35,1424.35,1354.0,1368.3,179978,EQ,14339,12.55,61566
2022-11-21,1364.95,1399.0,1359.35,1377.85,126272,EQ,11654,10.84,43493
2022-11-22,1383.2,1426.95,1380.0,1407.35,234636,EQ,18064,12.99,75897
2022-11-23,1412.45,1453.65,1375.7,1390.8,322316,EQ,20655,15.6,80659
2022-11-24,1399.0,1413.7,1380.1,1391.4,80903,EQ,8462,9.56,29737
2022-11-25,1394.0,1406.6,1349.45,1356.45,137970,EQ,12978,10.63,61348
2022-11-28,1355.0,1356.0,1301.15,1313.75,236481,EQ,15412,15.34,97885
2022-11-29,1319.05,1335.8,1267.95,1302.55,316433,EQ,18550,17.06,112768
2022-11-30,1309.1,1379.0,1295.15,1345.15,491162,EQ,21487,22.86,270958
2022-12-01,1351.9,1374.35,1335.0,1347.7,101570,EQ,8222,12.35,29071
2022-12-02,1354.45,1370.05,1341.1,1353.1,62087,EQ,4123,15.06,18971
2022-12-05,1359.9,1359.9,1323.0,1335.65,80985,EQ,6263,12.93,23576
2022-12-06,1334.4,1340.0,1315.2,1318.65,49465,EQ,3463,14.28,16585
2022-12-07,1318.65,1325.6,1284.5,1291.1,82439,EQ,6882,11.98,37882
2022-12-08,1293.0,1317.95,1282.5,1291.75,110392,EQ,9582,11.52,35232
2022-12-09,1298.25,1315.4,1251.95,1274.15,99015,EQ,7563,13.09,33835
2022-12-12,1267.0,1287.0,1253.4,1277.4,62703,EQ,6403,9.79,16070
2022-12-13,1283.8,1293.85,1265.0,1270.25,60930,EQ,6225,9.79,21806
2022-12-14,1277.7,1286.0,1257.6,1261.75,65704,EQ,6635,9.9,26440
2022-12-15,1259.9,1272.0,1226.0,1231.5,70870,EQ,6912,10.25,29570
2022-12-16,1226.95,1232.15,1190.0,1205.15,119108,EQ,11751,10.14,47667
2022-12-19,1203.4,1268.95,1199.75,1238.6,160843,EQ,13073,12.3,56023
2022-12-20,1241.95,1261.95,1215.0,1231.4,97469,EQ,6015,16.2,48138
2022-12-21,1205.05,1252.45,1155.55,1164.5,138518,EQ,13402,10.34,50379
2022-12-22,1170.65,1201.45,1098.8,1121.3,194664,EQ,16135,12.06,78622
2022-12-23,1098.9,1109.0,1005.8,1014.85,593798,EQ,47825,12.42,236253
2022-12-26,1009.95,1065.0,996.35,1042.05,293518,EQ,27499,10.67,113243
2022-12-27,1049.0,1118.0,1038.05,1105.8,193481,EQ,15308,12.64,47093
2022-12-28,1111.35,1119.0,1058.3,1062.9,151978,EQ,12017,12.65,53810
2022-12-29,1059.45,1152.4,1038.1,1100.75,287657,EQ,19574,14.7,56890
2022-12-30,1109.0,1124.0,1087.0,1095.55,123865,EQ,10057,12.32,28542
2023-01-02,1100.0,1129.95,1096.0,1121.75,119006,EQ,10352,11.5,29580
2023-01-03,1128.0,1149.75,1118.15,1138.95,103784,EQ,8486,12.23,32255
2023-01-04,1137.95,1157.75,1107.6,1149.1,120272,EQ,10253,11.73,28378
2023-01-05,1145.0,1176.8,1140.05,1171.85,90031,EQ,8406,10.71,24876
2023-01-06,1177.8,1188.0,1140.0,1164.15,83505,EQ,9948,8.39,21715
2023-01-09,1170.0,1185.0,1162.0,1166.45,46575,EQ,5054,9.22,15974
2023-01-10,1172.0,1172.0,1145.25,1152.9,68292,EQ,6216,10.99,32658
2023-01-11,1160.4,1197.0,1160.4,1170.7,83340,EQ,8405,9.92,16286
2023-01-12,1171.45,1176.5,1155.0,1161.4,48439,EQ,5052,9.59,18255
2023-01-13,1168.0,1242.0,1162.45,1225.75,196912,EQ,14391,13.68,55414
2023-01-16,1240.95,1251.95,1222.5,1246.65,114684,EQ,12109,9.47,34562
2023-01-17,1252.9,1261.0,1223.5,1253.45,84898,EQ,9652,8.8,23477
2023-01-18,1261.0,1261.0,1234.55,1242.5,61271,EQ,7746,7.91,20637
2023-01-19,1233.0,1265.35,1232.45,1240.95,61875,EQ,6926,8.93,17464
2023-01-20,1242.0,1263.9,1241.15,1249.4,48788,EQ,6326,7.71,15300
2023-01-23,1257.7,1263.25,1197.5,1210.6,50652,EQ,5668,8.94,21056
2023-01-24,1210.0,1231.05,1198.0,1219.25,47953,EQ,5739,8.36,12755
2023-01-25,1223.0,1223.95,1181.8,1200.15,52005,EQ,6283,8.28,14795
2023-01-27,1193.85,1197.9,1135.8,1163.4,105026,EQ,11557,9.09,40800
2023-01-30,1260.0,1379.0,1251.2,1292.1,1487832,EQ,108020,13.77,315882
2023-01-31,1314.0,1427.0,1301.25,1392.5,859992,EQ,49118,17.51,181004
2023-02-01,1413.9,1478.0,1315.55,1361.7,1051983,EQ,62293,16.89,165037
2023-02-02,1353.05,1441.0,1326.95,1402.9,357842,EQ,30097,11.89,63387
2023-02-03,1410.0,1469.95,1350.0,1452.4,453864,EQ,32294,14.05,139427
2023-02-06,1485.45,1540.0,1435.0,1481.15,829319,EQ,54324,15.27,201872
2023-02-07,1496.7,1510.0,1470.25,1503.5,346729,EQ,27635,12.55,82207
2023-02-08,1510.0,1516.9,1471.2,1491.0,233703,EQ,18096,12.91,61444
2023-02-09,1492.0,1496.5,1445.2,1454.5,181005,EQ,12882,14.05,60974
2023-02-10,1447.65,1453.0,1411.85,1422.95,163339,EQ,12328,13.25,54825
2023-02-13,1422.95,1451.9,1387.35,1402.45,137567,EQ,11775,11.68,42814
2023-02-14,1409.5,1432.4,1400.0,1422.45,107414,EQ,8182,13.13,21979
2023-02-15,1427.0,1429.9,1391.05,1395.5,97299,EQ,8205,11.86,36289
2023-02-16,1400.0,1424.8,1387.45,1405.9,112236,EQ,9971,11.26,32326
2023-02-17,1400.0,1449.8,1395.0,1435.8,139415,EQ,11538,12.08,43533
2023-02-20,1436.0,1438.0,1335.0,1348.1,373553,EQ,22218,16.81,213385
2023-02-21,1340.95,1351.8,1260.0,1266.4,492096,EQ,30157,16.32,173124
2023-02-22,1260.0,1309.95,1240.4,1286.75,374275,EQ,26856,13.94,74647
2023-02-23,1294.8,1294.8,1235.0,1243.75,172326,EQ,11920,14.46,54187
2023-02-24,1253.0,1264.95,1204.2,1224.9,297883,EQ,18835,15.82,71919
2023-02-27,1210.0,1243.0,1179.0,1202.95,225901,EQ,15009,15.05,88947
2023-02-28,1204.0,1335.0,1203.95,1305.9,392798,EQ,24913,15.77,78550
2023-03-01,1309.95,1349.7,1299.2,1336.95,242098,EQ,16316,14.84,41578
2023-03-02,1334.05,1354.9,1305.8,1318.05,132627,EQ,12097,10.96,36175
2023-03-03,1324.0,1359.65,1324.0,1333.0,118170,EQ,15644,7.55,34002
2023-03-06,1335.0,1344.25,1284.0,1292.3,108346,EQ,9488,11.42,40720
2023-03-08,1294.05,1314.4,1272.0,1293.75,108777,EQ,12509,8.7,30869
2023-03-09,1290.0,1344.05,1285.15,1325.45,224345,EQ,16443,13.64,46522
2023-03-10,1315.9,1338.7,1293.05,1318.95,96234,EQ,9136,10.53,27671
2023-03-13,1320.0,1343.9,1299.3,1321.8,88218,EQ,8149,10.83,28421
2023-03-14,1312.05,1320.0,1260.0,1309.05,116071,EQ,9843,11.79,35628
2023-03-15,1319.35,1352.0,1300.0,1318.25,150487,EQ,11390,13.21,61524
2023-03-16,1312.0,1344.5,1280.25,1337.25,128739,EQ,13087,9.84,45466
2023-03-17,1334.75,1397.85,1330.1,1349.0,255870,EQ,16917,15.13,115400
2023-03-20,1332.95,1421.7,1304.0,1406.55,247706,EQ,21497,11.52,84182
2023-03-21,1413.55,1425.65,1383.0,1399.05,159040,EQ,11925,13.34,61844
2023-03-22,1399.05,1412.0,1375.2,1379.05,79132,EQ,11613,6.81,29364
2023-03-23,1377.0,1410.0,1366.85,1396.85,77509,EQ,7114,10.9,27339
2023-03-24,1403.8,1419.1,1360.0,1371.2,126881,EQ,9250,13.72,56421
2023-03-27,1367.15,1376.4,1338.6,1343.9,46036,EQ,5063,9.09,20735
2023-03-28,1339.8,1348.5,1295.0,1301.85,64367,EQ,6663,9.66,28471
2023-03-29,1294.35,1373.9,1294.35,1352.75,133130,EQ,8757,15.2,60421
2023-03-31,1362.0,1401.0,1362.0,1375.7,125138,EQ,11897,10.52,39452
2023-04-03,1382.85,1455.0,1381.05,1424.4,300188,EQ,25629,11.71,93814
2023-04-05,1420.0,1459.7,1414.0,1448.9,187875,EQ,14746,12.74,64047
2023-04-06,1436.0,1469.8,1421.55,1437.15,147666,EQ,12426,11.88,56165
2023-04-10,1443.9,1497.0,1428.0,1480.65,228213,EQ,17100,13.35,103834
2023-04-11,1481.7,1588.9,1480.0,1575.3,822671,EQ,46725,17.61,235057
2023-04-12,1575.3,1674.85,1570.0,1628.85,931291,EQ,49265,18.9,248779
2023-04-13,1627.55,1698.0,1620.0,1667.2,578937,EQ,31513,18.37,151109
2023-04-17,1667.2,1695.0,1634.05,1666.9,226605,EQ,17666,12.83,61245
2023-04-18,1666.0,1666.9,1575.0,1591.25,233001,EQ,19084,12.21,71130
2023-04-19,1595.95,1606.95,1558.0,1589.05,166605,EQ,14589,11.42,44097
2023-04-20,1592.0,1748.4,1555.8,1692.85,1121422,EQ,67537,16.6,141293
2023-04-21,1701.0,1738.45,1664.0,1684.6,437353,EQ,29956,14.6,78172
2023-04-24,1680.0,1721.95,1675.9,1697.45,272345,EQ,22771,11.96,61723
2023-04-25,1699.0,1720.0,1660.0,1669.4,156515,EQ,12801,12.23,48227
2023-04-26,1669.4,1688.8,1635.45,1645.8,131160,EQ,12707,10.32,38280
2023-04-27,1648.0,1658.95,1617.4,1628.55,99188,EQ,8406,11.8,30079
2023-04-28,1638.9,1715.0,1638.85,1662.95,335600,EQ,24017,13.97,80757
2023-05-02,1674.0,1702.95,1670.0,1682.25,110772,EQ,11167,9.92,37093
2023-05-03,1682.0,1685.4,1640.0,1650.95,92409,EQ,9155,10.09,37150
2023-05-04,1651.35,1735.0,1641.0,1713.45,336939,EQ,25055,13.45,91886
2023-05-05,1715.0,1769.9,1695.85,1711.5,202252,EQ,16786,12.05,60013
2023-05-08,1711.5,1725.0,1685.05,1699.75,118491,EQ,11453,10.35,35957
2023-05-09,1704.7,1730.6,1691.0,1697.75,98339,EQ,8263,11.9,31869
2023-05-10,1694.2,1703.25,1631.4,1635.3,166070,EQ,15095,11.0,80926
2023-05-11,1646.4,1654.0,1611.0,1624.85,120451,EQ,10970,10.98,55068
2023-05-12,1618.05,1631.95,1580.0,1589.55,165136,EQ,15205,10.86,73288
2023-05-15,1575.0,1575.0,1512.0,1536.25,287827,EQ,24423,11.79,108599
2023-05-16,1539.9,1620.0,1531.0,1598.65,347223,EQ,23168,14.99,91245
2023-05-17,1607.65,1649.95,1607.5,1640.05,209627,EQ,14848,14.12,64782
2023-05-18,1646.85,1663.0,1598.0,1604.8,126477,EQ,11735,10.78,42972
2023-05-19,1604.95,1628.0,1585.05,1602.75,95529,EQ,9293,10.28,28270
2023-05-22,1602.0,1625.0,1583.0,1606.45,95391,EQ,10455,9.12,28728
2023-05-23,1606.0,1615.95,1584.3,1592.15,71447,EQ,7330,9.75,26852
2023-05-24,1592.0,1606.95,1564.95,1598.9,84576,EQ,6930,12.2,29247
2023-05-25,1595.0,1618.95,1565.1,1606.35,113868,EQ,13345,8.53,46794
2023-05-26,1597.0,1628.75,1591.25,1603.95,75972,EQ,9549,7.96,26464
2023-05-29,1623.15,1698.85,1615.6,1661.2,390463,EQ,27873,14.01,116687
2023-05-30,1661.25,1747.0,1653.3,1665.25,427739,EQ,29382,14.56,116978
2023-05-31,1662.95,1705.0,1655.0,1689.1,202146,EQ,14346,14.09,79089
2023-06-01,1689.1,1689.95,1661.0,1672.05,121592,EQ,10776,11.28,41805
2023-06-02,1674.0,1723.0,1674.0,1702.05,174789,EQ,13760,12.7,60783
2023-06-05,1704.0,1786.0,1703.05,1762.55,390628,EQ,25589,15.27,151738
2023-06-06,1789.95,1818.9,1766.05,1795.3,370090,EQ,25684,14.41,127736
2023-06-07,1810.0,1839.95,1770.0,1783.7,172811,EQ,13264,13.03,70011
2023-06-08,1784.95,1829.9,1728.55,1796.5,317750,EQ,22697,14.0,86194
2023-06-09,1805.7,1820.0,1758.0,1767.8,138227,EQ,13494,10.24,49984
2023-06-12,1777.0,1795.1,1730.55,1739.2,133821,EQ,11801,11.34,56942
2023-06-13,1742.0,1750.9,1682.0,1691.05,185361,EQ,17176,10.79,78207
2023-06-14,1696.0,1756.75,1696.0,1734.8,228857,EQ,17627,12.98,84462
2023-06-15,1742.6,1809.0,1735.0,1794.35,279423,EQ,19589,14.26,98463
2023-06-16,1802.55,1899.75,1800.0,1870.6,646008,EQ,42023,15.37,178582
2023-06-19,1889.55,1955.0,1885.0,1921.25,501070,EQ,36649,13.67,133340
2023-06-20,1928.45,1948.8,1873.05,1889.85,178052,EQ,15807,11.26,58812
2023-06-21,1889.85,1925.0,1871.5,1909.8,200222,EQ,17135,11.68,57883
2023-06-22,1908.35,1916.05,1815.0,1826.1,187915,EQ,16264,11.55,79751
2023-06-23,1830.95,1848.65,1781.55,1802.2,159452,EQ,15289,10.43,46466
2023-06-26,1792.1,1837.0,1782.2,1806.65,115511,EQ,12069,9.57,31746
2023-06-27,1814.65,1891.95,1810.1,1878.05,166518,EQ,14468,11.51,51320
2023-06-28,1884.85,1917.95,1858.85,1867.9,137175,EQ,13269,10.34,40918
2023-06-30,1880.9,1909.85,1862.8,1868.2,113440,EQ,11069,10.25,39411
2023-07-03,1882.0,1900.0,1869.5,1890.6,82788,EQ,9604,8.62,31325
2023-07-04,1899.95,1899.95,1852.5,1875.55,84975,EQ,9257,9.18,21776
2023-07-05,1883.0,1909.0,1864.0,1892.55,149195,EQ,10671,13.98,75521
2023-07-06,1897.6,1932.45,1878.0,1916.95,121744,EQ,10472,11.63,68865
2023-07-07,1913.5,1923.9,1889.0,1897.7,81754,EQ,9096,8.99,35713
2023-07-10,1900.0,1947.0,1865.65,1921.5,123354,EQ,11996,10.28,35120
2023-07-11,1914.0,1988.8,1908.0,1956.95,296612,EQ,22107,13.42,111073
2023-07-12,1939.0,2060.0,1911.05,2019.75,424435,EQ,25998,16.33,165958
2023-07-13,2049.95,2250.0,2040.05,2095.45,2145382,EQ,113810,18.85,251011
2023-07-14,2131.9,2174.0,1980.1,2026.5,651721,EQ,48016,13.57,150400
2023-07-17,2049.8,2100.0,2034.55,2093.95,315246,EQ,25197,12.51,118631
2023-07-18,2099.6,2105.0,2015.9,2071.35,163957,EQ,18563,8.83,51018
2023-07-19,2080.05,2082.85,2040.8,2052.3,95802,EQ,14244,6.73,36693
2023-07-20,2062.0,2099.0,2042.65,2079.8,106388,EQ,13758,7.73,34697
2023-07-21,2070.0,2079.75,2036.2,2057.55,84268,EQ,11999,7.02,30807
2023-07-24,2069.95,2069.95,2001.0,2012.25,135298,EQ,15610,8.67,57603
2023-07-25,2013.0,2025.0,1975.0,1997.2,101917,EQ,15778,6.46,42567
2023-07-26,1999.9,2045.9,1995.5,2005.45,87123,EQ,10243,8.51,30980
2023-07-27,2005.45,2010.0,1979.0,1982.7,76933,EQ,8829,8.71,32150
2023-07-28,1984.0,2021.55,1944.95,2009.25,113014,EQ,14727,7.67,37156
2023-07-31,2009.95,2045.0,2005.0,2037.7,88180,EQ,11745,7.51,38382
2023-08-01,2044.45,2054.65,1999.6,2010.65,72695,EQ,13790,5.27,35405
2023-08-02,2011.0,2030.0,1955.55,1994.2,84200,EQ,11550,7.29,34373
2023-08-03,1994.2,2019.95,1964.0,1977.15,73042,EQ,11512,6.34,26124
2023-08-04,1982.0,1995.6,1965.0,1978.75,54340,EQ,8654,6.28,27669
2023-08-07,1990.0,2021.5,1960.55,2010.75,92876,EQ,13019,7.13,38296
2023-08-08,2019.8,2040.0,2007.7,2031.35,79352,EQ,13576,5.85,37324
2023-08-09,2057.9,2130.0,2057.85,2112.3,763272,EQ,69823,10.93,177288
2023-08-10,2126.9,2130.0,2060.8,2122.75,179981,EQ,21568,8.34,66657
2023-08-11,2130.0,2130.0,2075.0,2090.0,109472,EQ,16055,6.82,51253
2023-08-14,2090.0,2118.0,2025.55,2099.65,122876,EQ,17269,7.12,57065
2023-08-16,2104.65,2175.0,2100.0,2164.85,294814,EQ,30631,9.62,121051
2023-08-17,2179.95,2267.95,2173.5,2228.3,320921,EQ,27032,11.87,99555
2023-08-18,2239.9,2248.65,2140.3,2158.55,178334,EQ,19373,9.21,83967
2023-08-21,2178.8,2415.0,2172.65,2364.6,1465162,EQ,103576,14.15,301202
2023-08-22,2373.05,2426.0,2322.3,2401.95,466812,EQ,40186,11.62,68378
2023-08-23,2400.0,2424.4,2359.85,2375.05,248615,EQ,25338,9.81,50642
2023-08-24,2400.0,2411.0,2332.2,2387.4,204313,EQ,23935,8.54,59504
2023-08-25,2390.0,2393.7,2315.0,2326.05,162743,EQ,23004,7.07,56603
2023-08-28,2339.95,2362.0,2316.4,2340.15,103275,EQ,16980,6.08,35493
2023-08-29,2361.65,2361.65,2290.0,2318.6,111989,EQ,16392,6.83,43600
2023-08-30,2325.0,2348.45,2235.0,2252.35,227314,EQ,26508,8.58,93000
2023-08-31,2252.35,2399.95,2237.1,2372.2,594305,EQ,49026,12.12,201756
2023-09-01,2389.0,2485.0,2374.5,2469.8,551556,EQ,46584,11.84,167263
2023-09-04,2470.0,2477.75,2402.0,2411.05,267154,EQ,40802,6.55,92969
2023-09-05,2422.2,2443.45,2352.05,2393.05,197364,EQ,30254,6.52,68292
2023-09-06,2394.95,2431.35,2242.05,2250.35,631087,EQ,53303,11.84,366823
2023-09-07,2269.65,2270.0,2175.0,2189.45,413921,EQ,36642,11.3,187882
2023-09-08,2212.6,2246.0,2150.55,2155.75,400770,EQ,41027,9.77,188611
2023-09-11,2174.1,2272.95,2171.2,2251.35,391482,EQ,37648,10.4,124891
2023-09-12,2295.95,2295.95,2115.0,2142.2,365688,EQ,39779,9.19,100125
2023-09-13,2149.9,2175.4,1986.0,2046.15,643988,EQ,64405,10.0,203064
2023-09-14,2079.0,2135.0,2078.95,2098.65,321392,EQ,29702,10.82,130398
2023-09-15,2121.0,2132.35,2028.0,2072.75,1657875,EQ,59317,27.95,1082700
2023-09-18,2082.2,2115.0,2037.1,2074.1,211076,EQ,21815,9.68,64935
2023-09-20,2074.1,2150.0,2051.0,2074.3,256130,EQ,25682,9.97,68979
2023-09-21,2081.8,2120.0,2065.0,2095.4,147824,EQ,13409,11.02,39314
2023-09-22,2100.05,2103.5,2052.55,2072.0,143240,EQ,15106,9.48,59668
2023-09-25,2070.0,2096.55,2060.0,2065.3,102256,EQ,16784,6.09,45465
2023-09-26,2065.3,2109.95,2051.0,2104.65,127666,EQ,16469,7.75,53667
2023-09-27,2113.0,2114.45,2060.0,2081.0,121647,EQ,13200,9.22,68536
2023-09-28,2098.0,2113.8,2083.2,2098.75,71256,EQ,7989,8.92,28446
2023-09-29,2108.95,2114.75,2088.0,2101.2,60426,EQ,6704,9.01,24325
2023-10-03,2102.95,2132.0,2090.9,2125.3,84206,EQ,11319,7.44,42158
2023-10-04,2111.45,2135.95,2062.25,2082.75,115964,EQ,13198,8.79,52236
2023-10-05,2108.1,2110.0,2081.0,2093.4,43856,EQ,5658,7.75,18013
2023-10-06,2095.05,2106.95,2088.0,2093.0,40001,EQ,4190,9.55,17038
2023-10-09,2052.0,2079.95,2031.55,2056.8,65113,EQ,7685,8.47,28274
2023-10-10,2069.95,2095.05,2054.25,2067.7,32389,EQ,4655,6.96,13215
2023-10-11,2084.95,2097.95,2066.85,2090.7,43950,EQ,5094,8.63,18610
2023-10-12,2089.95,2092.0,2058.3,2062.65,46030,EQ,6156,7.48,21515
2023-10-13,2050.0,2058.95,2022.55,2027.65,89647,EQ,8870,10.11,50559
2023-10-16,2005.6,2024.0,1974.6,1994.65,155320,EQ,18265,8.5,72794
2023-10-17,2066.45,2130.0,2056.1,2091.2,368211,EQ,28862,12.76,83103
2023-10-18,2115.0,2127.8,2065.0,2080.55,94606,EQ,9974,9.49,36089
2023-10-19,2091.0,2091.0,2045.0,2058.35,55151,EQ,7467,7.39,26323
2023-10-20,2066.95,2085.0,2019.25,2031.0,45634,EQ,6900,6.61,17649
2023-10-23,2030.0,2030.0,1912.0,1949.05,93956,EQ,12981,7.24,46031
2023-10-25,1949.05,1954.05,1810.0,1826.25,264194,EQ,35695,7.4,125850
2023-10-26,1826.0,1894.7,1735.0,1835.15,261383,EQ,32963,7.93,99639
2023-10-27,1874.9,1936.95,1852.9,1925.05,135598,EQ,16280,8.33,38078
2023-10-30,1937.65,1938.3,1870.1,1892.6,68118,EQ,10266,6.64,28160
2023-10-31,1901.0,1928.5,1854.1,1867.4,78540,EQ,10112,7.77,27778
2023-11-01,1878.95,1894.95,1840.0,1854.9,57981,EQ,9403,6.17,24915
2023-11-02,1880.0,1898.2,1845.0,1861.05,64237,EQ,9250,6.94,26732
2023-11-03,1874.0,1938.8,1874.0,1918.2,121336,EQ,12236,9.92,41039
2023-11-06,2000.0,2031.35,1937.55,1956.8,427944,EQ,31480,13.59,119946
2023-11-07,1962.65,1978.75,1950.1,1955.35,81191,EQ,10095,8.04,34291
2023-11-08,1973.65,1992.95,1950.8,1957.6,76874,EQ,8633,8.9,26009
2023-11-09,1961.0,1969.0,1875.0,1883.55,149861,EQ,16855,8.89,85219
2023-11-10,1883.0,1890.9,1815.0,1832.6,198305,EQ,20866,9.5,98286
2023-11-12,1872.0,1950.0,1860.0,1906.15,55915,EQ,5243,10.66,24895
2023-11-13,1905.05,1905.05,1858.0,1868.5,83680,EQ,10685,7.83,41085
2023-11-15,1877.5,1898.0,1850.0,1856.25,118424,EQ,11941,9.92,67640
2023-11-16,1856.25,1870.25,1845.0,1851.3,68795,EQ,7887,8.72,36329
2023-11-17,1850.0,1859.05,1823.25,1827.8,102230,EQ,14827,6.89,61386
2023-11-20,1828.75,1859.9,1828.75,1840.75,59169,EQ,8010,7.39,26446
2023-11-21,1859.4,1861.9,1840.0,1845.2,75914,EQ,7462,10.17,41791
2023-11-22,1856.85,1858.0,1825.8,1839.2,52813,EQ,6971,7.58,24816
2023-11-23,1845.25,1867.0,1838.3,1852.4,47311,EQ,5641,8.39,19944
2023-11-24,1859.9,1990.0,1855.35,1979.65,651391,EQ,48722,13.37,220108
2023-11-28,2006.65,2024.0,1933.9,1939.45,253130,EQ,24155,10.48,88399
2023-11-29,1949.15,2017.9,1947.05,1971.8,125111,EQ,14106,8.87,42209
2023-11-30,1978.0,2017.0,1970.0,2012.7,185308,EQ,19472,9.52,74084
2023-12-01,2025.0,2086.55,2022.0,2052.5,211808,EQ,19785,10.71,97314
2023-12-04,2094.8,2111.2,2051.05,2087.65,196054,EQ,28698,6.83,95982
2023-12-05,2090.0,2097.95,2025.05,2049.7,135025,EQ,17735,7.61,58452
2023-12-06,2049.7,2058.0,2007.0,2042.95,106266,EQ,15186,7.0,40464
2023-12-07,2042.0,2059.45,2015.75,2022.5,72967,EQ,9494,7.69,35029
2023-12-08,2022.0,2048.3,1983.05,2001.1,82156,EQ,11257,7.3,34843
2023-12-11,2008.65,2090.0,2008.65,2030.1,228686,EQ,23751,9.63,84275
2023-12-12,2033.0,2069.0,2014.5,2029.4,96208,EQ,11487,8.38,45381
2023-12-13,2029.95,2038.8,2003.05,2022.1,50993,EQ,7709,6.61,24725
2023-12-14,2026.5,2039.65,1990.0,2001.1,98317,EQ,11916,8.25,59242
2023-12-15,2005.3,2035.5,1992.6,2002.2,131010,EQ,15734,8.33,65505
2023-12-18,2003.4,2025.0,1996.25,2001.1,51892,EQ,8347,6.22,28126
2023-12-19,2005.0,2036.95,1978.0,1983.0,128653,EQ,10760,11.96,82000
2023-12-20,1983.0,2009.0,1911.55,1930.05,99808,EQ,14672,6.8,49032
2023-12-21,1915.0,1960.0,1901.25,1942.3,91390,EQ,11231,8.14,38510
2023-12-22,1954.75,1997.85,1940.05,1962.85,75188,EQ,11089,6.78,30317
2023-12-26,1962.85,1978.0,1920.05,1925.45,102068,EQ,14651,6.97,57892
2023-12-27,1931.95,1942.9,1878.5,1882.9,201347,EQ,21675,9.29,126399
2023-12-28,1902.15,1902.15,1874.0,1881.75,103122,EQ,10170,10.14,59747
2023-12-29,1882.95,1903.4,1855.0,1861.2,130340,EQ,13061,9.98,82151
2024-01-01,1862.0,1869.45,1830.0,1840.9,404794,EQ,21515,18.81,311117
2024-01-02,1849.65,1926.8,1849.65,1898.8,363749,EQ,25753,14.12,125346
2024-01-03,1911.4,1916.8,1849.5,1855.95,151537,EQ,15616,9.7,91546
2024-01-04,1874.65,1891.35,1866.05,1879.3,213136,EQ,12606,16.91,116531
2024-01-05,1900.0,1922.75,1877.0,1903.45,116200,EQ,11569,10.04,53620
2024-01-08,1903.5,1995.45,1890.3,1978.55,464287,EQ,37233,12.47,174106
2024-01-09,2000.0,2007.8,1945.0,1961.05,146932,EQ,15852,9.27,73313
2024-01-10,1964.95,2001.1,1934.05,1978.1,147756,EQ,15042,9.82,61767
2024-01-11,1994.0,1994.0,1958.95,1973.2,71143,EQ,8763,8.12,35925
2024-01-12,1980.8,2000.0,1970.0,1983.65,123598,EQ,12221,10.11,60551
2024-01-15,1999.65,1999.65,1955.0,1958.35,92887,EQ,11773,7.89,42725
2024-01-16,1959.0,1983.85,1902.0,1923.8,110536,EQ,14071,7.86,43826
2024-01-17,1905.0,1980.0,1881.7,1976.15,207091,EQ,20234,10.23,111248
2024-01-18,1971.75,1982.15,1900.0,1933.35,105851,EQ,14022,7.55,47995
2024-01-19,1958.65,1963.8,1912.3,1922.85,57018,EQ,8432,6.76,28770
2024-01-20,1929.55,1945.5,1869.2,1882.5,135974,EQ,11930,11.4,94011
2024-01-23,1889.95,1909.0,1832.9,1860.15,95697,EQ,14527,6.59,43452
2024-01-24,1859.0,1874.4,1811.1,1866.6,94735,EQ,15616,6.07,35748
2024-01-25,1876.6,1920.0,1852.1,1858.15,99093,EQ,9767,10.15,51029
2024-01-29,1868.95,1879.35,1851.05,1869.15,77080,EQ,8344,9.24,40958
2024-01-30,1875.0,1967.65,1875.0,1953.75,193352,EQ,18957,10.2,90517
2024-01-31,1956.6,1961.95,1880.1,1905.5,225263,EQ,22351,10.08,85811
2024-02-01,2050.0,2050.0,1919.05,1942.45,477814,EQ,39119,12.21,148204
2024-02-02,1956.0,1969.2,1905.1,1914.95,170748,EQ,15862,10.76,106623
2024-02-05,1935.95,1938.35,1882.1,1889.6,133091,EQ,16789,7.93,73505
2024-02-06,1905.0,1905.0,1867.9,1888.4,86253,EQ,11576,7.45,46161
2024-02-07,1900.0,1918.9,1886.6,1889.5,123639,EQ,9395,13.16,75425
2024-02-08,1905.0,1924.45,1892.55,1901.3,72153,EQ,9770,7.39,32375
2024-02-09,1912.0,1912.85,1852.8,1875.6,103426,EQ,15048,6.87,49299
2024-02-12,1879.95,1900.0,1836.0,1851.15,83399,EQ,11042,7.55,46476
2024-02-13,1840.05,1849.9,1777.25,1791.7,125897,EQ,16649,7.56,67485
2024-02-14,1751.05,1888.0,1751.0,1872.05,122411,EQ,15417,7.94,41128
2024-02-15,1877.4,1892.75,1851.0,1854.65,43034,EQ,6899,6.24,20744
2024-02-16,1905.0,2037.95,1905.0,2019.15,1536264,EQ,96036,16.0,330021
2024-02-19,2061.0,2161.0,2046.0,2058.65,1055425,EQ,77245,13.66,292239
2024-02-20,2053.95,2099.95,2018.0,2036.95,255189,EQ,23507,10.86,72661
2024-02-21,2036.95,2110.0,2018.2,2060.45,274446,EQ,28234,9.72,80902
2024-02-22,2101.95,2255.0,2045.45,2239.05,1648007,EQ,106412,15.49,419709
2024-02-23,2265.0,2419.0,2220.0,2362.15,2547512,EQ,144591,17.62,396178
2024-02-26,2350.0,2625.0,2350.0,2572.3,2464376,EQ,134157,18.37,461626
2024-02-27,2620.0,2679.95,2529.1,2549.35,2048941,EQ,111716,18.34,360089
2024-02-28,2564.0,2587.95,2430.0,2490.75,703132,EQ,52148,13.48,206722
2024-02-29,2488.0,2547.75,2405.0,2484.35,289201,EQ,18974,15.24,78225
2024-03-01,2495.05,2699.9,2471.3,2662.95,898910,EQ,47171,19.06,214655
2024-03-02,2704.0,2796.05,2703.0,2796.05,127552,EQ,7147,17.85,76378
2024-03-04,2800.0,3080.0,2799.0,2894.1,1880574,EQ,123250,15.26,360540
2024-03-05,2930.0,2939.85,2635.1,2669.9,694807,EQ,52846,13.15,216296
2024-03-06,2709.9,2799.0,2568.65,2634.4,410898,EQ,37461,10.97,133485
2024-03-07,2797.7,2797.7,2665.0,2698.1,312456,EQ,23734,13.16,102954
2024-03-11,2720.0,2722.85,2538.0,2555.45,265622,EQ,24620,10.79,101009
2024-03-12,2542.1,2555.0,2400.0,2423.85,277203,EQ,26333,10.53,108009
2024-03-13,2420.0,2463.6,2181.5,2183.25,619844,EQ,49465,12.53,236332
2024-03-14,2120.25,2401.55,2101.0,2379.2,537063,EQ,35784,15.01,147933
2024-03-15,2410.15,2436.0,2270.0,2363.85,354905,EQ,27959,12.69,77227
2024-03-18,2363.1,2446.95,2322.0,2338.4,215180,EQ,16806,12.8,54424
2024-03-19,2350.0,2351.0,2226.95,2245.2,214928,EQ,22342,9.62,93458
2024-03-20,2250.0,2283.95,2210.0,2254.6,151009,EQ,14360,10.52,38070
2024-03-21,2295.0,2386.6,2265.0,2352.1,245041,EQ,25528,9.6,80966
2024-03-22,2371.95,2371.95,2300.0,2328.35,139560,EQ,12161,11.48,42977
2024-03-26,2301.05,2389.4,2301.0,2347.45,154303,EQ,12796,12.06,48976
2024-03-27,2376.9,2487.45,2357.6,2456.05,432498,EQ,29369,14.73,124619
2024-03-28,2490.0,2495.1,2408.0,2422.0,153271,EQ,12317,12.44,54257
2024-04-01,2469.0,2610.0,2464.65,2563.55,253417,EQ,19888,12.74,89460
2024-04-02,2750.0,2814.7,2657.65,2713.3,978509,EQ,58548,16.71,266419
2024-04-03,2717.3,2780.0,2686.2,2739.0,283982,EQ,21483,13.22,77374
2024-04-04,2762.85,2781.95,2625.0,2692.9,395967,EQ,25113,15.77,228077
2024-04-05,2707.95,2721.1,2665.3,2694.9,148352,EQ,18000,8.24,48093
2024-04-08,2733.35,2734.0,2635.0,2653.6,113084,EQ,15377,7.35,46211
2024-04-09,2671.9,2719.95,2632.7,2688.3,155038,EQ,20372,7.61,50450
2024-04-10,2700.0,3043.95,2646.2,3007.0,2503203,EQ,158875,15.76,526657
2024-04-12,3006.0,3019.0,2920.65,2938.7,695653,EQ,57387,12.12,154405
2024-04-15,2835.0,2902.2,2767.7,2836.85,488505,EQ,44440,10.99,130298
2024-04-16,2841.95,2918.8,2792.0,2805.65,340391,EQ,32565,10.45,79455
2024-04-18,2840.0,2845.7,2718.0,2737.35,209903,EQ,23318,9.0,73998
2024-04-19,2724.95,2900.0,2640.0,2795.3,920556,EQ,76921,11.97,138328
2024-04-22,2820.5,2966.0,2815.3,2909.05,694556,EQ,59409,11.69,137219
2024-04-23,2919.95,2923.55,2856.0,2888.55,238442,EQ,21131,11.28,59981
2024-04-24,2900.0,3208.95,2898.0,3064.45,2349179,EQ,156883,14.97,302617
2024-04-25,3074.95,3157.1,3030.0,3083.1,469299,EQ,39953,11.75,95577
2024-04-26,3100.0,3137.0,3043.8,3105.05,307418,EQ,27771,11.07,63909
2024-04-29,3124.0,3133.0,2906.35,3011.55,548093,EQ,53958,10.16,116665
2024-04-30,3020.0,3036.8,2952.2,2969.95,232625,EQ,24225,9.6,68066
2024-05-02,2975.0,3002.5,2942.0,2948.1,154056,EQ,16344,9.43,59570
2024-05-03,2959.95,2978.75,2862.95,2892.9,221661,EQ,28724,7.72,75886
2024-05-06,2909.0,2909.0,2775.0,2820.65,288726,EQ,40249,7.17,58221
2024-05-07,2833.0,2875.0,2714.6,2736.7,267352,EQ,37109,7.2,75500
2024-05-08,2740.0,2860.0,2715.1,2796.35,296586,EQ,39061,7.59,56553
2024-05-09,2801.0,2934.0,2797.55,2848.65,842977,EQ,78294,10.77,139600
2024-05-10,2880.0,2889.85,2755.0,2812.75,289083,EQ,35561,8.13,49748
2024-05-13,2812.7,2839.95,2737.85,2768.55,188211,EQ,26848,7.01,59767
2024-05-14,2859.95,2984.0,2808.75,2959.55,674627,EQ,69737,9.67,91248
2024-05-15,2960.0,2996.1,2840.6,2865.65,217907,EQ,24998,8.72,80714
2024-05-16,2896.7,2975.4,2868.05,2966.25,369254,EQ,39001,9.47,84902
2024-05-17,2998.7,3200.0,2954.0,3188.8,1276483,EQ,99356,12.85,276532
2024-05-18,3201.0,3348.2,3199.95,3321.05,255937,EQ,17465,14.65,121580
2024-05-21,3400.0,3443.9,3170.0,3176.1,1047688,EQ,99665,10.51,423342
2024-05-22,3249.95,3259.55,3041.0,3050.55,665765,EQ,60597,10.99,259102
2024-05-23,3081.05,3215.0,3030.4,3095.65,797508,EQ,75401,10.58,166255
2024-05-24,3115.0,3178.0,3022.55,3039.75,640292,EQ,58347,10.97,151386
2024-05-27,3085.0,3085.5,2905.8,2919.1,617186,EQ,54014,11.43,280921
2024-05-28,2933.45,2966.5,2827.05,2834.1,417024,EQ,44820,9.3,158600
2024-05-29,2835.8,2943.9,2829.35,2868.4,390445,EQ,40462,9.65,115802
2024-05-30,2865.0,2932.0,2817.0,2843.25,325722,EQ,35553,9.16,81509
2024-05-31,2860.0,3000.0,2765.5,2962.4,1253026,EQ,102444,12.23,349418
2024-06-03,3098.0,3098.0,2960.0,2974.15,459103,EQ,39253,11.7,201681
2024-06-04,2974.15,2979.95,2379.35,2617.75,954722,EQ,116040,8.23,331799
2024-06-05,2635.0,2698.0,2425.0,2475.85,843110,EQ,107081,7.87,374310
2024-06-06,2587.0,2713.0,2554.35,2617.85,784340,EQ,84464,9.29,313403
2024-06-07,2649.8,2689.95,2619.1,2633.35,347845,EQ,35663,9.75,150407
2024-06-10,2680.2,2689.85,2626.0,2658.35,295830,EQ,35103,8.43,158699
2024-06-11,2669.6,2732.0,2650.25,2673.85,430848,EQ,50191,8.58,142119
2024-06-12,2691.4,2785.0,2683.0,2724.9,445791,EQ,40706,10.95,147363
2024-06-13,2748.6,2766.95,2701.1,2733.55,369905,EQ,28133,13.15,174722
2024-06-14,2750.0,2964.9,2741.0,2936.2,1636012,EQ,100626,16.26,365018
2024-06-18,2975.0,3158.0,2951.6,3088.1,1977723,EQ,126218,15.67,404537
2024-06-19,3115.05,3148.0,2961.0,2993.5,846140,EQ,66766,12.67,290441
2024-06-20,2992.95,3028.0,2931.15,2942.9,425450,EQ,39067,10.89,115436
2024-06-21,2963.8,3040.0,2863.0,2946.55,420948,EQ,40395,10.42,111720
2024-06-24,2934.05,3010.0,2898.0,2992.6,328116,EQ,34051,9.64,102079
2024-06-25,3006.8,3069.95,2950.0,2971.65,409230,EQ,39390,10.39,121021
2024-06-26,2982.0,3029.95,2952.2,2983.85,228986,EQ,22469,10.19,76009
2024-06-27,3015.0,3099.0,2961.8,3014.3,693922,EQ,58148,11.93,178526
2024-06-28,3043.7,3052.0,2982.55,3001.4,192617,EQ,18029,10.68,67683
2024-07-01,3001.05,3089.9,2984.0,3043.15,347764,EQ,33629,10.34,130005
2024-07-02,3047.8,3198.1,3001.0,3089.7,1497013,EQ,104751,14.29,391356
2024-07-03,3102.0,3210.0,3070.0,3175.05,544790,EQ,38859,14.02,239012
2024-07-04,3200.0,3224.95,3120.05,3179.7,623284,EQ,45376,13.74,182959
2024-07-05,3180.0,3655.0,3148.05,3390.4,5253914,EQ,343254,15.31,709456
2024-07-08,3438.0,3525.0,3305.0,3350.15,932704,EQ,80230,11.63,228299
2024-07-09,3365.1,3404.95,3176.25,3269.7,1031686,EQ,90383,11.41,262577
2024-07-10,3296.4,3320.0,3151.1,3204.8,526191,EQ,47681,11.04,140418
2024-07-11,3214.85,3450.0,3200.0,3395.2,1484096,EQ,122484,12.12,242957
2024-07-12,3424.8,3487.0,3322.4,3350.4,635592,EQ,51914,12.24,176651
2024-07-15,3364.1,3406.95,3301.0,3337.15,311983,EQ,33253,9.38,88827
2024-07-16,3340.45,3365.05,3266.35,3304.4,245823,EQ,25519,9.63,81841
2024-07-18,3306.95,3319.85,3135.25,3152.45,345290,EQ,40895,8.44,132787
2024-07-19,3150.0,3266.0,3132.45,3166.85,540706,EQ,67257,8.04,107998
2024-07-22,3149.0,3246.7,3064.95,3192.8,294663,EQ,41017,7.18,68136
2024-07-23,3203.55,3224.0,2900.05,3096.25,402124,EQ,60727,6.62,105597
2024-07-24,3105.0,3145.0,3061.0,3086.85,181036,EQ,33499,5.4,74130
2024-07-25,3065.5,3435.0,3042.9,3393.95,3101407,EQ,224545,13.81,418294
2024-07-26,3410.0,3440.95,3277.65,3296.8,488367,EQ,49739,9.82,114339
2024-07-29,3319.0,3410.95,3301.7,3352.45,426219,EQ,41334,10.31,114171
2024-07-30,3350.0,3373.2,3270.0,3283.55,470542,EQ,45942,10.24,146701
2024-07-31,3286.95,3303.2,3168.25,3188.4,305036,EQ,36361,8.39,125588
2024-08-01,3198.4,3228.15,3160.0,3166.5,208346,EQ,25166,8.28,62537
2024-08-02,3100.0,3199.0,3089.5,3162.55,241619,EQ,29918,8.08,64052
2024-08-05,3002.0,3079.45,2930.05,2962.9,451375,EQ,75520,5.98,155618
2024-08-06,2990.0,3095.95,2836.05,2853.45,344896,EQ,46047,7.49,115399
2024-08-07,2901.05,3010.55,2836.15,2991.1,281267,EQ,42776,6.58,60950
2024-08-08,2990.0,3034.0,2950.0,2959.6,139457,EQ,22820,6.11,37695
2024-08-09,2990.0,3019.9,2936.05,2960.65,165634,EQ,25511,6.49,50844
2024-08-12,2940.65,2949.95,2882.0,2912.7,153774,EQ,25202,6.1,46036
2024-08-13,2929.9,3096.9,2894.8,2996.85,817800,EQ,95693,8.55,130902
2024-08-14,2996.85,2996.85,2905.0,2923.5,190527,EQ,28755,6.63,62475
2024-08-16,2948.35,2991.45,2910.0,2920.35,217781,EQ,38616,5.64,83341
2024-08-19,2900.05,2918.85,2853.6,2867.9,333619,EQ,45311,7.36,124615
2024-08-20,2870.0,2889.05,2836.6,2859.55,152898,EQ,21294,7.18,61240
2024-08-21,2868.95,2929.4,2840.05,2880.5,215664,EQ,26208,8.23,63986
2024-08-22,2911.0,2911.0,2860.4,2870.4,131803,EQ,16740,7.87,48422
2024-08-23,2865.0,2895.0,2860.1,2881.3,112864,EQ,14780,7.64,40508
2024-08-26,2882.95,2906.5,2860.0,2865.55,104418,EQ,17380,6.01,52785
2024-08-27,2865.0,2889.65,2864.75,2873.1,70613,EQ,12389,5.7,34409
2024-08-28,2873.1,2899.9,2860.0,2871.85,82769,EQ,13537,6.11,36363
2024-08-29,2865.0,2868.3,2760.05,2777.15,161008,EQ,27615,5.83,75045
2024-08-30,2809.95,2849.95,2735.0,2804.35,329738,EQ,54607,6.04,101922
2024-09-02,2802.0,2809.95,2745.25,2751.5,141974,EQ,19624,7.23,59179
2024-09-03,2778.95,2833.85,2722.55,2737.1,240483,EQ,26429,9.1,100933
2024-09-04,2729.0,2834.0,2720.05,2771.9,257598,EQ,27990,9.2,80344
2024-09-05,2784.0,2818.6,2756.35,2792.8,89231,EQ,12890,6.92,33755
2024-09-06,2791.0,2817.0,2732.0,2738.2,99063,EQ,15481,6.4,39076
2024-09-09,2712.35,2783.2,2647.5,2726.5,160724,EQ,25699,6.25,55064
2024-09-10,2765.0,2791.0,2715.05,2735.8,145127,EQ,23107,6.28,45722
2024-09-11,2732.0,2732.0,2690.0,2696.2,83260,EQ,14427,5.77,35052
2024-09-12,2701.95,2723.95,2666.2,2687.05,161496,EQ,14382,11.23,111753
2024-09-13,2694.95,2707.95,2667.05,2684.95,82301,EQ,15063,5.46,31255
2024-09-16,2696.8,2775.0,2656.15,2749.8,197255,EQ,32359,6.1,64049
2024-09-17,2749.75,2749.75,2680.05,2697.25,94005,EQ,17754,5.29,44363
2024-09-18,2693.95,2715.0,2646.9,2655.05,92872,EQ,15972,5.81,45631
2024-09-19,2688.8,2688.8,2509.5,2526.9,279883,EQ,52080,5.37,129138
2024-09-20,2540.0,2592.0,2456.0,2530.3,502907,EQ,64210,7.83,192017
2024-09-23,2552.55,2639.9,2535.8,2559.45,347556,EQ,41293,8.42,115971
2024-09-24,2583.5,2583.5,2496.5,2502.75,217362,EQ,24088,9.02,111936
2024-09-25,2506.0,2542.2,2472.0,2503.25,216942,EQ,27505,7.89,95739
2024-09-26,2508.0,2518.8,2431.05,2444.0,194847,EQ,22161,8.79,102506
2024-09-27,2493.75,2496.0,2365.0,2383.2,373017,EQ,46052,8.1,193169
2024-09-30,2381.2,2381.2,2297.1,2315.7,448896,EQ,50687,8.86,248850
2024-10-01,2320.0,2351.5,2292.65,2302.3,325120,EQ,41114,7.91,149417
2024-10-03,2270.1,2395.0,2254.0,2279.35,448044,EQ,54257,8.26,113048
2024-10-04,2285.0,2357.85,2234.05,2330.25,354662,EQ,52220,6.79,87097
2024-10-07,2339.0,2364.0,2222.5,2238.15,248740,EQ,40922,6.08,104088
2024-10-08,2237.0,2388.7,2217.3,2377.15,321481,EQ,45856,7.01,112666
2024-10-09,2390.0,2445.0,2379.0,2398.05,247115,EQ,36638,6.74,89896
2024-10-10,2429.8,2525.0,2391.15,2497.05,509848,EQ,56540,9.02,130462
2024-10-11,2504.8,2513.65,2455.0,2474.5,197246,EQ,24590,8.02,81239
2024-10-14,2500.0,2509.85,2422.1,2436.45,116209,EQ,17918,6.49,49990
2024-10-15,2439.8,2519.95,2422.0,2513.0,255649,EQ,31740,8.05,88370
2024-10-16,2509.05,2547.0,2501.05,2531.05,170842,EQ,22217,7.69,57363
2024-10-17,2548.0,2548.0,2430.4,2447.85,159085,EQ,24550,6.48,63193
2024-10-18,2448.0,2481.0,2372.0,2450.75,136538,EQ,24213,5.64,38724
2024-10-21,2468.6,2479.45,2360.05,2371.4,122293,EQ,18389,6.65,47195
2024-10-22,2385.0,2410.0,2251.0,2268.9,178467,EQ,31117,5.74,64317
2024-10-23,2268.9,2278.0,2175.65,2237.1,219298,EQ,37581,5.84,77147
2024-10-24,2247.0,2315.95,2240.25,2258.75,125773,EQ,26643,4.72,32228
2024-10-25,2250.0,2276.95,2127.0,2157.9,238554,EQ,43566,5.48,98669
2024-10-28,2189.9,2229.0,2116.5,2191.9,158182,EQ,33563,4.71,50926
2024-10-29,2191.9,2239.15,2186.2,2203.75,129296,EQ,22212,5.82,44282
2024-10-30,2222.0,2519.0,2222.0,2478.5,3047651,EQ,222579,13.69,157910
2024-10-31,2465.0,2469.75,2385.05,2419.85,368497,EQ,42241,8.72,69888
2024-11-01,2440.0,2485.0,2413.2,2443.25,72806,EQ,8033,9.06,23214
2024-11-04,2437.85,2437.85,2348.3,2364.9,136761,EQ,22273,6.14,40788
2024-11-05,2355.0,2402.55,2324.8,2359.7,134602,EQ,26389,5.1,34519
2024-11-06,2385.0,2436.35,2377.1,2418.9,201980,EQ,33519,6.03,59314
2024-11-07,2425.0,2458.95,2380.15,2392.7,148479,EQ,22395,6.63,43344
2024-11-08,2396.85,2408.5,2300.0,2322.75,132134,EQ,21928,6.03,55319
2024-11-11,2150.0,2254.75,2150.0,2182.25,554522,EQ,78663,7.05,127620
2024-11-12,2280.0,2349.85,2213.05,2260.6,552146,EQ,70787,7.8,65058
2024-11-13,2260.0,2260.0,2165.0,2172.15,174635,EQ,28132,6.21,48680
2024-11-14,2172.15,2213.95,2146.95,2166.65,162032,EQ,28455,5.69,30448
2024-11-18,2170.0,2198.95,2145.05,2162.65,119899,EQ,23097,5.19,35156
2024-11-19,2177.4,2324.25,2172.95,2291.35,661682,EQ,75431,8.77,73655
2024-11-21,2280.0,2317.7,2241.35,2299.05,166565,EQ,25043,6.65,39642
2024-11-22,2323.0,2333.75,2265.05,2283.0,138354,EQ,21664,6.39,38511
2024-11-25,2313.05,2353.9,2300.0,2312.15,117506,EQ,18810,6.25,38862
2024-11-26,2320.0,2408.0,2313.0,2357.6,203764,EQ,30251,6.74,43021
2024-11-27,2374.75,2425.0,2352.25,2420.85,160791,EQ,24198,6.64,49486
2024-11-28,2420.0,2574.65,2414.2,2466.8,443999,EQ,56503,7.86,113530
2024-11-29,2469.1,2516.95,2432.85,2503.4,155343,EQ,24926,6.23,44152
2024-12-02,2499.0,2554.55,2474.2,2534.7,240835,EQ,41071,5.86,73760
2024-12-03,2532.5,2564.0,2501.0,2520.75,107876,EQ,20167,5.35,40230
2024-12-04,2549.8,2683.0,2542.05,2668.75,923878,EQ,85377,10.82,229870
2024-12-05,2671.6,2693.3,2620.3,2633.3,218978,EQ,27130,8.07,75767
2024-12-06,2633.3,2649.8,2581.0,2599.45,146181,EQ,22877,6.39,45265
2024-12-09,2595.0,2669.0,2576.15,2650.15,160633,EQ,21657,7.42,55145
2024-12-10,2662.5,2670.0,2595.3,2628.0,90976,EQ,14593,6.23,29607
2024-12-11,2611.05,2702.0,2611.05,2647.2,198080,EQ,26661,7.43,57562
2024-12-12,2628.85,2667.95,2589.1,2601.35,101512,EQ,16498,6.15,34138
2024-12-13,2595.0,2606.95,2505.0,2541.2,168756,EQ,25652,6.58,57608
2024-12-16,2544.8,2664.85,2543.5,2642.8,258753,EQ,32462,7.97,70378
2024-12-17,2640.0,2667.45,2600.0,2606.85,123310,EQ,21461,5.75,39355
2024-12-18,2602.95,2603.0,2517.0,2525.0,79880,EQ,14837,5.38,29893
2024-12-19,2425.0,2529.0,2425.0,2487.7,110893,EQ,21314,5.2,31526
2024-12-20,2487.0,2592.8,2471.0,2567.75,473554,EQ,67366,7.03,110739
2024-12-23,2579.3,2595.0,2448.25,2480.65,182839,EQ,33769,5.41,46622
2024-12-24,2503.0,2580.0,2470.1,2487.4,308365,EQ,46185,6.68,48412
2024-12-26,2499.0,2529.5,2465.25,2483.45,112469,EQ,17968,6.26,25373
2024-12-27,2494.95,2549.0,2472.65,2512.6,89544,EQ,16043,5.58,20426
2024-12-30,2513.95,2523.0,2402.0,2417.8,105115,EQ,23399,4.49,41283
2024-12-31,2390.0,2484.2,2380.0,2470.7,90974,EQ,19013,4.78,24594
2025-01-01,2470.6,2509.35,2463.6,2498.25,69178,EQ,14465,4.78,18751
2025-01-02,2508.8,2513.9,2475.85,2490.8,62934,EQ,10875,5.79,21027
2025-01-03,2490.8,2542.0,2477.9,2485.25,79116,EQ,12736,6.21,27950
2025-01-06,2520.0,2521.0,2333.0,2344.8,138821,EQ,31878,4.35,58633
2025-01-07,2344.85,2396.45,2335.1,2389.0,82008,EQ,17626,4.65,20938
2025-01-08,2399.0,2443.0,2300.0,2313.35,124360,EQ,25493,4.88,53585
2025-01-09,2310.05,2354.95,2300.3,2310.55,65431,EQ,14871,4.4,21898
2025-01-10,2300.0,2325.0,2224.8,2234.2,123898,EQ,27749,4.46,42144
2025-01-13,2190.0,2218.95,2056.7,2089.0,209284,EQ,42863,4.88,87207
2025-01-14,2116.45,2170.0,2054.55,2149.05,161396,EQ,30483,5.29,48914
2025-01-15,2183.45,2192.25,2128.8,2139.5,77003,EQ,15585,4.94,26378
2025-01-16,2160.0,2218.75,2160.0,2193.4,88969,EQ,17075,5.21,34501
2025-01-17,2193.0,2294.7,2170.6,2281.05,167575,EQ,29672,5.65,30812
2025-01-20,2286.3,2369.85,2264.8,2359.6,164854,EQ,30110,5.48,37363
2025-01-21,2359.25,2389.45,2279.0,2296.05,103497,EQ,23069,4.49,33767
2025-01-22,2289.5,2291.2,2150.0,2199.95,144877,EQ,30449,4.76,44525
2025-01-23,2202.25,2263.3,2170.0,2184.25,133439,EQ,22985,5.81,45770
2025-01-24,2189.35,2212.75,2096.05,2106.35,122410,EQ,21593,5.67,51130
2025-01-27,2095.0,2097.7,1971.0,1980.0,206079,EQ,34770,5.93,101319
2025-01-28,1985.4,2116.7,1891.35,2066.0,326768,EQ,65227,5.01,59630
2025-01-29,2030.0,2123.55,2030.0,2102.05,109527,EQ,20134,5.44,26367
2025-01-30,2105.5,2184.85,2105.0,2129.6,114917,EQ,20530,5.6,34363
2025-01-31,2118.0,2225.0,2109.1,2207.4,140531,EQ,26229,5.36,39409
2025-02-01,2221.05,2333.0,2062.0,2100.2,321346,EQ,44384,7.24,74748
2025-02-03,2080.0,2133.3,1993.55,2000.2,189417,EQ,36708,5.16,61649
2025-02-04,2009.95,2047.15,1967.55,2024.75,158237,EQ,32058,4.94,47341
2025-02-05,2025.75,2083.0,2021.0,2027.2,124786,EQ,23175,5.38,48317
2025-02-06,2000.0,2011.5,1958.0,1963.9,204969,EQ,30265,6.77,82039
2025-02-07,1950.0,1954.5,1910.0,1924.8,137946,EQ,25046,5.51,49527
2025-02-10,1920.05,1941.7,1862.0,1869.45,139770,EQ,27617,5.06,53862
2025-02-11,1869.45,1874.35,1760.8,1766.75,249498,EQ,45803,5.45,115496
2025-02-12,1750.0,1783.7,1641.05,1719.05,478061,EQ,73999,6.46,153879
2025-02-13,1701.05,1788.7,1672.55,1683.3,272567,EQ,41766,6.53,110117
2025-02-14,1696.1,1704.15,1600.0,1606.0,223348,EQ,40772,5.48,88748
2025-02-17,1609.75,1625.35,1510.15,1518.5,420948,EQ,63878,6.59,164610
2025-02-18,1525.0,1547.45,1412.2,1423.75,455016,EQ,64703,7.03,212377
2025-02-19,1422.0,1632.55,1405.4,1544.85,3170630,EQ,245551,12.91,265515
2025-02-20,1542.0,1619.0,1517.6,1576.1,554844,EQ,74199,7.48,101088
2025-02-21,1569.95,1689.95,1538.05,1553.6,945626,EQ,103168,9.17,111945
2025-02-24,1540.0,1689.0,1501.0,1642.9,4145046,EQ,277455,14.94,152379
2025-02-25,1640.35,1656.8,1592.0,1608.05,528027,EQ,57393,9.2,66464
2025-02-27,1613.0,1619.0,1510.0,1520.5,418407,EQ,42614,9.82,124452
2025-02-28,1499.15,1532.65,1415.05,1437.75,876478,EQ,84071,10.43,324001
2025-03-03,1438.0,1464.0,1351.15,1433.9,757831,EQ,94336,8.03,197820
2025-03-04,1400.0,1462.5,1385.5,1411.6,892244,EQ,91279,9.77,235828
2025-03-05,1412.35,1465.0,1392.0,1415.05,814104,EQ,77442,10.51,285132
2025-03-06,1425.05,1461.95,1405.05,1421.1,520069,EQ,56123,9.27,179345
2025-03-07,1421.1,1689.9,1417.5,1628.25,11515983,EQ,439821,26.18,467152
2025-03-10,1641.1,1705.0,1580.0,1631.0,7416889,EQ,327886,22.62,532188
2025-03-11,1598.0,1635.2,1551.15,1582.05,2372363,EQ,152451,15.56,192851
2025-03-12,1599.95,1646.0,1566.4,1586.3,1536971,EQ,97129,15.82,175050
2025-03-13,1590.0,1740.0,1558.15,1663.1,12843543,EQ,466445,27.53,460811
2025-03-17,1680.05,1694.65,1618.0,1635.55,2074821,EQ,102777,20.19,227154
2025-03-18,1646.0,1661.95,1626.05,1650.3,997582,EQ,52967,18.83,162120
2025-03-19,1669.55,1785.95,1653.6,1714.05,5348683,EQ,229119,23.34,408101
2025-03-20,1744.0,1764.0,1681.5,1688.95,1487691,EQ,85126,17.48,260074
2025-03-21,1715.0,1746.0,1684.65,1713.35,1123578,EQ,70425,15.95,201291
2025-03-24,1738.0,1819.95,1728.0,1738.3,1725642,EQ,99507,17.34,356438
2025-03-25,1764.55,1776.0,1695.0,1729.45,894547,EQ,57802,15.48,225536
2025-03-26,1729.45,1740.0,1676.0,1692.65,573195,EQ,45892,12.49,146989
2025-03-27,1688.5,1716.85,1659.15,1688.25,592876,EQ,60712,9.77,165743
2025-03-28,1695.2,1757.8,1678.25,1689.95,617604,EQ,54702,11.29,129621
2025-04-01,1679.8,1724.9,1657.3,1696.25,461330,EQ,45957,10.04,84107
2025-04-02,1696.85,1728.45,1673.1,1722.15,366305,EQ,33099,11.07,83951
2025-04-03,1700.0,1778.0,1695.05,1739.75,715421,EQ,60228,11.88,178478
2025-04-04,1719.95,1737.85,1658.0,1681.15,435286,EQ,41906,10.39,127272
2025-04-07,1392.25,1654.0,1392.25,1642.7,656539,EQ,74065,8.86,163615
2025-04-08,1665.0,1708.3,1634.55,1662.8,388675,EQ,38198,10.18,66882
2025-04-09,1650.0,1669.8,1605.0,1627.65,310223,EQ,32153,9.65,64199
2025-04-11,1656.8,1689.0,1641.7,1681.95,265985,EQ,28180,9.44,79532
2025-04-15,1694.6,1914.0,1694.6,1878.7,6862116,EQ,307500,22.32,529221
2025-04-16,1879.0,1910.0,1855.7,1890.7,1093121,EQ,66209,16.51,161804
2025-04-17,1889.0,1913.0,1860.6,1897.4,543121,EQ,37904,14.33,136079
2025-04-21,1909.0,1965.0,1903.6,1959.0,739404,EQ,50119,14.75,168338
2025-04-22,1965.0,2148.7,1962.0,2130.1,4297678,EQ,209333,20.53,328654
2025-04-23,2144.6,2190.0,2073.1,2171.4,1605266,EQ,100664,15.95,227657
2025-04-24,2170.7,2196.4,2143.5,2153.0,890609,EQ,62069,14.35,148156
2025-04-25,2142.1,2156.7,2030.0,2086.6,1086995,EQ,106214,10.23,288113
2025-04-28,2074.0,2285.9,2051.0,2236.2,3965722,EQ,222179,17.85,309351
2025-04-29,2238.0,2647.0,2230.2,2556.9,7854903,EQ,360705,21.78,670401
2025-04-30,2556.9,2621.9,2450.0,2486.6,2989856,EQ,181741,16.45,415333
2025-05-02,2480.0,2483.3,2285.1,2310.3,1282050,EQ,60798,21.09,341232
2025-05-05,2332.0,2340.0,2205.0,2285.4,1316590,EQ,56692,23.22,351550
2025-05-06,2285.0,2376.0,2155.6,2194.8,1009000,EQ,45665,22.1,200742
2025-05-07,2180.0,2289.9,2121.0,2158.2,968132,EQ,46362,20.88,199638
2025-05-08,2185.5,2297.0,2185.5,2202.3,1140727,EQ,51813,22.02,173006
2025-05-09,2179.1,2310.0,2145.0,2295.2,1696374,EQ,74245,22.85,274503
2025-05-12,2410.0,2437.8,2359.1,2386.0,722582,EQ,57014,12.67,278301
2025-05-13,2388.6,2505.0,2351.0,2485.3,1064194,EQ,75392,14.12,280135
2025-05-14,2500.0,2640.0,2500.0,2538.4,1425514,EQ,73934,19.28,374315
2025-05-15,2548.0,2635.5,2529.9,2625.0,752756,EQ,38301,19.65,229575
2025-05-16,2654.0,2939.0,2650.4,2868.2,2391599,EQ,144055,16.6,559352
2025-05-19,3000.0,3141.7,2780.0,2801.7,3727619,EQ,219506,16.98,1073295
2025-05-20,2850.0,2882.9,2616.4,2639.4,1497184,EQ,93545,16.0,527868
2025-05-21,2657.9,2829.8,2590.0,2744.2,3672775,EQ,159076,23.09,651197
2025-05-22,2757.0,2767.9,2681.7,2740.8,1072756,EQ,47364,22.65,253797
2025-05-23,2775.0,2780.5,2682.1,2718.4,792695,EQ,36652,21.63,246469
2025-05-26,2730.0,2910.0,2717.8,2824.8,2390879,EQ,146556,16.31,440922
2025-05-27,2832.0,2875.9,2792.2,2813.8,1045833,EQ,59554,17.56,259985
2025-05-28,2824.6,2870.0,2801.8,2845.7,763508,EQ,57126,13.37,176201
2025-05-29,2880.0,2930.0,2841.4,2861.4,944240,EQ,59837,15.78,256070
2025-05-30,2865.0,2920.0,2803.7,2848.2,959867,EQ,70386,13.64,254078
2025-06-02,2850.0,2972.0,2818.3,2947.3,1961597,EQ,121797,16.11,551424
2025-06-03,2960.0,3027.0,2933.3,2963.9,1142851,EQ,60459,18.9,303758
2025-06-04,2960.0,3043.9,2911.9,2985.2,1270764,EQ,77197,16.46,280469
2025-06-05,3003.0,3209.9,2974.0,3171.3,2898002,EQ,159427,18.18,719607
2025-06-06,3200.0,3268.8,3050.0,3064.3,1492426,EQ,99096,15.06,478272
2025-06-09,3075.0,3110.1,2942.0,2953.9,791544,EQ,57340,13.8,333433
2025-06-10,2972.8,3136.0,2960.0,3123.4,1633605,EQ,88528,18.45,422605
2025-06-11,3139.0,3139.0,2961.1,3027.8,726518,EQ,50586,14.36,210534
2025-06-12,3026.9,3049.3,2902.6,2930.0,601596,EQ,50886,11.82,193696
2025-06-13,2840.2,3025.0,2840.0,3002.5,845827,EQ,59035,14.33,168794
2025-06-16,3015.4,3059.0,2896.0,2960.8,621057,EQ,44549,13.94,136581
2025-06-17,2975.0,3048.5,2970.1,2999.3,447542,EQ,42596,10.51,144072
2025-06-18,3010.2,3065.0,2971.9,3001.2,501012,EQ,38043,13.17,107679
2025-06-19,3005.9,3115.0,2901.7,2935.1,1129045,EQ,82794,13.64,197721
2025-06-20,2943.0,2998.0,2906.1,2957.8,590173,EQ,46608,12.66,184550
2025-06-23,2956.9,3053.4,2937.2,3023.7,624221,EQ,43372,14.39,159009
2025-06-24,3054.9,3070.0,2922.0,2934.6,442961,EQ,37671,11.76,167292
2025-06-25,2935.0,2945.0,2775.0,2790.6,766545,EQ,68519,11.19,299266
2025-06-26,2804.9,2907.0,2804.9,2862.5,584660,EQ,49507,11.81,126753
2025-06-27,2873.5,2897.9,2805.0,2824.0,324827,EQ,28858,11.26,108981
2025-06-30,2856.6,2912.0,2839.7,2900.7,358820,EQ,25676,13.97,128808
2025-07-01,2900.0,2964.9,2895.0,2929.1,265534,EQ,27293,9.73,103850
2025-07-02,2936.9,2962.4,2913.0,2953.7,244991,EQ,21989,11.14,120747
2025-07-03,2960.0,3006.3,2931.0,2966.8,242977,EQ,22974,10.58,95607
2025-07-04,3000.0,3025.5,2971.6,2981.5,355175,EQ,28522,12.45,95781
2025-07-07,2972.0,2980.0,2916.5,2962.9,177750,EQ,17435,10.2,56242
2025-07-08,2962.9,2999.0,2921.0,2989.7,264428,EQ,25549,10.35,103123
2025-07-09,2980.0,3038.0,2975.4,3025.3,245805,EQ,26414,9.31,123561
2025-07-10,3030.0,3030.3,2921.2,2945.7,218156,EQ,20438,10.67,75047
2025-07-11,2959.9,2968.0,2835.7,2849.1,248556,EQ,25783,9.64,87209
2025-07-14,2854.1,2890.0,2811.0,2862.7,228593,EQ,24830,9.21,48264
2025-07-15,2862.7,2909.9,2852.0,2872.2,144830,EQ,16445,8.81,39941
2025-07-16,2870.0,2909.4,2848.0,2893.2,152962,EQ,15302,10.0,45285
2025-07-17,2895.0,2909.9,2880.0,2895.6,111067,EQ,12397,8.96,31923
2025-07-18,2881.9,2934.7,2735.8,2757.5,380903,EQ,43386,8.78,151993
2025-07-21,2750.7,2752.4,2627.1,2728.2,406644,EQ,37211,10.93,136727
2025-07-22,2728.2,2814.9,2726.2,2808.1,231821,EQ,26730,8.67,66972
2025-07-23,2818.5,2830.0,2746.5,2777.8,131953,EQ,15824,8.34,43537
2025-07-24,2788.0,2802.9,2753.7,2780.7,109481,EQ,17543,6.24,39472
2025-07-25,2780.7,2782.0,2670.9,2677.4,133065,EQ,19314,6.89,62794
2025-07-28,2670.1,2724.5,2558.0,2571.6,262341,EQ,33154,7.91,121704
2025-07-29,2558.1,2625.0,2529.8,2584.4,186512,EQ,26341,7.08,62543
2025-07-30,2600.0,2610.4,2550.1,2592.9,138633,EQ,18904,7.33,56262
2025-07-31,2530.0,2717.1,2520.0,2640.9,308382,EQ,36069,8.55,112223
2025-08-01,2640.0,2640.0,2541.4,2550.5,143700,EQ,18212,7.89,65343
2025-08-04,2540.1,2725.0,2525.7,2713.8,410942,EQ,53850,7.63,109637
2025-08-05,2725.0,2735.0,2630.0,2661.4,235919,EQ,28089,8.4,79107
2025-08-06,2686.0,2710.0,2585.0,2596.1,199422,EQ,20998,9.5,72396
2025-08-07,2590.0,2626.9,2542.1,2569.6,192214,EQ,30926,6.22,60977
2025-08-08,2400.0,2480.0,2351.0,2427.5,1034188,EQ,100592,10.28,297581
2025-08-11,2372.2,2585.7,2372.2,2514.3,701262,EQ,66284,10.58,310672
2025-08-12,2515.0,2548.2,2480.6,2525.1,172009,EQ,24875,6.91,65477
2025-08-13,2537.1,2584.0,2500.0,2506.0,238354,EQ,26958,8.84,94211
2025-08-14,2510.0,2527.9,2501.6,2517.5,121189,EQ,13596,8.91,54716
2025-08-18,2561.8,2615.7,2543.1,2591.4,249491,EQ,31595,7.9,129590
2025-08-19,2598.0,2599.9,2531.0,2541.0,190889,EQ,23532,8.11,87587
2025-08-20,2552.1,2578.5,2505.6,2560.3,222892,EQ,20550,10.85,110908
2025-08-21,2560.3,2610.9,2538.1,2599.9,299982,EQ,28588,10.49,157794
2025-08-22,2598.0,2680.9,2560.1,2590.6,252834,EQ,26751,9.45,90337
2025-08-25,2639.0,2650.0,2548.7,2557.4,156906,EQ,18188,8.63,72148
2025-08-26,2552.1,2593.9,2488.0,2505.6,207037,EQ,26904,7.7,94328
2025-08-28,2493.9,2498.2,2417.0,2425.8,128812,EQ,17163,7.51,48727
2025-08-29,2430.0,2458.7,2376.0,2402.8,141325,EQ,19540,7.23,47786
2025-09-01,2407.0,2522.5,2407.0,2511.8,157657,EQ,17169,9.18,54989
2025-09-02,2530.0,2597.0,2490.9,2545.5,181835,EQ,24510,7.42,58315
2025-09-03,2545.5,2590.4,2527.9,2546.5,86930,EQ,11987,7.25,33983
2025-09-04,2588.0,2588.0,2430.1,2443.3,193784,EQ,24498,7.91,80554
2025-09-05,2454.0,2520.0,2415.2,2476.8,189754,EQ,25578,7.42,61630
2025-09-08,2476.8,2554.6,2470.9,2538.6,140013,EQ,15607,8.97,68048
2025-09-09,2539.0,2576.3,2537.2,2560.8,124075,EQ,16434,7.55,70689
2025-09-10,2566.1,2587.4,2538.2,2568.6,124129,EQ,19525,6.36,56845
2025-09-11,2573.9,2689.0,2565.3,2576.9,493877,EQ,54270,9.1,164590
2025-09-12,2592.0,2726.3,2551.1,2711.0,629024,EQ,57704,10.9,193562
2025-09-15,2750.0,2834.9,2685.1,2717.2,759184,EQ,68745,11.04,241063
2025-09-16,2730.0,2777.0,2686.0,2762.1,258985,EQ,29172,8.88,80650
2025-09-17,2770.0,2925.0,2765.8,2870.2,1032814,EQ,80920,12.76,272421
2025-09-18,2892.5,2892.5,2820.2,2833.8,363272,EQ,32561,11.16,156882
2025-09-19,2828.9,2874.9,2803.5,2860.2,269811,EQ,25307,10.66,95229
2025-09-22,2860.2,2902.9,2800.0,2814.2,228891,EQ,28322,8.08,88025
2025-09-23,2814.2,2860.0,2764.7,2773.3,234908,EQ,21711,10.82,94044
2025-09-24,2770.0,2793.9,2722.6,2737.9,142428,EQ,16604,8.58,53241
2025-09-25,2742.0,2838.0,2730.1,2752.8,287170,EQ,38876,7.39,69293
2025-09-26,2765.0,2765.0,2631.5,2654.9,235276,EQ,27024,8.71,88380
2025-09-29,2669.6,2710.0,2510.0,2541.4,408147,EQ,46783,8.72,177869
2025-09-30,2560.4,2597.4,2504.0,2549.4,163343,EQ,21311,7.66,47055
2025-10-01,2559.9,2653.0,2533.4,2630.9,241862,EQ,28793,8.4,61617
2025-10-03,2644.1,2873.9,2632.0,2835.3,1968332,EQ,142567,13.81,241363
2025-10-06,2839.0,2866.4,2806.4,2841.7,360147,EQ,36852,9.77,115071
2025-10-07,2841.7,2854.8,2782.6,2822.0,197998,EQ,22334,8.87,72007
2025-10-08,2822.0,2825.1,2771.6,2781.2,153943,EQ,18496,8.32,44621
2025-10-09,2786.7,2853.0,2760.8,2824.9,214518,EQ,25035,8.57,73955
2025-10-10,2824.9,2891.5,2784.6,2805.3,321852,EQ,35395,9.09,97279
2025-10-13,2775.1,2805.8,2708.0,2717.6,214135,EQ,22435,9.54,84174
2025-10-14,2728.0,2771.0,2720.4,2759.0,211094,EQ,23474,8.99,88063
2025-10-15,2769.9,2785.0,2689.5,2697.2,348427,EQ,33413,10.43,148539
2025-10-16,2707.0,2744.1,2685.0,2731.7,184246,EQ,20493,8.99,68119
2025-10-17,2730.0,2890.0,2725.0,2806.8,1136442,EQ,97425,11.66,195531
2025-10-20,2820.0,2823.2,2758.7,2782.0,179369,EQ,18932,9.47,64022
2025-10-21,2804.0,2850.0,2801.0,2842.0,103879,EQ,10898,9.53,45886
2025-10-23,2843.0,2861.3,2785.0,2797.9,162496,EQ,17426,9.32,66538
2025-10-24,2811.8,2864.0,2785.2,2798.7,260983,EQ,27316,9.55,68936
2025-10-27,2798.7,2803.2,2745.0,2790.8,176054,EQ,22887,7.69,62136
2025-10-28,2790.8,2830.0,2759.9,2787.5,165744,EQ,18978,8.73,59464
2025-10-29,2787.5,2787.5,2740.9,2753.0,101997,EQ,11464,8.9,49312
2025-10-30,2752.4,2778.4,2700.3,2708.0,159655,EQ,17396,9.18,68979
2025-10-31,2710.0,2755.6,2710.0,2744.0,148617,EQ,16235,9.15,41246
2025-11-03,2744.0,2775.3,2722.8,2751.5,95006,EQ,12153,7.82,34249
2025-11-04,2752.0,2764.6,2690.0,2700.5,123153,EQ,17772,6.93,57693
2025-11-06,2700.5,2707.9,2604.0,2613.8,159738,EQ,22092,7.23,74129
2025-11-07,2607.9,2626.1,2545.0,2616.2,135567,EQ,21702,6.25,49794
2025-11-10,2625.0,2699.1,2610.3,2644.4,190450,EQ,27234,6.99,59421
2025-11-11,2644.4,2808.0,2638.4,2756.7,1092658,EQ,91875,11.89,162272
2025-11-12,2778.9,2830.0,2718.0,2792.2,328396,EQ,27262,12.05,91083
2025-11-13,2940.0,3044.5,2886.6,3003.4,6290518,EQ,380730,16.52,716622
2025-11-14,2991.0,3120.0,2970.2,3100.7,2418278,EQ,154409,15.66,433718
2025-11-17,3110.0,3193.6,3061.1,3085.9,1126659,EQ,75286,14.97,264220
2025-11-18,3072.5,3156.0,3055.4,3114.4,752856,EQ,48321,15.58,156883
2025-11-19,3108.0,3108.9,3027.1,3055.2,405760,EQ,29435,13.78,111353
2025-11-20,3050.0,3215.0,3042.7,3104.6,1830313,EQ,109853,16.66,362304
2025-11-21,3103.0,3144.0,3011.0,3028.4,584477,EQ,40180,14.55,150230
2025-11-24,3018.4,3018.4,2925.0,2941.2,483756,EQ,38182,12.67,109532
2025-11-25,2940.0,3043.2,2935.0,2946.4,760450,EQ,60010,12.67,112253
2025-11-26,2956.1,2999.9,2927.3,2941.8,408211,EQ,32690,12.49,62379
2025-11-27,2950.0,3023.6,2937.2,2965.6,406595,EQ,30966,13.13,68166
2025-11-28,2962.0,3050.0,2958.0,2970.8,656200,EQ,45465,14.43,79256
2025-12-01,2987.0,3025.0,2913.8,2929.1,357428,EQ,27106,13.19,90142
2025-12-02,2925.0,2969.4,2844.4,2895.2,358877,EQ,28194,12.73,93156
2025-12-03,2908.0,2908.0,2850.2,2888.5,248230,EQ,23060,10.76,72949
2025-12-04,2887.8,2965.0,2875.0,2896.9,503479,EQ,37714,13.35,79085
2025-12-05,2897.1,2931.6,2744.0,2766.3,439407,EQ,39816,11.04,146317
2025-12-08,2765.9,2765.9,2569.4,2587.4,659417,EQ,57873,11.39,188823
2025-12-09,2579.1,2634.4,2511.7,2623.6,537066,EQ,49766,10.79,108909
2025-12-10,2628.0,2635.2,2530.0,2543.2,322686,EQ,32520,9.92,90202
2025-12-11,2543.2,2609.9,2515.1,2603.5,289309,EQ,29929,9.67,67593
2025-12-12,2617.0,2626.0,2566.0,2594.2,227718,EQ,24119,9.44,64052
2025-12-15,2590.0,2618.6,2575.0,2606.4,148462,EQ,16574,8.96,36932
2025-12-16,2603.0,2603.0,2550.0,2581.2,184150,EQ,18603,9.9,55329
2025-12-17,2580.0,2580.0,2447.1,2467.7,306261,EQ,31130,9.84,130599
2025-12-18,2467.7,2518.1,2435.5,2512.6,325611,EQ,29575,11.01,69837
2025-12-19,2524.0,2565.0,2503.0,2556.4,173803,EQ,16137,10.77,44253
2025-12-22,2556.4,2639.0,2556.4,2615.4,352933,EQ,34515,10.23,106708
2025-12-23,2615.5,2680.3,2595.2,2657.8,287282,EQ,24017,11.96,78571
2025-12-24,2645.0,2735.0,2630.4,2672.3,429900,EQ,30496,14.1,89719
2025-12-26,2664.4,2747.8,2651.0,2677.8,364500,EQ,30928,11.79,64248
2025-12-29,2682.0,2719.0,2631.3,2651.4,227208,EQ,21928,10.36,52160
2025-12-30,2650.1,2655.0,2556.2,2583.1,291842,EQ,28613,10.2,126754
2025-12-31,2577.2,2645.0,2577.2,2626.6,199095,EQ,19557,10.18,55722
2026-01-01,2623.0,2633.1,2592.8,2601.2,82385,EQ,10227,8.06,23031
2026-01-02,2601.0,2638.0,2596.2,2621.7,107739,EQ,12733,8.46,28362
2026-01-05,2624.0,2745.0,2607.9,2731.3,557525,EQ,43684,12.76,147667
2026-01-06,2737.0,2739.7,2652.0,2678.6,271463,EQ,24908,10.9,103907
2026-01-07,2670.0,2699.9,2647.7,2693.4,132148,EQ,14332,9.22,33302
2026-01-08,2690.0,2774.0,2671.6,2684.4,595436,EQ,48810,12.2,124370
2026-01-09,2672.2,2762.0,2626.2,2650.6,449936,EQ,39980,11.25,87556
2026-01-12,2643.0,2655.0,2553.0,2617.0,317263,EQ,30545,10.39,81578
2026-01-13,2630.0,2651.9,2550.0,2591.5,175798,EQ,18268,9.62,44675
2026-01-14,2582.0,2663.4,2571.1,2578.5,350858,EQ,28648,12.25,117749
2026-01-16,2582.9,2601.7,2522.0,2542.0,289947,EQ,28148,10.3,105394
2026-01-19,2527.0,2568.0,2470.1,2486.0,238051,EQ,30808,7.73,102184
2026-01-20,2477.1,2477.1,2221.4,2250.6,1288037,EQ,98697,13.05,433535
2026-01-21,2250.6,2270.0,2188.5,2214.7,688340,EQ,65233,10.55,192809
2026-01-22,2248.0,2305.0,2231.3,2293.4,462418,EQ,43129,10.72,197858
2026-01-23,2304.0,2304.0,2167.0,2182.5,452250,EQ,39889,11.34,170617
2026-01-27,2199.8,2319.0,2131.0,2297.4,683748,EQ,57841,11.82,215717
2026-01-28,2319.8,2650.0,2297.6,2610.6,2955877,EQ,161868,18.26,320651
2026-01-29,2610.6,2644.3,2544.0,2562.5,1089709,EQ,81729,13.33,2133972026-02-01,2691.0,2836.6,2298.0,2470.9,1912383,EQ,152103,12.57,228317
2026-02-02,2495.0,2609.9,2453.0,2557.6,1233071,EQ,101139,12.19,176857
2026-02-03,2700.0,2700.9,2549.0,2606.6,629260,EQ,55519,11.33,185423
2026-02-04,2599.0,2650.1,2520.0,2618.6,617285,EQ,53597,11.52,142955
2026-02-05,2618.6,2625.0,2512.0,2523.5,320409,EQ,29641,10.81,1018512026-02-06,2700.0,2758.9,2574.0,2723.7,3563917,EQ,187507,19.01,391158
2026-02-09,2738.0,2816.0,2700.5,2805.1,841233,EQ,52366,16.06,187611
2026-02-10,2801.0,2927.1,2785.0,2840.5,709477,EQ,51209,13.85,153775
2026-02-11,2850.0,2898.0,2787.0,2832.7,460683,EQ,31405,14.67,127542
2026-02-12,2827.0,2827.0,2751.3,2783.3,288158,EQ,25342,11.37,84918
2026-02-13,2760.0,2789.0,2725.0,2768.8,256905,EQ,24254,10.59,59111
2026-02-16,2755.0,2877.0,2722.9,2828.4,498933,EQ,39213,12.72,140015
2026-02-17,2830.0,2880.0,2796.4,2817.3,260039,EQ,19592,13.27,51139
2026-02-18,2835.0,2911.0,2812.4,2898.1,465438,EQ,32197,14.46,143708
2026-02-19,2901.0,2961.0,2860.0,2914.0,658550,EQ,41540,15.85,148739
2026-02-20,2900.0,3190.0,2880.0,2984.6,2954923,EQ,180114,16.41,349930
2026-02-23,3014.5,3075.0,2970.9,3061.4,805767,EQ,64173,12.56,181768
2026-02-24,3056.0,3129.0,3026.5,3097.7,865752,EQ,50772,17.05,259065
2026-02-25,3113.1,3144.0,3042.0,3070.6,454935,EQ,29542,15.4,143049
2026-02-26,3085.0,3280.0,3046.0,3243.6,2043919,EQ,112859,18.11,440846
2026-02-27,3230.0,3309.9,3161.1,3210.2,967561,EQ,64817,14.93,308572
2026-03-02,3120.0,3348.0,3117.1,3204.3,1854061,EQ,131504,14.1,335504
2026-03-04,3198.7,3249.0,3078.0,3126.3,974618,EQ,75448,12.92,228874
2026-03-05,3124.5,3422.0,3117.0,3359.2,2763865,EQ,173391,15.94,501742
2026-03-06,3369.9,3609.5,3340.0,3491.2,2658765,EQ,157858,16.84,400397
2026-03-04,3198.7,3249.0,3078.0,3126.3,974618,EQ,75448,12.92,228874
2026-03-05,3124.5,3422.0,3117.0,3359.2,2763865,EQ,173391,15.94,501742
2026-03-06,3369.9,3609.5,3340.0,3491.2,2658765,EQ,157858,16.84,400397
2026-03-09,3491.2,3560.0,3360.1,3493.2,2086215,EQ,157652,13.23,252999
2026-03-10,3555.0,3600.0,3421.4,3441.8,1056610,EQ,71862,14.7,211193
2026-03-11,3441.8,3505.4,3360.0,3383.2,691899,EQ,52483,13.18,185982
2026-03-12,3373.0,3373.0,3230.1,3332.0,703664,EQ,57464,12.25,153010
2026-03-13,3318.6,3339.0,3172.0,3215.0,804393,EQ,53718,14.97,158801
2026-03-16,3215.3,3260.0,3055.1,3095.9,1003505,EQ,67090,14.96,225541
2026-03-17,3096.0,3329.9,3094.5,3300.5,2096185,EQ,140780,14.89,188291
2026-03-18,3305.0,3325.0,3205.0,3302.0,793953,EQ,57462,13.82,106368
2026-03-19,3250.0,3350.0,3211.0,3256.4,931303,EQ,65967,14.12,120084
2026-03-20,3265.8,3376.4,3205.5,3230.8,569222,EQ,43903,12.97,108733
