Date,Open,High,Low,Close,Volume,Series,TOTAL_TRADES,QTY_PER_TRADE,DLV_QTY
2010-01-08,329.4,378.0,320.0,367.0,529014,EQ,,,
2010-01-11,367.45,396.45,365.85,380.35,369961,EQ,,,
2010-01-12,383.4,386.6,365.4,369.65,109769,EQ,,,
2010-01-13,368.9,379.0,351.15,367.1,98337,EQ,,,
2010-01-14,369.5,379.0,361.5,364.45,39287,EQ,,,
2010-01-15,366.1,437.35,366.1,432.55,1016459,EQ,,,
2010-01-18,415.25,519.1,415.25,513.6,2742867,EQ,,,
2010-01-19,525.0,616.35,525.0,611.15,5642085,EQ,,,
2010-01-20,619.0,658.0,595.85,611.85,5605926,EQ,,,
2010-01-21,600.0,600.0,550.7,554.3,1928440,EQ,,,
2010-01-22,515.25,609.75,507.3,609.75,3376748,EQ,,,
2010-01-25,630.0,645.25,605.5,612.05,3428331,EQ,,,
2010-01-27,597.4,629.0,551.1,567.15,1678098,EQ,,,
2010-01-28,577.7,605.9,571.0,580.5,1816691,EQ,,,
2010-01-29,568.8,607.65,552.5,596.0,1593015,EQ,,,
2010-02-01,589.8,614.9,578.0,590.15,1507669,EQ,,,
2010-02-02,597.8,612.65,575.0,579.6,943512,EQ,,,
2010-02-03,590.0,601.0,580.2,583.45,619527,EQ,,,
2010-02-04,585.05,600.4,562.0,568.55,822232,EQ,,,
2010-02-05,551.75,554.0,532.5,535.5,431513,EQ,,,
2010-02-06,544.85,549.9,535.0,538.05,88382,EQ,,,
2010-02-08,544.65,553.3,523.15,528.0,376066,EQ,,,
2010-02-09,529.75,580.8,506.1,580.8,1722278,EQ,,,
2010-02-10,592.2,615.0,577.35,585.75,2858082,EQ,,,
2010-02-11,591.1,605.8,578.0,584.05,1530379,EQ,,,
2010-02-15,590.0,599.0,573.65,579.45,539013,EQ,,,
2010-02-16,585.0,591.0,573.0,581.95,546553,EQ,,,
2010-02-17,589.0,591.8,574.25,578.45,532894,EQ,,,
2010-02-18,579.8,582.8,555.0,558.2,329459,EQ,,,
2010-02-19,552.1,586.2,544.2,561.2,1234247,EQ,,,
2010-02-22,572.0,572.8,518.0,534.5,626170,EQ,,,
2010-02-23,532.5,557.0,520.0,533.1,708857,EQ,,,
2010-02-24,507.0,538.0,507.0,526.0,368266,EQ,,,
2010-02-25,531.0,541.8,523.0,527.25,423003,EQ,,,
2010-02-26,529.0,553.7,521.0,528.05,701515,EQ,,,
2010-03-02,537.0,541.65,529.0,532.95,269696,EQ,,,
2010-03-03,537.6,548.0,533.0,537.1,363083,EQ,,,
2010-03-04,538.0,546.5,535.0,537.1,221975,EQ,,,
2010-03-05,541.3,544.0,528.0,530.0,208791,EQ,,,
2010-03-08,530.0,543.7,527.2,529.85,189750,EQ,,,
2010-03-09,532.9,533.0,503.6,506.85,224549,EQ,,,
2010-03-10,506.85,520.0,492.0,509.7,443955,EQ,,,
2010-03-11,513.0,514.0,494.0,496.7,144541,EQ,,,
2010-03-12,499.0,506.4,482.25,484.9,286977,EQ,,,
2010-03-15,445.5,480.0,445.5,459.5,377127,EQ,,,
2010-03-16,450.5,463.3,442.05,446.2,287450,EQ,,,
2010-03-17,452.0,535.45,446.4,530.65,3457158,EQ,,,
2010-03-18,571.0,571.0,495.35,516.1,4846545,EQ,,,
2010-03-19,450.0,542.7,450.0,526.85,2007349,EQ,,,
2010-03-22,519.9,540.9,511.0,524.9,1133622,EQ,,,
2010-03-23,530.7,536.95,520.6,524.15,519647,EQ,,,
2010-03-25,525.0,528.0,510.85,514.9,425722,EQ,,,
2010-03-26,518.8,527.7,505.05,508.1,411368,EQ,,,
2010-03-29,508.0,515.4,484.0,488.85,432734,EQ,,,
2010-03-30,496.0,561.0,490.3,530.1,4337159,EQ,,,
2010-03-31,535.0,548.0,526.4,533.0,1904337,EQ,,,
2010-04-01,539.0,543.5,531.15,534.9,861282,EQ,,,
2010-04-05,540.0,555.0,531.2,538.8,1069517,EQ,,,
2010-04-06,540.0,549.8,531.0,540.0,1060469,EQ,,,
2010-04-07,540.5,548.7,534.0,537.0,520668,EQ,,,
2010-04-08,539.1,539.1,522.3,526.45,225664,EQ,,,
2010-04-09,521.1,536.8,519.5,521.65,222395,EQ,,,
2010-04-12,528.9,535.7,516.55,530.4,403341,EQ,,,
2010-04-13,529.4,532.9,515.0,517.75,303989,EQ,,,
2010-04-15,525.0,531.9,514.0,517.4,332203,EQ,,,
2010-04-16,518.0,522.95,508.5,511.6,212385,EQ,,,
2010-04-19,504.9,511.7,495.15,497.1,296311,EQ,,,
2010-04-20,504.7,541.4,502.0,527.75,1311976,EQ,,,
2010-04-21,529.7,532.75,516.0,519.9,457831,EQ,,,
2010-04-22,519.0,526.7,513.1,516.6,357744,EQ,,,
2010-04-23,519.9,522.5,509.0,511.7,167257,EQ,,,
2010-04-26,513.0,522.15,511.7,513.45,267828,EQ,,,
2010-04-27,513.0,520.0,507.7,509.75,214962,EQ,,,
2010-04-28,498.0,504.0,488.0,490.2,194040,EQ,,,
2010-04-29,496.0,507.45,493.45,498.0,166784,EQ,,,
2010-04-30,501.1,508.0,496.0,498.1,196886,EQ,,,
2010-05-03,495.2,501.0,487.95,492.95,102555,EQ,,,
2010-05-04,495.2,499.4,480.1,482.85,117632,EQ,,,
2010-05-05,473.75,476.9,455.35,471.45,190255,EQ,,,
2010-05-06,471.0,513.9,465.0,505.25,1121925,EQ,,,
2010-05-07,492.0,495.0,470.0,473.0,491907,EQ,,,
2010-05-10,475.6,489.0,475.6,484.45,217340,EQ,,,
2010-05-11,487.1,488.0,473.1,476.5,137891,EQ,,,
2010-05-12,478.5,496.7,468.35,477.85,396799,EQ,,,
2010-05-13,482.6,487.0,474.0,477.8,155144,EQ,,,
2010-05-14,478.0,483.4,464.0,467.3,169332,EQ,,,
2010-05-17,465.0,480.0,460.0,469.75,226815,EQ,,,
2010-05-18,471.0,475.5,465.05,466.55,110826,EQ,,,
2010-05-19,460.0,466.5,443.0,445.8,117990,EQ,,,
2010-05-20,451.0,455.95,425.0,435.35,157525,EQ,,,
2010-05-21,412.5,422.0,410.0,415.65,105673,EQ,,,
2010-05-24,422.0,433.0,409.0,413.55,199176,EQ,,,
2010-05-25,415.0,415.0,392.55,394.65,105328,EQ,,,
2010-05-26,324.0,409.7,324.0,397.5,142254,EQ,,,
2010-05-27,398.3,405.0,393.8,398.1,190234,EQ,,,
2010-05-28,404.95,411.4,400.2,403.25,156799,EQ,,,
2010-05-31,405.05,483.9,402.15,481.2,2786597,EQ,,,
2010-06-01,485.0,497.85,452.6,461.2,4864441,EQ,,,
2010-06-02,455.0,483.2,455.0,471.8,1384588,EQ,,,
2010-06-03,481.4,498.8,476.55,482.35,1677427,EQ,,,
2010-06-04,479.2,488.1,473.1,476.2,400628,EQ,,,
2010-06-07,450.0,466.8,421.15,456.2,791063,EQ,,,
2010-06-08,455.1,486.5,455.1,470.7,1776989,EQ,,,
2010-06-09,473.0,481.85,467.1,471.35,461829,EQ,,,
2010-06-10,476.9,486.3,456.0,468.95,803769,EQ,,,
2010-06-11,475.0,481.9,463.25,469.2,592379,EQ,,,
2010-06-14,475.0,475.9,465.3,469.95,248451,EQ,,,
2010-06-15,472.0,537.0,471.2,512.6,6675450,EQ,,,
2010-06-16,518.0,531.0,508.5,511.85,1274453,EQ,,,
2010-06-17,515.0,515.65,490.25,494.4,626407,EQ,,,
2010-06-18,490.0,518.3,485.2,494.35,1538793,EQ,,,
2010-06-21,499.05,508.0,492.6,494.55,421002,EQ,,,
2010-06-22,494.55,509.4,490.2,493.1,429045,EQ,,,
2010-06-23,493.0,501.0,490.5,493.0,278411,EQ,,,
2010-06-24,493.0,504.9,491.05,493.95,447048,EQ,,,
2010-06-25,497.0,504.0,484.65,488.4,331376,EQ,,,
2010-06-28,492.4,498.0,486.0,488.75,261515,EQ,,,
2010-06-29,490.0,495.8,478.0,479.85,228607,EQ,,,
2010-06-30,478.0,495.7,460.0,484.55,1195780,EQ,,,
2010-07-01,481.0,494.45,480.0,484.75,556477,EQ,,,
2010-07-02,486.0,498.0,481.0,486.2,878448,EQ,,,
2010-07-05,489.45,492.0,482.0,484.3,275272,EQ,,,
2010-07-06,484.15,493.5,482.8,485.8,374831,EQ,,,
2010-07-07,488.0,492.0,477.6,480.4,350001,EQ,,,
2010-07-08,486.0,488.95,478.0,480.2,142516,EQ,,,
2010-07-09,484.1,484.7,475.1,475.8,165570,EQ,,,
2010-07-12,478.3,481.0,473.0,474.05,131696,EQ,,,
2010-07-13,475.0,478.75,472.3,473.75,153297,EQ,,,
2010-07-14,477.95,487.9,474.55,477.05,456862,EQ,,,
2010-07-15,478.0,480.8,470.65,472.1,140784,EQ,,,
2010-07-16,474.6,477.5,467.1,468.85,110518,EQ,,,
2010-07-19,467.0,487.7,467.0,483.8,673631,EQ,,,
2010-07-20,487.0,494.8,475.6,479.6,631096,EQ,,,
2010-07-21,489.45,489.45,478.0,480.35,200524,EQ,,,
2010-07-22,477.0,483.5,475.25,477.75,143455,EQ,,,
2010-07-23,481.55,482.4,471.1,472.65,117594,EQ,,,
2010-07-26,474.0,475.5,459.2,460.95,115899,EQ,,,
2010-07-27,463.5,469.4,459.0,461.2,169246,EQ,,,
2010-07-28,463.5,466.45,453.1,455.15,116034,EQ,,,
2010-07-29,457.0,463.8,453.55,456.35,168296,EQ,,,
2010-07-30,455.5,461.5,448.05,449.5,101406,EQ,,,
2010-08-02,449.0,458.4,448.05,451.1,218695,EQ,,,
2010-08-03,454.0,473.7,452.0,461.15,646887,EQ,,,
2010-08-04,463.0,469.9,455.05,460.0,162363,EQ,,,
2010-08-05,463.45,469.5,456.0,460.45,191584,EQ,,,
2010-08-06,461.3,466.9,452.0,456.9,144110,EQ,,,
2010-08-09,458.0,465.0,456.9,461.6,162137,EQ,,,
2010-08-10,463.3,464.95,454.2,456.45,125141,EQ,,,
2010-08-11,457.25,462.0,448.0,451.8,162824,EQ,,,
2010-08-12,448.0,453.8,446.2,448.1,112652,EQ,,,
2010-08-13,453.0,472.5,452.0,453.55,329035,EQ,,,
2010-08-16,456.0,457.4,444.1,445.95,71311,EQ,,,
2010-08-17,447.1,449.7,441.0,443.35,80058,EQ,,,
2010-08-18,448.25,449.6,442.0,443.25,97173,EQ,,,
2010-08-19,446.45,461.25,444.0,448.95,305309,EQ,,,
2010-08-20,449.0,452.9,442.0,444.05,104845,EQ,,,
2010-08-23,444.1,446.65,440.8,442.3,60198,EQ,,,
2010-08-24,442.25,444.95,435.05,436.55,71595,EQ,,,
2010-08-25,437.0,437.0,421.0,423.0,82235,EQ,,,
2010-08-26,426.0,433.0,422.0,423.75,147781,EQ,,,
2010-08-27,422.7,426.0,405.3,409.55,91333,EQ,,,
2010-08-30,412.0,418.0,404.15,406.1,90463,EQ,,,
2010-08-31,404.9,404.9,390.5,396.7,98582,EQ,,,
2010-09-01,399.95,472.9,393.0,465.75,4285693,EQ,,,
2010-09-02,474.0,474.0,444.0,447.95,1399271,EQ,,,
2010-09-03,450.95,474.9,444.15,456.85,1647602,EQ,,,
2010-09-06,460.1,471.5,453.4,460.0,437900,EQ,,,
2010-09-07,461.6,480.7,460.1,464.0,1114116,EQ,,,
2010-09-08,460.0,468.65,453.05,454.9,213752,EQ,,,
2010-09-09,457.0,466.5,453.0,455.05,253213,EQ,,,
2010-09-13,448.15,465.9,445.0,456.4,221853,EQ,,,
2010-09-14,457.6,459.85,447.2,449.0,116573,EQ,,,
2010-09-15,449.5,457.95,445.1,446.65,105657,EQ,,,
2010-09-16,447.0,454.0,438.45,440.45,165233,EQ,,,
2010-09-17,442.0,448.0,438.0,441.0,131222,EQ,,,
2010-09-20,439.0,445.65,407.5,439.95,177340,EQ,,,
2010-09-21,444.2,464.4,440.4,452.2,788386,EQ,,,
2010-09-22,453.65,456.2,443.0,444.8,224259,EQ,,,
2010-09-23,445.05,452.8,442.0,444.95,154926,EQ,,,
2010-09-24,445.0,449.75,440.0,443.05,88457,EQ,,,
2010-09-27,445.0,447.75,441.0,442.55,83745,EQ,,,
2010-09-28,440.0,453.35,440.0,444.45,191257,EQ,,,
2010-09-29,445.0,455.7,440.0,442.0,354323,EQ,,,
2010-09-30,444.0,446.7,436.6,440.9,99533,EQ,,,
2010-10-01,445.7,450.9,442.15,444.85,169300,EQ,,,
2010-10-04,450.0,454.2,446.95,449.15,168894,EQ,,,
2010-10-05,451.0,451.65,444.95,447.75,89334,EQ,,,
2010-10-06,452.5,486.0,447.35,462.15,1078714,EQ,,,
2010-10-07,465.4,469.8,446.05,451.65,248165,EQ,,,
2010-10-08,454.15,456.8,443.25,447.1,102056,EQ,,,
2010-10-11,453.1,460.4,448.0,451.55,161414,EQ,,,
2010-10-12,452.1,453.0,442.95,445.2,69568,EQ,,,
2010-10-13,449.4,454.0,445.15,448.0,113917,EQ,,,
2010-10-14,449.4,460.95,445.0,447.2,200937,EQ,,,
2010-10-15,449.8,455.0,442.2,443.55,106480,EQ,,,
2010-10-18,446.0,446.65,436.0,441.65,77118,EQ,,,
2010-10-19,445.95,452.7,440.1,441.05,132268,EQ,,,
2010-10-20,443.9,446.0,433.05,435.05,85247,EQ,,,
2010-10-21,437.9,442.0,435.1,438.8,62648,EQ,,,
2010-10-22,436.0,443.4,431.0,436.5,71625,EQ,,,
2010-10-25,436.3,444.45,435.0,437.2,87810,EQ,,,
2010-10-26,440.0,448.0,436.2,438.65,117641,EQ,,,
2010-10-27,438.0,448.9,435.0,440.35,108915,EQ,,,
2010-10-28,445.1,460.0,438.0,441.05,240937,EQ,,,
2010-10-29,443.7,444.0,427.35,429.6,76390,EQ,,,
2010-11-01,435.5,436.85,428.1,433.05,79293,EQ,,,
2010-11-02,433.0,434.6,425.0,428.75,69114,EQ,,,
2010-11-03,434.0,470.0,432.2,445.4,1036000,EQ,,,
2010-11-04,449.3,453.9,440.25,447.35,260119,EQ,,,
2010-11-05,454.8,454.8,444.1,446.15,28491,EQ,,,
2010-11-08,448.8,448.8,437.5,440.25,98151,EQ,,,
2010-11-09,442.0,446.75,438.35,440.8,81852,EQ,,,
2010-11-10,439.0,462.4,438.55,446.7,422715,EQ,,,
2010-11-11,449.0,456.0,438.1,440.05,125909,EQ,,,
2010-11-12,439.0,443.0,391.6,409.75,1533639,EQ,,,
2010-11-15,392.0,408.95,361.0,375.0,604084,EQ,,,
2010-11-16,365.0,377.4,357.6,362.1,360365,EQ,,,
2010-11-18,361.95,362.0,340.0,347.8,208237,EQ,,,
2010-11-19,345.0,345.0,332.0,336.6,145163,EQ,,,
2010-11-22,332.0,364.75,332.0,353.6,444718,EQ,,,
2010-11-23,353.6,353.6,331.0,339.0,140910,EQ,,,
2010-11-24,338.95,355.0,335.5,340.8,188386,EQ,,,
2010-11-25,344.0,344.0,328.0,332.15,76065,EQ,,,
2010-11-26,340.0,340.0,308.4,311.5,92690,EQ,,,
2010-11-29,312.0,313.5,304.0,309.55,66309,EQ,,,
2010-11-30,308.5,322.0,301.25,312.15,151342,EQ,,,
2010-12-01,317.95,351.0,314.25,337.35,631787,EQ,,,
2010-12-02,335.0,354.0,335.0,342.95,190547,EQ,,,
2010-12-03,346.7,351.85,329.0,334.5,149033,EQ,,,
2010-12-06,334.0,345.0,330.5,333.55,131699,EQ,,,
2010-12-07,333.9,337.45,327.15,329.8,73127,EQ,,,
2010-12-08,331.0,331.0,317.0,320.95,52924,EQ,,,
2010-12-09,324.4,324.4,299.0,304.8,117438,EQ,,,
2010-12-10,300.0,312.4,290.0,306.95,108186,EQ,,,
2010-12-13,310.0,329.9,310.0,321.25,148387,EQ,,,
2010-12-14,323.45,331.95,322.0,326.75,103871,EQ,,,
2010-12-15,328.7,331.5,315.0,319.0,70759,EQ,,,
2010-12-16,310.25,319.0,309.0,316.3,43280,EQ,,,
2010-12-20,316.3,335.1,313.0,322.7,122806,EQ,,,
2010-12-21,322.0,332.0,322.0,326.85,88872,EQ,,,
2010-12-22,328.0,339.95,328.0,334.9,179572,EQ,,,
2010-12-23,336.0,344.9,335.0,337.9,145249,EQ,,,
2010-12-24,339.55,339.55,330.6,332.65,62629,EQ,,,
2010-12-27,335.35,341.0,329.5,330.8,79906,EQ,,,
2010-12-28,333.7,352.9,331.0,341.2,513113,EQ,,,
2010-12-29,340.65,348.7,340.65,342.5,116963,EQ,,,
2010-12-30,344.45,364.7,342.7,356.0,1108794,EQ,,,
2010-12-31,352.0,352.0,285.0,330.5,1613895,EQ,,,
2011-01-03,332.0,347.0,321.1,336.8,374451,EQ,,,
2011-01-04,349.8,349.8,333.7,335.3,112326,EQ,,,
2011-01-05,335.05,341.75,301.05,320.75,2321411,EQ,,,
2011-01-06,315.0,316.0,290.0,305.55,1781137,EQ,,,
2011-01-07,305.0,315.0,302.0,307.5,728511,EQ,,,
2011-01-10,308.0,309.45,298.05,300.75,194206,EQ,,,
2011-01-11,296.2,308.0,292.0,296.45,136496,EQ,,,
2011-01-12,299.85,301.9,290.0,298.2,115936,EQ,,,
2011-01-13,299.5,302.1,292.25,294.0,77433,EQ,,,
2011-01-14,294.2,294.5,285.25,287.05,68115,EQ,,,
2011-01-17,287.0,290.0,275.1,277.15,58175,EQ,,,
2011-01-18,278.8,288.6,270.25,273.4,78230,EQ,,,
2011-01-19,276.0,287.7,268.3,277.25,233393,EQ,,,
2011-01-20,275.0,283.9,273.0,281.25,97700,EQ,,,
2011-01-21,281.4,284.4,276.65,280.2,77696,EQ,,,
2011-01-24,281.0,285.0,278.15,281.1,42822,EQ,,,
2011-01-25,281.05,285.2,277.0,278.4,44052,EQ,,,
2011-01-27,276.0,281.2,270.2,271.9,37602,EQ,,,
2011-01-28,259.75,275.0,241.5,261.8,45765,EQ,,,
2011-01-31,260.0,263.8,245.3,253.4,41573,EQ,,,
2011-02-01,254.0,269.1,247.5,256.85,99849,EQ,,,
2011-02-02,260.0,262.25,253.85,256.25,51433,EQ,,,
2011-02-03,258.0,267.4,255.0,264.2,136825,EQ,,,
2011-02-04,267.0,274.5,261.15,264.1,124638,EQ,,,
2011-02-07,267.25,272.0,260.05,264.15,50320,EQ,,,
2011-02-08,265.5,268.35,253.0,257.05,46433,EQ,,,
2011-02-09,253.0,257.05,240.0,245.1,47009,EQ,,,
2011-02-10,243.0,245.1,235.0,236.85,38337,EQ,,,
2011-02-11,239.8,239.8,230.35,237.15,53730,EQ,,,
2011-02-14,240.0,247.5,240.0,244.9,58595,EQ,,,
2011-02-15,250.0,293.9,250.0,289.0,1540847,EQ,,,
2011-02-16,295.0,306.8,284.1,302.3,2283350,EQ,,,
2011-02-17,303.4,303.4,285.35,290.35,415026,EQ,,,
2011-02-18,294.7,342.9,286.0,324.8,5320856,EQ,,,
2011-02-21,327.9,338.7,323.7,328.95,1925824,EQ,,,
2011-02-22,325.05,336.5,319.0,324.65,767845,EQ,,,
2011-02-23,319.5,331.2,315.2,316.8,229411,EQ,,,
2011-02-24,316.0,319.75,285.75,293.85,205892,EQ,,,
2011-02-25,297.05,303.9,279.3,290.2,175344,EQ,,,
2011-02-28,288.05,319.85,288.05,297.4,888539,EQ,,,
2011-03-01,303.6,314.8,301.05,305.2,330056,EQ,,,
2011-03-03,302.05,312.7,300.0,303.3,192157,EQ,,,
2011-03-04,306.6,311.0,300.65,301.7,190216,EQ,,,
2011-03-07,300.9,301.9,292.1,294.1,86545,EQ,,,
2011-03-08,292.9,318.4,290.05,307.6,947385,EQ,,,
2011-03-09,310.9,315.8,307.2,308.55,224461,EQ,,,
2011-03-10,308.0,311.7,301.1,304.8,166951,EQ,,,
2011-03-11,301.1,308.9,295.0,296.8,127116,EQ,,,
2011-03-14,292.95,306.5,292.95,297.95,130878,EQ,,,
2011-03-15,292.55,294.8,272.1,289.4,118219,EQ,,,
2011-03-16,295.35,302.8,292.3,294.45,184422,EQ,,,
2011-03-17,293.0,303.3,288.0,295.25,194098,EQ,,,
2011-03-18,299.0,301.95,291.15,293.3,182550,EQ,,,
2011-03-21,295.0,299.6,291.0,292.85,81046,EQ,,,
2011-03-22,297.0,301.4,294.0,294.75,122374,EQ,,,
2011-03-23,294.35,298.35,289.05,293.15,67916,EQ,,,
2011-03-24,295.8,299.5,293.0,294.85,128181,EQ,,,
2011-03-25,297.0,302.8,294.0,295.5,295644,EQ,,,
2011-03-28,296.05,298.8,292.75,293.65,71548,EQ,,,
2011-03-29,294.0,296.3,287.8,290.0,59312,EQ,,,
2011-03-30,293.15,297.7,291.6,292.75,129301,EQ,,,
2011-03-31,294.85,297.0,288.0,289.45,93797,EQ,,,
2011-04-01,292.85,299.0,291.55,294.55,160700,EQ,,,
2011-04-04,298.0,311.85,295.75,303.95,543017,EQ,,,
2011-04-05,307.85,309.5,302.0,304.55,154630,EQ,,,
2011-04-06,306.0,308.65,301.65,303.15,144550,EQ,,,
2011-04-07,304.0,311.0,304.0,306.45,205983,EQ,,,
2011-04-08,308.0,312.0,299.6,301.7,164748,EQ,,,
2011-04-11,298.0,305.05,292.95,299.0,104692,EQ,,,
2011-04-13,297.0,303.95,297.0,301.0,98286,EQ,,,
2011-04-15,302.45,324.7,300.05,311.25,1031923,EQ,,,
2011-04-18,314.5,319.3,303.0,304.25,230678,EQ,,,
2011-04-19,304.5,308.9,301.5,302.8,106334,EQ,,,
2011-04-20,306.65,310.9,303.7,305.2,129460,EQ,,,
2011-04-21,306.15,310.65,302.4,303.7,108520,EQ,,,
2011-04-25,304.3,309.85,303.05,303.9,118138,EQ,,,
2011-04-26,303.1,307.4,301.0,302.5,92802,EQ,,,
2011-04-27,306.0,306.0,299.1,300.1,55439,EQ,,,
2011-04-28,302.0,304.0,295.05,296.45,67283,EQ,,,
2011-04-29,298.0,299.05,291.15,292.45,51073,EQ,,,
2011-05-02,294.0,295.95,288.5,290.3,46771,EQ,,,
2011-05-03,288.2,293.75,281.2,283.2,62473,EQ,,,
2011-05-04,282.15,285.85,276.1,279.35,37525,EQ,,,
2011-05-05,275.9,285.9,275.1,278.75,113547,EQ,,,
2011-05-06,282.9,282.9,275.15,277.85,55231,EQ,,,
2011-05-09,278.0,279.75,275.0,276.7,29359,EQ,,,
2011-05-10,277.95,280.9,275.3,278.05,51111,EQ,,,
2011-05-11,278.55,281.95,276.6,278.5,46145,EQ,,,
2011-05-12,277.0,277.95,271.0,273.2,25159,EQ,,,
2011-05-13,276.5,277.0,271.4,272.95,49178,EQ,,,
2011-05-16,272.8,272.8,267.6,268.9,30494,EQ,,,
2011-05-17,270.2,270.2,260.85,263.8,28355,EQ,,,
2011-05-18,263.8,266.0,259.55,261.1,33204,EQ,,,
2011-05-19,262.0,297.9,260.1,290.7,2708364,EQ,,,
2011-05-20,290.05,293.7,281.05,282.7,538063,EQ,,,
2011-05-23,274.5,287.35,251.0,277.2,273357,EQ,,,
2011-05-24,278.75,280.85,272.1,273.1,61618,EQ,,,
2011-05-25,273.05,294.4,270.25,280.4,1123264,EQ,,,
2011-05-26,282.5,286.5,276.95,278.3,159752,EQ,,,
2011-05-27,278.5,283.4,275.0,277.2,81916,EQ,,,
2011-05-30,277.0,285.5,274.35,280.2,157447,EQ,,,
2011-05-31,282.0,287.5,279.2,282.05,171682,EQ,,,
2011-06-01,283.0,287.35,282.0,283.05,96425,EQ,,,
2011-06-02,281.9,284.5,278.0,280.05,68025,EQ,,,
2011-06-03,278.1,285.25,275.2,278.1,80114,EQ,,,
2011-06-06,276.8,282.9,275.6,278.45,61224,EQ,,,
2011-06-07,280.0,284.5,278.0,279.75,120125,EQ,,,
2011-06-08,282.0,294.9,281.3,286.3,486593,EQ,,,
2011-06-09,284.75,287.0,280.25,281.75,81163,EQ,,,
2011-06-10,282.8,284.65,278.25,279.75,47466,EQ,,,
2011-06-13,278.0,282.05,275.25,277.15,49529,EQ,,,
2011-06-14,278.0,285.8,277.6,279.4,119956,EQ,,,
2011-06-15,281.8,285.05,277.3,278.95,103664,EQ,,,
2011-06-16,278.25,280.7,272.95,274.75,44728,EQ,,,
2011-06-17,272.1,279.0,269.0,270.4,44118,EQ,,,
2011-06-20,273.0,273.6,258.1,259.95,40505,EQ,,,
2011-06-21,262.0,270.6,258.0,259.75,102341,EQ,,,
2011-06-22,262.0,263.6,254.0,254.95,55606,EQ,,,
2011-06-23,250.05,256.25,250.05,252.65,45188,EQ,,,
2011-06-24,255.0,258.0,253.35,256.55,61656,EQ,,,
2011-06-27,255.0,261.4,255.0,259.5,52128,EQ,,,
2011-06-28,257.0,268.5,257.0,262.2,114449,EQ,,,
2011-06-29,263.1,268.0,263.1,263.85,64211,EQ,,,
2011-06-30,266.4,270.55,264.25,266.0,98688,EQ,,,
2011-07-01,265.0,271.0,265.0,267.25,67315,EQ,,,
2011-07-04,288.0,288.0,267.55,271.25,107227,EQ,,,
2011-07-05,273.75,274.0,270.0,270.8,42415,EQ,,,
2011-07-06,272.15,275.25,271.1,271.85,48773,EQ,,,
2011-07-07,274.55,275.0,272.0,272.75,65677,EQ,,,
2011-07-08,274.0,274.45,262.3,264.6,42330,EQ,,,
2011-07-11,265.0,265.0,255.0,261.3,32872,EQ,,,
2011-07-12,260.0,261.6,257.2,258.95,21160,EQ,,,
2011-07-13,261.75,271.2,260.75,266.05,116529,EQ,,,
2011-07-14,264.2,271.2,264.2,266.35,73609,EQ,,,
2011-07-15,267.05,269.4,264.7,265.4,26026,EQ,,,
2011-07-18,265.6,269.8,265.1,266.7,33355,EQ,,,
2011-07-19,267.4,271.0,265.65,268.65,77643,EQ,,,
2011-07-20,269.6,273.8,263.0,267.0,46655,EQ,,,
2011-07-21,267.2,269.4,262.2,264.0,48473,EQ,,,
2011-07-22,266.25,269.25,264.0,264.65,59963,EQ,,,
2011-07-25,267.0,267.8,262.35,262.8,26998,EQ,,,
2011-07-26,265.5,267.45,260.6,262.2,64932,EQ,,,
2011-07-27,264.05,264.55,260.5,261.7,26290,EQ,,,
2011-07-28,261.2,262.0,258.0,258.5,22118,EQ,,,
2011-07-29,259.2,260.5,252.05,254.35,39629,EQ,,,
2011-08-01,257.95,258.0,254.0,255.4,33716,EQ,,,
2011-08-02,257.0,257.0,249.65,250.95,52228,EQ,,,
2011-08-03,249.8,249.85,245.45,247.7,24458,EQ,,,
2011-08-04,250.0,273.5,250.0,263.6,1118661,EQ,,,
2011-08-05,258.3,258.3,245.05,250.75,136234,EQ,,,
2011-08-08,248.75,248.75,240.0,241.7,49067,EQ,,,
2011-08-09,237.0,238.4,229.9,234.05,49153,EQ,,,
2011-08-10,243.0,243.0,236.1,236.85,53108,EQ,,,
2011-08-11,232.2,239.5,232.2,236.15,45382,EQ,,,
2011-08-12,240.85,242.45,234.0,235.25,36141,EQ,,,
2011-08-16,239.95,239.95,230.35,231.35,29597,EQ,,,
2011-08-17,232.95,232.95,224.6,225.75,29720,EQ,,,
2011-08-18,224.6,226.0,216.0,218.0,31054,EQ,,,
2011-08-19,210.0,241.0,205.95,226.05,221961,EQ,,,
2011-08-22,228.0,232.1,223.5,226.55,55692,EQ,,,
2011-08-23,227.0,237.5,224.2,230.45,195109,EQ,,,
2011-08-24,231.9,238.75,225.45,227.75,101054,EQ,,,
2011-08-25,229.0,234.45,226.4,228.9,76890,EQ,,,
2011-08-26,230.0,232.9,219.4,221.75,51639,EQ,,,
2011-08-29,228.0,229.5,223.5,225.75,37414,EQ,,,
2011-08-30,229.0,241.1,226.7,233.0,131639,EQ,,,
2011-09-02,235.05,236.4,229.25,230.55,27298,EQ,,,
2011-09-05,229.7,232.0,225.15,226.9,36664,EQ,,,
2011-09-06,227.7,233.8,224.6,228.65,66535,EQ,,,
2011-09-07,231.0,234.5,229.95,231.3,45211,EQ,,,
2011-09-08,233.05,235.0,230.65,233.0,59675,EQ,,,
2011-09-09,230.55,252.15,230.55,239.35,427857,EQ,,,
2011-09-12,234.0,234.0,226.0,227.45,45689,EQ,,,
2011-09-13,228.1,233.0,225.25,225.9,49349,EQ,,,
2011-09-14,228.0,228.7,225.0,226.25,24969,EQ,,,
2011-09-15,227.6,231.0,226.55,228.65,42812,EQ,,,
2011-09-16,232.9,244.15,232.9,236.1,272825,EQ,,,
2011-09-19,235.55,235.55,229.8,230.85,35586,EQ,,,
2011-09-20,229.25,236.75,228.5,234.15,79863,EQ,,,
2011-09-21,235.0,239.0,232.2,234.45,90970,EQ,,,
2011-09-22,232.0,232.0,225.0,225.6,37276,EQ,,,
2011-09-23,221.55,222.6,215.0,219.2,49600,EQ,,,
2011-09-26,219.0,219.0,210.1,212.15,40756,EQ,,,
2011-09-27,218.9,222.05,215.0,218.35,39978,EQ,,,
2011-09-28,220.0,221.0,213.8,214.45,25479,EQ,,,
2011-09-29,214.5,214.5,210.1,212.65,28861,EQ,,,
2011-09-30,211.1,232.95,210.0,226.7,205727,EQ,,,
2011-10-03,223.0,225.65,215.6,217.4,115841,EQ,,,
2011-10-04,215.2,220.0,210.0,211.7,60153,EQ,,,
2011-10-05,213.0,215.0,204.0,205.55,64257,EQ,,,
2011-10-07,208.5,214.9,205.55,211.85,54602,EQ,,,
2011-10-10,214.0,215.5,210.8,214.55,38361,EQ,,,
2011-10-11,215.0,225.0,214.55,215.65,99474,EQ,,,
2011-10-12,215.0,222.0,214.5,220.5,41521,EQ,,,
2011-10-13,220.65,225.0,218.4,220.1,66957,EQ,,,
2011-10-14,221.0,221.75,214.05,216.65,25044,EQ,,,
2011-10-17,219.0,220.8,217.05,217.95,16295,EQ,,,
2011-10-18,217.75,231.95,214.5,222.55,325493,EQ,,,
2011-10-19,224.0,227.7,220.6,222.15,35042,EQ,,,
2011-10-20,220.0,221.6,215.05,217.0,21488,EQ,,,
2011-10-21,219.0,222.7,215.0,215.85,64995,EQ,,,
2011-10-24,216.0,221.0,215.3,216.2,36863,EQ,,,
2011-10-25,218.9,218.9,215.1,216.0,20715,EQ,,,
2011-10-26,218.7,218.8,216.55,217.9,9828,EQ,,,
2011-10-28,220.25,224.7,220.1,222.85,56825,EQ,,,
2011-10-31,223.9,229.5,222.3,223.35,95849,EQ,,,
2011-11-01,220.1,225.9,219.2,221.3,34813,EQ,,,
2011-11-02,219.55,224.5,217.5,220.3,48983,EQ,,,
2011-11-03,221.0,222.85,218.7,219.75,21256,EQ,,,
2011-11-04,221.1,226.1,220.3,221.45,62488,EQ,,,
2011-11-08,223.25,229.9,215.5,225.05,289506,EQ,,,
2011-11-09,224.65,224.65,219.4,220.6,56573,EQ,,,
2011-11-11,216.6,222.5,215.35,217.15,47324,EQ,,,
2011-11-14,221.25,221.25,210.8,212.0,28671,EQ,,,
2011-11-15,212.9,212.9,205.0,205.7,26666,EQ,,,
2011-11-16,206.7,207.85,196.75,203.25,29533,EQ,,,
2011-11-17,204.0,206.7,198.6,199.95,17193,EQ,,,
2011-11-18,205.0,205.0,194.2,195.8,22819,EQ,,,
2011-11-21,195.0,199.5,191.0,191.85,20977,EQ,,,
2011-11-22,192.9,192.95,181.15,189.1,30757,EQ,,,
2011-11-23,188.85,188.85,185.15,187.05,21767,EQ,,,
2011-11-24,189.0,189.05,182.0,184.8,18767,EQ,,,
2011-11-25,183.0,187.2,181.5,184.85,25617,EQ,,,
2011-11-28,186.0,194.6,186.0,190.35,65011,EQ,,,
2011-11-29,196.0,196.0,187.25,188.2,25746,EQ,,,
2011-11-30,187.0,188.5,184.5,185.2,13864,EQ,,,
2011-12-01,188.9,195.5,188.9,192.25,63882,EQ,,,
2011-12-02,187.4,195.9,187.4,194.3,38553,EQ,,,
2011-12-05,198.0,198.0,190.5,192.8,23481,EQ,,,
2011-12-07,192.05,194.8,190.05,191.6,17507,EQ,,,
2011-12-08,190.0,191.5,186.0,186.6,11401,EQ,,,
2011-12-09,184.0,185.0,181.4,183.4,11119,EQ,,,
2011-12-12,183.55,186.0,176.7,178.2,13862,EQ,,,
2011-12-13,176.05,176.05,172.15,174.65,20572,EQ,,,
2011-12-14,174.8,177.95,170.05,173.7,24289,EQ,,,
2011-12-15,171.05,171.1,167.05,168.9,13440,EQ,,,
2011-12-16,169.0,171.5,160.0,162.2,14682,EQ,,,
2011-12-19,161.65,162.0,151.0,154.95,16917,EQ,,,
2011-12-20,154.5,155.65,146.0,147.15,22772,EQ,,,
2011-12-21,149.0,154.8,147.0,149.1,10816,EQ,,,
2011-12-22,149.0,177.2,147.0,171.6,364422,EQ,,,
2011-12-23,173.0,179.0,168.5,174.15,557120,EQ,,,
2011-12-26,178.0,181.0,175.0,176.4,106654,EQ,,,
2011-12-27,174.15,176.0,169.0,170.75,49360,EQ,,,
2011-12-28,170.95,170.95,164.25,165.65,14900,EQ,,,
2011-12-29,164.1,164.8,160.05,161.6,15223,EQ,,,
2011-12-30,163.0,188.7,161.15,186.15,2411336,EQ,,,
2012-01-02,188.0,192.5,182.55,187.35,1175020,EQ,,,
2012-01-03,187.3,222.8,185.25,220.25,3745904,EQ,,,
2012-01-04,222.0,257.0,219.95,253.2,9189353,EQ,,,
2012-01-05,252.95,273.25,237.55,266.8,4430483,EQ,,,
2012-01-06,263.0,279.8,255.55,270.55,4867735,EQ,,,
2012-01-07,268.5,297.6,266.0,291.55,1572220,EQ,,,
2012-01-09,294.6,312.8,294.6,308.0,4464739,EQ,,,
2012-01-10,311.2,321.95,299.2,302.95,2441685,EQ,,,
2012-01-11,304.75,304.9,281.1,285.55,1025293,EQ,,,
2012-01-12,288.0,309.0,277.65,290.5,2612173,EQ,,,
2012-01-13,292.95,304.45,291.0,293.95,923383,EQ,,,
2012-01-16,293.5,298.0,288.0,290.75,441913,EQ,,,
2012-01-17,295.85,298.0,284.0,287.15,311576,EQ,,,
2012-01-18,291.0,291.0,270.6,275.3,543877,EQ,,,
2012-01-19,277.0,290.35,268.25,283.25,1274639,EQ,,,
2012-01-20,284.7,288.35,277.0,278.45,380461,EQ,,,
2012-01-23,279.0,280.4,271.15,272.95,239028,EQ,,,
2012-01-24,277.15,278.9,271.2,272.5,225798,EQ,,,
2012-01-25,274.85,286.8,271.7,279.9,650334,EQ,,,
2012-01-27,282.0,287.9,278.0,279.9,271076,EQ,,,
2012-01-30,285.0,304.5,281.1,299.35,1828077,EQ,,,
2012-01-31,302.0,313.5,299.0,310.55,2070542,EQ,,,
2012-02-01,308.0,317.0,306.0,311.35,1710780,EQ,,,
2012-02-02,313.3,320.05,307.3,309.15,812161,EQ,,,
2012-02-03,310.0,311.7,297.1,300.55,440118,EQ,,,
2012-02-06,298.0,309.8,294.5,296.65,350623,EQ,,,
2012-02-07,299.25,311.4,296.0,304.35,710393,EQ,,,
2012-02-08,305.9,308.7,296.0,297.8,498069,EQ,,,
2012-02-09,297.4,302.5,292.2,295.7,232649,EQ,,,
2012-02-10,306.0,306.0,288.75,290.75,227209,EQ,,,
2012-02-13,293.5,294.85,286.1,287.0,129252,EQ,,,
2012-02-14,287.0,301.2,287.0,292.15,453092,EQ,,,
2012-02-15,294.05,298.0,291.1,292.7,188625,EQ,,,
2012-02-16,294.05,295.8,288.0,289.2,137392,EQ,,,
2012-02-17,291.0,293.55,283.0,284.5,159047,EQ,,,
2012-02-21,286.0,288.0,280.7,283.1,100897,EQ,,,
2012-02-22,285.15,293.7,283.3,287.35,328673,EQ,,,
2012-02-23,283.35,286.0,260.6,273.85,150465,EQ,,,
2012-02-24,276.6,277.0,257.2,261.65,136386,EQ,,,
2012-02-27,260.0,262.9,246.0,246.7,108047,EQ,,,
2012-02-28,247.0,271.35,247.0,271.35,244836,EQ,,,
2012-02-29,282.8,298.45,278.65,294.7,994294,EQ,,,
2012-03-01,297.65,309.5,291.1,296.4,1632563,EQ,,,
2012-03-02,297.0,298.3,284.2,284.85,267904,EQ,,,
2012-03-03,287.8,309.2,281.25,302.9,702065,EQ,,,
2012-03-05,301.95,304.7,281.1,282.9,383469,EQ,,,
2012-03-06,281.0,300.7,275.1,277.35,672165,EQ,,,
2012-03-07,277.1,287.55,274.65,278.25,296646,EQ,,,
2012-03-09,284.9,288.1,280.0,281.1,136324,EQ,,,
2012-03-12,282.6,289.05,281.6,282.45,192176,EQ,,,
2012-03-13,284.05,288.95,282.05,283.2,140398,EQ,,,
2012-03-14,286.0,287.75,279.0,281.65,149062,EQ,,,
2012-03-15,282.0,287.0,275.5,276.6,202019,EQ,,,
2012-03-16,280.0,283.7,269.65,272.15,159401,EQ,,,
2012-03-19,277.65,277.65,262.5,263.6,91943,EQ,,,
2012-03-20,265.15,268.0,257.9,261.4,105217,EQ,,,
2012-03-21,260.45,270.0,260.45,266.0,127060,EQ,,,
2012-03-22,266.5,292.95,265.0,272.15,1294503,EQ,,,
2012-03-23,274.0,285.0,272.25,274.95,413277,EQ,,,
2012-03-26,276.6,285.0,271.25,272.65,331792,EQ,,,
2012-03-27,278.8,281.7,267.2,271.55,187466,EQ,,,
2012-03-28,271.0,277.7,265.5,268.05,206846,EQ,,,
2012-03-29,268.7,270.75,265.05,266.3,114780,EQ,,,
2012-03-30,268.7,273.7,266.6,268.15,118384,EQ,,,
2012-04-02,269.65,276.7,268.8,271.3,156037,EQ,,,
2012-04-03,273.9,279.5,272.5,274.55,233496,EQ,,,
2012-04-04,274.1,275.9,269.1,271.65,91615,EQ,,,
2012-04-09,274.2,279.5,272.0,273.1,208980,EQ,,,
2012-04-10,276.7,276.7,267.6,269.45,90620,EQ,,,
2012-04-11,268.0,278.5,263.45,270.75,399810,EQ,,,
2012-04-12,272.05,275.5,270.0,270.95,100706,EQ,,,
2012-04-13,272.7,277.2,266.6,268.85,148782,EQ,,,
2012-04-16,270.7,271.65,266.25,267.8,46986,EQ,,,
2012-04-17,270.3,274.35,267.7,269.45,83668,EQ,,,
2012-04-18,270.8,274.5,270.0,271.2,106356,EQ,,,
2012-04-19,272.1,277.8,270.0,271.05,191179,EQ,,,
2012-04-20,272.75,273.7,267.0,268.0,79330,EQ,,,
2012-04-23,269.95,270.5,261.3,262.2,53980,EQ,,,
2012-04-24,262.25,265.0,257.0,260.6,73473,EQ,,,
2012-04-25,261.0,261.8,253.45,254.4,52809,EQ,,,
2012-04-26,256.4,264.05,250.5,255.7,209143,EQ,,,
2012-04-27,256.5,263.3,251.0,252.8,75924,EQ,,,
2012-04-28,255.0,297.0,254.0,290.95,2701456,EQ,,,
2012-04-30,294.0,295.5,277.3,280.5,1654937,EQ,,,
2012-05-02,283.0,290.55,275.4,279.3,1169024,EQ,,,
2012-05-03,280.0,285.6,270.55,274.15,565489,EQ,,,
2012-05-04,272.4,277.45,260.0,261.35,216527,EQ,,,
2012-05-07,258.0,258.7,248.0,257.3,206633,EQ,,,
2012-05-08,260.0,280.45,258.0,262.8,1498750,EQ,,,
2012-05-09,263.0,269.75,256.45,258.05,427456,EQ,,,
2012-05-10,260.0,266.05,255.1,257.05,274611,EQ,,,
2012-05-11,258.7,262.0,252.6,254.0,213107,EQ,,,
2012-05-14,255.8,258.5,246.4,248.9,151758,EQ,,,
2012-05-15,247.9,255.65,243.2,249.0,310039,EQ,,,
2012-05-16,247.25,255.0,242.05,246.95,310441,EQ,,,
2012-05-17,248.9,254.95,245.0,246.3,190665,EQ,,,
2012-05-18,246.9,248.0,239.55,241.4,144354,EQ,,,
2012-05-21,241.0,249.8,241.0,245.35,215381,EQ,,,
2012-05-22,231.25,254.8,229.75,245.05,374557,EQ,,,
2012-05-23,246.05,250.4,243.55,245.05,116454,EQ,,,
2012-05-24,246.75,249.65,244.55,246.9,112015,EQ,,,
2012-05-25,248.0,252.4,246.9,247.55,146671,EQ,,,
2012-05-28,250.0,253.5,249.0,251.45,156352,EQ,,,
2012-05-29,252.9,259.65,251.2,252.45,396883,EQ,,,
2012-05-30,253.0,262.4,253.0,255.6,538216,EQ,,,
2012-05-31,255.0,260.05,251.0,252.1,88693,EQ,,,
2012-06-01,249.95,254.75,247.05,247.95,117412,EQ,,,
2012-06-04,242.35,249.0,242.35,246.8,129553,EQ,,,
2012-06-05,248.8,255.0,247.25,248.4,133560,EQ,,,
2012-06-06,250.5,253.45,250.0,251.55,108631,EQ,,,
2012-06-07,253.55,256.0,251.2,252.45,158735,EQ,,,
2012-06-08,252.1,253.0,247.95,251.35,91112,EQ,,,
2012-06-11,253.5,261.4,252.45,253.6,244164,EQ,,,
2012-06-12,253.75,254.7,250.95,253.8,73094,EQ,,,
2012-06-13,253.9,257.8,252.3,253.25,158091,EQ,,,
2012-06-14,254.0,267.4,250.0,263.7,1157989,EQ,,,
2012-06-15,264.85,268.8,256.3,258.25,731783,EQ,,,
2012-06-18,260.2,261.0,252.15,253.95,264391,EQ,,,
2012-06-19,254.0,256.45,251.65,253.45,137709,EQ,,,
2012-06-20,254.95,257.05,252.9,253.75,144106,EQ,,,
2012-06-21,254.0,257.0,252.0,254.45,135772,EQ,,,
2012-06-22,203.9,255.0,203.9,251.9,105946,EQ,,,
2012-06-25,253.05,256.7,251.2,251.85,113933,EQ,,,
2012-06-26,252.3,254.35,251.25,252.8,78180,EQ,,,
2012-06-27,254.0,254.4,251.1,251.8,53142,EQ,,,
2012-06-28,252.8,263.8,250.05,257.85,969952,EQ,,,
2012-06-29,259.0,263.7,258.0,260.0,244341,EQ,,,
2012-07-02,262.75,263.25,260.0,260.85,141734,EQ,,,
2012-07-03,261.3,267.85,260.15,262.85,312092,EQ,,,
2012-07-04,263.85,266.7,262.0,262.65,160325,EQ,,,
2012-07-05,265.9,270.9,262.25,268.9,529052,EQ,,,
2012-07-06,269.25,271.45,262.8,265.05,282825,EQ,,,
2012-07-09,265.85,265.9,257.0,258.55,97597,EQ,,,
2012-07-10,255.0,265.65,254.0,262.65,257832,EQ,,,
2012-07-11,263.0,265.0,260.0,260.6,133608,EQ,,,
2012-07-12,260.3,261.05,256.7,257.25,77002,EQ,,,
2012-07-13,258.05,260.45,253.6,254.4,84385,EQ,,,
2012-07-16,255.1,256.0,250.15,250.9,60240,EQ,,,
2012-07-17,251.55,255.3,248.5,249.0,103526,EQ,,,
2012-07-18,250.0,251.3,245.1,248.8,114279,EQ,,,
2012-07-19,250.0,254.95,250.0,251.45,123365,EQ,,,
2012-07-20,251.95,256.3,250.65,251.4,94979,EQ,,,
2012-07-23,252.0,252.05,245.1,245.7,52635,EQ,,,
2012-07-24,250.1,250.45,244.9,246.5,84849,EQ,,,
2012-07-25,247.5,251.85,244.0,247.65,137885,EQ,,,
2012-07-26,248.8,250.0,238.05,240.5,57539,EQ,,,
2012-07-27,243.0,246.9,238.1,239.8,75874,EQ,,,
2012-07-30,241.05,248.5,241.05,246.65,88999,EQ,,,
2012-07-31,247.35,249.0,246.0,247.85,43885,EQ,,,
2012-08-01,244.1,252.2,244.1,247.9,55594,EQ,,,
2012-08-02,248.05,252.35,247.5,248.85,108783,EQ,,,
2012-08-03,249.0,249.4,244.1,246.5,33014,EQ,,,
2012-08-06,249.0,252.7,248.15,248.65,82511,EQ,,,
2012-08-07,249.55,253.1,248.1,250.15,84068,EQ,,,
2012-08-08,252.35,290.9,252.0,282.45,3473332,EQ,,,
2012-08-09,282.65,292.4,267.6,269.8,1592428,EQ,,,
2012-08-10,270.55,282.5,264.1,265.65,1146765,EQ,,,
2012-08-13,266.65,280.35,266.15,274.6,721483,EQ,,,
2012-08-14,276.0,281.6,272.6,274.4,534451,EQ,,,
2012-08-16,275.0,278.8,270.2,271.3,485120,EQ,,,
2012-08-17,271.0,274.5,261.2,262.85,226863,EQ,,,
2012-08-21,263.8,265.95,259.2,262.75,182880,EQ,,,
2012-08-22,261.65,272.5,261.65,263.85,393005,EQ,,,
2012-08-23,264.95,269.7,262.05,264.1,377792,EQ,,,
2012-08-24,263.45,267.7,260.15,260.9,280882,EQ,,,
2012-08-27,261.9,264.8,256.25,257.45,204781,EQ,,,
2012-08-28,258.95,259.0,246.5,248.55,144965,EQ,,,
2012-08-29,249.95,252.6,246.5,248.15,173401,EQ,,,
2012-08-30,248.7,256.0,245.25,251.9,318180,EQ,,,
2012-08-31,250.95,265.3,250.95,256.7,798631,EQ,,,
2012-09-03,259.1,262.9,254.1,255.3,213065,EQ,,,
2012-09-04,256.8,259.25,252.6,255.25,164063,EQ,,,
2012-09-05,254.95,257.85,252.0,254.0,127769,EQ,,,
2012-09-06,255.55,264.35,255.3,259.3,419203,EQ,,,
2012-09-07,260.05,269.0,260.05,267.2,706368,EQ,,,
2012-09-08,268.8,278.0,268.7,271.9,589699,EQ,,,
2012-09-10,275.0,275.0,262.1,263.15,268371,EQ,,,
2012-09-11,262.9,266.4,261.15,261.85,283187,EQ,,,
2012-09-12,263.0,268.6,262.0,264.65,389960,EQ,,,
2012-09-13,265.5,272.3,265.5,267.85,397320,EQ,,,
2012-09-14,268.85,275.0,268.35,269.3,474693,EQ,,,
2012-09-17,272.7,282.75,269.5,271.4,355916,EQ,,,
2012-09-18,272.05,276.9,266.1,271.0,384587,EQ,,,
2012-09-20,272.0,272.0,265.1,266.15,206368,EQ,,,
2012-09-21,267.45,271.5,266.3,267.4,160487,EQ,,,
2012-09-24,268.4,272.15,266.05,267.0,188167,EQ,,,
2012-09-25,268.0,269.5,263.8,264.9,118156,EQ,,,
2012-09-26,266.8,268.4,262.35,263.15,144173,EQ,,,
2012-09-27,263.95,268.3,262.75,263.65,204385,EQ,,,
2012-09-28,264.65,267.85,262.2,263.05,109880,EQ,,,
2012-10-01,264.6,265.65,262.55,263.9,58384,EQ,,,
2012-10-03,264.55,268.0,264.0,265.2,106689,EQ,,,
2012-10-04,266.0,270.05,265.35,265.95,181671,EQ,,,
2012-10-05,267.0,267.5,257.6,261.1,101014,EQ,,,
2012-10-08,262.0,265.8,259.2,260.35,114729,EQ,,,
2012-10-09,262.1,268.0,259.5,263.95,168736,EQ,,,
2012-10-10,261.85,265.4,261.05,261.75,79978,EQ,,,
2012-10-11,262.65,264.0,260.3,262.7,70139,EQ,,,
2012-10-12,263.35,264.5,257.0,259.75,90989,EQ,,,
2012-10-15,261.4,261.75,256.1,258.3,66863,EQ,,,
2012-10-16,259.55,262.2,255.2,256.9,91087,EQ,,,
2012-10-17,258.3,258.8,253.8,255.25,74444,EQ,,,
2012-10-18,256.3,259.9,255.8,258.4,61876,EQ,,,
2012-10-19,258.0,263.05,256.2,259.3,166550,EQ,,,
2012-10-22,257.0,258.7,254.7,255.85,45354,EQ,,,
2012-10-23,256.85,269.25,256.0,264.5,365943,EQ,,,
2012-10-25,266.0,268.1,258.15,260.0,109992,EQ,,,
2012-10-26,256.95,262.0,254.65,255.95,70230,EQ,,,
2012-10-29,256.8,260.65,252.25,253.35,178343,EQ,,,
2012-10-30,251.9,254.95,248.0,248.55,57798,EQ,,,
2012-10-31,248.95,252.9,247.6,250.55,72658,EQ,,,
2012-11-01,249.25,255.45,249.2,254.15,99256,EQ,,,
2012-11-02,254.95,272.5,254.95,268.95,750142,EQ,,,
2012-11-05,270.0,270.0,260.0,261.05,244256,EQ,,,
2012-11-06,258.7,263.4,257.4,258.8,109134,EQ,,,
2012-11-07,258.95,262.0,258.2,258.8,64127,EQ,,,
2012-11-08,257.2,259.85,255.7,256.45,70467,EQ,,,
2012-11-09,257.0,258.5,253.45,254.3,47379,EQ,,,
2012-11-12,254.4,258.0,253.1,255.7,51226,EQ,,,
2012-11-13,257.0,258.0,252.0,255.2,24569,EQ,,,
2012-11-15,255.2,255.2,249.1,250.7,29564,EQ,,,
2012-11-16,252.0,262.0,249.4,250.65,216936,EQ,,,
2012-11-19,252.0,261.9,251.6,252.9,226485,EQ,,,
2012-11-20,254.0,257.0,247.2,247.9,95531,EQ,,,
2012-11-21,249.45,252.2,233.1,239.2,454580,EQ,,,
2012-11-22,229.0,276.55,223.95,266.15,5375885,EQ,,,
2012-11-23,255.0,258.95,212.95,212.95,7807970,EQ,,,
2012-11-26,170.4,170.4,170.4,170.4,936390,EQ,,,
2012-11-27,155.6,163.7,153.4,153.4,8662645,EQ,,,
2012-11-29,148.0,156.55,148.0,152.55,5704638,EQ,,,
2012-11-30,152.1,156.0,152.0,153.55,1789730,EQ,,,
2012-12-03,155.0,155.0,152.3,152.8,937180,EQ,,,
2012-12-04,153.55,153.85,150.5,151.05,1032703,EQ,,,
2012-12-05,153.3,153.8,151.2,151.45,1014268,EQ,,,
2012-12-06,152.85,152.85,150.25,150.75,648024,EQ,,,
2012-12-07,151.0,152.4,148.55,149.0,741792,EQ,,,
2012-12-10,149.9,152.0,149.2,150.35,817815,EQ,,,
2012-12-11,151.0,153.4,149.15,149.7,1117856,EQ,,,
2012-12-12,149.9,151.45,148.65,148.9,482536,EQ,,,
2012-12-13,149.0,150.3,146.0,146.6,598599,EQ,,,
2012-12-14,147.05,147.05,141.9,142.65,981847,EQ,,,
2012-12-17,142.55,145.3,141.8,142.2,607936,EQ,,,
2012-12-18,142.8,143.35,141.05,141.25,643287,EQ,,,
2012-12-19,142.1,142.9,140.35,140.95,653132,EQ,,,
2012-12-20,141.95,142.0,136.55,137.45,712647,EQ,,,
2012-12-21,138.2,141.05,136.25,138.2,1053114,EQ,,,
2012-12-24,139.0,140.35,138.5,138.85,437296,EQ,,,
2012-12-26,135.0,139.75,130.1,137.45,357421,EQ,,,
2012-12-27,137.55,138.4,136.0,136.4,382884,EQ,,,
2012-12-28,137.0,138.35,136.0,136.95,426105,EQ,,,
2012-12-31,137.25,144.6,137.0,142.4,1957878,EQ,,,
2013-01-01,142.95,144.8,142.65,143.05,556475,EQ,,,
2013-01-02,143.6,144.85,143.35,143.7,455423,EQ,,,
2013-01-03,144.45,145.25,143.3,143.65,491319,EQ,,,
2013-01-04,143.95,145.0,142.5,143.2,544446,EQ,,,
2013-01-07,143.95,146.8,143.25,144.55,816045,EQ,,,
2013-01-08,145.1,146.35,143.6,145.1,373478,EQ,,,
2013-01-09,146.0,146.85,145.1,145.4,566080,EQ,,,
2013-01-10,145.8,146.4,143.5,143.6,238537,EQ,,,
2013-01-11,144.5,144.5,139.75,140.6,255793,EQ,,,
2013-01-14,141.0,142.6,140.0,141.4,253735,EQ,,,
2013-01-15,141.9,142.9,140.5,140.65,221679,EQ,,,
2013-01-16,141.2,141.2,137.8,138.05,289557,EQ,,,
2013-01-17,138.05,139.65,138.05,138.75,185918,EQ,,,
2013-01-18,138.5,139.6,137.75,137.95,161188,EQ,,,
2013-01-21,138.35,138.7,137.0,137.2,149850,EQ,,,
2013-01-22,137.3,138.7,136.0,136.45,189343,EQ,,,
2013-01-23,136.9,137.5,134.6,134.95,183169,EQ,,,
2013-01-24,134.95,135.2,130.6,131.05,256446,EQ,,,
2013-01-25,131.2,131.9,128.55,131.3,245224,EQ,,,
2013-01-28,131.5,133.35,131.2,131.8,150045,EQ,,,
2013-01-29,132.2,132.25,129.2,129.5,130550,EQ,,,
2013-01-30,130.35,131.35,129.0,129.25,182586,EQ,,,
2013-01-31,129.45,130.85,128.55,129.35,138911,EQ,,,
2013-02-01,129.9,130.95,128.85,129.05,116218,EQ,,,
2013-02-04,129.25,130.6,128.0,128.4,123057,EQ,,,
2013-02-05,128.4,128.4,125.5,125.9,163230,EQ,,,
2013-02-06,129.9,129.9,126.15,126.45,134032,EQ,,,
2013-02-07,126.45,126.8,125.0,125.3,122532,EQ,,,
2013-02-08,125.3,125.95,123.55,124.0,134918,EQ,,,
2013-02-11,124.4,139.7,122.5,137.2,4823196,EQ,,,
2013-02-12,137.65,139.5,129.3,130.6,1882941,EQ,,,
2013-02-13,130.6,132.85,126.1,127.25,689050,EQ,,,
2013-02-14,127.3,128.9,124.05,124.6,278048,EQ,,,
2013-02-15,123.9,125.5,122.7,123.1,246886,EQ,,,
2013-02-18,123.3,131.35,123.05,127.65,1219038,EQ,,,
2013-02-19,125.35,128.55,125.05,127.15,300086,EQ,,,
2013-02-20,127.15,129.6,126.55,126.9,303335,EQ,,,
2013-02-21,126.5,127.35,124.0,124.2,254556,EQ,,,
2013-02-22,124.2,127.1,123.2,124.05,326910,EQ,,,
2013-02-25,125.0,125.35,121.0,121.85,221233,EQ,,,
2013-02-26,121.85,122.7,119.35,119.7,240668,EQ,,,
2013-02-27,120.5,121.0,118.0,118.9,221572,EQ,,,
2013-02-28,120.0,122.45,112.65,114.4,324632,EQ,,,
2013-03-01,115.0,116.75,114.15,114.75,191749,EQ,,,
2013-03-04,115.0,115.15,109.5,110.25,256348,EQ,,,
2013-03-05,114.9,115.0,107.9,109.65,326858,EQ,,,
2013-03-06,111.5,116.45,110.35,113.0,667131,EQ,,,
2013-03-07,113.3,115.9,112.5,113.6,271559,EQ,,,
2013-03-08,114.65,115.95,113.5,114.25,255508,EQ,,,
2013-03-11,115.0,115.15,112.55,113.95,181099,EQ,,,
2013-03-12,114.1,122.5,113.7,118.15,1709293,EQ,,,
2013-03-13,117.1,119.7,115.0,115.8,470327,EQ,,,
2013-03-14,115.5,116.5,113.3,114.3,198830,EQ,,,
2013-03-15,113.95,117.85,113.15,113.8,289094,EQ,,,
2013-03-18,112.45,113.4,111.45,111.75,151071,EQ,,,
2013-03-19,112.05,112.65,108.1,108.5,210646,EQ,,,
2013-03-20,109.0,109.25,103.1,103.65,234367,EQ,,,
2013-03-21,104.5,104.8,97.0,97.6,445121,EQ,,,
2013-03-22,97.6,97.6,93.65,94.3,300390,EQ,,,
2013-03-25,87.0,98.3,87.0,93.0,560910,EQ,,,
2013-03-26,92.2,94.1,91.3,91.7,225957,EQ,,,
2013-03-28,84.45,93.0,84.45,92.5,258250,EQ,,,
2013-04-01,92.95,107.4,92.95,106.3,2854515,EQ,,,
2013-04-02,106.0,108.4,104.05,105.35,1640598,EQ,,,
2013-04-03,105.6,107.35,101.7,102.5,506731,EQ,,,
2013-04-04,100.6,106.6,99.4,103.4,1115570,EQ,,,
2013-04-05,102.95,105.3,100.1,100.9,355680,EQ,,,
2013-04-08,101.85,103.8,100.2,100.95,337204,EQ,,,
2013-04-09,101.0,103.95,99.2,99.7,342530,EQ,,,
2013-04-10,100.4,101.8,98.3,99.35,222775,EQ,,,
2013-04-11,99.75,101.65,99.4,99.65,190514,EQ,,,
2013-04-12,99.3,99.95,98.05,98.3,183100,EQ,,,
2013-04-15,97.0,98.85,96.7,97.3,161642,EQ,,,
2013-04-16,97.3,102.7,96.6,100.65,769625,EQ,,,
2013-04-17,101.45,102.8,99.5,100.15,308021,EQ,,,
2013-04-18,100.2,101.5,99.45,99.95,187390,EQ,,,
2013-04-22,100.45,102.65,100.05,101.15,322736,EQ,,,
2013-04-23,101.05,103.75,101.05,101.9,368255,EQ,,,
2013-04-25,102.0,103.0,101.0,101.65,224936,EQ,,,
2013-04-26,102.0,102.8,100.0,100.3,202187,EQ,,,
2013-04-29,100.5,103.5,98.9,100.9,403991,EQ,,,
2013-04-30,100.65,102.45,99.3,100.05,227573,EQ,,,
2013-05-02,99.8,101.6,99.8,100.15,182989,EQ,,,
2013-05-03,100.2,102.15,99.55,99.9,188659,EQ,,,
2013-05-06,100.65,102.3,100.1,101.3,264080,EQ,,,
2013-05-07,101.55,108.6,101.45,105.6,1496941,EQ,,,
2013-05-08,106.05,107.7,103.7,104.15,467554,EQ,,,
2013-05-09,104.15,106.45,103.1,103.85,357330,EQ,,,
2013-05-10,103.25,109.4,103.25,106.75,1244895,EQ,,,
2013-05-11,107.5,113.4,107.4,110.8,1594484,EQ,,,
2013-05-13,111.0,113.0,106.7,107.45,836385,EQ,,,
2013-05-14,107.9,108.8,105.3,105.7,266488,EQ,,,
2013-05-15,106.2,107.6,105.25,105.75,399860,EQ,,,
2013-05-16,105.8,108.2,105.6,106.15,406613,EQ,,,
2013-05-17,105.65,106.6,104.5,105.1,178129,EQ,,,
2013-05-20,105.15,106.9,104.5,105.05,202665,EQ,,,
2013-05-21,104.5,105.55,103.15,103.4,119407,EQ,,,
2013-05-22,103.5,105.35,101.5,101.9,199472,EQ,,,
2013-05-23,101.0,102.45,96.85,97.35,262574,EQ,,,
2013-05-24,101.4,101.9,99.0,100.05,527568,EQ,,,
2013-05-27,100.0,101.0,99.05,99.55,142608,EQ,,,
2013-05-28,99.25,103.0,99.25,100.55,354330,EQ,,,
2013-05-29,100.6,101.0,99.0,99.3,181083,EQ,,,
2013-05-30,99.3,99.5,98.05,98.25,108367,EQ,,,
2013-05-31,98.0,98.7,95.5,95.95,134274,EQ,,,
2013-06-03,95.35,96.15,93.0,93.35,132191,EQ,,,
2013-06-04,93.0,95.15,93.0,93.35,162249,EQ,,,
2013-06-05,93.45,95.2,92.7,94.25,325294,EQ,,,
2013-06-06,93.25,94.7,93.0,93.4,142095,EQ,,,
2013-06-07,93.25,94.15,92.7,92.8,111751,EQ,,,
2013-06-10,92.65,93.8,90.2,90.7,146763,EQ,,,
2013-06-11,90.05,90.6,87.0,87.8,162623,EQ,,,
2013-06-12,87.0,90.3,85.3,87.8,270668,EQ,,,
2013-06-13,85.0,85.0,79.7,83.55,901896,EQ,,,
2013-06-14,82.7,85.0,80.05,82.95,607695,EQ,,,
2013-06-17,82.5,84.85,82.4,83.2,155077,EQ,,,
2013-06-18,82.5,84.8,81.05,82.6,228054,EQ,,,
2013-06-19,82.05,83.3,79.85,81.3,352470,EQ,,,
2013-06-20,80.25,81.4,79.2,79.85,135046,EQ,,,
2013-06-21,79.85,81.7,63.9,76.95,217827,EQ,,,
2013-06-24,76.0,76.9,73.1,73.55,134570,EQ,,,
2013-06-25,73.15,73.55,70.65,71.3,142576,EQ,,,
2013-06-26,71.0,74.4,70.0,71.3,273029,EQ,,,
2013-06-27,71.65,73.9,71.6,72.1,111693,EQ,,,
2013-06-28,72.2,76.15,72.2,74.35,546470,EQ,,,
2013-07-01,74.1,78.6,74.1,77.8,392215,EQ,,,
2013-07-02,62.25,77.15,62.25,72.35,1130374,EQ,,,
2013-07-03,71.4,71.5,70.1,70.3,1132647,EQ,,,
2013-07-04,69.9,70.2,67.1,67.9,557991,EQ,,,
2013-07-05,68.2,69.15,64.25,65.85,508015,EQ,,,
2013-07-08,65.3,72.25,64.2,68.8,2884362,EQ,,,
2013-07-09,69.75,70.35,66.7,67.2,1446650,EQ,,,
2013-07-10,67.2,68.15,65.85,66.05,580545,EQ,,,
2013-07-11,67.0,67.25,65.8,66.2,383199,EQ,,,
2013-07-12,66.3,67.35,66.1,66.55,430194,EQ,,,
2013-07-15,66.4,67.05,65.55,66.1,438184,EQ,,,
2013-07-16,65.0,65.55,62.4,63.4,324657,EQ,,,
2013-07-17,63.0,65.3,62.5,62.7,476997,EQ,,,
2013-07-18,62.35,63.45,60.15,61.1,390394,EQ,,,
2013-07-19,61.4,64.35,61.1,62.35,760695,EQ,,,
2013-07-22,62.15,63.15,60.85,61.3,216278,EQ,,,
2013-07-23,61.5,62.55,60.65,60.95,295614,EQ,,,
2013-07-24,60.75,60.8,58.0,58.55,350418,EQ,,,
2013-07-25,58.45,58.45,56.8,57.05,237804,EQ,,,
2013-07-26,56.75,58.45,56.0,56.2,212221,EQ,,,
2013-07-29,56.0,56.85,53.1,53.75,395098,EQ,,,
2013-07-30,53.05,53.9,49.45,49.75,532679,EQ,,,
2013-07-31,49.8,49.8,46.35,46.9,442656,EQ,,,
2013-08-01,47.45,48.8,46.9,47.55,434513,EQ,,,
2013-08-02,47.3,47.75,44.55,45.1,387116,EQ,,,
2013-08-05,45.5,45.5,43.0,43.85,392053,EQ,,,
2013-08-06,43.0,50.95,42.3,48.05,2208225,EQ,,,
2013-08-07,47.15,57.65,47.15,56.9,2853343,EQ,,,
2013-08-08,57.35,65.25,57.0,63.75,5900338,EQ,,,
2013-08-12,63.65,66.3,60.15,63.35,3178348,EQ,,,
2013-08-13,61.95,64.3,60.8,61.45,1806693,EQ,,,
2013-08-14,61.9,63.6,60.05,60.35,1492749,EQ,,,
2013-08-16,60.0,60.15,55.0,55.5,642054,EQ,,,
2013-08-19,55.1,55.4,52.1,53.4,733628,EQ,,,
2013-08-20,52.9,58.7,51.65,58.5,1327746,EQ,,,
2013-08-21,60.4,62.0,55.05,55.4,974186,EQ,,,
2013-08-22,54.0,60.9,53.5,58.95,1011524,EQ,,,
2013-08-23,59.05,60.85,57.5,58.0,695829,EQ,,,
2013-08-26,57.65,60.25,57.65,58.4,511665,EQ,,,
2013-08-27,58.0,58.0,53.75,54.3,446633,EQ,,,
2013-08-28,54.0,56.25,52.55,55.0,542531,EQ,,,
2013-08-29,55.05,57.2,54.55,55.3,514856,EQ,,,
2013-08-30,55.5,58.2,55.1,55.75,601670,EQ,,,
2013-09-02,55.7,57.2,55.4,55.85,504625,EQ,,,
2013-09-03,56.9,59.75,55.7,56.45,1113962,EQ,,,
2013-09-04,57.4,58.0,56.6,57.1,460101,EQ,,,
2013-09-05,58.0,60.5,57.5,58.8,972104,EQ,,,
2013-09-06,59.85,68.35,59.1,64.9,4349634,EQ,,,
2013-09-10,66.7,69.7,66.0,67.4,1586607,EQ,,,
2013-09-11,67.15,69.2,65.6,66.95,979872,EQ,,,
2013-09-12,67.05,69.75,65.25,65.95,1103228,EQ,,,
2013-09-13,65.75,67.95,65.25,66.3,478881,EQ,,,
2013-09-16,67.0,68.2,63.8,64.75,556554,EQ,,,
2013-09-17,64.75,65.4,63.45,63.9,284470,EQ,,,
2013-09-18,63.9,65.15,63.85,64.15,268677,EQ,,,
2013-09-19,65.0,66.45,65.0,65.15,425548,EQ,,,
2013-09-20,65.7,67.65,64.0,66.55,827096,EQ,,,
2013-09-23,66.55,71.2,66.15,67.95,1087419,EQ,,,
2013-09-24,67.5,68.7,66.25,66.6,425414,EQ,,,
2013-09-25,66.25,67.0,64.55,65.2,338561,EQ,,,
2013-09-26,65.2,66.9,65.1,65.6,322690,EQ,,,
2013-09-27,65.6,68.15,65.3,65.75,511308,EQ,,,
2013-09-30,65.15,65.45,62.5,62.85,265464,EQ,,,
2013-10-01,63.0,64.35,63.0,63.7,239974,EQ,,,
2013-10-03,63.5,65.4,63.5,64.65,323054,EQ,,,
2013-10-04,64.25,66.5,64.25,64.8,465739,EQ,,,
2013-10-07,64.7,66.0,64.4,65.2,291141,EQ,,,
2013-10-08,65.5,67.15,65.05,65.3,541218,EQ,,,
2013-10-09,65.3,66.2,64.8,65.6,352552,EQ,,,
2013-10-10,65.8,66.8,65.2,65.6,478259,EQ,,,
2013-10-11,66.25,67.85,65.65,65.9,828982,EQ,,,
2013-10-14,66.0,66.6,65.3,65.5,246988,EQ,,,
2013-10-15,65.6,66.95,64.3,64.65,291412,EQ,,,
2013-10-17,65.0,65.3,64.0,64.2,227548,EQ,,,
2013-10-18,64.65,65.9,64.45,64.9,330137,EQ,,,
2013-10-21,64.8,66.85,64.8,66.4,418373,EQ,,,
2013-10-22,65.85,67.85,65.85,66.4,414342,EQ,,,
2013-10-23,66.7,74.75,66.7,73.65,5486834,EQ,,,
2013-10-24,72.7,74.2,70.35,70.65,1608656,EQ,,,
2013-10-25,70.65,73.0,70.1,71.05,1006173,EQ,,,
2013-10-28,71.0,71.85,67.9,68.3,584355,EQ,,,
2013-10-29,68.0,69.35,66.6,68.65,448325,EQ,,,
2013-10-30,69.3,71.8,68.7,70.35,841694,EQ,,,
2013-10-31,70.5,72.7,70.5,71.6,724189,EQ,,,
2013-11-01,71.0,74.7,70.9,73.65,1096910,EQ,,,
2013-11-03,74.05,75.85,73.4,73.8,586405,EQ,,,
2013-11-05,73.5,74.9,72.5,73.35,663019,EQ,,,
2013-11-06,73.45,78.3,73.35,75.4,2041518,EQ,,,
2013-11-07,75.45,76.2,71.6,72.0,690662,EQ,,,
2013-11-08,72.0,73.05,70.55,71.05,406208,EQ,,,
2013-11-11,71.05,72.75,70.55,70.85,378623,EQ,,,
2013-11-12,70.85,71.5,68.45,68.85,280976,EQ,,,
2013-11-13,68.7,69.75,66.65,67.8,378549,EQ,,,
2013-11-14,70.2,71.4,68.6,69.5,616468,EQ,,,
2013-11-18,70.5,71.35,69.7,70.6,359923,EQ,,,
2013-11-19,70.5,73.25,69.55,72.8,1419805,EQ,,,
2013-11-20,72.75,73.0,70.35,70.7,424937,EQ,,,
2013-11-21,70.15,71.05,68.55,68.95,345631,EQ,,,
2013-11-22,69.3,69.95,67.9,68.35,318273,EQ,,,
2013-11-25,68.15,71.15,68.15,70.2,711035,EQ,,,
2013-11-26,69.6,70.45,68.35,68.6,311342,EQ,,,
2013-11-27,68.2,69.3,67.6,67.9,254434,EQ,,,
2013-11-28,68.5,69.25,68.05,68.25,254117,EQ,,,
2013-11-29,68.5,69.7,68.5,68.8,270868,EQ,,,
2013-12-02,69.0,70.75,69.0,69.8,427354,EQ,,,
2013-12-03,69.5,70.9,69.5,69.75,327427,EQ,,,
2013-12-04,69.9,72.4,69.7,70.35,775770,EQ,,,
2013-12-05,71.5,72.25,69.9,70.65,341896,EQ,,,
2013-12-06,70.25,71.85,70.25,70.55,341108,EQ,,,
2013-12-09,72.1,72.1,70.55,71.1,244634,EQ,,,
2013-12-10,71.35,71.4,68.8,70.2,337884,EQ,,,
2013-12-11,69.9,70.5,69.1,69.65,223029,EQ,,,
2013-12-12,69.1,69.7,68.7,68.85,190625,EQ,,,
2013-12-13,68.55,68.9,67.25,67.4,181217,EQ,,,
2013-12-16,67.0,67.85,66.8,67.0,161195,EQ,,,
2013-12-17,67.15,68.8,67.15,67.35,266393,EQ,,,
2013-12-18,67.2,68.7,67.2,67.9,230500,EQ,,,
2013-12-19,68.0,68.5,66.9,67.15,139610,EQ,,,
2013-12-20,66.9,68.6,66.9,67.95,237367,EQ,,,
2013-12-23,68.25,70.3,67.95,69.15,417401,EQ,,,
2013-12-24,69.55,71.35,69.1,70.45,764116,EQ,,,
2013-12-26,70.75,73.4,70.3,71.6,1377164,EQ,,,
2013-12-27,72.0,72.3,70.05,70.3,362775,EQ,,,
2013-12-30,70.5,71.5,70.15,70.85,369750,EQ,,,
2013-12-31,71.0,71.8,70.3,70.55,295199,EQ,,,
2014-01-01,70.9,73.0,70.65,71.75,526312,EQ,,,
2014-01-02,71.75,73.25,69.15,69.4,546029,EQ,,,
2014-01-03,68.65,69.5,68.2,69.2,258059,EQ,,,
2014-01-06,68.65,70.2,68.65,69.5,287050,EQ,,,
2014-01-07,69.7,70.5,68.5,69.15,307619,EQ,,,
2014-01-08,69.65,71.25,68.9,69.8,533559,EQ,,,
2014-01-09,69.95,71.25,69.0,69.45,400982,EQ,,,
2014-01-10,69.4,69.95,67.55,68.05,295112,EQ,,,
2014-01-13,68.3,68.9,67.55,68.15,171396,EQ,,,
2014-01-14,67.8,68.95,67.5,67.8,167395,EQ,,,
2014-01-15,67.8,69.05,67.8,68.25,218142,EQ,,,
2014-01-16,68.4,70.4,67.65,69.2,604867,EQ,,,
2014-01-17,69.45,69.5,67.1,67.35,278737,EQ,,,
2014-01-20,67.0,67.9,66.65,67.05,257508,EQ,,,
2014-01-21,67.2,67.9,67.15,67.3,159091,EQ,,,
2014-01-22,67.15,68.2,67.15,67.9,217854,EQ,,,
2014-01-23,67.45,68.2,67.25,67.35,157190,EQ,,,
2014-01-24,67.1,67.3,65.7,65.9,191236,EQ,,,
2014-01-27,65.0,65.1,63.0,63.15,191093,EQ,,,
2014-01-28,63.0,63.65,62.2,63.2,131571,EQ,,,
2014-01-29,63.4,65.1,63.0,63.3,388224,EQ,,,
2014-01-30,62.5,63.0,61.55,61.7,166450,EQ,,,
2014-01-31,62.05,62.7,61.6,61.8,132505,EQ,,,
2014-02-03,61.3,61.9,60.1,60.55,129500,EQ,,,
2014-02-04,59.8,61.55,59.1,60.7,212480,EQ,,,
2014-02-05,60.2,61.6,60.2,60.6,142950,EQ,,,
2014-02-06,60.95,63.0,60.8,61.65,287639,EQ,,,
2014-02-07,62.0,62.2,61.0,61.35,160525,EQ,,,
2014-02-10,61.3,61.85,61.0,61.35,146700,EQ,,,
2014-02-11,61.75,62.5,61.1,61.75,158447,EQ,,,
2014-02-12,61.75,62.85,61.65,62.1,185497,EQ,,,
2014-02-13,61.55,62.2,59.2,59.95,210426,EQ,,,
2014-02-14,60.0,60.75,59.05,59.5,135619,EQ,,,
2014-02-17,59.2,59.75,58.15,58.75,99047,EQ,,,
2014-02-18,58.35,60.2,58.35,59.4,156040,EQ,,,
2014-02-19,59.15,60.0,59.15,59.5,97889,EQ,,,
2014-02-20,58.95,59.5,58.3,58.55,146846,EQ,,,
2014-02-21,58.7,59.7,58.35,58.65,121848,EQ,,,
2014-02-24,58.3,58.9,58.15,58.3,117585,EQ,,,
2014-02-25,58.5,60.0,58.25,58.85,179303,EQ,,,
2014-02-26,58.1,59.0,58.05,58.35,97927,EQ,,,
2014-02-28,58.9,59.85,58.25,59.05,196389,EQ,,,
2014-03-03,58.6,59.3,58.0,58.45,92590,EQ,,,
2014-03-04,58.3,61.65,58.3,60.4,263713,EQ,,,
2014-03-05,60.85,61.35,59.8,60.4,352986,EQ,,,
2014-03-06,60.4,62.2,60.4,61.35,280633,EQ,,,
2014-03-07,61.55,64.8,61.5,63.35,503374,EQ,,,
2014-03-10,63.5,64.25,62.7,63.05,232241,EQ,,,
2014-03-11,63.45,63.95,62.1,62.3,166396,EQ,,,
2014-03-12,62.05,63.1,61.65,61.95,171331,EQ,,,
2014-03-13,62.4,69.5,62.15,65.9,3920661,EQ,,,
2014-03-14,65.4,67.2,64.15,65.9,968388,EQ,,,
2014-03-18,64.9,66.9,64.15,65.75,772131,EQ,,,
2014-03-19,66.0,69.6,65.2,68.3,1602322,EQ,,,
2014-03-20,68.0,69.7,67.2,67.5,1091211,EQ,,,
2014-03-21,68.0,70.5,67.6,70.2,1323284,EQ,,,
2014-03-22,71.3,71.9,68.3,68.7,939604,EQ,,,
2014-03-24,69.35,69.35,67.1,67.55,635363,EQ,,,
2014-03-25,67.2,68.15,65.55,65.85,408956,EQ,,,
2014-03-26,66.2,67.25,65.45,65.85,466225,EQ,,,
2014-03-27,65.55,66.95,65.55,65.9,256559,EQ,,,
2014-03-28,66.35,67.75,66.0,67.1,408161,EQ,,,
2014-03-31,67.65,69.9,67.4,68.65,737626,EQ,,,
2014-04-01,69.0,69.5,68.4,68.9,327520,EQ,,,
2014-04-02,69.15,70.95,68.75,70.25,967991,EQ,,,
2014-04-03,70.5,70.75,68.8,69.15,438176,EQ,,,
2014-04-04,69.05,75.75,68.7,72.9,4835967,EQ,,,
2014-04-07,72.8,73.9,70.9,71.75,1016933,EQ,,,
2014-04-09,72.0,73.8,71.7,73.15,661764,EQ,,,
2014-04-10,73.25,75.3,72.8,74.8,1115867,EQ,,,
2014-04-11,73.9,80.4,73.9,77.4,3903628,EQ,,,
2014-04-15,77.8,78.5,75.1,76.45,781875,EQ,,,
2014-04-16,76.8,79.7,74.8,75.25,819662,EQ,,,
2014-04-17,75.1,77.3,75.1,76.55,578526,EQ,,,
2014-04-21,77.3,78.7,76.55,77.7,527145,EQ,,,
2014-04-22,77.9,82.35,77.7,79.85,2519005,EQ,,,
2014-04-23,79.95,83.95,79.95,81.3,1989378,EQ,,,
2014-04-25,81.3,81.95,78.15,78.8,545175,EQ,,,
2014-04-28,79.45,80.3,78.0,78.75,456783,EQ,,,
2014-04-29,78.3,80.15,76.6,77.15,607477,EQ,,,
2014-04-30,77.35,78.8,71.65,74.1,669270,EQ,,,
2014-05-02,74.2,76.05,73.0,74.25,401318,EQ,,,
2014-05-05,73.5,75.3,73.2,73.6,375270,EQ,,,
2014-05-06,73.5,75.25,72.8,73.65,255465,EQ,,,
2014-05-07,73.2,74.4,72.15,72.35,346493,EQ,,,
2014-05-08,72.7,73.3,70.75,71.3,234949,EQ,,,
2014-05-09,70.7,77.0,70.7,76.1,1454977,EQ,,,
2014-05-12,76.5,81.25,75.15,78.45,1349125,EQ,,,
2014-05-13,79.25,82.8,78.0,80.4,1302993,EQ,,,
2014-05-14,80.9,82.7,79.65,81.05,861076,EQ,,,
2014-05-15,81.0,82.9,78.25,78.65,668247,EQ,,,
2014-05-16,80.5,82.5,78.1,81.8,2074719,EQ,,,
2014-05-19,82.4,94.85,82.4,94.3,5887158,EQ,,,
2014-05-20,95.9,100.5,94.0,96.8,3483209,EQ,,,
2014-05-21,97.0,106.8,94.0,103.75,5348811,EQ,,,
2014-05-22,104.55,109.4,102.2,104.25,2783231,EQ,,,
2014-05-23,104.95,107.9,102.35,103.55,1440705,EQ,,,
2014-05-26,105.05,108.9,92.4,99.65,1982145,EQ,,,
2014-05-27,99.95,100.65,92.95,98.55,1164757,EQ,,,
2014-05-28,98.5,105.4,97.15,102.75,2500801,EQ,,,
2014-05-29,102.8,103.7,98.35,99.1,761832,EQ,,,
2014-05-30,99.4,103.0,98.75,100.1,787100,EQ,,,
2014-06-02,99.8,104.9,99.8,104.4,1542527,EQ,,,
2014-06-03,104.8,109.7,104.8,107.75,2414166,EQ,,,
2014-06-04,108.4,110.9,108.05,109.3,1381960,EQ,,,
2014-06-05,110.2,113.9,108.5,112.25,2225301,EQ,,,
2014-06-06,113.45,113.9,109.3,110.3,1424888,EQ,,,
2014-06-09,111.3,113.7,111.05,112.7,1264139,EQ,,,
2014-06-10,114.0,120.9,114.0,120.25,4127818,EQ,,,
2014-06-11,121.3,125.0,115.7,117.1,2995904,EQ,,,
2014-06-12,116.9,119.9,114.15,118.05,1029710,EQ,,,
2014-06-13,119.0,119.4,108.8,109.55,1363959,EQ,,,
2014-06-16,109.9,110.8,103.1,108.3,1110238,EQ,,,
2014-06-17,108.4,115.25,107.2,114.35,1166428,EQ,,,
2014-06-18,115.3,115.7,108.5,110.8,1022027,EQ,,,
2014-06-19,111.9,116.7,109.5,113.05,1565190,EQ,,,
2014-06-20,113.95,115.75,111.15,113.1,1156968,EQ,,,
2014-06-23,114.25,118.0,113.5,114.9,996714,EQ,,,
2014-06-24,115.7,116.9,113.5,114.65,1288505,EQ,,,
2014-06-25,115.6,117.7,115.1,115.7,948841,EQ,,,
2014-06-26,115.2,116.1,113.1,113.55,485345,EQ,,,
2014-06-27,113.05,114.6,111.7,112.6,466785,EQ,,,
2014-06-30,112.5,116.5,112.5,115.6,1057658,EQ,,,
2014-07-01,116.4,117.4,113.15,113.95,1002311,EQ,,,
2014-07-02,114.9,115.8,113.5,114.15,528945,EQ,,,
2014-07-03,114.6,115.25,112.4,112.8,515154,EQ,,,
2014-07-04,112.6,113.95,112.05,112.75,468361,EQ,,,
2014-07-07,112.4,117.7,112.4,115.3,1296608,EQ,,,
2014-07-08,115.15,116.2,105.2,106.6,779935,EQ,,,
2014-07-09,106.35,108.15,100.6,103.6,833163,EQ,,,
2014-07-10,103.05,108.0,99.0,104.5,825820,EQ,,,
2014-07-11,105.0,105.8,96.6,97.8,540208,EQ,,,
2014-07-14,98.0,98.5,94.4,95.4,469633,EQ,,,
2014-07-15,96.25,99.3,95.7,96.85,546569,EQ,,,
2014-07-16,97.05,101.9,96.0,100.95,914199,EQ,,,
2014-07-17,100.9,103.25,100.3,101.15,663268,EQ,,,
2014-07-18,100.4,102.6,98.5,101.05,515071,EQ,,,
2014-07-21,101.1,102.8,100.35,100.95,330336,EQ,,,
2014-07-22,101.25,102.7,99.35,100.25,358064,EQ,,,
2014-07-23,100.8,101.4,97.25,98.55,318367,EQ,,,
2014-07-24,98.25,99.3,96.3,97.7,460295,EQ,,,
2014-07-25,98.0,98.3,94.0,96.7,446884,EQ,,,
2014-07-28,97.85,98.75,95.1,95.4,403279,EQ,,,
2014-07-30,95.4,95.9,93.0,94.5,312883,EQ,,,
2014-07-31,94.2,95.5,92.35,92.8,311133,EQ,,,
2014-08-01,91.9,93.95,90.7,91.4,368657,EQ,,,
2014-08-04,91.6,93.4,90.1,91.05,394999,EQ,,,
2014-08-05,91.15,93.2,90.1,91.95,549737,EQ,,,
2014-08-06,91.6,93.2,90.25,90.45,390693,EQ,,,
2014-08-07,90.3,91.1,88.15,88.6,327167,EQ,,,
2014-08-08,87.6,87.6,84.95,85.25,311619,EQ,,,
2014-08-11,85.55,86.9,85.15,85.8,262404,EQ,,,
2014-08-12,86.1,87.5,85.8,87.05,278099,EQ,,,
2014-08-13,87.15,91.7,85.25,86.25,1176712,EQ,,,
2014-08-14,85.5,86.35,84.35,85.3,465833,EQ,,,
2014-08-18,85.0,91.95,84.8,90.75,937658,EQ,,,
2014-08-19,90.75,92.2,89.5,90.4,665925,EQ,,,
2014-08-20,90.9,92.25,89.2,90.2,500267,EQ,,,
2014-08-21,90.2,92.0,89.65,90.2,398369,EQ,,,
2014-08-22,90.3,90.75,88.0,88.45,280190,EQ,,,
2014-08-25,88.75,90.3,87.4,88.05,278154,EQ,,,
2014-08-26,87.95,87.95,84.7,86.2,214608,EQ,,,
2014-08-27,85.85,89.2,85.85,87.6,592908,EQ,,,
2014-08-28,87.6,90.9,87.1,88.2,1174964,EQ,,,
2014-09-01,87.8,90.45,87.8,89.9,324485,EQ,,,
2014-09-02,89.5,91.7,89.5,90.1,385191,EQ,,,
2014-09-03,90.7,91.0,89.05,89.45,283491,EQ,,,
2014-09-04,89.5,89.55,86.7,88.45,239501,EQ,,,
2014-09-05,88.0,90.95,87.25,88.65,565933,EQ,,,
2014-09-08,89.0,90.75,88.15,89.75,343236,EQ,,,
2014-09-09,89.4,91.3,88.05,89.55,477470,EQ,,,
2014-09-10,88.7,93.0,88.6,91.45,724165,EQ,,,
2014-09-11,92.3,94.8,92.0,93.3,739314,EQ,,,
2014-09-12,93.0,93.9,91.0,91.3,341969,EQ,,,
2014-09-15,90.5,91.85,89.75,90.3,273192,EQ,,,
2014-09-16,90.0,92.5,85.85,86.95,469975,EQ,,,
2014-09-17,87.3,88.65,86.2,86.95,223217,EQ,,,
2014-09-18,86.5,89.5,86.5,89.1,317942,EQ,,,
2014-09-19,88.5,90.6,87.7,88.3,271159,EQ,,,
2014-09-22,87.8,89.4,87.45,88.0,240262,EQ,,,
2014-09-23,87.65,89.1,84.85,85.65,305740,EQ,,,
2014-09-24,85.15,86.4,82.55,82.9,259321,EQ,,,
2014-09-25,83.5,83.8,79.0,79.8,204293,EQ,,,
2014-09-26,79.0,81.0,75.45,80.4,230658,EQ,,,
2014-09-29,81.05,83.25,79.5,80.6,280741,EQ,,,
2014-09-30,80.05,82.4,79.2,79.75,214046,EQ,,,
2014-10-01,79.25,80.45,78.5,78.7,137778,EQ,,,
2014-10-07,78.0,79.5,77.5,77.8,161028,EQ,,,
2014-10-08,77.1,79.0,77.0,77.85,180451,EQ,,,
2014-10-09,78.0,81.15,78.0,79.9,329490,EQ,,,
2014-10-10,78.8,79.45,77.8,78.05,135057,EQ,,,
2014-10-13,77.8,79.1,77.1,78.4,195037,EQ,,,
2014-10-14,78.5,79.3,77.85,78.0,126330,EQ,,,
2014-10-16,77.7,78.5,74.6,75.45,146635,EQ,,,
2014-10-17,75.5,76.8,75.1,75.5,152936,EQ,,,
2014-10-20,76.5,77.7,76.3,76.55,157833,EQ,,,
2014-10-21,75.9,79.45,75.9,78.2,294785,EQ,,,
2014-10-22,78.75,81.5,78.0,80.8,577145,EQ,,,
2014-10-23,81.6,81.8,80.0,80.45,119020,EQ,,,
2014-10-27,80.9,83.3,78.5,80.45,518270,EQ,,,
2014-10-28,80.9,81.6,80.05,80.6,156890,EQ,,,
2014-10-29,80.8,83.45,80.5,82.45,290060,EQ,,,
2014-10-30,82.5,82.5,80.65,80.95,173030,EQ,,,
2014-10-31,81.5,83.0,81.3,82.05,286181,EQ,,,
2014-11-03,82.75,85.7,81.7,84.95,542639,EQ,,,
2014-11-05,85.0,87.9,85.0,86.5,647154,EQ,,,
2014-11-07,87.2,87.3,82.9,83.45,229098,EQ,,,
2014-11-10,84.0,84.25,82.55,83.0,161541,EQ,,,
2014-11-11,83.0,83.45,81.15,81.8,228922,EQ,,,
2014-11-12,82.0,84.3,82.0,82.95,272444,EQ,,,
2014-11-13,83.45,83.8,80.4,80.65,207281,EQ,,,
2014-11-14,78.6,79.65,78.15,79.1,241725,EQ,,,
2014-11-17,79.35,82.2,78.95,80.55,246337,EQ,,,
2014-11-18,81.0,82.9,80.8,81.5,245395,EQ,,,
2014-11-19,81.25,82.8,78.95,79.35,303091,EQ,,,
2014-11-20,79.0,79.9,78.05,78.55,158242,EQ,,,
2014-11-21,78.7,81.9,78.1,79.9,589546,EQ,,,
2014-11-24,80.2,80.75,78.35,78.6,252644,EQ,,,
2014-11-25,78.4,79.15,76.0,76.35,242114,EQ,,,
2014-11-26,76.05,77.8,76.05,76.55,317253,EQ,,,
2014-11-27,76.35,77.2,75.7,76.05,180372,EQ,,,
2014-11-28,75.3,77.15,75.2,75.5,274006,EQ,,,
2014-12-01,75.55,78.4,75.1,75.65,403200,EQ,,,
2014-12-02,75.05,76.8,75.0,75.65,143818,EQ,,,
2014-12-03,75.6,78.0,75.6,77.3,257660,EQ,,,
2014-12-04,77.3,79.7,77.3,78.25,488701,EQ,,,
2014-12-05,78.4,79.45,77.65,78.1,246376,EQ,,,
2014-12-08,77.55,78.75,75.6,75.85,190618,EQ,,,
2014-12-09,75.6,76.9,73.65,74.2,154728,EQ,,,
2014-12-10,73.5,75.0,73.5,74.5,88731,EQ,,,
2014-12-11,74.5,74.8,72.35,73.25,148729,EQ,,,
2014-12-12,73.5,74.2,72.0,72.35,142472,EQ,,,
2014-12-15,71.85,76.35,71.0,74.35,747895,EQ,,,
2014-12-16,73.55,73.75,69.2,69.95,217158,EQ,,,
2014-12-17,69.45,70.7,67.0,68.5,148698,EQ,,,
2014-12-18,70.0,72.35,69.7,70.65,144956,EQ,,,
2014-12-19,71.0,71.9,70.0,70.65,161698,EQ,,,
2014-12-22,70.75,71.5,70.4,71.1,105950,EQ,,,
2014-12-23,71.0,71.5,70.1,70.45,94725,EQ,,,
2014-12-24,70.4,71.05,70.05,70.35,116608,EQ,,,
2014-12-26,70.15,71.2,69.85,70.35,142688,EQ,,,
2014-12-29,70.35,71.6,70.35,70.75,146359,EQ,,,
2014-12-30,70.9,72.25,70.3,71.0,218426,EQ,,,
2014-12-31,70.65,71.6,70.35,70.65,199274,EQ,,,
2015-01-01,71.0,74.7,70.55,73.8,490411,EQ,,,
2015-01-02,73.5,74.9,72.8,73.45,252761,EQ,,,
2015-01-05,73.0,74.5,73.0,73.35,134899,EQ,,,
2015-01-06,72.5,72.6,69.65,70.05,164543,EQ,,,
2015-01-07,70.0,70.7,68.3,68.9,186557,EQ,,,
2015-01-08,69.35,71.75,69.35,70.95,184440,EQ,,,
2015-01-09,71.45,71.65,70.0,70.15,123438,EQ,,,
2015-01-12,70.55,70.75,69.65,70.3,102340,EQ,,,
2015-01-13,71.0,75.15,70.0,72.6,1004379,EQ,,,
2015-01-14,72.5,74.0,71.0,71.8,241416,EQ,,,
2015-01-15,72.0,72.8,71.35,71.7,134011,EQ,,,
2015-01-16,71.15,72.95,71.1,71.35,148663,EQ,,,
2015-01-19,71.05,72.25,71.0,71.1,112029,EQ,,,
2015-01-20,71.15,73.8,71.15,71.7,323102,EQ,,,
2015-01-21,71.8,72.4,70.65,71.15,150198,EQ,,,
2015-01-22,71.9,72.1,70.55,71.0,159068,EQ,,,
2015-01-23,71.5,71.85,70.2,70.65,159827,EQ,,,
2015-01-27,70.8,71.95,70.35,70.6,141716,EQ,,,
2015-01-28,70.6,70.9,69.5,69.85,161896,EQ,,,
2015-01-29,69.8,71.1,69.35,69.95,123033,EQ,,,
2015-01-30,70.9,71.4,69.5,69.7,137297,EQ,,,
2015-02-02,69.7,70.45,69.7,70.0,77663,EQ,,,
2015-02-03,70.3,71.25,70.0,70.2,145558,EQ,,,
2015-02-04,70.75,71.95,70.3,71.0,263387,EQ,,,
2015-02-05,71.35,73.55,70.4,71.25,475827,EQ,,,
2015-02-06,69.0,70.6,67.75,69.85,372806,EQ,,,
2015-02-09,69.35,69.35,68.25,68.5,124803,EQ,,,
2015-02-10,68.3,69.2,68.1,68.85,134305,EQ,,,
2015-02-11,69.3,70.35,68.3,69.75,119525,EQ,,,
2015-02-12,69.75,70.75,68.75,70.05,140202,EQ,,,
2015-02-13,70.5,71.4,69.7,70.05,129578,EQ,,,
2015-02-16,71.7,71.7,69.75,70.15,189846,EQ,,,
2015-02-18,71.35,72.0,70.8,71.05,175460,EQ,,,
2015-02-19,71.4,81.5,71.15,77.75,3700250,EQ,,,
2015-02-20,77.7,79.3,74.6,76.0,936323,EQ,,,
2015-02-23,76.25,78.25,74.7,75.2,339612,EQ,,,
2015-02-24,75.25,75.65,72.05,72.45,331443,EQ,,,
2015-02-25,72.65,74.25,72.1,72.4,252795,EQ,,,
2015-02-26,73.2,73.5,71.0,71.55,231749,EQ,,,
2015-02-27,72.3,73.7,71.6,72.75,368947,EQ,,,
2015-02-28,73.15,74.7,70.8,72.1,295146,EQ,,,
2015-03-02,72.1,72.8,71.05,71.55,145096,EQ,,,
2015-03-03,72.45,74.2,71.2,72.8,532426,EQ,,,
2015-03-04,73.1,74.0,71.25,71.6,295180,EQ,,,
2015-03-05,71.5,73.95,71.1,73.7,285356,EQ,,,
2015-03-09,74.3,74.3,71.35,71.75,136805,EQ,,,
2015-03-10,72.45,73.7,70.8,73.05,286385,EQ,,,
2015-03-11,73.7,74.2,71.4,73.7,257113,EQ,,,
2015-03-12,76.0,76.6,72.1,72.5,765212,EQ,,,
2015-03-13,73.2,73.8,71.0,71.85,266695,EQ,,,
2015-03-16,73.3,74.0,71.0,71.3,357847,EQ,,,
2015-03-17,71.95,71.95,70.6,71.4,224880,EQ,,,
2015-03-18,72.95,74.15,71.4,71.7,852199,EQ,,,
2015-03-19,72.4,72.4,70.2,70.6,180242,EQ,,,
2015-03-20,70.6,72.9,68.4,68.75,344743,EQ,,,
2015-03-23,69.0,69.15,67.1,67.45,181076,EQ,,,
2015-03-24,67.9,67.95,65.6,65.9,203711,EQ,,,
2015-03-25,66.0,66.5,64.0,64.15,191426,EQ,,,
2015-03-26,64.0,64.0,61.4,61.8,214367,EQ,,,
2015-03-27,62.3,62.8,60.1,60.5,223451,EQ,,,
2015-03-30,61.4,63.8,60.55,63.0,343410,EQ,,,
2015-03-31,66.0,66.0,63.05,63.6,519218,EQ,,,
2015-04-01,63.7,65.55,62.6,64.95,253656,EQ,,,
2015-04-06,65.4,65.6,64.4,65.15,148668,EQ,,,
2015-04-07,65.65,67.5,65.2,66.5,337877,EQ,,,
2015-04-08,67.2,68.35,66.5,67.0,269681,EQ,,,
2015-04-09,67.15,68.75,66.2,67.0,349534,EQ,,,
2015-04-10,67.3,71.2,66.7,69.7,926038,EQ,,,
2015-04-13,69.7,72.35,69.0,70.2,430659,EQ,,,
2015-04-15,70.35,71.2,68.5,69.0,171263,EQ,,,
2015-04-16,69.2,69.5,67.85,68.3,133048,EQ,,,
2015-04-17,68.2,68.85,67.05,67.3,138067,EQ,,,
2015-04-20,67.3,67.65,65.35,65.7,127974,EQ,,,
2015-04-21,65.95,65.95,64.9,65.1,98603,EQ,,,
2015-04-22,65.15,66.7,64.15,65.15,143641,EQ,,,
2015-04-23,65.95,65.95,64.3,64.8,100533,EQ,,,
2015-04-24,65.45,65.5,63.5,63.85,96088,EQ,,,
2015-04-27,64.5,64.5,62.0,62.45,128237,EQ,,,
2015-04-28,63.0,63.1,61.85,62.75,96600,EQ,,,
2015-04-29,63.45,64.0,62.75,63.4,93574,EQ,,,
2015-04-30,63.15,63.65,62.4,62.75,79256,EQ,,,
2015-05-04,63.4,66.25,63.1,64.8,212194,EQ,,,
2015-05-05,64.4,65.7,64.15,65.0,166324,EQ,,,
2015-05-06,64.95,65.45,63.0,63.3,112424,EQ,,,
2015-05-07,63.3,63.3,61.1,61.75,90959,EQ,,,
2015-05-08,62.15,62.9,62.15,62.45,85611,EQ,,,
2015-05-11,63.95,64.3,62.95,63.7,198992,EQ,,,
2015-05-12,63.95,63.95,62.0,62.4,82504,EQ,,,
2015-05-13,62.95,65.35,58.95,63.35,623938,EQ,,,
2015-05-14,63.1,63.1,62.2,62.85,113631,EQ,,,
2015-05-15,63.0,64.15,62.2,62.75,230135,EQ,,,
2015-05-18,63.0,63.3,62.5,62.9,116819,EQ,,,
2015-05-19,62.95,63.6,62.45,62.9,104503,EQ,,,
2015-05-20,62.8,63.9,62.75,63.45,193178,EQ,,,
2015-05-21,64.05,64.45,62.8,63.25,174311,EQ,,,
2015-05-22,63.2,63.65,62.5,62.65,104089,EQ,,,
2015-05-25,62.45,62.85,61.8,62.25,60519,EQ,,,
2015-05-26,62.45,62.45,61.35,61.75,71040,EQ,,,
2015-05-27,61.6,62.75,61.2,62.0,142956,EQ,,,
2015-05-28,61.8,63.4,61.4,62.45,178231,EQ,,,
2015-05-29,62.5,62.9,61.55,62.0,196760,EQ,,,
2015-06-01,62.6,63.3,62.1,62.9,144098,EQ,,,
2015-06-02,63.2,63.2,61.2,61.4,88856,EQ,,,
2015-06-03,62.0,62.0,58.65,59.8,141836,EQ,,,
2015-06-04,60.5,60.5,51.85,56.0,527630,EQ,,,
2015-06-05,56.9,56.9,55.5,56.65,122780,EQ,,,
2015-06-08,56.85,61.3,56.0,59.9,202732,EQ,,,
2015-06-09,60.0,60.0,58.5,59.05,59520,EQ,,,
2015-06-10,59.15,60.2,59.0,59.5,58682,EQ,,,
2015-06-11,60.0,60.25,57.8,59.0,91061,EQ,,,
2015-06-12,58.45,59.45,57.1,58.0,41026,EQ,,,
2015-06-15,58.0,58.95,57.2,58.05,59105,EQ,,,
2015-06-16,57.85,59.95,56.8,59.25,70598,EQ,,,
2015-06-17,59.3,61.85,58.7,61.05,207556,EQ,,,
2015-06-18,60.65,61.55,60.5,61.05,83954,EQ,,,
2015-06-19,61.15,62.9,60.9,61.1,73762,EQ,,,
2015-06-22,61.2,62.2,60.5,61.6,109761,EQ,,,
2015-06-23,62.4,62.7,61.5,62.1,91488,EQ,,,
2015-06-24,62.2,63.55,61.95,62.5,156764,EQ,,,
2015-06-25,62.3,70.0,62.3,68.6,2929595,EQ,,,
2015-06-26,67.25,68.6,64.1,64.55,857731,EQ,,,
2015-06-29,62.0,63.1,60.7,62.65,222947,EQ,,,
2015-06-30,61.8,63.6,61.8,62.75,151295,EQ,,,
2015-07-01,63.25,65.3,62.85,63.85,232565,EQ,,,
2015-07-02,63.8,65.3,63.05,63.45,471705,EQ,,,
2015-07-03,63.85,64.5,62.6,63.15,249166,EQ,,,
2015-07-06,62.7,63.15,60.65,62.7,104659,EQ,,,
2015-07-07,63.3,64.45,62.35,63.2,167733,EQ,,,
2015-07-08,61.2,62.1,60.65,61.2,171749,EQ,,,
2015-07-09,61.8,62.1,60.8,60.95,98283,EQ,,,
2015-07-10,61.2,61.75,60.8,61.3,87068,EQ,,,
2015-07-13,61.9,62.25,60.65,61.3,205455,EQ,,,
2015-07-14,61.35,62.2,61.3,61.6,136179,EQ,,,
2015-07-15,62.3,62.35,61.35,61.6,75173,EQ,,,
2015-07-16,61.6,62.95,61.25,61.8,157793,EQ,,,
2015-07-17,62.0,62.4,61.1,61.4,104597,EQ,,,
2015-07-20,61.35,62.8,60.85,61.85,154572,EQ,,,
2015-07-21,61.6,62.5,60.6,60.95,105262,EQ,,,
2015-07-22,60.5,61.5,60.3,60.9,85514,EQ,,,
2015-07-23,61.45,61.8,60.3,60.55,125005,EQ,,,
2015-07-24,60.35,61.45,60.0,60.05,101574,EQ,,,
2015-07-27,59.3,60.05,58.5,58.7,93082,EQ,,,
2015-07-28,59.5,59.6,58.0,58.35,80783,EQ,,,
2015-07-29,58.4,59.0,58.05,58.4,65658,EQ,,,
2015-07-30,59.1,59.35,58.3,58.55,70944,EQ,,,
2015-07-31,59.0,64.8,58.7,61.6,882321,EQ,,,
2015-08-03,61.9,64.6,61.3,63.8,597133,EQ,,,
2015-08-04,63.25,66.45,61.9,65.8,779744,EQ,,,
2015-08-05,65.3,67.25,64.5,65.55,833376,EQ,,,
2015-08-06,66.9,66.9,64.1,64.45,175910,EQ,,,
2015-08-07,64.4,65.85,63.8,64.4,270543,EQ,,,
2015-08-10,64.1,65.7,63.55,63.85,190031,EQ,,,
2015-08-11,64.1,64.7,61.9,62.25,233369,EQ,,,
2015-08-12,62.1,62.1,59.9,60.15,136202,EQ,,,
2015-08-13,61.0,61.0,58.3,58.55,100716,EQ,,,
2015-08-14,59.65,59.65,57.5,58.95,119177,EQ,,,
2015-08-17,59.8,59.8,57.9,58.8,122805,EQ,,,
2015-08-18,59.55,63.25,59.25,60.6,435807,EQ,,,
2015-08-19,60.6,61.5,60.0,60.25,130249,EQ,,,
2015-08-20,59.9,59.9,58.05,58.55,140169,EQ,,,
2015-08-21,58.0,58.5,57.3,57.75,100035,EQ,,,
2015-08-24,56.8,56.8,50.1,51.8,164917,EQ,,,
2015-08-25,52.25,53.65,49.0,50.9,156661,EQ,,,
2015-08-26,51.8,53.0,50.55,51.5,70278,EQ,,,
2015-08-27,53.9,53.9,52.0,52.7,68035,EQ,,,
2015-08-28,53.6,55.85,52.0,53.65,153602,EQ,,,
2015-08-31,53.65,54.25,53.0,53.3,59720,EQ,,,
2015-09-01,52.65,53.15,51.0,51.3,86906,EQ,,,
2015-09-02,52.45,53.3,51.0,51.45,116098,EQ,,,
2015-09-03,52.0,52.6,51.65,52.0,50561,EQ,,,
2015-09-04,52.0,52.45,50.3,50.55,64173,EQ,,,
2015-09-07,50.6,52.0,50.0,50.65,63492,EQ,,,
2015-09-08,51.5,51.6,49.45,51.3,123440,EQ,,,
2015-09-09,52.5,53.95,52.05,53.1,137090,EQ,,,
2015-09-10,52.5,52.5,51.5,51.95,56631,EQ,,,
2015-09-11,52.5,53.0,52.05,52.4,50364,EQ,,,
2015-09-14,52.5,53.9,52.05,53.35,79838,EQ,,,
2015-09-15,53.3,54.0,52.55,52.85,39407,EQ,,,
2015-09-16,53.25,54.4,52.75,53.15,85704,EQ,,,
2015-09-18,54.15,57.4,52.35,55.9,210478,EQ,,,
2015-09-21,54.9,57.7,54.5,56.65,94918,EQ,,,
2015-09-22,57.05,58.15,55.1,55.6,116869,EQ,,,
2015-09-23,53.8,56.0,53.7,55.45,47948,EQ,,,
2015-09-24,55.5,55.85,54.2,54.5,39531,EQ,,,
2015-09-28,55.5,55.5,53.05,53.25,61143,EQ,,,
2015-09-29,52.75,53.9,52.25,53.1,31463,EQ,,,
2015-09-30,53.95,54.35,53.0,53.3,38067,EQ,,,
2015-10-01,54.35,55.0,53.55,53.65,30689,EQ,,,
2015-10-05,54.75,55.25,53.75,54.5,66833,EQ,,,
2015-10-06,55.0,60.2,54.2,57.65,678548,EQ,,,
2015-10-07,58.6,59.5,57.15,57.85,229905,EQ,,,
2015-10-08,56.4,58.65,56.4,57.75,109139,EQ,,,
2015-10-09,58.9,59.7,58.0,58.4,114527,EQ,,,
2015-10-12,59.35,61.5,58.6,60.3,389437,EQ,,,
2015-10-13,60.9,61.75,59.5,59.95,260453,EQ,,,
2015-10-14,60.0,61.2,59.0,59.2,117494,EQ,,,
2015-10-15,59.95,60.5,59.0,59.1,76649,EQ,,,
2015-10-16,59.7,59.7,58.4,58.9,69131,EQ,,,
2015-10-19,59.8,59.8,58.5,58.7,60755,EQ,,,
2015-10-20,58.5,59.9,58.2,58.8,147579,EQ,,,
2015-10-21,59.5,59.8,58.5,58.95,61198,EQ,,,
2015-10-23,59.35,59.8,58.6,58.95,85627,EQ,,,
2015-10-26,59.25,59.25,57.2,57.5,55850,EQ,,,
2015-10-27,57.45,58.25,57.25,57.8,30436,EQ,,,
2015-10-28,57.65,60.5,57.55,58.5,151350,EQ,,,
2015-10-29,58.65,59.25,57.1,57.6,42960,EQ,,,
2015-10-30,58.0,58.35,56.85,57.0,51145,EQ,,,
2015-11-02,58.6,58.6,56.15,57.05,42757,EQ,,,
2015-11-03,57.1,58.4,56.45,56.85,77319,EQ,,,
2015-11-04,57.1,58.15,56.55,56.75,38147,EQ,,,
2015-11-05,56.6,57.9,54.55,55.0,93949,EQ,,,
2015-11-06,54.2,56.15,53.0,53.5,129499,EQ,,,
2015-11-09,53.35,54.8,51.6,54.35,83173,EQ,,,
2015-11-10,54.0,55.3,53.5,53.9,99277,EQ,,,
2015-11-11,55.0,55.0,53.95,54.25,17389,EQ,,,
2015-11-13,53.95,54.15,52.75,53.1,67911,EQ,,,
2015-11-16,54.0,55.65,53.65,54.8,138641,EQ,,,
2015-11-17,55.35,56.65,54.35,55.25,116202,EQ,,,
2015-11-18,54.95,55.45,54.0,54.3,57949,EQ,,,
2015-11-19,54.9,56.0,53.1,55.0,93810,EQ,,,
2015-11-20,54.8,55.4,54.05,54.25,83276,EQ,,,
2015-11-23,54.35,55.45,54.05,54.75,76543,EQ,,,
2015-11-24,54.95,55.4,54.2,54.55,57727,EQ,,,
2015-11-26,54.95,56.6,54.05,56.25,176759,EQ,,,
2015-11-27,58.7,60.65,57.65,58.6,888515,EQ,,,
2015-11-30,57.8,58.75,56.15,57.5,179329,EQ,,,
2015-12-01,57.55,59.3,57.55,58.45,136439,EQ,,,
2015-12-02,58.35,61.8,57.55,60.0,329943,EQ,,,
2015-12-03,58.3,60.95,58.1,58.55,152170,EQ,,,
2015-12-04,58.2,58.85,55.2,56.75,126672,EQ,,,
2015-12-07,58.4,58.4,56.55,57.0,53203,EQ,,,
2015-12-08,56.55,57.75,55.8,56.15,50768,EQ,,,
2015-12-09,56.15,56.8,54.25,54.45,67519,EQ,,,
2015-12-10,54.45,56.0,54.45,55.65,37556,EQ,,,
2015-12-11,55.9,56.45,54.45,54.65,69097,EQ,,,
2015-12-14,54.5,55.75,54.0,54.6,59821,EQ,,,
2015-12-15,54.7,55.4,54.15,54.4,67388,EQ,,,
2015-12-16,54.8,55.85,54.35,54.6,136492,EQ,,,
2015-12-17,55.7,56.4,54.9,55.95,155053,EQ,,,
2015-12-18,55.4,56.65,55.0,55.15,81629,EQ,,,
2015-12-21,55.0,56.6,55.0,55.95,128844,EQ,,,
2015-12-22,55.5,57.7,55.5,56.5,255312,EQ,,,
2015-12-23,56.6,57.9,56.05,56.55,125180,EQ,,,
2015-12-24,57.25,59.5,56.75,57.6,195519,EQ,,,
2015-12-28,57.1,59.5,57.1,58.75,137303,EQ,,,
2015-12-29,59.75,63.3,58.8,60.4,1491786,EQ,,,
2015-12-30,60.5,61.55,59.0,59.25,214671,EQ,,,
2015-12-31,58.8,59.9,58.5,58.75,85026,EQ,,,
2016-01-01,59.0,60.95,58.65,59.35,169450,EQ,,,
2016-01-04,59.35,61.2,58.15,58.6,200976,EQ,,,
2016-01-05,58.5,60.5,58.35,59.5,219305,EQ,,,
2016-01-06,59.15,61.3,59.0,59.3,275142,EQ,,,
2016-01-07,58.5,58.85,56.05,56.6,96482,EQ,,,
2016-01-08,56.5,58.0,56.4,56.7,92342,EQ,,,
2016-01-11,56.0,57.7,55.6,56.6,140613,EQ,,,
2016-01-12,57.1,57.7,55.4,55.65,80013,EQ,,,
2016-01-13,56.0,57.0,50.0,54.15,171972,EQ,,,
2016-01-14,54.0,54.0,50.6,52.95,76476,EQ,,,
2016-01-15,53.55,54.15,51.0,51.5,69580,EQ,,,
2016-01-18,51.5,52.95,47.75,49.1,125654,EQ,,,
2016-01-19,49.9,51.0,49.1,50.15,108074,EQ,,,
2016-01-20,49.8,50.15,48.45,49.1,89445,EQ,,,
2016-01-21,49.5,50.25,48.2,49.3,101572,EQ,,,
2016-01-22,49.65,50.4,49.0,49.35,119357,EQ,,,
2016-01-25,49.85,50.75,49.4,49.6,76027,EQ,,,
2016-01-27,49.6,50.35,49.25,49.35,76724,EQ,,,
2016-01-28,49.5,50.1,48.6,48.85,81095,EQ,,,
2016-01-29,48.9,49.65,48.9,49.45,91966,EQ,,,
2016-02-01,49.6,50.5,49.2,49.5,85347,EQ,,,
2016-02-02,49.4,50.0,48.95,49.1,35848,EQ,,,
2016-02-03,48.95,49.45,46.75,48.3,209956,EQ,,,
2016-02-04,48.3,49.5,48.3,48.75,51813,EQ,,,
2016-02-05,48.05,49.8,48.05,49.25,55726,EQ,,,
2016-02-08,49.5,49.75,48.5,48.65,58488,EQ,,,
2016-02-09,47.9,48.8,47.9,48.5,33226,EQ,,,
2016-02-10,48.25,48.25,47.3,47.7,32954,EQ,,,
2016-02-11,47.25,48.35,45.3,46.25,50145,EQ,,,
2016-02-12,47.0,47.0,44.0,45.1,88315,EQ,,,
2016-02-15,45.5,48.55,45.2,47.0,147091,EQ,,,
2016-02-16,47.8,47.8,45.8,46.1,36496,EQ,,,
2016-02-17,46.9,46.9,45.2,45.85,48185,EQ,,,
2016-02-18,46.75,47.0,43.3,43.6,204952,EQ,,,
2016-02-19,44.0,45.0,42.75,44.7,156180,EQ,,,
2016-02-22,44.75,45.4,44.0,44.65,47766,EQ,,,
2016-02-23,44.8,45.25,43.4,43.75,58953,EQ,,,
2016-02-24,43.95,43.95,42.55,43.3,77264,EQ,,,
2016-02-25,44.7,44.7,43.1,43.55,44697,EQ,,,
2016-02-26,43.55,43.95,43.0,43.1,38076,EQ,,,
2016-02-29,43.85,44.25,42.75,43.05,52937,EQ,,,
2016-03-01,43.1,45.4,43.1,44.5,106925,EQ,,,
2016-03-02,45.15,47.0,44.7,46.3,118699,EQ,,,
2016-03-03,46.75,48.8,46.1,48.3,151836,EQ,,,
2016-03-04,48.65,49.5,47.65,48.95,114607,EQ,,,
2016-03-08,48.1,52.0,48.1,50.05,202720,EQ,,,
2016-03-09,49.75,49.75,48.4,49.3,54115,EQ,,,
2016-03-10,49.0,50.5,48.7,49.0,80505,EQ,,,
2016-03-11,48.25,49.35,48.05,48.4,33837,EQ,,,
2016-03-14,49.6,49.6,48.0,48.15,44556,EQ,,,
2016-03-15,47.7,48.75,47.55,47.85,36601,EQ,,,
2016-03-16,47.65,48.5,47.35,47.8,32504,EQ,,,
2016-03-17,48.85,52.2,48.1,50.1,476144,EQ,,,
2016-03-18,50.65,51.85,49.9,51.0,299254,EQ,,,
2016-03-21,50.8,54.8,50.75,52.75,567103,EQ,,,
2016-03-22,52.85,53.2,51.5,51.95,130072,EQ,,,
2016-03-23,52.0,54.35,51.85,52.75,299058,EQ,,,
2016-03-28,52.5,53.6,50.75,51.1,136452,EQ,,,
2016-03-29,51.05,51.45,49.6,50.1,96772,EQ,,,
2016-03-30,50.3,51.75,50.2,50.8,87558,EQ,,,
2016-03-31,50.95,52.1,50.05,50.35,185986,EQ,,,
2016-04-01,50.3,52.5,50.1,51.4,201788,EQ,,,
2016-04-04,51.6,52.45,51.1,51.65,108007,EQ,,,
2016-04-05,51.25,51.75,49.15,49.85,101213,EQ,,,
2016-04-06,49.85,50.9,49.75,50.45,58880,EQ,,,
2016-04-07,50.75,51.6,50.0,50.25,64045,EQ,,,
2016-04-08,50.25,51.0,49.9,50.2,75661,EQ,,,
2016-04-11,50.6,51.6,50.1,50.85,130598,EQ,,,
2016-04-12,50.5,51.65,50.5,51.05,91042,EQ,,,
2016-04-13,51.5,53.4,51.4,51.85,212106,EQ,,,
2016-04-18,51.95,52.7,51.8,52.15,107654,EQ,,,
2016-04-20,52.6,58.15,52.3,56.65,879897,EQ,,,
2016-04-21,58.0,58.9,56.4,57.1,742239,EQ,,,
2016-04-22,57.4,57.4,55.95,56.25,133766,EQ,,,
2016-04-25,56.75,56.95,54.4,54.75,131068,EQ,,,
2016-04-26,54.7,56.35,54.1,54.8,214180,EQ,,,
2016-04-27,55.0,56.5,55.0,55.55,167196,EQ,,,
2016-04-28,55.85,55.95,54.2,54.55,83477,EQ,,,
2016-04-29,54.25,54.95,53.5,53.75,79733,EQ,,,
2016-05-02,53.8,54.95,53.2,54.6,95947,EQ,,,
2016-05-03,54.95,55.7,54.15,54.3,77768,EQ,,,
2016-05-04,53.75,54.9,52.8,53.1,67233,EQ,,,
2016-05-05,53.5,53.7,51.8,52.45,51777,EQ,,,
2016-05-06,52.45,53.35,51.4,52.1,101033,EQ,,,
2016-05-09,52.0,52.8,51.2,51.7,119591,EQ,,,
2016-05-10,51.85,52.5,51.4,51.65,46026,EQ,,,
2016-05-11,51.25,51.95,51.25,51.4,49673,EQ,,,
2016-05-12,51.35,53.9,51.25,52.6,217076,EQ,,,
2016-05-13,52.15,52.6,51.35,51.55,55928,EQ,,,
2016-05-16,51.35,52.95,51.0,51.7,90692,EQ,,,
2016-05-17,52.35,52.9,51.6,51.9,103469,EQ,,,
2016-05-18,51.65,52.1,51.35,51.7,56423,EQ,,,
2016-05-19,52.15,52.65,51.0,51.2,54285,EQ,,,
2016-05-20,51.0,51.05,50.0,50.4,49962,EQ,,,
2016-05-23,50.5,51.1,46.95,47.3,208021,EQ,,,
2016-05-24,47.85,48.25,42.0,42.75,741371,EQ,,,
2016-05-25,43.8,46.0,43.25,45.3,378057,EQ,,,
2016-05-26,45.7,46.2,43.25,44.5,265708,EQ,,,
2016-05-27,44.85,45.8,44.75,45.55,103266,EQ,,,
2016-05-30,45.8,47.2,44.4,45.9,247342,EQ,,,
2016-05-31,46.25,47.0,45.0,45.6,185180,EQ,,,
2016-06-01,45.5,48.0,45.5,47.05,378859,EQ,,,
2016-06-02,47.3,47.3,46.0,46.55,99259,EQ,,,
2016-06-03,47.1,48.4,46.4,46.55,184578,EQ,,,
2016-06-06,47.25,47.25,46.3,46.7,45324,EQ,,,
2016-06-07,47.3,47.3,46.35,46.65,57897,EQ,,,
2016-06-08,46.95,48.1,46.0,47.4,173417,EQ,,,
2016-06-09,48.1,54.4,48.1,53.55,3881933,EQ,,,
2016-06-10,53.3,54.0,51.5,52.75,946387,EQ,,,
2016-06-13,52.2,53.95,51.0,52.6,525079,EQ,,,
2016-06-14,52.5,55.4,52.25,53.75,625516,EQ,,,
2016-06-15,54.2,54.4,50.1,52.65,632798,EQ,,,
2016-06-16,52.75,53.7,52.15,52.7,225379,EQ,,,
2016-06-17,53.05,53.6,52.25,52.7,128867,EQ,,,
2016-06-20,52.0,53.4,51.3,52.25,258505,EQ,,,
2016-06-21,52.15,53.4,52.0,52.15,146759,EQ,,,
2016-06-22,53.0,54.0,52.1,53.05,429081,EQ,,,
2016-06-23,53.1,53.55,51.6,52.05,143851,EQ,,,
2016-06-24,51.0,51.0,49.0,50.6,189116,EQ,,,
2016-06-27,50.55,51.5,50.05,51.0,132683,EQ,,,
2016-06-28,51.0,55.2,50.6,53.2,777669,EQ,,,
2016-06-29,54.0,55.7,53.5,54.15,879084,EQ,,,
2016-06-30,54.5,54.9,53.0,53.5,406866,EQ,,,
2016-07-01,53.8,54.9,53.2,53.8,200347,EQ,,,
2016-07-04,54.25,55.25,54.0,54.5,259848,EQ,,,
2016-07-05,54.95,60.4,54.1,57.9,2564385,EQ,,,
2016-07-07,57.7,63.5,57.0,61.15,2581736,EQ,,,
2016-07-08,61.1,63.0,59.55,61.75,912596,EQ,,,
2016-07-11,62.5,64.0,61.0,61.9,606717,EQ,,,
2016-07-12,62.5,64.9,62.1,63.1,1210590,EQ,,,
2016-07-13,64.55,68.0,64.55,66.3,2201779,EQ,,,
2016-07-14,66.3,68.7,66.3,67.0,799542,EQ,,,
2016-07-15,67.7,67.7,64.6,64.8,410495,EQ,,,
2016-07-18,65.0,65.8,62.5,62.7,253229,EQ,,,
2016-07-19,63.0,63.8,60.6,62.0,257520,EQ,,,
2016-07-20,62.25,63.6,62.05,62.8,265197,EQ,,,
2016-07-21,63.05,65.0,61.3,62.85,484626,EQ,,,
2016-07-22,63.2,63.65,62.1,62.75,238930,EQ,,,
2016-07-25,62.95,63.8,62.2,63.1,215053,EQ,,,
2016-07-26,63.8,66.9,63.0,64.75,1106339,EQ,,,
2016-07-27,64.7,65.65,63.6,64.3,375712,EQ,,,
2016-07-28,64.7,66.15,63.9,64.9,429923,EQ,,,
2016-07-29,65.25,65.3,63.85,64.15,165984,EQ,,,
2016-08-01,64.0,64.8,61.9,62.45,268221,EQ,,,
2016-08-02,62.7,63.8,61.2,61.5,173287,EQ,,,
2016-08-03,61.4,62.3,59.6,60.05,184867,EQ,,,
2016-08-04,61.0,61.55,60.15,60.7,165025,EQ,,,
2016-08-05,61.35,63.5,61.35,62.35,372414,EQ,,,
2016-08-08,62.6,63.2,61.7,62.1,182828,EQ,,,
2016-08-09,62.0,62.4,60.9,61.15,138143,EQ,,,
2016-08-10,61.45,61.5,59.0,59.25,137729,EQ,,,
2016-08-11,60.05,60.2,58.4,58.9,127329,EQ,,,
2016-08-12,59.45,63.4,59.15,62.3,817592,EQ,,,
2016-08-16,62.4,64.6,62.4,64.25,516321,EQ,,,
2016-08-17,64.55,65.5,63.55,64.1,315773,EQ,,,
2016-08-18,64.4,65.9,64.4,64.85,321471,EQ,,,
2016-08-19,65.1,72.0,64.35,70.1,3663998,EQ,,,
2016-08-22,70.6,73.8,68.7,70.2,3293372,EQ,,,
2016-08-23,67.25,67.95,66.1,66.45,1081780,EQ,,,
2016-08-24,66.45,69.9,66.45,68.3,1718615,EQ,,,
2016-08-25,68.25,68.95,66.2,67.1,532812,EQ,,,
2016-08-26,67.45,67.7,64.3,65.0,398972,EQ,,,
2016-08-29,65.6,65.75,63.8,64.05,223922,EQ,,,
2016-08-30,64.0,66.5,64.0,65.35,353498,EQ,,,
2016-08-31,65.8,69.3,65.1,65.8,874389,EQ,,,
2016-09-01,66.3,67.3,64.3,64.85,248207,EQ,,,
2016-09-02,65.15,68.2,64.55,66.25,503723,EQ,,,
2016-09-06,66.8,66.8,64.25,65.15,196167,EQ,,,
2016-09-07,65.0,69.8,65.0,68.8,1484192,EQ,,,
2016-09-08,68.95,70.5,67.8,68.5,658480,EQ,,,
2016-09-09,68.95,69.0,66.6,67.0,331041,EQ,,,
2016-09-12,65.4,66.4,64.0,64.4,255448,EQ,,,
2016-09-14,64.3,65.45,63.9,64.7,188256,EQ,,,
2016-09-15,65.0,66.9,64.85,65.85,290037,EQ,,,
2016-09-16,66.0,66.7,62.1,63.05,506976,EQ,,,
2016-09-19,63.3,64.25,63.0,63.55,208954,EQ,,,
2016-09-20,63.45,63.75,62.6,62.8,156345,EQ,,,
2016-09-21,62.85,64.7,62.85,63.25,301974,EQ,,,
2016-09-22,64.0,64.4,63.35,63.8,127358,EQ,,,
2016-09-23,64.1,64.35,62.8,63.2,203890,EQ,,,
2016-09-26,63.5,66.9,62.95,65.55,808155,EQ,,,
2016-09-27,66.15,66.85,64.2,64.8,268809,EQ,,,
2016-09-28,65.35,67.25,64.5,65.55,597778,EQ,,,
2016-09-29,62.65,63.4,61.1,62.15,1415589,EQ,,,
2016-09-30,61.4,61.4,59.5,59.7,1162881,EQ,,,
2016-10-03,59.5,60.35,59.35,59.95,816878,EQ,,,
2016-10-04,60.2,60.75,59.5,59.75,456669,EQ,,,
2016-10-05,60.0,60.15,58.8,59.4,283114,EQ,,,
2016-10-06,60.3,60.3,58.75,59.05,302094,EQ,,,
2016-10-07,59.1,59.8,58.75,58.95,202079,EQ,,,
2016-10-10,58.85,59.7,58.75,58.9,168968,EQ,,,
2016-10-13,58.7,59.15,57.4,57.7,191339,EQ,,,
2016-10-14,57.7,59.15,57.6,58.35,200427,EQ,,,
2016-10-17,59.35,59.35,57.6,57.7,159066,EQ,,,
2016-10-18,57.9,60.2,57.9,59.65,757681,EQ,,,
2016-10-19,60.95,60.95,58.8,58.9,237597,EQ,,,
2016-10-20,58.9,59.95,58.9,59.25,172140,EQ,,,
2016-10-21,59.5,59.5,58.45,58.8,158132,EQ,,,
2016-10-24,59.3,59.5,58.75,58.9,153881,EQ,,,
2016-10-25,58.5,61.9,58.3,61.35,1155329,EQ,,,
2016-10-26,61.8,62.1,58.8,59.8,604537,EQ,,,
2016-10-27,58.8,61.2,58.55,59.0,364048,EQ,,,
2016-10-28,59.15,60.6,59.0,59.7,379664,EQ,,,
2016-10-30,60.25,60.4,59.05,59.95,107746,EQ,,,
2016-11-01,60.0,62.4,59.65,61.9,2132237,EQ,,,
2016-11-02,61.4,63.7,60.25,60.9,4287307,EQ,,,
2016-11-03,61.9,62.7,59.5,60.1,1544378,EQ,,,
2016-11-04,60.2,60.7,57.3,57.95,673981,EQ,,,
2016-11-07,59.0,59.8,58.5,58.95,402174,EQ,,,
2016-11-08,59.6,59.8,57.9,58.15,324620,EQ,,,
2016-11-09,53.9,57.5,49.95,56.3,763828,EQ,,,
2016-11-10,57.5,62.0,57.5,60.05,1081739,EQ,,,
2016-11-11,60.0,62.1,58.9,60.45,1139164,EQ,,,
2016-11-15,61.7,61.7,56.8,57.2,552917,EQ,,,
2016-11-16,58.9,58.95,56.9,57.2,250438,EQ,,,
2016-11-17,57.8,58.3,56.15,56.45,241259,EQ,,,
2016-11-18,56.55,57.2,55.0,55.35,203273,EQ,,,
2016-11-21,56.3,56.35,53.95,54.2,218149,EQ,,,
2016-11-22,55.35,57.1,54.2,56.0,235294,EQ,,,
2016-11-23,56.85,57.0,56.0,56.3,187052,EQ,,,
2016-11-24,56.6,60.4,56.3,58.6,994458,EQ,,,
2016-11-25,60.5,62.4,60.0,61.2,1875366,EQ,,,
2016-11-28,61.4,62.35,61.0,61.3,844988,EQ,,,
2016-11-29,61.6,61.9,59.6,59.85,438320,EQ,,,
2016-11-30,59.85,60.1,58.65,58.9,327982,EQ,,,
2016-12-01,59.5,62.55,58.9,60.5,1973426,EQ,,,
2016-12-02,59.9,60.9,58.0,58.6,673090,EQ,,,
2016-12-05,58.9,60.3,58.55,59.8,445169,EQ,,,
2016-12-06,60.4,62.1,60.0,61.6,720425,EQ,,,
2016-12-07,62.8,65.8,62.1,63.15,5590040,EQ,,,
2016-12-08,64.8,65.4,62.7,63.95,1945118,EQ,,,
2016-12-09,64.75,65.0,63.5,63.75,975657,EQ,,,
2016-12-12,63.55,65.1,62.3,62.9,1431600,EQ,,,
2016-12-13,64.1,64.5,60.7,61.25,1516220,EQ,,,
2016-12-14,61.25,61.3,58.85,59.2,638925,EQ,,,
2016-12-15,59.0,60.15,58.7,59.05,569098,EQ,,,
2016-12-16,59.5,59.7,58.05,58.45,390389,EQ,,,
2016-12-19,58.9,58.9,57.7,57.95,323384,EQ,,,
2016-12-20,57.75,60.3,57.65,58.4,826347,EQ,,,
2016-12-21,58.55,59.2,57.8,57.95,296487,EQ,,,
2016-12-22,58.1,58.3,55.75,56.45,609881,EQ,,,
2016-12-23,55.9,60.15,55.85,58.55,1568975,EQ,,,
2016-12-26,58.25,61.9,57.7,58.2,1888829,EQ,,,
2016-12-27,58.55,59.45,57.5,58.45,525092,EQ,,,
2016-12-28,59.4,60.6,58.8,59.1,732917,EQ,,,
2016-12-29,59.8,59.8,58.4,59.25,392558,EQ,,,
2016-12-30,59.75,60.7,59.3,59.6,487565,EQ,,,
2017-01-02,59.85,64.65,59.3,63.5,7803727,EQ,,,
2017-01-03,63.5,63.9,61.75,62.35,3973525,EQ,,,
2017-01-04,62.65,63.4,61.55,62.0,1386575,EQ,,,
2017-01-05,62.4,64.3,62.2,63.45,3084902,EQ,,,
2017-01-06,63.8,63.95,62.1,62.25,824167,EQ,,,
2017-01-09,62.5,65.3,62.35,64.55,5699319,EQ,,,
2017-01-10,64.75,68.5,63.7,67.85,6769211,EQ,,,
2017-01-11,68.3,69.4,67.1,67.4,3730492,EQ,,,
2017-01-12,67.25,70.4,66.25,69.65,6674268,EQ,,,
2017-01-13,70.0,70.25,67.85,68.2,2337892,EQ,,,
2017-01-16,67.8,69.1,66.9,67.3,2062162,EQ,,,
2017-01-17,67.85,67.9,65.05,65.2,1303567,EQ,,,
2017-01-18,65.6,66.15,64.75,65.05,1491101,EQ,,,
2017-01-19,65.0,69.7,65.0,67.3,3733530,EQ,,,
2017-01-20,67.2,67.2,64.3,64.6,1156783,EQ,,,
2017-01-23,65.0,66.65,64.3,66.1,1001501,EQ,,,
2017-01-24,66.55,66.95,64.6,66.15,932304,EQ,,,
2017-01-25,68.0,70.3,66.5,70.05,5237449,EQ,,,
2017-01-27,70.55,71.0,68.1,68.7,1697013,EQ,,,
2017-01-30,68.7,68.9,67.2,67.6,648953,EQ,,,
2017-01-31,67.3,68.2,66.0,66.35,705677,EQ,,,
2017-02-01,66.85,68.55,66.5,68.0,1010399,EQ,,,
2017-02-02,68.25,70.35,67.5,69.15,1626540,EQ,,,
2017-02-03,69.0,69.75,67.15,67.45,1214645,EQ,,,
2017-02-06,67.95,68.7,67.3,67.55,506373,EQ,,,
2017-02-07,67.6,68.1,66.5,66.9,501646,EQ,,,
2017-02-08,66.95,68.4,66.95,67.9,616855,EQ,,,
2017-02-09,67.95,69.2,67.05,67.55,1119150,EQ,,,
2017-02-10,68.0,71.75,67.75,69.8,5860872,EQ,,,
2017-02-13,70.8,71.8,69.1,69.95,1837631,EQ,,,
2017-02-14,70.25,71.45,69.25,70.0,1086489,EQ,,,
2017-02-15,70.0,70.2,67.0,67.1,746962,EQ,,,
2017-02-16,67.4,69.15,66.55,68.85,903500,EQ,,,
2017-02-17,69.0,69.4,67.4,67.7,493215,EQ,,,
2017-02-20,67.95,69.9,67.9,69.05,751099,EQ,,,
2017-02-21,69.25,72.3,68.85,71.0,2426151,EQ,,,
2017-02-22,71.4,71.95,69.05,69.6,1302014,EQ,,,
2017-02-23,69.7,69.85,68.05,68.2,584666,EQ,,,
2017-02-27,68.3,70.0,67.7,68.15,861922,EQ,,,
2017-02-28,68.2,68.8,67.65,67.85,478264,EQ,,,
2017-03-01,68.1,71.0,68.1,70.45,2085207,EQ,,,
2017-03-02,70.95,71.95,69.0,69.55,1674443,EQ,,,
2017-03-03,69.5,69.85,68.25,68.9,752767,EQ,,,
2017-03-06,69.55,71.05,69.2,69.55,1037460,EQ,,,
2017-03-07,69.5,70.2,68.45,68.7,477079,EQ,,,
2017-03-08,68.95,69.3,67.0,67.25,629423,EQ,,,
2017-03-09,67.1,67.6,66.5,66.65,479344,EQ,,,
2017-03-10,67.15,67.15,64.9,65.15,564817,EQ,,,
2017-03-14,66.95,67.3,65.2,65.45,329577,EQ,,,
2017-03-15,65.9,68.1,65.6,66.95,1108991,EQ,,,
2017-03-16,67.3,69.8,67.25,68.9,1698739,EQ,,,
2017-03-17,69.4,69.45,67.25,67.5,697073,EQ,,,
2017-03-20,68.0,68.6,67.15,67.3,381439,EQ,,,
2017-03-21,67.5,68.1,66.5,67.1,368658,EQ,,,
2017-03-22,66.15,66.45,65.6,66.05,463594,EQ,,,
2017-03-23,66.6,68.25,66.45,67.35,1073528,EQ,,,
2017-03-24,67.75,68.4,66.3,66.75,577136,EQ,,,
2017-03-27,66.7,67.25,65.5,65.75,404092,EQ,,,
2017-03-28,66.0,66.7,65.25,65.4,399607,EQ,,,
2017-03-29,65.95,66.25,65.0,65.2,370050,EQ,,,
2017-03-30,65.4,66.2,65.3,65.45,344398,EQ,,,
2017-03-31,65.75,67.0,65.65,66.1,766571,EQ,,,
2017-04-03,66.5,67.2,66.2,66.85,717990,EQ,,,
2017-04-05,66.6,70.2,66.4,69.1,2015494,EQ,,,
2017-04-06,68.9,70.65,68.5,69.1,939223,EQ,,,
2017-04-07,68.65,69.0,67.05,67.45,645404,EQ,,,
2017-04-10,67.45,68.65,67.4,67.65,373215,EQ,,,
2017-04-11,67.7,69.2,67.5,68.1,574564,EQ,,,
2017-04-12,68.6,68.6,65.9,66.4,599023,EQ,,,
2017-04-13,66.75,67.1,65.7,66.0,991014,EQ,,,
2017-04-17,66.1,67.0,65.45,66.1,449631,EQ,,,
2017-04-18,66.15,67.9,64.2,64.8,750540,EQ,,,
2017-04-19,65.05,65.35,64.2,64.85,419813,EQ,,,
2017-04-20,64.85,66.0,64.85,65.5,357419,EQ,,,
2017-04-21,65.95,67.4,65.1,66.4,879199,EQ,,,
2017-04-24,67.15,67.9,66.25,66.5,577297,EQ,,,
2017-04-25,66.75,67.4,66.05,66.4,447053,EQ,,,
2017-04-26,66.5,67.25,64.75,65.2,457960,EQ,,,
2017-04-27,65.6,65.75,64.8,65.2,248960,EQ,,,
2017-04-28,65.45,66.45,64.8,65.6,473143,EQ,,,
2017-05-02,65.9,66.6,65.5,65.7,346971,EQ,,,
2017-05-03,66.0,67.35,65.45,65.9,678412,EQ,,,
2017-05-04,66.15,66.2,65.1,65.2,339670,EQ,,,
2017-05-05,65.0,65.15,63.25,63.6,486165,EQ,,,
2017-05-08,63.7,64.2,63.4,63.95,296191,EQ,,,
2017-05-09,64.0,64.8,63.6,63.9,494419,EQ,,,
2017-05-10,64.3,64.85,63.7,63.9,579808,EQ,,,
2017-05-11,64.15,64.6,63.45,63.7,368764,EQ,,,
2017-05-12,64.0,64.2,63.0,63.3,273125,EQ,,,
2017-05-15,63.75,66.95,63.5,66.75,1332279,EQ,,,
2017-05-16,67.5,67.7,66.1,66.35,742731,EQ,,,
2017-05-17,66.95,67.45,66.2,66.7,521623,EQ,,,
2017-05-18,68.5,71.95,68.05,68.6,9960547,EQ,,,
2017-05-19,69.5,70.0,67.2,68.1,1144842,EQ,,,
2017-05-22,68.45,69.5,65.6,65.95,757904,EQ,,,
2017-05-23,66.2,66.5,63.5,64.05,598034,EQ,,,
2017-05-24,64.0,64.5,61.75,62.15,476603,EQ,,,
2017-05-25,62.6,63.5,62.1,62.95,355747,EQ,,,
2017-05-26,63.0,65.65,62.85,64.65,514823,EQ,,,
2017-05-29,64.6,65.05,62.6,62.9,405405,EQ,,,
2017-05-30,62.85,63.5,62.0,62.85,344276,EQ,,,
2017-05-31,63.1,64.5,62.75,63.4,408274,EQ,,,
2017-06-01,63.8,63.8,62.7,62.9,289507,EQ,,,
2017-06-02,63.25,63.85,62.85,63.25,332817,EQ,,,
2017-06-05,63.25,63.5,62.5,62.75,237320,EQ,,,
2017-06-06,63.0,63.15,62.0,62.25,200037,EQ,,,
2017-06-07,62.5,63.35,62.15,62.4,251547,EQ,,,
2017-06-08,62.65,66.7,62.4,65.25,3354601,EQ,,,
2017-06-09,64.4,65.2,63.7,64.05,468998,EQ,,,
2017-06-12,63.7,65.65,63.15,64.25,582023,EQ,,,
2017-06-13,64.4,65.15,63.7,63.8,408458,EQ,,,
2017-06-14,64.25,64.9,63.3,64.2,496552,EQ,,,
2017-06-15,64.5,66.8,63.7,65.75,1311622,EQ,,,
2017-06-16,65.9,66.55,64.4,64.7,515498,EQ,,,
2017-06-19,65.4,65.7,64.45,65.1,383563,EQ,,,
2017-06-20,65.4,65.9,64.5,64.75,389810,EQ,,,
2017-06-21,64.1,65.3,64.1,64.3,252781,EQ,,,
2017-06-22,64.5,66.0,64.5,64.95,442481,EQ,,,
2017-06-23,65.0,65.55,63.0,63.7,365205,EQ,,,
2017-06-27,64.0,64.0,62.25,62.65,238246,EQ,,,
2017-06-28,62.7,63.8,62.6,62.85,240285,EQ,,,
2017-06-29,64.0,64.75,64.0,64.2,391522,EQ,,,
2017-06-30,64.0,64.8,63.5,64.0,286705,EQ,,,
2017-07-03,64.5,65.1,64.05,64.7,249331,EQ,,,
2017-07-04,65.0,66.15,64.55,64.95,569563,EQ,,,
2017-07-05,65.5,66.7,65.4,65.9,667749,EQ,,,
2017-07-06,66.0,67.3,65.75,66.05,765107,EQ,,,
2017-07-07,65.65,66.55,65.0,65.15,426320,EQ,,,
2017-07-10,65.0,66.95,65.0,65.5,84963,EQ,,,
2017-07-11,65.65,66.9,65.0,65.15,406215,EQ,,,
2017-07-12,65.5,65.75,65.05,65.3,216659,EQ,,,
2017-07-13,65.75,66.2,64.35,64.85,390920,EQ,,,
2017-07-14,64.9,65.4,64.1,64.3,221261,EQ,,,
2017-07-17,64.35,65.5,64.0,64.85,314252,EQ,,,
2017-07-18,64.9,66.2,64.7,65.0,499240,EQ,,,
2017-07-19,65.7,65.95,65.0,65.45,327417,EQ,,,
2017-07-20,65.5,66.5,65.0,65.15,333343,EQ,,,
2017-07-21,65.25,65.9,65.1,65.5,333644,EQ,,,
2017-07-24,65.5,66.5,65.0,65.1,429147,EQ,,,
2017-07-25,65.65,67.0,65.65,66.15,694911,EQ,,,
2017-07-26,67.0,71.35,67.0,70.15,4345713,EQ,,,
2017-07-27,70.8,75.0,70.2,71.1,4424998,EQ,,,
2017-07-28,70.5,71.45,68.85,69.75,1158845,EQ,,,
2017-07-31,69.8,70.9,69.3,69.65,639938,EQ,,,
2017-08-01,70.2,72.6,70.0,70.55,1156741,EQ,,,
2017-08-02,65.75,65.9,64.95,65.05,4677279,EQ,,,
2017-08-03,64.2,64.2,62.1,62.35,5954936,EQ,,,
2017-08-04,61.5,62.55,61.35,62.25,2729465,EQ,,,
2017-08-07,62.45,62.7,61.65,61.95,835474,EQ,,,
2017-08-08,62.3,64.55,62.0,63.8,2829129,EQ,,,
2017-08-09,63.8,63.8,61.9,62.45,923774,EQ,,,
2017-08-10,62.1,62.4,60.05,60.9,784574,EQ,,,
2017-08-11,60.05,60.85,59.05,59.9,621169,EQ,,,
2017-08-14,62.9,63.5,61.2,62.0,1057012,EQ,,,
2017-08-16,62.6,63.3,61.75,63.0,654004,EQ,,,
2017-08-17,63.4,64.5,62.6,62.95,896242,EQ,,,
2017-08-18,62.55,63.85,62.15,62.4,450381,EQ,,,
2017-08-21,62.85,63.3,61.0,61.55,646000,EQ,,,
2017-08-22,61.85,62.4,60.85,61.1,341130,EQ,,,
2017-08-23,61.5,62.9,61.3,62.05,584875,EQ,,,
2017-08-24,62.2,62.6,61.75,61.95,286856,EQ,,,
2017-08-28,62.05,62.75,61.95,62.2,448380,EQ,,,
2017-08-29,62.0,62.6,61.0,61.25,438213,EQ,,,
2017-08-30,61.75,62.5,61.6,62.15,469105,EQ,,,
2017-08-31,62.1,63.0,61.9,62.5,511355,EQ,,,
2017-09-01,62.75,63.95,62.4,63.55,1145420,EQ,,,
2017-09-04,63.95,64.5,62.2,62.7,621273,EQ,,,
2017-09-05,63.0,64.55,63.0,64.3,1977720,EQ,,,
2017-09-06,63.8,65.4,63.55,64.5,1358076,EQ,,,
2017-09-07,64.95,66.35,64.0,64.7,3501850,EQ,,,
2017-09-08,65.0,65.8,63.7,63.9,1719794,EQ,,,
2017-09-11,64.4,65.4,63.8,64.55,1032643,EQ,,,
2017-09-12,64.55,66.5,64.55,64.8,2305139,EQ,,,
2017-09-13,65.0,65.65,63.3,63.7,923485,EQ,,,
2017-09-14,63.7,64.2,62.25,62.4,1471898,EQ,,,
2017-09-15,62.5,62.8,62.0,62.15,735004,EQ,,,
2017-09-18,62.4,63.15,62.3,62.6,772863,EQ,,,
2017-09-19,63.0,63.8,62.55,62.7,1237720,EQ,,,
2017-09-20,63.25,64.0,62.8,63.0,2073110,EQ,,,
2017-09-21,63.5,63.7,61.75,62.4,973328,EQ,,,
2017-09-22,62.3,62.3,60.05,60.3,951181,EQ,,,
2017-09-25,60.85,61.25,58.05,58.6,982308,EQ,,,
2017-09-26,58.9,59.05,57.65,58.45,852395,EQ,,,
2017-09-27,58.95,58.95,56.55,56.8,1209148,EQ,,,
2017-09-28,57.1,58.7,56.75,57.95,863958,EQ,,,
2017-09-29,58.45,59.6,58.0,58.3,1271011,EQ,,,
2017-10-03,59.0,59.25,58.05,58.25,445701,EQ,,,
2017-10-04,58.6,59.0,58.05,58.5,390221,EQ,,,
2017-10-05,58.5,63.4,58.3,60.8,3785551,EQ,,,
2017-10-06,61.45,63.95,61.3,63.7,2837623,EQ,,,
2017-10-09,64.3,65.5,63.55,64.05,1739448,EQ,,,
2017-10-10,64.15,64.9,63.75,64.15,1098671,EQ,,,
2017-10-11,64.5,65.3,61.65,62.15,3664170,EQ,,,
2017-10-12,62.9,64.1,61.5,63.2,856109,EQ,,,
2017-10-13,63.25,64.0,62.55,62.75,618778,EQ,,,
2017-10-16,63.25,64.1,62.15,62.85,983999,EQ,,,
2017-10-17,63.15,64.3,63.0,63.5,926402,EQ,,,
2017-10-18,62.8,63.45,62.55,63.05,659310,EQ,,,
2017-10-19,63.3,63.9,63.05,63.45,367215,EQ,,,
2017-10-23,63.45,66.35,63.2,65.1,2363093,EQ,,,
2017-10-24,65.7,66.5,64.35,64.7,1898109,EQ,,,
2017-10-25,65.25,68.4,63.6,67.7,3576728,EQ,,,
2017-10-26,67.8,71.45,67.0,69.85,6720656,EQ,,,
2017-10-27,70.4,71.0,69.05,69.75,3723544,EQ,,,
2017-10-30,70.3,72.4,69.45,69.9,3209681,EQ,,,
2017-10-31,70.2,70.9,69.1,69.45,1752826,EQ,,,
2017-11-01,70.2,77.0,70.05,75.65,21012998,EQ,,,
2017-11-02,76.4,85.7,76.0,82.5,39706271,EQ,,,
2017-11-03,84.1,88.1,84.1,86.75,17892172,EQ,,,
2017-11-06,88.0,104.1,87.3,103.65,47231155,EQ,,,
2017-11-07,109.0,110.5,98.35,99.4,32205515,EQ,,,
2017-11-08,99.4,104.0,93.8,95.1,16771944,EQ,,,
2017-11-09,96.1,101.9,93.35,100.4,13384229,EQ,,,
2017-11-10,99.95,103.45,97.55,99.5,10468970,EQ,,,
2017-11-13,101.9,104.35,98.5,98.9,9906598,EQ,,,
2017-11-14,99.5,100.25,96.1,97.05,4568521,EQ,,,
2017-11-15,96.15,96.2,88.0,88.85,9050334,EQ,,,
2017-11-16,89.55,97.7,89.0,97.2,10686437,EQ,,,
2017-11-17,99.7,101.3,95.5,96.95,8325837,EQ,,,
2017-11-20,96.4,99.5,95.0,97.75,4690341,EQ,,,
2017-11-21,98.7,101.4,97.35,98.4,5556199,EQ,,,
2017-11-22,99.0,101.4,97.1,98.65,4469753,EQ,,,
2017-11-23,99.0,100.65,96.45,97.65,4211197,EQ,,,
2017-11-24,97.9,99.4,96.8,97.05,2975531,EQ,,,
2017-11-27,97.4,100.95,95.8,99.45,6845731,EQ,,,
2017-11-28,99.7,103.25,98.6,99.55,9949647,EQ,,,
2017-11-29,99.5,100.75,96.9,97.65,4239512,EQ,,,
2017-11-30,97.5,97.75,94.55,94.9,3527704,EQ,,,
2017-12-01,95.5,97.75,92.4,92.8,3010307,EQ,,,
2017-12-04,93.55,94.25,90.15,91.0,2728738,EQ,,,
2017-12-05,91.0,93.7,88.7,92.45,3554864,EQ,,,
2017-12-06,91.8,91.8,87.85,88.2,3105998,EQ,,,
2017-12-07,88.8,91.2,88.7,90.15,2757822,EQ,,,
2017-12-08,90.8,93.55,90.5,91.3,4183291,EQ,,,
2017-12-11,91.55,92.7,90.55,90.95,2123544,EQ,,,
2017-12-12,91.15,91.65,89.0,89.25,2437496,EQ,,,
2017-12-13,90.45,96.7,89.55,92.8,12381255,EQ,,,
2017-12-14,93.7,94.25,90.05,91.1,3598398,EQ,,,
2017-12-15,92.4,93.35,90.95,91.35,2442935,EQ,,,
2017-12-18,90.8,93.3,86.65,91.6,3291532,EQ,,,
2017-12-19,91.9,93.6,91.1,91.5,5122314,EQ,,,
2017-12-20,91.7,93.5,91.1,91.5,4563189,EQ,,,
2017-12-21,92.0,93.1,91.55,92.0,3210436,EQ,,,
2017-12-22,92.65,96.4,92.1,93.7,9795557,EQ,,,
2017-12-26,94.2,94.65,92.3,92.9,3196646,EQ,,,
2017-12-27,94.05,100.2,94.0,96.15,17461000,EQ,,,
2017-12-28,97.4,105.0,97.4,102.55,21861763,EQ,,,
2017-12-29,104.0,105.6,100.1,101.0,8963867,EQ,,,
2018-01-01,101.5,103.25,99.35,99.85,4391787,EQ,,,
2018-01-02,100.5,100.75,96.5,97.8,4589076,EQ,,,
2018-01-03,98.3,101.5,97.4,100.1,5905956,EQ,,,
2018-01-04,100.7,102.7,99.15,99.9,6113289,EQ,,,
2018-01-05,100.3,101.95,99.2,99.5,4228939,EQ,,,
2018-01-08,100.0,100.4,97.15,97.45,4986645,EQ,,,
2018-01-09,98.0,98.5,94.55,95.25,4575534,EQ,,,
2018-01-10,95.3,97.2,93.65,94.1,3794001,EQ,,,
2018-01-11,94.5,95.7,93.8,94.75,2968980,EQ,,,
2018-01-12,95.3,95.8,91.55,93.3,3084786,EQ,,,
2018-01-15,93.85,94.75,93.1,93.5,2112054,EQ,,,
2018-01-16,93.95,94.0,90.05,90.55,2617015,EQ,,,
2018-01-17,90.6,92.2,86.65,91.55,3428566,EQ,,,
2018-01-18,92.25,92.65,86.25,87.2,3288069,EQ,,,
2018-01-19,87.4,88.1,85.0,86.9,2409283,EQ,,,
2018-01-22,87.4,91.9,86.25,90.35,4096212,EQ,,,
2018-01-23,91.25,93.0,89.25,90.35,3762804,EQ,,,
2018-01-24,90.3,90.4,87.1,87.4,1957549,EQ,,,
2018-01-25,88.1,90.45,87.05,87.25,3017334,EQ,,,
2018-01-29,88.4,88.9,85.55,85.85,1873152,EQ,,,
2018-01-30,85.95,87.9,84.5,84.95,2317452,EQ,,,
2018-01-31,85.0,86.75,83.0,85.0,3085286,EQ,,,
2018-02-01,84.0,84.0,78.5,80.15,4365717,EQ,,,
2018-02-02,79.0,80.0,74.0,76.55,4322816,EQ,,,
2018-02-05,74.5,76.75,72.0,75.65,3787876,EQ,,,
2018-02-06,70.0,74.65,69.55,73.55,3549403,EQ,,,
2018-02-07,75.5,76.3,73.15,74.0,2101932,EQ,,,
2018-02-08,74.5,80.25,73.45,79.65,3999646,EQ,,,
2018-02-09,77.0,81.3,76.3,79.2,3510327,EQ,,,
2018-02-12,80.1,81.6,79.35,79.8,2185373,EQ,,,
2018-02-14,80.3,81.5,79.0,79.35,1649523,EQ,,,
2018-02-15,80.0,80.6,77.2,78.25,1495295,EQ,,,
2018-02-16,79.25,79.7,75.85,76.4,1423420,EQ,,,
2018-02-19,76.5,76.5,74.0,74.5,1122504,EQ,,,
2018-02-20,74.5,75.8,73.8,74.6,1193084,EQ,,,
2018-02-21,75.2,75.4,73.0,73.3,1264816,EQ,,,
2018-02-22,73.0,73.95,72.3,73.1,1336594,EQ,,,
2018-02-23,73.1,75.0,73.1,74.45,1525787,EQ,,,
2018-02-26,74.7,75.75,73.9,74.3,1573575,EQ,,,
2018-02-27,74.85,75.5,73.65,73.9,1447206,EQ,,,
2018-02-28,73.05,73.9,72.5,73.0,1092095,EQ,,,
2018-03-01,72.9,73.85,72.1,72.55,1148629,EQ,,,
2018-03-05,72.0,72.25,70.0,71.0,1363819,EQ,,,
2018-03-06,71.65,72.4,68.6,69.6,1094452,EQ,,,
2018-03-07,68.8,69.4,65.0,65.3,2087286,EQ,,,
2018-03-08,66.4,66.4,62.6,64.55,1334047,EQ,,,
2018-03-09,64.8,65.15,62.9,63.65,1195667,EQ,,,
2018-03-12,64.35,67.3,63.5,64.75,1942505,EQ,,,
2018-03-13,64.7,67.25,64.6,65.85,2108466,EQ,,,
2018-03-14,65.3,66.3,64.8,65.75,1070465,EQ,,,
2018-03-15,66.5,75.6,66.5,74.15,15549918,EQ,,,
2018-03-16,74.0,75.65,71.4,71.7,6040991,EQ,,,
2018-03-19,72.25,72.4,66.5,67.3,2738187,EQ,,,
2018-03-20,65.85,69.5,65.65,67.1,2098547,EQ,,,
2018-03-21,67.35,69.3,66.2,67.0,1425148,EQ,,,
2018-03-22,67.35,68.05,65.8,66.1,1508091,EQ,,,
2018-03-23,64.2,65.1,62.8,63.2,1852383,EQ,,,
2018-03-26,63.2,65.2,62.45,63.55,2829102,EQ,,,
2018-03-27,64.05,65.35,64.05,64.4,1669234,EQ,,,
2018-03-28,64.0,64.2,62.7,62.9,1375505,EQ,,,
2018-04-02,63.9,65.15,63.4,64.9,1459845,EQ,,,
2018-04-03,64.5,68.3,64.5,67.5,3173187,EQ,,,
2018-04-04,67.85,68.4,65.5,66.05,2373809,EQ,,,
2018-04-05,66.9,68.6,66.9,68.2,1685379,EQ,,,
2018-04-06,68.1,74.8,67.4,72.1,7519072,EQ,,,
2018-04-09,72.0,72.5,70.65,71.4,2355726,EQ,,,
2018-04-10,72.25,74.25,71.65,72.8,3430130,EQ,,,
2018-04-11,73.4,74.9,71.7,74.3,3321999,EQ,,,
2018-04-12,74.3,75.1,72.7,73.45,3165849,EQ,,,
2018-04-13,73.3,74.05,71.85,72.4,1600750,EQ,,,
2018-04-16,71.3,72.9,71.25,72.05,1244104,EQ,,,
2018-04-17,72.75,74.1,72.1,72.35,1570128,EQ,,,
2018-04-18,72.7,72.9,71.2,71.4,955600,EQ,,,
2018-04-19,72.9,82.05,72.6,79.8,27396298,EQ,,,
2018-04-20,78.5,78.8,76.0,77.05,5374298,EQ,,,
2018-04-23,77.3,78.5,76.2,76.65,3094016,EQ,,,
2018-04-24,75.7,75.75,74.1,74.65,2423737,EQ,,,
2018-04-25,74.0,77.25,74.0,75.3,3401736,EQ,,,
2018-04-26,75.35,76.35,74.25,74.45,1954278,EQ,,,
2018-04-27,74.8,75.6,74.0,74.15,1394736,EQ,,,
2018-04-30,74.5,74.7,73.0,73.35,1302745,EQ,,,
2018-05-02,73.7,73.9,70.05,70.65,1284273,EQ,,,
2018-05-03,70.55,71.95,70.1,70.4,1068621,EQ,,,
2018-05-04,70.5,71.25,69.0,69.65,1036548,EQ,,,
2018-05-07,70.0,70.9,69.65,70.1,1080649,EQ,,,
2018-05-08,70.6,74.35,69.8,72.25,2968461,EQ,,,
2018-05-09,72.4,73.6,71.5,71.7,1184816,EQ,,,
2018-05-10,71.9,73.0,70.6,71.05,1452132,EQ,,,
2018-05-11,71.4,76.8,71.15,74.0,6339367,EQ,,,
2018-05-14,74.6,75.1,71.6,72.4,1320081,EQ,,,
2018-05-15,72.4,74.35,70.4,70.85,1673302,EQ,,,
2018-05-16,70.7,71.25,69.15,70.25,1405146,EQ,,,
2018-05-17,70.55,72.3,70.55,71.5,1080392,EQ,,,
2018-05-18,71.65,72.2,69.0,69.25,996906,EQ,,,
2018-05-21,69.9,70.5,67.4,67.95,993920,EQ,,,
2018-05-22,67.75,69.65,67.75,68.7,984018,EQ,,,
2018-05-23,68.75,73.75,68.6,70.0,2910170,EQ,,,
2018-05-24,70.5,71.7,69.8,70.3,1154617,EQ,,,
2018-05-25,70.7,71.85,70.6,71.15,1291727,EQ,,,
2018-05-28,71.65,72.25,70.8,71.35,984121,EQ,,,
2018-05-29,72.5,77.0,72.1,74.95,5882151,EQ,,,
2018-05-30,74.65,76.5,74.3,75.75,2336352,EQ,,,
2018-05-31,72.0,72.75,70.15,70.45,2722228,EQ,,,
2018-06-01,70.05,71.8,68.1,68.75,1679272,EQ,,,
2018-06-04,69.45,69.8,66.15,66.5,1262690,EQ,,,
2018-06-05,67.0,67.55,64.25,64.6,1294209,EQ,,,
2018-06-06,65.7,67.65,64.25,67.3,2312598,EQ,,,
2018-06-07,68.9,70.5,68.3,69.85,2336659,EQ,,,
2018-06-08,70.0,71.7,69.6,70.55,1953108,EQ,,,
2018-06-11,70.75,71.7,70.15,70.45,1012468,EQ,,,
2018-06-12,70.35,74.4,69.8,73.4,5665388,EQ,,,
2018-06-13,73.0,73.2,71.0,71.35,1975055,EQ,,,
2018-06-14,71.75,73.7,71.3,73.0,4322615,EQ,,,
2018-06-15,73.0,73.45,71.05,71.6,1670196,EQ,,,
2018-06-18,70.8,73.1,69.65,70.8,2955574,EQ,,,
2018-06-19,70.25,71.2,69.15,69.55,1339348,EQ,,,
2018-06-20,69.55,70.4,69.15,69.55,1118095,EQ,,,
2018-06-21,69.6,69.8,67.85,68.15,1040429,EQ,,,
2018-06-22,67.95,68.5,67.05,67.5,970126,EQ,,,
2018-06-25,67.3,68.8,66.2,66.45,1283594,EQ,,,
2018-06-26,66.15,67.25,65.05,65.25,898178,EQ,,,
2018-06-27,65.4,65.75,61.75,62.05,1531078,EQ,,,
2018-06-28,61.7,62.9,60.25,60.65,1307020,EQ,,,
2018-06-29,61.8,62.65,61.25,62.4,1041245,EQ,,,
2018-07-02,62.75,63.0,60.4,60.85,1157436,EQ,,,
2018-07-03,60.9,61.9,60.05,60.9,1147051,EQ,,,
2018-07-04,60.7,61.9,60.25,60.85,1290923,EQ,,,
2018-07-05,60.6,61.1,60.3,60.4,677447,EQ,,,
2018-07-06,60.15,61.4,60.0,60.55,1398841,EQ,,,
2018-07-09,61.0,61.75,60.75,61.25,873674,EQ,,,
2018-07-10,61.7,63.2,61.4,62.4,1537253,EQ,,,
2018-07-11,62.4,62.6,60.8,61.1,968497,EQ,,,
2018-07-12,61.4,63.0,60.3,60.7,1438591,EQ,,,
2018-07-13,61.0,61.1,58.5,59.4,927554,EQ,,,
2018-07-16,59.4,59.6,55.85,56.8,1070964,EQ,,,
2018-07-17,56.95,57.4,55.0,57.0,845078,EQ,,,
2018-07-18,57.45,57.8,54.55,54.9,1014142,EQ,,,
2018-07-19,55.85,55.85,53.85,54.5,712400,EQ,,,
2018-07-20,53.9,54.5,53.1,53.75,710186,EQ,,,
2018-07-23,54.0,56.45,53.75,55.9,1067724,EQ,,,
2018-07-24,56.0,58.7,56.0,58.0,1460455,EQ,,,
2018-07-25,58.5,59.15,57.45,58.1,1065982,EQ,,,
2018-07-26,58.3,58.8,57.3,58.05,732551,EQ,,,
2018-07-27,58.25,60.9,58.0,59.95,1270928,EQ,,,
2018-07-30,60.7,61.4,59.65,60.4,1215414,EQ,,,
2018-07-31,60.5,61.4,59.7,60.1,1161837,EQ,,,
2018-08-01,60.9,67.7,60.9,65.0,7258634,EQ,,,
2018-08-02,65.45,67.5,63.9,64.65,3712707,EQ,,,
2018-08-03,65.0,66.5,63.1,63.65,2055912,EQ,,,
2018-08-06,64.05,64.45,62.75,63.7,990127,EQ,,,
2018-08-07,64.0,64.75,62.5,63.2,1290229,EQ,,,
2018-08-08,63.1,64.0,62.45,62.8,914914,EQ,,,
2018-08-09,63.3,64.4,63.2,63.9,1245576,EQ,,,
2018-08-10,65.95,66.5,64.15,64.65,2525552,EQ,,,
2018-08-13,63.7,63.7,62.1,62.85,955899,EQ,,,
2018-08-14,62.65,63.25,61.0,61.55,998811,EQ,,,
2018-08-16,61.05,61.05,60.0,60.6,813331,EQ,,,
2018-08-17,60.9,61.5,60.5,60.9,680887,EQ,,,
2018-08-20,61.3,62.35,60.8,62.05,1119642,EQ,,,
2018-08-21,62.4,62.5,61.2,61.55,674233,EQ,,,
2018-08-23,61.6,61.75,60.1,60.55,602880,EQ,,,
2018-08-24,60.55,60.6,59.25,59.75,842036,EQ,,,
2018-08-27,60.25,61.7,60.1,60.95,1068565,EQ,,,
2018-08-28,60.95,61.7,60.1,60.55,886799,EQ,,,
2018-08-29,61.1,62.2,60.7,60.95,1290272,EQ,,,
2018-08-30,62.8,66.9,62.8,63.45,4026232,EQ,,,
2018-08-31,64.0,64.1,62.35,63.0,1284906,EQ,,,
2018-09-03,63.2,63.7,62.5,62.7,962021,EQ,,,
2018-09-04,62.75,62.75,60.4,60.8,694486,EQ,,,
2018-09-05,60.15,60.4,58.7,59.5,839724,EQ,,,
2018-09-06,60.3,60.45,58.8,59.25,752865,EQ,,,
2018-09-07,59.5,60.9,58.5,59.8,1147740,EQ,,,
2018-09-10,59.5,60.0,58.45,58.65,693502,EQ,,,
2018-09-11,59.75,60.7,58.4,58.75,1157976,EQ,,,
2018-09-12,58.65,58.75,57.05,57.85,597905,EQ,,,
2018-09-14,58.35,59.35,58.3,58.9,750692,EQ,,,
2018-09-17,58.05,61.2,58.05,60.65,1488599,EQ,,,
2018-09-18,60.6,63.9,60.6,61.05,1730396,EQ,,,
2018-09-19,61.4,62.35,60.3,60.8,924618,EQ,,,
2018-09-21,61.1,62.35,55.65,58.75,1625779,EQ,,,
2018-09-24,59.1,59.4,56.1,56.55,831426,EQ,,,
2018-09-25,56.2,56.55,55.05,55.85,790040,EQ,,,
2018-09-26,56.25,56.7,55.05,55.5,1059682,EQ,,,
2018-09-27,55.75,56.35,54.2,54.6,660874,EQ,,,
2018-09-28,55.0,55.15,50.1,51.0,1035625,EQ,,,
2018-10-01,51.2,51.25,47.0,49.85,1005806,EQ,,,
2018-10-03,49.95,52.9,48.7,51.35,1014685,EQ,,,
2018-10-04,50.75,52.8,50.4,50.65,873943,EQ,,,
2018-10-05,50.85,50.85,46.5,47.2,1082602,EQ,,,
2018-10-08,47.25,47.45,45.25,46.0,809013,EQ,,,
2018-10-09,46.3,46.45,45.05,45.3,666643,EQ,,,
2018-10-10,45.55,48.25,45.55,47.5,935524,EQ,,,
2018-10-11,46.35,53.0,45.45,51.85,3819144,EQ,,,
2018-10-12,51.95,53.65,51.1,51.5,1910949,EQ,,,
2018-10-15,51.75,52.8,50.7,52.1,991559,EQ,,,
2018-10-16,52.2,53.0,51.35,52.4,720273,EQ,,,
2018-10-17,52.95,53.2,50.0,50.4,669861,EQ,,,
2018-10-19,49.4,50.35,47.25,47.95,930418,EQ,,,
2018-10-22,48.25,48.85,47.0,47.8,520352,EQ,,,
2018-10-23,46.2,49.2,46.2,48.45,844058,EQ,,,
2018-10-24,48.75,49.15,47.55,47.9,490501,EQ,,,
2018-10-25,47.35,47.85,46.7,47.35,476585,EQ,,,
2018-10-26,47.4,48.4,46.65,47.2,590294,EQ,,,
2018-10-29,47.4,48.65,47.0,48.25,553052,EQ,,,
2018-10-30,48.5,49.6,48.4,48.9,684531,EQ,,,
2018-10-31,49.0,50.1,47.9,49.3,687763,EQ,,,
2018-11-01,49.7,51.0,49.4,50.55,1135094,EQ,,,
2018-11-02,50.8,52.0,50.8,51.3,1151429,EQ,,,
2018-11-05,51.2,52.45,50.6,51.95,925598,EQ,,,
2018-11-06,52.2,52.45,51.6,51.85,495537,EQ,,,
2018-11-07,52.2,52.65,51.55,52.3,313349,EQ,,,
2018-11-09,52.95,53.45,52.35,52.8,657405,EQ,,,
2018-11-12,52.95,53.3,51.4,51.7,689337,EQ,,,
2018-11-13,52.0,52.75,51.65,52.2,551915,EQ,,,
2018-11-14,52.6,52.7,51.0,51.3,480760,EQ,,,
2018-11-15,51.2,51.2,50.2,50.6,404552,EQ,,,
2018-11-16,50.6,51.35,50.35,50.8,489938,EQ,,,
2018-11-19,50.95,51.4,50.45,50.9,755204,EQ,,,
2018-11-20,50.6,52.5,50.5,51.35,1289475,EQ,,,
2018-11-21,51.2,51.5,50.5,50.7,503386,EQ,,,
2018-11-22,50.85,51.25,49.6,49.85,577280,EQ,,,
2018-11-26,50.25,50.25,48.7,49.2,528214,EQ,,,
2018-11-27,49.0,49.35,48.6,48.9,597929,EQ,,,
2018-11-28,48.55,49.1,48.1,48.35,500059,EQ,,,
2018-11-29,48.55,48.7,47.5,47.85,594629,EQ,,,
2018-11-30,47.85,48.45,47.65,48.1,448280,EQ,,,
2018-12-03,49.5,49.8,48.6,49.05,418316,EQ,,,
2018-12-04,48.75,49.75,48.6,48.85,473792,EQ,,,
2018-12-05,48.3,49.15,47.65,48.1,480529,EQ,,,
2018-12-06,47.65,47.8,47.0,47.3,364615,EQ,,,
2018-12-07,47.2,47.7,46.5,46.7,388840,EQ,,,
2018-12-10,45.5,46.35,45.3,45.5,366477,EQ,,,
2018-12-11,45.0,46.7,44.8,46.35,409625,EQ,,,
2018-12-12,46.55,48.2,46.55,47.65,569698,EQ,,,
2018-12-13,48.0,49.1,47.7,48.25,849948,EQ,,,
2018-12-14,48.0,48.5,47.8,48.1,300417,EQ,,,
2018-12-17,48.3,52.9,48.3,51.1,2537763,EQ,,,
2018-12-18,50.8,51.5,49.25,50.4,781375,EQ,,,
2018-12-19,50.45,51.45,50.05,50.35,546788,EQ,,,
2018-12-20,50.0,52.0,49.7,50.85,942141,EQ,,,
2018-12-21,50.95,51.75,49.8,50.7,879600,EQ,,,
2018-12-24,50.9,51.35,49.85,50.15,392420,EQ,,,
2018-12-26,49.8,49.85,49.1,49.7,538850,EQ,,,
2018-12-27,51.0,52.0,50.25,50.5,759242,EQ,,,
2018-12-28,50.8,51.4,50.6,50.75,586213,EQ,,,
2018-12-31,51.35,53.0,51.2,52.45,2986914,EQ,,,
2019-01-01,52.5,52.7,51.7,52.1,978575,EQ,,,
2019-01-02,51.6,51.7,50.55,50.8,486138,EQ,,,
2019-01-03,50.5,50.85,49.8,50.3,523088,EQ,,,
2019-01-04,50.1,50.65,49.5,50.1,517797,EQ,,,
2019-01-07,50.85,51.2,50.15,50.4,574353,EQ,,,
2019-01-08,50.4,50.7,49.65,49.95,277462,EQ,,,
2019-01-09,50.2,50.45,49.3,49.6,406039,EQ,,,
2019-01-10,49.65,49.65,49.05,49.2,375422,EQ,,,
2019-01-11,49.7,50.2,49.25,49.45,449836,EQ,,,
2019-01-14,49.25,49.75,48.5,49.35,479828,EQ,,,
2019-01-15,49.75,50.2,49.35,49.55,345564,EQ,,,
2019-01-16,49.75,50.8,49.6,50.1,562962,EQ,,,
2019-01-17,50.3,50.55,49.5,49.85,257293,EQ,,,
2019-01-18,49.85,50.05,48.9,49.15,320340,EQ,,,
2019-01-21,49.5,49.6,48.5,48.65,461393,EQ,,,
2019-01-22,48.4,48.45,47.4,47.9,374530,EQ,,,
2019-01-23,48.2,48.7,47.7,47.95,474316,EQ,,,
2019-01-24,47.6,47.9,47.0,47.2,283628,EQ,,,
2019-01-25,47.25,47.7,45.9,46.25,441874,EQ,,,
2019-01-28,46.1,46.2,45.0,45.5,305820,EQ,,,
2019-01-29,45.4,46.3,45.0,45.4,351783,EQ,,,
2019-01-30,45.7,46.25,45.3,45.95,366756,EQ,,,
2019-01-31,46.5,46.65,45.85,46.35,348903,EQ,,,
2019-02-01,46.5,46.9,45.6,45.95,306758,EQ,,,
2019-02-04,46.05,46.5,44.8,45.0,415215,EQ,,,
2019-02-05,45.05,45.35,44.1,44.3,308166,EQ,,,
2019-02-06,44.2,44.95,43.55,44.35,468415,EQ,,,
2019-02-07,44.75,44.95,44.0,44.35,295263,EQ,,,
2019-02-08,43.75,44.55,43.6,43.95,263511,EQ,,,
2019-02-11,44.0,44.5,43.0,43.5,319106,EQ,,,
2019-02-12,45.0,46.4,44.25,45.6,1781702,EQ,,,
2019-02-13,45.1,45.6,43.8,44.1,497688,EQ,,,
2019-02-14,44.1,45.9,43.35,45.15,565145,EQ,,,
2019-02-15,44.95,44.95,43.25,43.6,442892,EQ,,,
2019-02-18,43.6,43.85,43.0,43.15,264084,EQ,,,
2019-02-19,43.4,45.3,43.35,44.3,506910,EQ,,,
2019-02-20,44.5,45.2,44.3,44.55,391153,EQ,,,
2019-02-21,44.7,45.45,44.25,44.8,365881,EQ,,,
2019-02-22,44.8,45.55,44.55,45.05,451010,EQ,,,
2019-02-25,45.05,46.75,45.05,46.45,587009,EQ,,,
2019-02-26,46.15,46.15,45.0,45.4,509709,EQ,,,
2019-02-27,45.85,46.95,44.55,45.2,732436,EQ,,,
2019-02-28,45.55,46.0,45.2,45.7,318977,EQ,,,
2019-03-01,46.5,47.7,46.25,47.2,1337681,EQ,,,
2019-03-05,47.3,50.7,47.25,50.0,2223281,EQ,,,
2019-03-06,51.8,52.75,50.65,51.2,2132625,EQ,,,
2019-03-07,51.6,51.65,49.8,50.05,707554,EQ,,,
2019-03-08,49.5,50.6,49.05,49.3,622626,EQ,,,
2019-03-11,49.15,50.5,49.15,50.3,712258,EQ,,,
2019-03-12,50.35,51.2,50.05,50.25,776571,EQ,,,
2019-03-13,50.35,50.35,48.9,49.15,601863,EQ,,,
2019-03-14,49.15,49.8,48.65,48.8,401428,EQ,,,
2019-03-15,48.8,49.3,48.2,48.45,426374,EQ,,,
2019-03-18,48.6,49.65,48.55,49.2,651392,EQ,,,
2019-03-19,49.45,51.6,48.75,50.6,1992620,EQ,,,
2019-03-20,50.5,50.8,49.2,49.4,626541,EQ,,,
2019-03-22,49.35,50.2,48.1,48.55,636005,EQ,,,
2019-03-25,48.0,48.6,47.3,47.7,444370,EQ,,,
2019-03-26,48.2,49.4,47.55,48.1,667090,EQ,,,
2019-03-27,48.5,48.65,47.8,48.2,658119,EQ,,,
2019-03-28,48.65,49.1,48.2,48.5,427776,EQ,,,
2019-03-29,48.95,49.7,48.7,48.95,729042,EQ,,,
2019-04-01,49.7,51.5,49.7,49.95,1374422,EQ,,,
2019-04-02,50.1,50.35,49.3,49.6,534276,EQ,,,
2019-04-03,49.95,50.4,48.95,49.55,808590,EQ,,,
2019-04-04,49.9,50.25,48.5,48.7,615880,EQ,,,
2019-04-05,49.6,50.3,49.3,50.05,1549401,EQ,,,
2019-04-08,50.0,51.25,49.3,50.0,1272186,EQ,,,
2019-04-09,50.0,50.5,49.5,49.9,513054,EQ,,,
2019-04-10,49.45,50.75,49.3,49.6,806530,EQ,,,
2019-04-11,49.6,49.9,49.15,49.35,392529,EQ,,,
2019-04-12,49.6,50.0,49.2,49.35,418329,EQ,,,
2019-04-15,49.6,50.95,49.35,50.3,935588,EQ,,,
2019-04-16,50.5,51.0,50.0,50.1,667394,EQ,,,
2019-04-18,50.65,50.7,48.75,49.0,631179,EQ,,,
2019-04-22,48.85,48.85,48.0,48.2,348328,EQ,,,
2019-04-23,48.55,49.35,48.25,48.55,576467,EQ,,,
2019-04-24,48.8,49.2,48.6,48.9,398748,EQ,,,
2019-04-25,48.75,49.15,47.55,47.95,431032,EQ,,,
2019-04-26,47.95,48.1,47.5,47.75,321256,EQ,,,
2019-04-30,47.75,47.75,45.85,46.05,505957,EQ,,,
2019-05-02,45.75,47.35,45.2,46.3,494202,EQ,,,
2019-05-03,46.4,46.6,45.85,45.9,223449,EQ,,,
2019-05-06,45.05,46.0,44.05,44.95,408500,EQ,,,
2019-05-07,45.25,45.3,43.6,43.85,457064,EQ,,,
2019-05-08,43.65,44.2,43.15,43.3,474404,EQ,,,
2019-05-09,43.3,44.15,43.05,43.2,442093,EQ,,,
2019-05-10,43.35,43.7,42.8,42.9,504873,EQ,,,
2019-05-13,42.9,43.2,41.9,42.05,329781,EQ,,,
2019-05-14,42.0,42.0,41.1,41.3,460187,EQ,,,
2019-05-15,41.65,42.3,40.45,40.6,466148,EQ,,,
2019-05-16,40.9,41.1,40.1,40.5,429644,EQ,,,
2019-05-17,40.65,40.9,39.75,40.1,560173,EQ,,,
2019-05-20,41.9,43.15,40.85,41.1,1345155,EQ,,,
2019-05-21,41.5,42.2,40.45,40.55,639298,EQ,,,
2019-05-22,40.7,41.1,40.2,40.55,675993,EQ,,,
2019-05-23,41.75,41.8,39.5,40.1,992452,EQ,,,
2019-05-24,40.7,42.3,40.4,42.05,1139462,EQ,,,
2019-05-27,42.35,44.7,42.1,43.35,1366499,EQ,,,
2019-05-28,43.7,46.2,43.55,45.25,2887965,EQ,,,
2019-05-29,46.4,47.4,45.2,45.7,2437336,EQ,,,
2019-05-30,45.75,46.2,45.05,45.45,701043,EQ,,,
2019-05-31,45.6,45.75,43.9,44.15,821815,EQ,,,
2019-06-03,44.05,44.1,43.25,43.65,505080,EQ,,,
2019-06-04,43.65,45.15,43.4,44.25,969869,EQ,,,
2019-06-06,44.25,44.4,42.9,43.35,370029,EQ,,,
2019-06-07,43.45,43.55,42.4,42.65,331405,EQ,,,
2019-06-10,42.75,43.0,41.25,41.7,550010,EQ,,,
2019-06-11,41.9,42.35,41.35,42.0,563242,EQ,,,
2019-06-12,42.0,42.8,41.6,41.85,515096,EQ,,,
2019-06-13,41.95,41.95,40.25,41.0,560766,EQ,,,
2019-06-14,40.9,41.0,40.2,40.35,457176,EQ,,,
2019-06-17,40.55,40.6,39.75,40.0,395103,EQ,,,
2019-06-18,39.75,40.35,39.65,39.85,407060,EQ,,,
2019-06-19,40.1,40.45,38.1,38.5,768375,EQ,,,
2019-06-20,38.25,39.4,37.75,39.0,611334,EQ,,,
2019-06-21,38.95,39.85,38.8,39.1,456757,EQ,,,
2019-06-24,39.2,39.75,38.65,39.0,353523,EQ,,,
2019-06-25,39.0,39.5,38.2,39.2,780189,EQ,,,
2019-06-26,39.2,40.8,39.05,40.25,1118694,EQ,,,
2019-06-27,40.65,41.0,40.05,40.2,667806,EQ,,,
2019-06-28,40.5,40.65,39.2,39.95,728849,EQ,,,
2019-07-01,40.15,40.9,40.1,40.3,427863,EQ,,,
2019-07-02,40.3,40.5,39.6,40.2,334963,EQ,,,
2019-07-03,40.2,40.7,39.9,40.5,494080,EQ,,,
2019-07-04,40.7,41.0,40.05,40.2,377288,EQ,,,
2019-07-05,40.25,40.55,39.35,39.45,399725,EQ,,,
2019-07-08,39.0,39.4,38.35,38.65,319097,EQ,,,
2019-07-09,38.35,38.65,38.0,38.35,407068,EQ,,,
2019-07-10,38.4,38.4,37.7,37.8,264288,EQ,,,
2019-07-11,38.1,38.45,37.85,38.15,332284,EQ,,,
2019-07-12,38.4,38.4,37.8,38.0,309885,EQ,,,
2019-07-15,38.2,38.4,37.55,37.7,284072,EQ,,,
2019-07-16,37.9,38.0,37.5,37.55,268557,EQ,,,
2019-07-17,37.8,38.1,37.5,37.55,469838,EQ,,,
2019-07-18,37.45,37.5,36.6,36.75,350632,EQ,,,
2019-07-19,36.9,36.9,36.0,36.1,418550,EQ,,,
2019-07-22,36.0,36.1,35.05,35.3,411936,EQ,,,
2019-07-23,35.15,35.4,35.0,35.15,246513,EQ,,,
2019-07-24,35.05,35.2,33.8,34.1,388457,EQ,,,
2019-07-25,34.25,34.45,33.3,33.5,338134,EQ,,,
2019-07-26,33.5,34.05,33.1,33.55,415904,EQ,,,
2019-07-29,33.6,33.65,33.0,33.1,315788,EQ,,,
2019-07-30,33.25,33.4,31.15,31.55,534687,EQ,,,
2019-07-31,31.55,32.9,30.85,32.5,446076,EQ,,,
2019-08-01,32.1,33.6,31.6,32.1,507507,EQ,,,
2019-08-02,31.95,32.1,31.0,31.85,424586,EQ,,,
2019-08-05,31.65,31.65,30.35,30.5,464452,EQ,,,
2019-08-06,30.1,31.45,30.1,31.25,415861,EQ,,,
2019-08-07,31.7,31.85,30.6,31.05,371434,EQ,,,
2019-08-08,31.05,32.95,30.75,32.65,591876,EQ,,,
2019-08-09,33.0,33.35,32.5,32.85,318544,EQ,,,
2019-08-13,32.3,32.4,31.45,31.65,360464,EQ,,,
2019-08-14,31.95,32.0,31.05,31.4,312512,EQ,,,
2019-08-16,31.2,33.25,30.2,32.55,1233067,EQ,,,
2019-08-19,32.55,33.05,32.1,32.3,256202,EQ,,,
2019-08-20,32.45,32.6,30.7,31.15,346797,EQ,,,
2019-08-21,31.55,31.55,30.05,30.5,519432,EQ,,,
2019-08-22,30.05,30.2,28.2,28.8,548980,EQ,,,
2019-08-23,29.0,29.7,27.85,29.5,731882,EQ,,,
2019-08-26,30.0,30.6,29.15,30.3,438131,EQ,,,
2019-08-27,30.1,32.95,30.1,32.2,735904,EQ,,,
2019-08-28,32.35,32.5,30.7,30.9,464826,EQ,,,
2019-08-29,31.2,32.85,30.75,32.0,1563571,EQ,,,
2019-08-30,32.15,32.5,31.25,31.6,597218,EQ,,,
2019-09-03,30.95,32.25,30.6,30.8,431799,EQ,,,
2019-09-04,30.95,31.7,30.5,31.45,298368,EQ,,,
2019-09-05,31.7,34.85,31.6,33.75,1770170,EQ,,,
2019-09-06,33.5,34.35,33.2,33.9,771025,EQ,,,
2019-09-09,33.8,34.7,33.55,34.45,531847,EQ,,,
2019-09-11,34.5,35.6,34.4,35.05,724113,EQ,,,
2019-09-12,35.25,36.4,34.8,35.3,1043606,EQ,,,
2019-09-13,35.55,41.65,35.05,40.3,5761264,EQ,,,
2019-09-16,39.45,40.4,38.05,38.3,1870961,EQ,,,
2019-09-17,38.0,39.8,36.5,37.05,2803129,EQ,,,
2019-09-18,37.55,37.7,36.5,36.85,661378,EQ,,,
2019-09-19,36.85,37.8,35.05,35.35,908948,EQ,,,
2019-09-20,35.0,38.5,35.0,36.75,1423971,EQ,,,
2019-09-23,37.45,39.3,37.2,38.4,1150333,EQ,,,
2019-09-24,38.5,38.85,37.55,37.75,627010,EQ,,,
2019-09-25,37.55,38.0,36.4,36.7,557783,EQ,,,
2019-09-26,36.95,38.45,36.4,37.35,1164977,EQ,,,
2019-09-27,37.35,37.85,36.4,36.6,600991,EQ,,,
2019-09-30,36.6,36.8,34.8,35.2,631942,EQ,2767.0,228.39,262843.0
2019-10-01,35.0,36.3,33.05,33.8,2103524,EQ,5404.0,389.25,897741.0
2019-10-03,33.7,34.3,32.4,32.75,865095,EQ,3106.0,278.52,415213.0
2019-10-04,33.4,34.8,32.3,32.7,2033901,EQ,6615.0,307.47,786658.0
2019-10-07,32.75,33.2,31.5,31.65,830670,EQ,3372.0,246.34,434692.0
2019-10-09,31.65,32.3,28.6,28.95,3166415,EQ,8460.0,374.28,1819926.0
2019-10-10,29.0,30.5,29.0,29.7,1231693,EQ,4759.0,258.81,455638.0
2019-10-11,30.8,30.8,29.7,29.9,962329,EQ,3164.0,304.15,370549.0
2019-10-14,30.3,30.8,30.1,30.4,619900,EQ,2322.0,266.97,304405.0
2019-10-15,30.4,32.1,29.65,31.75,1364837,EQ,4248.0,321.29,602139.0
2019-10-16,31.95,33.45,31.5,32.7,1851029,EQ,5772.0,320.69,642999.0
2019-10-17,32.9,32.9,31.7,32.3,555392,EQ,2379.0,233.46,200864.0
2019-10-18,32.45,38.75,32.45,38.55,10141035,EQ,28282.0,358.57,2240411.0
2019-10-22,39.65,41.7,38.65,39.3,3658476,EQ,11649.0,314.06,1180696.0
2019-10-23,39.9,39.9,38.25,38.85,1102234,EQ,4345.0,253.68,342051.0
2019-10-24,39.4,39.8,37.0,38.15,956488,EQ,3683.0,259.7,303588.0
2019-10-25,38.65,38.65,37.3,38.0,1247107,EQ,2876.0,433.63,673532.0
2019-10-29,38.75,40.4,38.4,40.1,1459545,EQ,5179.0,281.82,493170.0
2019-10-30,42.15,43.15,42.0,42.4,2985135,EQ,11234.0,265.72,1069076.0
2019-10-31,42.75,43.55,41.25,41.4,1358655,EQ,4931.0,275.53,527232.0
2019-11-01,41.45,44.2,40.9,43.5,2590400,EQ,8592.0,301.49,723477.0
2019-11-04,43.7,44.7,43.0,43.45,1941898,EQ,6841.0,283.86,557044.0
2019-11-05,43.7,43.85,41.8,42.15,866408,EQ,3319.0,261.04,317481.0
2019-11-06,42.0,42.3,41.0,41.15,844678,EQ,3328.0,253.81,236392.0
2019-11-07,41.35,41.95,40.25,41.45,1081293,EQ,4551.0,237.59,265215.0
2019-11-08,41.1,41.4,40.0,40.2,630719,EQ,2652.0,237.83,246265.0
2019-11-11,40.55,41.25,40.15,40.65,698785,EQ,2694.0,259.39,236268.0
2019-11-13,40.8,41.0,38.75,39.2,646793,EQ,2976.0,217.34,292918.0
2019-11-14,39.35,39.5,38.05,38.65,493428,EQ,2524.0,195.49,197286.0
2019-11-15,38.55,38.6,37.15,37.35,592353,EQ,2315.0,255.88,324117.0
2019-11-18,37.45,38.15,37.15,37.7,637488,EQ,2644.0,241.11,199568.0
2019-11-19,37.7,40.2,36.9,39.2,1207900,EQ,4057.0,297.73,463352.0
2019-11-20,39.9,42.4,39.5,41.5,3260803,EQ,12369.0,263.63,726461.0
2019-11-21,41.5,41.55,38.5,38.95,1583708,EQ,7511.0,210.85,592266.0
2019-11-22,39.0,40.4,38.55,40.15,889988,EQ,3295.0,270.1,361484.0
2019-11-25,40.4,42.85,40.15,42.2,2097907,EQ,7266.0,288.73,703722.0
2019-11-26,42.45,42.9,40.3,40.75,1561869,EQ,4909.0,318.16,501726.0
2019-11-27,41.0,41.4,40.15,40.45,678815,EQ,2614.0,259.68,260811.0
2019-11-28,40.75,41.3,40.25,40.75,497594,EQ,2103.0,236.61,156345.0
2019-11-29,40.75,41.75,40.2,40.45,730766,EQ,2902.0,251.81,198195.0
2019-12-02,40.4,42.35,39.25,40.4,1563340,EQ,5920.0,264.08,293322.0
2019-12-03,40.4,40.8,39.2,39.4,592663,EQ,2333.0,254.03,218378.0
2019-12-04,39.15,39.75,38.6,39.25,520550,EQ,3115.0,167.11,166296.0
2019-12-05,39.35,40.2,38.75,39.05,580936,EQ,3287.0,176.74,148808.0
2019-12-06,39.9,41.05,38.5,39.0,1108213,EQ,4952.0,223.79,281191.0
2019-12-09,39.0,39.4,38.25,38.35,628808,EQ,3044.0,206.57,235453.0
2019-12-10,38.5,38.9,37.3,37.45,464753,EQ,2009.0,231.34,221046.0
2019-12-11,37.65,37.9,36.0,36.25,642929,EQ,2923.0,219.96,298937.0
2019-12-12,36.75,37.75,36.75,37.4,549242,EQ,2625.0,209.24,172199.0
2019-12-13,38.0,39.2,37.7,37.9,1004662,EQ,4132.0,243.14,369638.0
2019-12-16,38.15,38.5,37.3,37.5,439420,EQ,1857.0,236.63,189089.0
2019-12-17,37.55,39.4,37.55,38.35,992337,EQ,4002.0,247.96,282094.0
2019-12-18,38.45,39.7,38.2,38.45,1006376,EQ,4369.0,230.34,238062.0
2019-12-19,38.45,38.55,37.55,38.15,723806,EQ,2543.0,284.63,248972.0
2019-12-20,38.15,38.35,37.3,37.65,622751,EQ,2139.0,291.14,289288.0
2019-12-23,37.7,39.9,37.5,38.9,1714541,EQ,5987.0,286.38,658955.0
2019-12-24,38.9,39.3,37.9,38.35,676394,EQ,2699.0,250.61,247659.0
2019-12-26,38.6,39.9,38.25,38.85,1230920,EQ,4607.0,267.18,412490.0
2019-12-27,39.2,39.5,38.8,39.0,667847,EQ,2141.0,311.93,287627.0
2019-12-30,39.3,39.6,38.65,38.95,733344,EQ,2399.0,305.69,372680.0
2019-12-31,39.0,39.7,38.8,39.25,764701,EQ,2439.0,313.53,330530.0
2020-01-01,39.4,40.85,39.25,40.45,1800482,EQ,4982.0,361.4,830394.0
2020-01-02,40.85,48.5,40.75,48.5,18450531,EQ,49889.0,369.83,5262726.0
2020-01-03,50.0,51.0,46.2,46.75,9379034,EQ,27029.0,347.0,2919922.0
2020-01-06,46.25,46.25,44.2,44.6,3537345,EQ,12227.0,289.31,1209649.0
2020-01-07,45.25,46.75,45.2,45.8,2175054,EQ,6978.0,311.7,803851.0
2020-01-08,45.0,47.2,44.2,46.05,3349792,EQ,11226.0,298.4,667691.0
2020-01-09,47.05,47.9,46.6,46.85,1683221,EQ,6033.0,279.0,633506.0
2020-01-10,47.2,47.9,46.0,46.35,1603171,EQ,5628.0,284.86,636306.0
2020-01-13,46.4,48.95,46.2,47.3,2428426,EQ,7737.0,313.87,683078.0
2020-01-14,47.7,47.8,47.0,47.25,1090705,EQ,4192.0,260.19,501922.0
2020-01-15,47.2,47.55,46.4,47.0,1074088,EQ,3762.0,285.51,329488.0
2020-01-16,47.6,49.25,47.1,47.5,2508464,EQ,7985.0,314.15,736926.0
2020-01-17,47.5,47.55,46.55,46.7,729797,EQ,2986.0,244.41,349205.0
2020-01-20,46.9,47.0,45.7,45.85,651813,EQ,2614.0,249.35,302975.0
2020-01-21,45.4,45.7,44.95,45.05,622211,EQ,2516.0,247.3,265796.0
2020-01-22,45.3,45.65,44.5,44.6,586745,EQ,2707.0,216.75,184993.0
2020-01-23,44.7,45.65,44.5,45.05,764710,EQ,2991.0,255.67,247734.0
2020-01-24,45.25,47.3,44.75,46.75,1329254,EQ,5414.0,245.52,571457.0
2020-01-27,46.4,46.5,44.8,44.95,783809,EQ,3999.0,196.0,407774.0
2020-01-28,44.9,45.35,43.3,43.9,710336,EQ,3830.0,185.47,296071.0
2020-01-29,45.0,45.1,43.9,44.25,528734,EQ,2218.0,238.38,223727.0
2020-01-30,44.35,44.4,42.9,43.4,538431,EQ,3070.0,175.38,267380.0
2020-01-31,43.65,43.9,42.3,42.45,524534,EQ,2297.0,228.36,212542.0
2020-02-03,40.6,41.2,39.75,40.2,834534,EQ,3890.0,214.53,380181.0
2020-02-04,40.7,42.5,40.45,42.05,973389,EQ,4432.0,219.63,357833.0
2020-02-05,42.4,43.55,42.05,43.25,706380,EQ,2997.0,235.7,262854.0
2020-02-06,43.55,44.3,42.4,42.6,747080,EQ,3177.0,235.15,329145.0
2020-02-07,42.7,43.15,41.8,42.15,580878,EQ,2409.0,241.13,219714.0
2020-02-10,42.1,42.25,41.1,41.6,444902,EQ,1861.0,239.07,210953.0
2020-02-11,41.6,43.4,41.1,41.55,998194,EQ,3654.0,273.18,239411.0
2020-02-12,41.75,43.15,41.65,41.95,1065979,EQ,3614.0,294.96,276420.0
2020-02-13,41.95,41.95,40.9,41.35,426106,EQ,3142.0,135.62,159471.0
2020-02-14,38.9,39.1,37.75,38.0,1896231,EQ,6928.0,273.71,901741.0
2020-02-17,38.2,38.25,35.55,35.9,876239,EQ,3803.0,230.41,470767.0
2020-02-18,35.6,35.6,34.55,35.1,822581,EQ,3001.0,274.1,350704.0
2020-02-19,35.65,36.45,35.1,36.1,677061,EQ,2822.0,239.92,252073.0
2020-02-20,36.1,37.35,35.7,36.55,571600,EQ,2338.0,244.48,264129.0
2020-02-24,36.5,36.5,34.6,34.9,598255,EQ,2868.0,208.6,287624.0
2020-02-25,34.5,35.5,34.4,35.0,382908,EQ,1904.0,201.11,141585.0
2020-02-26,34.8,35.0,33.8,34.25,551075,EQ,2553.0,215.85,249370.0
2020-02-27,34.05,34.05,33.05,33.5,434638,EQ,2111.0,205.89,237022.0
2020-02-28,32.45,32.75,31.1,31.35,719501,EQ,3311.0,217.31,364203.0
2020-03-02,31.95,32.45,29.5,29.95,546035,EQ,3273.0,166.83,304712.0
2020-03-03,30.65,30.95,29.75,30.7,664930,EQ,3810.0,174.52,215106.0
2020-03-04,30.9,30.95,28.7,29.55,878746,EQ,5029.0,174.74,408961.0
2020-03-05,30.0,30.75,29.75,30.5,517061,EQ,2971.0,174.04,211979.0
2020-03-06,28.25,29.5,28.25,29.1,702303,EQ,4559.0,154.05,275020.0
2020-03-09,28.0,28.5,26.75,27.7,885075,EQ,5315.0,166.52,475250.0
2020-03-11,27.7,28.35,26.75,28.0,614483,EQ,3189.0,192.69,261704.0
2020-03-12,27.3,27.3,23.3,24.4,1232642,EQ,6049.0,203.78,693798.0
2020-03-13,23.0,26.35,19.65,26.0,1415093,EQ,6226.0,227.29,556855.0
2020-03-16,24.1,24.8,23.5,23.65,822738,EQ,3598.0,228.67,423151.0
2020-03-17,24.65,24.65,23.0,23.05,660386,EQ,3850.0,171.53,301221.0
2020-03-18,23.3,23.85,21.3,22.55,849601,EQ,5245.0,161.98,400212.0
2020-03-19,21.0,22.25,20.3,21.3,953064,EQ,4644.0,205.22,437281.0
2020-03-20,21.45,23.75,21.3,22.75,995895,EQ,5764.0,172.78,394730.0
2020-03-23,21.0,21.6,18.3,20.0,804336,EQ,4160.0,193.35,497282.0
2020-03-24,21.5,21.5,18.25,18.65,788013,EQ,3875.0,203.36,549074.0
2020-03-25,18.35,20.25,18.35,20.05,571442,EQ,3060.0,186.75,326330.0
2020-03-26,20.0,21.3,19.85,20.3,833391,EQ,3026.0,275.41,388086.0
2020-03-27,20.85,22.2,20.55,20.85,960632,EQ,3139.0,306.03,375624.0
2020-03-30,20.4,20.8,19.4,20.15,405839,EQ,2133.0,190.27,193093.0
2020-03-31,21.1,21.7,20.8,21.3,761848,EQ,2723.0,279.78,392593.0
2020-04-01,21.9,22.5,21.3,21.6,502667,EQ,2413.0,208.32,222863.0
2020-04-03,21.5,22.5,20.7,21.6,534619,EQ,2726.0,196.12,238256.0
2020-04-07,22.2,23.5,22.05,23.3,769477,EQ,2921.0,263.43,375636.0
2020-04-08,23.15,26.0,23.0,23.9,828468,EQ,3338.0,248.19,391247.0
2020-04-09,24.15,24.95,24.1,24.75,633363,EQ,2536.0,249.75,331058.0
2020-04-13,25.0,25.85,23.8,25.15,583151,EQ,,,
2020-04-15,25.4,27.25,25.2,25.7,1084057,EQ,3998.0,271.15,464058.0
2020-04-16,25.9,26.7,25.5,26.4,469044,EQ,2153.0,217.86,208665.0
2020-04-17,27.5,27.8,26.65,27.4,1063408,EQ,3897.0,272.88,362230.0
2020-04-20,27.8,28.3,26.75,27.1,938619,EQ,5081.0,184.73,463168.0
2020-04-21,26.6,26.65,24.8,25.4,669560,EQ,3617.0,185.11,346222.0
2020-04-22,25.25,26.1,24.7,25.5,462077,EQ,2178.0,212.16,171540.0
2020-04-23,25.6,26.6,25.6,26.15,494673,EQ,2126.0,232.68,187528.0
2020-04-24,26.7,26.9,25.5,25.7,725221,EQ,2891.0,250.85,235561.0
2020-04-27,26.0,26.15,25.1,25.2,372824,EQ,2093.0,178.13,232510.0
2020-04-28,25.45,25.45,24.6,25.05,272512,EQ,2084.0,130.76,148841.0
2020-04-29,25.3,26.3,25.1,25.5,684035,EQ,3468.0,197.24,268057.0
2020-04-30,26.0,26.5,25.8,26.05,954699,EQ,3196.0,298.72,513786.0
2020-05-04,25.3,25.45,23.15,24.4,528738,EQ,2536.0,208.49,305563.0
2020-05-05,25.0,25.15,23.55,24.05,562133,EQ,3294.0,170.65,185332.0
2020-05-06,24.45,24.45,23.65,23.85,605433,EQ,3902.0,155.16,236484.0
2020-05-07,23.85,24.85,23.65,24.2,418788,EQ,1848.0,226.62,134572.0
2020-05-08,24.6,24.75,23.7,23.8,290298,EQ,1552.0,187.05,140837.0
2020-05-11,24.0,24.5,23.7,23.8,359927,EQ,1787.0,201.41,139138.0
2020-05-12,23.8,24.2,23.45,23.8,372602,EQ,2027.0,183.82,94123.0
2020-05-13,25.2,26.4,24.1,25.95,1830215,EQ,4690.0,390.24,601731.0
2020-05-14,25.8,26.65,25.25,25.75,789051,EQ,3118.0,253.06,298430.0
2020-05-15,25.5,26.5,25.5,25.8,557279,EQ,2243.0,248.45,188461.0
2020-05-18,26.7,27.35,25.75,26.05,1199607,EQ,4369.0,274.57,541784.0
2020-05-19,26.25,26.75,24.9,25.2,436298,EQ,1664.0,262.2,215725.0
2020-05-20,25.3,25.65,24.85,25.1,320558,EQ,1129.0,283.93,152044.0
2020-05-21,25.3,26.1,25.15,25.4,352621,EQ,1416.0,249.03,163392.0
2020-05-22,25.3,25.35,24.3,24.5,308523,EQ,1452.0,212.48,182987.0
2020-05-26,24.65,25.0,24.2,24.75,226869,EQ,1288.0,176.14,118768.0
2020-05-27,25.2,25.9,24.8,25.4,703825,EQ,2971.0,236.9,218414.0
2020-05-28,25.6,26.35,25.6,25.9,622814,EQ,1878.0,331.64,247836.0
2020-05-29,25.8,26.8,25.55,25.95,658626,EQ,2243.0,293.64,235019.0
2020-06-01,26.3,28.6,26.3,27.75,1814887,EQ,5455.0,332.7,801460.0
2020-06-02,28.4,29.5,28.3,28.85,1653519,EQ,5072.0,326.01,740084.0
2020-06-03,29.1,29.7,28.3,28.75,1153026,EQ,3836.0,300.58,613344.0
2020-06-04,28.6,29.1,27.8,28.0,573166,EQ,2385.0,240.32,275285.0
2020-06-05,28.25,31.45,28.25,31.05,2201004,EQ,7331.0,300.23,951552.0
2020-06-08,31.4,33.6,31.1,32.05,2182943,EQ,7680.0,284.24,952902.0
2020-06-09,32.55,33.1,30.4,30.6,1247352,EQ,4554.0,273.9,568140.0
2020-06-10,30.8,31.15,30.25,30.65,673211,EQ,2266.0,297.09,254979.0
2020-06-11,30.75,31.7,29.7,29.85,881637,EQ,3258.0,270.61,324394.0
2020-06-12,28.2,29.8,28.0,29.6,682282,EQ,2995.0,227.81,286215.0
2020-06-15,29.5,30.4,28.4,29.1,742475,EQ,2938.0,252.71,253981.0
2020-06-16,29.6,30.55,28.15,28.9,948931,EQ,3311.0,286.6,366834.0
2020-06-17,28.7,29.3,28.5,28.75,377005,EQ,1708.0,220.73,168736.0
2020-06-18,28.95,33.5,28.95,31.85,3269121,EQ,10338.0,316.22,1065268.0
2020-06-19,32.2,32.8,31.0,31.1,1132484,EQ,4115.0,275.21,617273.0
2020-06-22,31.35,33.0,31.0,31.8,1518295,EQ,5522.0,274.95,595699.0
2020-06-23,32.05,33.3,32.0,32.95,1478600,EQ,5176.0,285.66,669720.0
2020-06-24,33.3,34.65,31.9,32.1,2305193,EQ,7156.0,322.13,871617.0
2020-06-25,31.75,33.95,31.35,33.2,1415685,EQ,4675.0,302.82,484831.0
2020-06-26,33.5,33.95,32.8,33.15,999629,EQ,3286.0,304.21,434234.0
2020-06-29,33.0,33.1,31.5,32.1,767698,EQ,3193.0,240.43,361014.0
2020-06-30,32.4,33.35,31.4,31.7,820592,EQ,2666.0,307.8,281900.0
2020-07-01,32.1,32.25,31.25,31.65,686011,EQ,2708.0,253.33,212003.0
2020-07-02,31.95,33.6,31.55,32.75,1654771,EQ,4996.0,331.22,432123.0
2020-07-03,33.05,34.05,32.55,33.1,1566431,EQ,4826.0,324.58,539401.0
2020-07-06,33.35,37.95,33.05,37.15,9027920,EQ,24058.0,375.26,2337299.0
2020-07-07,37.35,37.35,35.5,36.05,1948015,EQ,5795.0,336.15,852554.0
2020-07-08,36.2,42.8,35.6,39.9,12993580,EQ,31003.0,419.11,2618847.0
2020-07-09,40.45,42.0,39.85,40.15,6046034,EQ,16334.0,370.15,2077322.0
2020-07-10,40.0,40.0,38.05,38.95,2588160,EQ,8441.0,306.62,748273.0
2020-07-13,39.25,40.75,39.25,39.45,2159246,EQ,6184.0,349.17,807131.0
2020-07-14,39.2,39.25,36.7,36.9,1618042,EQ,6983.0,231.71,718348.0
2020-07-15,37.8,38.25,36.1,36.55,1255983,EQ,4729.0,265.59,454842.0
2020-07-16,36.9,37.35,34.75,36.95,1553617,EQ,5673.0,273.86,478944.0
2020-07-17,37.75,41.5,37.75,39.3,5899669,EQ,19352.0,304.86,1117738.0
2020-07-20,39.6,39.6,37.4,37.75,1760275,EQ,5986.0,294.07,705097.0
2020-07-21,38.1,38.8,37.2,37.65,1818520,EQ,5694.0,319.37,530718.0
2020-07-22,36.0,38.15,35.0,36.85,3494249,EQ,10615.0,329.18,778215.0
2020-07-23,36.9,37.7,36.55,37.1,1303293,EQ,4310.0,302.39,354333.0
2020-07-24,36.7,37.1,35.7,36.15,1165721,EQ,3982.0,292.75,418675.0
2020-07-27,36.2,36.3,35.1,35.2,768911,EQ,2898.0,265.32,356074.0
2020-07-28,35.5,38.7,35.5,37.3,3350679,EQ,10301.0,325.28,884164.0
2020-07-29,37.65,37.7,36.35,36.55,1191020,EQ,3868.0,307.92,469959.0
2020-07-30,36.55,37.25,35.55,35.7,940969,EQ,3558.0,264.47,401865.0
2020-07-31,35.65,36.25,35.15,35.45,641429,EQ,2235.0,286.99,268383.0
2020-08-03,35.0,36.9,35.0,36.0,771301,EQ,2443.0,315.72,251032.0
2020-08-04,36.25,36.9,35.9,36.1,733638,EQ,2950.0,248.69,231900.0
2020-08-05,36.3,37.3,36.1,36.8,1545462,EQ,4941.0,312.78,532601.0
2020-08-06,37.1,37.75,36.6,36.95,882904,EQ,3021.0,292.26,341308.0
2020-08-07,36.9,37.85,36.5,36.9,1126178,EQ,3947.0,285.33,359451.0
2020-08-10,37.2,37.45,36.8,37.05,772969,EQ,2331.0,331.6,369065.0
2020-08-11,37.35,39.85,37.2,38.25,2758941,EQ,9172.0,300.8,1126483.0
2020-08-12,37.7,38.7,37.4,37.75,878586,EQ,3014.0,291.5,308099.0
2020-08-13,37.9,39.45,37.65,38.75,1483539,EQ,4773.0,310.82,620713.0
2020-08-14,38.9,39.4,36.9,37.75,1545604,EQ,4747.0,325.6,676038.0
2020-08-17,38.1,38.7,37.1,37.35,1010772,EQ,3320.0,304.45,416423.0
2020-08-18,37.6,40.2,37.45,39.05,4218180,EQ,12196.0,345.87,1406856.0
2020-08-19,39.5,40.8,39.4,40.05,3903954,EQ,10549.0,370.08,1396683.0
2020-08-20,39.1,41.6,39.0,40.65,3426875,EQ,10026.0,341.8,1301703.0
2020-08-21,41.0,41.65,39.75,39.95,1776323,EQ,5785.0,307.06,740162.0
2020-08-24,40.2,40.25,38.25,38.8,1553895,EQ,5287.0,293.91,804207.0
2020-08-25,39.05,39.05,37.5,38.05,1299448,EQ,4612.0,281.75,649301.0
2020-08-26,38.15,39.2,38.15,38.6,935082,EQ,3394.0,275.51,379918.0
2020-08-27,38.8,39.1,37.5,38.0,964362,EQ,3630.0,265.66,456733.0
2020-08-28,38.1,38.75,37.75,37.95,1032741,EQ,4049.0,255.06,452388.0
2020-08-31,38.0,38.45,35.9,36.35,1079405,EQ,4779.0,225.86,652401.0
2020-09-01,36.2,37.6,35.5,36.8,562837,EQ,2347.0,239.81,239963.0
2020-09-02,37.0,37.75,36.7,37.2,552018,EQ,2207.0,250.12,239746.0
2020-09-03,37.2,37.75,36.7,37.2,341764,EQ,1408.0,242.73,169535.0
2020-09-04,36.0,36.95,36.0,36.35,458781,EQ,2277.0,201.48,211576.0
2020-09-07,36.5,36.5,35.6,35.85,379651,EQ,1930.0,196.71,205771.0
2020-09-08,36.15,36.45,35.0,35.15,439967,EQ,1929.0,228.08,230667.0
2020-09-09,34.9,35.1,33.8,34.55,661476,EQ,3057.0,216.38,226755.0
2020-09-10,34.9,35.9,34.85,35.3,452961,EQ,2175.0,208.26,166066.0
2020-09-11,37.9,38.0,37.1,37.4,3043921,EQ,12675.0,240.15,828958.0
2020-09-14,38.0,38.25,36.5,37.15,919987,EQ,4522.0,203.45,341818.0
2020-09-15,37.1,37.55,36.75,36.9,482073,EQ,1774.0,271.74,181291.0
2020-09-16,36.75,37.0,36.2,36.35,371709,EQ,1531.0,242.79,197524.0
2020-09-17,36.3,38.45,36.0,37.25,1271489,EQ,4628.0,274.74,277938.0
2020-09-18,37.75,37.95,36.2,36.5,942213,EQ,4075.0,231.22,358450.0
2020-09-21,36.7,36.7,34.6,34.9,473960,EQ,2233.0,212.25,241423.0
2020-09-22,35.0,35.05,33.1,33.95,830158,EQ,3750.0,221.38,288052.0
2020-09-23,34.2,34.85,33.45,33.85,479241,EQ,2231.0,214.81,192330.0
2020-09-24,33.2,33.7,32.55,32.65,388918,EQ,2043.0,190.37,167677.0
2020-09-25,33.0,34.1,33.0,33.85,519899,EQ,2317.0,224.38,197921.0
2020-09-28,34.1,34.65,34.05,34.2,400335,EQ,,,
2020-09-29,34.5,34.5,33.7,33.85,356582,EQ,1992.0,179.01,138341.0
2020-09-30,34.0,34.05,33.1,33.2,272820,EQ,1726.0,158.06,118519.0
2020-10-01,33.4,33.9,33.0,33.2,291806,EQ,1324.0,220.4,109903.0
2020-10-05,33.25,33.6,33.1,33.2,243014,EQ,1068.0,227.54,106562.0
2020-10-06,33.25,34.2,33.25,33.65,485425,EQ,1745.0,278.18,149576.0
2020-10-07,33.6,33.6,33.1,33.2,268967,EQ,1107.0,242.97,120743.0
2020-10-08,33.2,33.55,32.65,32.85,345966,EQ,1338.0,258.57,157711.0
2020-10-09,32.95,33.55,32.75,32.9,275069,EQ,1087.0,253.05,108651.0
2020-10-12,32.9,34.9,32.5,32.65,308009,EQ,1232.0,250.01,127855.0
2020-10-13,32.6,33.1,32.05,32.25,288691,EQ,1388.0,207.99,147978.0
2020-10-14,32.3,32.35,31.9,32.1,254668,EQ,1008.0,252.65,103108.0
2020-10-15,32.2,32.5,31.3,31.6,294710,EQ,1195.0,246.62,116011.0
2020-10-16,31.75,32.35,31.6,32.05,301062,EQ,1462.0,205.92,111078.0
2020-10-19,32.15,33.4,31.95,32.85,486576,EQ,1796.0,270.92,172342.0
2020-10-20,33.65,37.25,33.65,36.45,6413155,EQ,17631.0,363.74,1306893.0
2020-10-21,36.5,37.3,34.55,35.4,1481410,EQ,5366.0,276.07,490472.0
2020-10-22,35.7,35.9,33.6,34.05,1512336,EQ,4664.0,324.26,911587.0
2020-10-23,34.2,34.95,34.05,34.65,753829,EQ,2871.0,262.57,279405.0
2020-10-26,34.65,35.05,34.3,34.75,639751,EQ,2235.0,286.24,297411.0
2020-10-27,34.7,34.95,34.15,34.6,314851,EQ,1138.0,276.67,114718.0
2020-10-28,34.5,34.6,33.35,33.65,313499,EQ,1446.0,216.8,168151.0
2020-10-29,33.45,33.45,32.8,33.0,242887,EQ,1849.0,131.36,122736.0
2020-10-30,33.25,34.15,32.85,32.95,499381,EQ,1828.0,273.18,217958.0
2020-11-02,33.0,33.3,32.15,32.4,262026,EQ,1224.0,214.07,137403.0
2020-11-03,32.65,33.95,32.6,33.25,613511,EQ,2032.0,301.92,169474.0
2020-11-04,32.9,33.5,32.9,33.05,191080,EQ,880.0,217.14,98899.0
2020-11-05,33.25,34.85,33.1,34.5,681759,EQ,2628.0,259.42,320676.0
2020-11-06,34.5,34.95,34.15,34.25,406823,EQ,1677.0,242.59,162134.0
2020-11-09,34.5,35.25,34.3,34.95,517939,EQ,1761.0,294.12,245866.0
2020-11-10,34.8,35.9,34.6,35.2,807770,EQ,2589.0,312.0,368914.0
2020-11-11,35.0,35.0,34.25,34.55,668979,EQ,2042.0,327.61,290536.0
2020-11-12,34.75,35.8,34.4,35.1,1565670,EQ,3890.0,402.49,423243.0
2020-11-13,34.65,35.4,34.25,34.45,796660,EQ,2448.0,325.43,355363.0
2020-11-17,35.0,37.0,35.0,36.7,2748644,EQ,8333.0,329.85,1140795.0
2020-11-18,36.8,38.5,36.7,38.1,4003999,EQ,13281.0,301.48,1321687.0
2020-11-19,37.65,38.8,37.0,37.1,1651572,EQ,6557.0,251.88,716713.0
2020-11-20,37.4,37.8,36.2,36.95,732634,EQ,2784.0,263.16,238336.0
2020-11-23,37.0,37.25,36.3,36.8,673857,EQ,2355.0,286.14,278901.0
2020-11-24,37.0,39.2,37.0,38.8,3224375,EQ,9772.0,329.96,1338539.0
2020-11-25,38.7,40.5,38.65,39.25,4287583,EQ,12326.0,347.85,1598803.0
2020-11-26,39.1,40.7,38.8,40.0,2030759,EQ,5482.0,370.44,750855.0
2020-11-27,40.0,42.0,40.0,41.45,4231434,EQ,15254.0,277.4,1833991.0
2020-12-01,41.75,42.2,40.65,41.0,1701567,EQ,5152.0,330.27,879374.0
2020-12-02,42.05,44.0,42.0,43.55,4047572,EQ,17242.0,234.75,1876195.0
2020-12-03,43.5,44.6,43.3,43.45,2454523,EQ,8187.0,299.81,921511.0
2020-12-04,43.75,45.1,43.5,44.55,2754439,EQ,7220.0,381.5,1362014.0
2020-12-07,44.3,45.75,44.0,45.0,1720800,EQ,16989.0,101.29,860632.0
2020-12-08,44.65,45.0,42.25,43.25,1762375,EQ,6711.0,262.61,857559.0
2020-12-09,43.55,47.9,43.4,46.65,5690986,EQ,21249.0,267.82,2295898.0
2020-12-10,46.65,46.65,44.05,44.7,2832193,EQ,9511.0,297.78,1094470.0
2020-12-11,45.0,46.2,44.0,44.3,2594039,EQ,9848.0,263.41,1081586.0
2020-12-14,45.0,53.15,44.55,53.05,18679294,EQ,49358.0,378.45,5140285.0
2020-12-15,53.8,53.8,50.35,51.3,6432439,EQ,24045.0,267.52,2231276.0
2020-12-16,51.8,60.4,51.75,58.25,21806916,EQ,67334.0,323.86,4586809.0
2020-12-17,58.5,66.7,58.3,63.25,24108190,EQ,78510.0,307.07,4984366.0
2020-12-18,64.1,67.45,61.5,63.85,10634501,EQ,42280.0,251.53,2653007.0
2020-12-21,63.9,64.0,57.5,57.5,5686894,EQ,24415.0,232.93,2639548.0
2020-12-22,56.8,59.5,52.3,58.35,7136248,EQ,31391.0,227.33,1813767.0
2020-12-23,58.75,61.95,56.8,61.3,4990726,EQ,22103.0,225.79,1301442.0
2020-12-24,61.7,62.45,59.65,60.4,3021392,EQ,12001.0,251.76,1100067.0
2020-12-28,60.8,61.6,60.15,60.5,1992829,EQ,9699.0,205.47,705612.0
2020-12-29,61.5,63.6,60.6,62.6,5710356,EQ,22101.0,258.38,1778578.0
2020-12-30,63.4,63.85,61.0,62.3,3494447,EQ,14631.0,238.84,845701.0
2020-12-31,62.6,62.75,61.0,61.15,1762952,EQ,7247.0,243.27,679651.0
2021-01-01,61.6,62.9,61.35,62.1,2174894,EQ,8274.0,262.86,929323.0
2021-01-04,62.95,63.0,60.5,62.35,2309709,EQ,9066.0,254.77,849144.0
2021-01-05,61.0,63.25,60.4,61.75,2530322,EQ,9417.0,268.7,725201.0
2021-01-06,62.25,63.0,59.4,62.0,3069513,EQ,11876.0,258.46,1008193.0
2021-01-07,62.85,68.2,62.65,66.8,16574143,EQ,55778.0,297.14,4762091.0
2021-01-08,68.2,69.65,66.1,67.55,6052296,EQ,21600.0,280.2,2116620.0
2021-01-11,67.85,68.05,62.25,64.3,4243630,EQ,17319.0,245.03,1518283.0
2021-01-12,64.5,66.8,63.1,64.75,3601915,EQ,13467.0,267.46,967807.0
2021-01-13,66.8,69.5,64.0,65.7,8464318,EQ,32584.0,259.77,2090236.0
2021-01-14,66.2,67.5,63.5,65.45,2406545,EQ,9921.0,242.57,641337.0
2021-01-15,65.9,65.9,63.1,63.7,1960657,EQ,8339.0,235.12,804940.0
2021-01-18,64.0,64.1,59.1,59.95,2454762,EQ,13260.0,185.13,1015972.0
2021-01-19,60.8,63.3,60.65,62.85,1867491,EQ,9570.0,195.14,540926.0
2021-01-20,63.0,63.6,61.55,61.75,1127805,EQ,5656.0,199.4,488402.0
2021-01-21,62.25,62.55,59.55,60.15,1468497,EQ,8113.0,181.01,680941.0
2021-01-22,60.05,60.05,56.55,57.1,2427139,EQ,12972.0,187.11,1222723.0
2021-01-25,57.75,57.75,53.6,54.8,2357342,EQ,11142.0,211.57,930306.0
2021-01-27,54.8,60.25,54.65,58.5,5677218,EQ,21902.0,259.21,1507600.0
2021-01-28,57.8,61.35,55.05,56.25,2357566,EQ,10386.0,226.99,700982.0
2021-01-29,56.7,61.2,56.7,60.15,5508914,EQ,17527.0,314.31,2262029.0
2021-02-01,60.65,64.75,58.0,64.15,4660064,EQ,20759.0,224.48,1776045.0
2021-02-02,64.5,65.75,62.3,64.3,3343518,EQ,14112.0,236.93,1683803.0
2021-02-03,64.55,64.6,62.7,63.0,1666529,EQ,10068.0,165.53,756695.0
2021-02-04,69.3,69.3,67.8,69.3,4793866,EQ,10262.0,467.15,2872184.0
2021-02-05,73.8,76.2,70.0,71.0,8616697,EQ,37731.0,228.37,3791854.0
2021-02-08,71.65,78.5,69.1,76.5,8365571,EQ,41921.0,199.56,2767635.0
2021-02-09,76.9,78.85,73.1,74.5,5731871,EQ,37468.0,152.98,1347305.0
2021-02-10,75.25,76.5,72.6,74.0,2799477,EQ,16725.0,167.38,781792.0
2021-02-11,74.0,76.4,73.6,74.05,4875202,EQ,33897.0,143.82,1563025.0
2021-02-12,74.45,74.45,72.5,72.75,1718913,EQ,9829.0,174.88,635675.0
2021-02-15,73.4,76.1,72.8,75.4,2916844,EQ,14346.0,203.32,1298084.0
2021-02-16,75.9,78.65,74.6,76.4,3613588,EQ,17736.0,203.74,1263206.0
2021-02-17,75.9,80.75,75.1,78.6,5353540,EQ,31250.0,171.31,1314428.0
2021-02-18,79.0,90.9,78.5,88.25,13901144,EQ,62114.0,223.8,3995234.0
2021-02-19,87.95,91.3,82.6,85.95,6803902,EQ,32306.0,210.61,2244318.0
2021-02-22,88.8,102.5,88.8,98.4,24007354,EQ,115159.0,208.47,5125303.0
2021-02-23,102.0,118.05,99.2,116.15,28353363,EQ,133890.0,211.77,5655412.0
2021-02-24,119.8,127.75,119.05,127.75,19989597,EQ,88708.0,225.34,4220143.0
2021-02-25,133.7,140.5,132.0,140.5,13790220,EQ,55426.0,248.8,3317908.0
2021-02-26,144.0,154.55,132.0,149.85,37155451,EQ,205898.0,180.46,8499612.0
2021-03-01,157.0,157.3,155.0,157.3,1906527,EQ,5705.0,334.19,1767921.0
2021-03-02,165.15,165.15,149.45,150.3,18749289,EQ,108748.0,172.41,6896159.0
2021-03-03,153.0,154.4,142.8,142.8,8358188,EQ,51883.0,161.1,3860062.0
2021-03-04,136.1,142.8,135.7,135.7,7042291,EQ,48817.0,144.26,3155737.0
2021-03-05,131.2,142.45,128.95,142.1,19069762,EQ,105858.0,180.14,4968189.0
2021-03-08,147.9,147.9,138.2,140.8,7477182,EQ,50654.0,147.61,2562154.0
2021-03-09,142.55,143.7,133.8,137.8,5415376,EQ,39433.0,137.33,2016465.0
2021-03-10,136.2,140.7,132.5,135.05,3792097,EQ,25526.0,148.56,1286767.0
2021-03-12,137.5,138.3,130.0,133.55,3020714,EQ,23200.0,130.2,1173329.0
2021-03-15,135.0,137.8,129.3,134.35,3154298,EQ,26763.0,117.86,952274.0
2021-03-16,135.25,136.75,131.05,131.7,1791515,EQ,13531.0,132.4,649853.0
2021-03-17,131.5,132.7,125.15,125.15,2457683,EQ,17656.0,139.2,1507506.0
2021-03-18,127.85,128.0,119.0,119.95,4392236,EQ,31751.0,138.33,1969996.0
2021-03-19,118.9,125.9,114.0,125.85,4999311,EQ,38203.0,130.86,1929939.0
2021-03-22,127.0,127.4,122.35,124.1,2319194,EQ,16845.0,137.68,862471.0
2021-03-23,123.0,130.3,122.9,129.75,3017718,EQ,22120.0,136.42,1101397.0
2021-03-24,129.8,130.6,123.5,123.75,2843445,EQ,21994.0,129.28,1265288.0
2021-03-25,123.45,127.55,119.0,122.35,2682657,EQ,20765.0,129.19,936659.0
2021-03-26,124.7,127.5,120.65,123.25,3863374,EQ,26110.0,147.97,1415369.0
2021-03-30,123.0,127.2,120.6,121.45,1869082,EQ,13743.0,136.0,912708.0
2021-03-31,121.95,124.7,118.8,119.6,1550522,EQ,14403.0,107.65,683921.0
2021-04-01,120.5,125.55,120.15,125.55,2632548,EQ,16115.0,163.36,1239560.0
2021-04-05,128.4,131.8,126.0,131.8,5676424,EQ,27640.0,205.37,2205219.0
2021-04-06,136.5,138.35,135.75,138.35,5480259,EQ,15271.0,358.87,2390435.0
2021-04-07,142.15,145.25,138.35,145.25,8678027,EQ,42669.0,203.38,3417599.0
2021-04-08,139.65,149.4,136.0,142.9,10786715,EQ,82527.0,130.71,3419249.0
2021-04-09,144.2,148.75,142.1,143.8,2792003,EQ,20901.0,133.58,1193326.0
2021-04-12,138.1,140.7,130.2,131.25,4342376,EQ,36722.0,118.25,1756919.0
2021-04-13,133.0,143.2,131.3,139.5,3497522,EQ,28020.0,124.82,1168006.0
2021-04-15,139.6,145.0,136.35,137.25,3309167,EQ,25819.0,128.17,1116269.0
2021-04-16,142.0,150.95,141.05,148.95,10505534,EQ,73752.0,142.44,4178689.0
2021-04-19,146.5,146.5,137.35,139.85,9669079,EQ,110315.0,87.65,3879598.0
2021-04-20,143.0,148.3,137.45,140.4,7421133,EQ,49025.0,151.37,2528611.0
2021-04-22,139.8,143.65,135.6,136.55,5582180,EQ,33798.0,165.16,2281638.0
2021-04-23,136.0,142.0,136.0,138.3,3386952,EQ,25973.0,130.4,891112.0
2021-04-26,141.4,142.85,137.5,138.5,3877317,EQ,23993.0,161.6,1566613.0
2021-04-27,141.4,152.35,141.0,152.35,19168413,EQ,98569.0,194.47,6095504.0
2021-04-28,157.8,165.0,155.8,158.1,15493506,EQ,108438.0,142.88,5456042.0
2021-04-29,160.45,164.3,154.2,158.15,8762324,EQ,58395.0,150.05,3044479.0
2021-04-30,156.1,163.7,153.35,154.8,7298813,EQ,60562.0,120.52,2810657.0
2021-05-03,155.0,160.7,154.0,154.8,5923888,EQ,55916.0,105.94,2777546.0
2021-05-04,156.6,159.1,150.8,151.65,6992626,EQ,43725.0,159.92,2902491.0
2021-05-05,155.0,155.75,150.6,151.3,2833276,EQ,17748.0,159.64,1230743.0
2021-05-06,152.75,160.1,152.1,156.35,8422706,EQ,45870.0,183.62,2703405.0
2021-05-07,159.8,171.95,159.05,171.95,18162198,EQ,80445.0,225.77,6733121.0
2021-05-10,185.0,189.1,183.0,189.1,19235937,EQ,62499.0,307.78,6410382.0
2021-05-11,180.0,196.75,176.15,185.55,20107657,EQ,118815.0,169.24,6508162.0
2021-05-12,186.95,188.75,172.95,175.85,9352353,EQ,64139.0,145.81,4900958.0
2021-05-14,178.25,179.7,165.0,171.0,10504764,EQ,76925.0,136.56,3478979.0
2021-05-17,173.7,175.8,166.35,170.15,7053916,EQ,44379.0,158.95,3416537.0
2021-05-18,174.95,186.6,174.1,178.75,9611131,EQ,63520.0,151.31,3214958.0
2021-05-19,180.2,184.65,171.5,174.75,6352550,EQ,46449.0,136.76,2896220.0
2021-05-20,170.0,177.7,168.0,170.95,6546991,EQ,43504.0,150.49,2472514.0
2021-05-21,172.45,174.8,168.0,169.0,3778444,EQ,25306.0,149.31,1736936.0
2021-05-24,170.0,177.0,166.4,170.6,6000772,EQ,40070.0,149.76,2189620.0
2021-05-25,173.65,175.4,167.75,169.1,4934833,EQ,30199.0,163.41,2174116.0
2021-05-26,170.5,171.5,166.3,168.9,3454236,EQ,22867.0,151.06,1209704.0
2021-05-27,169.95,173.95,169.4,171.55,7077789,EQ,45518.0,155.49,2816179.0
2021-05-28,178.0,184.0,172.3,174.05,14388713,EQ,87609.0,164.24,3973747.0
2021-05-31,175.6,175.75,169.05,170.4,6619747,EQ,35582.0,186.04,2792253.0
2021-06-01,171.5,172.7,158.6,162.6,10953496,EQ,71658.0,152.86,5085183.0
2021-06-02,164.0,165.0,161.25,162.6,4537188,EQ,28689.0,158.15,1921001.0
2021-06-03,163.9,166.35,161.05,161.85,5037510,EQ,30038.0,167.7,1985539.0
2021-06-04,161.0,161.75,158.0,159.0,5857184,EQ,34939.0,167.64,2777724.0
2021-06-07,161.6,164.75,160.5,161.35,4152826,EQ,25437.0,163.26,1590095.0
2021-06-08,161.9,162.85,157.05,157.9,3917269,EQ,29863.0,131.17,1974961.0
2021-06-09,158.1,164.7,157.9,159.6,7216774,EQ,40919.0,176.37,2151513.0
2021-06-10,161.4,162.8,159.15,160.1,3807098,EQ,21361.0,178.23,1570022.0
2021-06-11,161.85,171.7,159.15,169.35,14241782,EQ,72292.0,197.0,4641270.0
2021-06-14,170.5,172.7,162.6,167.0,9720458,EQ,53622.0,181.28,3250197.0
2021-06-15,167.0,167.0,162.0,162.55,5117904,EQ,36576.0,139.93,2367297.0
2021-06-16,160.0,161.0,156.25,157.1,7871560,EQ,48454.0,162.45,3113591.0
2021-06-17,155.0,156.9,151.5,152.65,5423871,EQ,42143.0,128.7,2292172.0
2021-06-18,151.0,151.5,141.35,144.15,10317206,EQ,81027.0,127.33,3379246.0
2021-06-21,140.05,150.75,135.95,149.2,9159353,EQ,62265.0,147.1,2066925.0
2021-06-22,151.0,156.3,150.1,152.55,4887545,EQ,29030.0,168.36,1421089.0
2021-06-23,155.0,156.65,151.5,152.45,3309324,EQ,20754.0,159.45,997478.0
2021-06-24,153.5,153.8,147.45,149.2,2218588,EQ,15964.0,138.97,725283.0
2021-06-25,151.0,156.6,151.0,154.25,4998700,EQ,38834.0,128.72,1669147.0
2021-06-28,146.2,151.9,145.8,148.2,6172566,EQ,43442.0,142.09,2203727.0
2021-06-29,150.0,150.6,145.3,146.25,2537344,EQ,18129.0,139.96,943182.0
2021-06-30,147.0,148.75,143.5,144.1,2552482,EQ,21910.0,116.5,1022313.0
2021-07-01,145.0,145.8,142.1,142.9,2259411,EQ,15956.0,141.6,966619.0
2021-07-02,142.5,143.7,140.4,140.8,2363802,EQ,17354.0,136.21,1089323.0
2021-07-05,142.05,148.7,142.05,147.7,6085260,EQ,36562.0,166.44,1529573.0
2021-07-06,148.5,149.5,144.2,145.3,2785784,EQ,18282.0,152.38,970598.0
2021-07-07,144.9,150.8,142.45,148.3,7739999,EQ,34119.0,226.85,3625409.0
2021-07-08,148.85,149.25,144.7,145.95,1954026,EQ,14941.0,130.78,673508.0
2021-07-09,144.25,148.3,144.2,146.0,2002250,EQ,13438.0,149.0,530389.0
2021-07-12,147.15,148.65,144.25,145.0,1860353,EQ,18219.0,102.11,754578.0
2021-07-13,146.0,146.65,144.05,144.5,1267010,EQ,16244.0,78.0,629815.0
2021-07-14,145.0,145.1,142.75,143.15,1367971,EQ,21887.0,62.5,632443.0
2021-07-15,143.95,145.45,142.5,143.45,1782024,EQ,13155.0,135.46,590391.0
2021-07-16,144.15,145.25,142.0,142.4,1638513,EQ,12102.0,135.39,707688.0
2021-07-19,140.1,144.3,139.1,140.25,2270417,EQ,17249.0,131.63,969021.0
2021-07-20,140.45,141.55,136.25,136.8,2611676,EQ,21309.0,122.56,1120644.0
2021-07-22,139.0,141.4,137.2,137.95,1649553,EQ,12959.0,127.29,629998.0
2021-07-23,139.25,147.4,139.25,144.35,8835264,EQ,46222.0,191.15,1787481.0
2021-07-26,147.5,149.8,146.15,148.65,5336344,EQ,30278.0,176.24,1831635.0
2021-07-27,151.35,156.0,149.8,152.75,11769766,EQ,67796.0,173.61,4068473.0
2021-07-28,153.9,153.9,146.7,149.2,3920214,EQ,23954.0,163.66,1095857.0
2021-07-29,150.0,156.85,148.8,152.45,9091037,EQ,47579.0,191.07,3195029.0
2021-07-30,153.5,158.7,152.5,153.7,11709132,EQ,60350.0,194.02,3448463.0
2021-08-02,155.65,157.35,152.1,153.0,5328757,EQ,29065.0,183.34,2074340.0
2021-08-03,153.0,153.5,148.8,149.65,3554755,EQ,21740.0,163.51,1366788.0
2021-08-04,150.3,151.95,145.2,146.0,3263744,EQ,24092.0,135.47,1188957.0
2021-08-05,146.05,146.8,141.35,144.1,3019311,EQ,21837.0,138.27,1026358.0
2021-08-06,144.25,148.75,143.55,144.4,3437007,EQ,22587.0,152.17,1058460.0
2021-08-09,140.0,142.0,137.0,137.7,3711493,EQ,27709.0,133.95,1893056.0
2021-08-10,138.7,140.8,125.2,129.2,5151181,EQ,39666.0,129.86,2047625.0
2021-08-11,130.0,133.4,123.6,128.7,7115453,EQ,46671.0,152.46,1914874.0
2021-08-12,130.0,134.6,129.1,133.45,2677180,EQ,18746.0,142.81,767117.0
2021-08-13,134.5,135.65,131.0,132.3,2052343,EQ,17807.0,115.25,664863.0
2021-08-16,132.3,137.2,129.15,135.4,3797647,EQ,25035.0,151.69,1139427.0
2021-08-17,135.4,136.7,128.85,130.4,2663727,EQ,18982.0,140.33,955588.0
2021-08-18,130.4,131.7,126.1,128.2,4182550,EQ,33723.0,124.03,1404597.0
2021-08-20,122.0,124.9,119.0,119.75,4515151,EQ,36251.0,124.55,1663256.0
2021-08-23,122.6,124.0,109.25,110.65,7314717,EQ,55828.0,131.02,2434933.0
2021-08-24,110.0,116.3,109.8,114.4,4594286,EQ,45979.0,99.92,1489132.0
2021-08-25,115.4,119.2,115.4,116.95,3884841,EQ,34439.0,112.8,1127339.0
2021-08-26,117.15,117.15,114.25,115.4,2017377,EQ,20205.0,99.85,688011.0
2021-08-27,115.55,117.6,115.0,115.7,2016080,EQ,16752.0,120.35,588222.0
2021-08-30,116.95,120.85,116.95,119.8,2941481,EQ,22648.0,129.88,1151429.0
2021-08-31,119.95,122.4,117.3,118.95,2908516,EQ,25802.0,112.72,887085.0
2021-09-01,119.2,119.5,116.25,117.3,1546422,EQ,16994.0,91.0,658379.0
2021-09-02,117.95,120.95,117.7,119.4,2427559,EQ,16760.0,144.84,1037175.0
2021-09-03,119.55,121.3,118.5,119.1,2368562,EQ,16207.0,146.14,914968.0
2021-09-06,120.0,120.9,118.15,119.15,1792642,EQ,18865.0,95.02,681776.0
2021-09-07,119.8,120.6,117.0,117.45,1784993,EQ,19368.0,92.16,728260.0
2021-09-08,117.3,118.25,116.1,116.95,1399790,EQ,15644.0,89.48,592674.0
2021-09-09,117.5,117.5,115.2,115.9,1640985,EQ,18069.0,90.82,764441.0
2021-09-13,118.9,125.7,118.25,124.6,10535636,EQ,58870.0,178.96,3025248.0
2021-09-14,125.45,129.75,124.1,126.0,5772261,EQ,39868.0,144.78,1826016.0
2021-09-15,126.5,127.05,124.05,124.6,2007766,EQ,16546.0,121.34,793773.0
2021-09-16,118.7,119.0,116.6,116.95,14012113,EQ,53287.0,262.96,6631782.0
2021-09-17,116.9,117.9,116.6,116.8,5750709,EQ,26064.0,220.64,2882369.0
2021-09-20,115.0,115.2,110.2,110.8,4649599,EQ,37413.0,124.28,2267516.0
2021-09-21,111.95,112.8,108.2,109.1,6059082,EQ,43906.0,138.0,2434565.0
2021-09-22,110.05,112.7,110.0,111.4,3862683,EQ,23719.0,162.85,1648957.0
2021-09-23,113.25,114.9,112.6,113.1,3485093,EQ,17114.0,203.64,1389533.0
2021-09-24,113.75,114.0,109.65,110.25,2876909,EQ,20878.0,137.8,1125090.0
2021-09-27,111.1,111.55,109.0,109.9,2034839,EQ,13658.0,148.99,909764.0
2021-09-28,110.05,113.5,109.4,109.95,2573524,EQ,19227.0,133.85,954741.0
2021-09-29,109.8,114.8,109.0,112.85,4176884,EQ,27238.0,153.35,1663497.0
2021-09-30,113.7,114.6,109.5,109.95,3458820,EQ,23427.0,147.64,1945779.0
2021-10-01,109.9,111.8,109.2,109.85,2718556,EQ,15956.0,170.38,1143325.0
2021-10-04,110.85,129.7,110.6,121.3,28488877,EQ,128798.0,221.19,7716873.0
2021-10-05,122.4,123.85,118.6,120.05,8821892,EQ,52430.0,168.26,2992934.0
2021-10-06,125.25,133.7,124.2,125.0,38066071,EQ,195208.0,195.0,7979918.0
2021-10-07,127.45,130.5,126.3,127.05,8297399,EQ,49603.0,167.28,2487313.0
2021-10-08,128.4,128.8,124.45,127.0,4524708,EQ,30968.0,146.11,1763437.0
2021-10-11,127.8,128.0,124.8,125.85,3600660,EQ,21950.0,164.04,1638785.0
2021-10-12,125.9,128.5,125.15,126.35,3856904,EQ,24024.0,160.54,1390406.0
2021-10-13,127.0,127.35,125.3,125.95,4430850,EQ,22951.0,193.06,2188950.0
2021-10-14,129.0,137.95,129.0,132.35,16200880,EQ,91369.0,177.31,5578668.0
2021-10-18,138.1,152.7,138.0,149.2,33963715,EQ,199694.0,170.08,9262794.0
2021-10-19,152.75,159.4,145.4,149.15,24618892,EQ,153333.0,160.56,6247950.0
2021-10-20,149.05,149.15,139.7,143.05,11556906,EQ,74066.0,156.04,3455787.0
2021-10-21,144.65,148.45,135.0,136.7,10395166,EQ,64987.0,159.96,3363098.0
2021-10-22,136.0,138.4,127.5,129.65,7458356,EQ,49696.0,150.08,2468248.0
2021-10-25,130.75,135.0,125.95,130.1,7932152,EQ,49754.0,159.43,1459611.0
2021-10-26,130.85,137.5,129.6,136.5,8891273,EQ,50244.0,176.96,2556223.0
2021-10-27,137.5,138.55,132.9,134.5,3857510,EQ,26303.0,146.66,1226143.0
2021-10-28,132.0,133.0,128.1,129.05,4492425,EQ,32917.0,136.48,1419468.0
2021-10-29,128.3,131.25,124.3,126.95,4973347,EQ,32633.0,152.4,1078514.0
2021-11-01,128.0,132.75,126.9,128.5,4147591,EQ,28473.0,145.67,1242271.0
2021-11-02,129.5,130.75,128.35,128.95,2772811,EQ,20454.0,135.56,825098.0
2021-11-03,130.0,132.4,126.4,127.85,3830984,EQ,24179.0,158.44,1136668.0
2021-11-04,128.8,130.95,128.35,130.35,974860,EQ,24179.0,40.32,1136668.0
2021-11-08,131.5,132.0,128.45,130.6,2935680,EQ,19221.0,152.73,1017657.0
2021-11-09,131.5,134.45,130.45,133.1,4013443,EQ,26351.0,152.31,1418465.0
2021-11-10,133.8,135.95,129.05,130.05,4894855,EQ,34772.0,140.77,1802340.0
2021-11-11,130.0,133.0,127.3,128.1,2812865,EQ,17536.0,160.41,991901.0
2021-11-12,128.5,130.45,126.1,127.1,2313161,EQ,17682.0,130.82,893678.0
2021-11-15,128.0,128.6,124.85,125.15,1835457,EQ,14116.0,130.03,734385.0
2021-11-16,124.0,126.7,123.15,125.0,2233769,EQ,17856.0,125.1,803527.0
2021-11-17,124.2,124.9,121.0,121.4,1659116,EQ,14096.0,117.7,724249.0
2021-11-18,122.0,123.2,116.95,117.9,2759630,EQ,23116.0,119.38,914826.0
2021-11-22,118.4,119.8,114.65,115.55,2848314,EQ,21847.0,130.38,899497.0
2021-11-23,113.05,121.5,113.05,119.9,2819107,EQ,21456.0,131.39,708621.0
2021-11-24,120.7,121.65,119.1,119.4,1747843,EQ,14218.0,122.93,573338.0
2021-11-25,119.45,121.5,117.8,120.75,1707146,EQ,13570.0,125.8,561683.0
2021-11-26,119.1,119.45,115.4,115.75,2398781,EQ,21561.0,111.26,851495.0
2021-11-29,114.0,114.8,108.3,110.65,3332738,EQ,30349.0,109.81,1206831.0
2021-11-30,110.65,114.65,110.35,111.35,2159854,EQ,18131.0,119.12,624674.0
2021-12-01,116.5,117.35,113.0,115.3,3274600,EQ,26957.0,121.47,804517.0
2021-12-02,115.0,119.3,114.45,118.25,2673917,EQ,18951.0,141.1,839268.0
2021-12-03,118.0,119.35,117.05,117.55,1799905,EQ,14085.0,127.79,538214.0
2021-12-06,118.5,118.8,113.8,114.3,1841121,EQ,13714.0,134.25,644332.0
2021-12-07,116.65,128.35,116.5,125.8,15309168,EQ,85580.0,178.89,2656960.0
2021-12-08,127.0,127.95,124.0,126.05,4960540,EQ,31791.0,156.04,1043504.0
2021-12-09,127.0,127.1,123.75,124.3,2279416,EQ,15098.0,150.97,704511.0
2021-12-10,123.1,132.65,122.85,130.9,5915366,EQ,35920.0,164.68,1932578.0
2021-12-13,132.0,133.0,129.2,129.75,3529420,EQ,21516.0,164.04,992712.0
2021-12-14,128.5,130.0,126.0,126.85,2839843,EQ,15524.0,182.93,1039988.0
2021-12-15,127.45,132.7,125.6,126.5,5761570,EQ,31833.0,180.99,1194568.0
2021-12-16,128.0,128.35,123.15,123.95,2705563,EQ,14206.0,190.45,872954.0
2021-12-17,124.3,124.6,118.05,118.85,3481384,EQ,24771.0,140.54,983702.0
2021-12-20,116.8,117.0,110.25,112.25,3894785,EQ,28728.0,135.57,1292182.0
2021-12-21,114.25,117.6,113.25,115.25,2672904,EQ,17132.0,156.02,587909.0
2021-12-22,116.2,119.15,115.0,118.05,2319260,EQ,14235.0,162.93,615414.0
2021-12-23,119.05,121.85,119.05,119.8,2475292,EQ,16676.0,148.43,660699.0
2021-12-24,120.0,120.3,116.8,117.65,1903275,EQ,12753.0,149.24,537155.0
2021-12-27,117.05,117.85,115.5,117.0,1604766,EQ,10303.0,155.76,446212.0
2021-12-28,118.0,125.75,117.95,124.4,5039035,EQ,28483.0,176.91,1368737.0
2021-12-29,125.05,129.0,122.8,125.95,7053277,EQ,36404.0,193.75,1426592.0
2021-12-30,125.5,126.7,121.85,122.65,3623603,EQ,21138.0,171.43,1269355.0
2021-12-31,123.0,127.5,122.85,124.7,5386417,EQ,24903.0,216.3,1894403.0
2022-01-03,124.7,128.95,123.35,127.75,5969893,EQ,23256.0,256.7,2656785.0
2022-01-04,129.0,134.75,129.0,133.45,16125645,EQ,69938.0,230.57,5333780.0
2022-01-05,133.75,137.25,130.8,134.75,10030438,EQ,41944.0,239.14,3466559.0
2022-01-06,132.8,134.75,131.0,131.8,4658289,EQ,22029.0,211.46,1511649.0
2022-01-07,132.0,133.3,128.35,131.55,7146876,EQ,24802.0,288.16,3160090.0
2022-01-10,131.95,135.0,131.4,131.8,5192602,EQ,22906.0,226.69,2025863.0
2022-01-11,131.95,133.0,129.15,130.2,3427948,EQ,17452.0,196.42,872882.0
2022-01-12,131.2,134.95,129.8,133.9,4845617,EQ,24718.0,196.04,1804452.0
2022-01-13,135.0,140.5,134.5,136.1,14228398,EQ,69611.0,204.4,3600288.0
2022-01-14,136.0,137.5,134.7,136.65,5639448,EQ,23076.0,244.39,2126745.0
2022-01-17,137.0,141.6,136.75,137.55,6405711,EQ,32151.0,199.24,1454596.0
2022-01-18,138.0,139.2,130.5,131.05,5754710,EQ,29871.0,192.65,1928474.0
2022-01-19,130.5,131.75,126.6,129.6,4885838,EQ,24873.0,196.43,1430493.0
2022-01-20,130.3,134.6,130.1,133.9,6368032,EQ,30416.0,209.36,2014026.0
2022-01-21,133.75,135.7,128.5,131.25,5155619,EQ,28675.0,179.79,1478069.0
2022-01-24,129.6,130.6,118.3,120.65,8542100,EQ,45264.0,188.72,2769869.0
2022-01-25,120.8,126.05,116.8,124.65,5118615,EQ,29486.0,173.59,1195922.0
2022-01-27,123.0,123.3,120.0,122.0,3537193,EQ,19206.0,184.17,927476.0
2022-01-28,123.4,128.15,123.25,123.8,5312619,EQ,23289.0,228.12,1914236.0
2022-01-31,125.3,126.75,122.65,123.55,3879396,EQ,17091.0,226.98,1365571.0
2022-02-01,124.5,127.7,122.5,126.7,5490758,EQ,24469.0,224.4,1865436.0
2022-02-02,127.4,130.3,126.9,127.65,4807368,EQ,18302.0,262.67,1621853.0
2022-02-03,128.35,130.4,127.45,129.35,5622216,EQ,22255.0,252.63,2059240.0
2022-02-04,130.0,138.5,129.5,137.7,17477979,EQ,72721.0,240.34,5040278.0
2022-02-07,137.6,143.0,135.4,141.45,16060563,EQ,75732.0,212.07,4904893.0
2022-02-08,142.2,143.7,134.15,137.1,9982439,EQ,45666.0,218.6,2393267.0
2022-02-09,138.2,141.65,137.4,139.35,5956235,EQ,25811.0,230.76,1913240.0
2022-02-10,140.5,146.35,140.5,142.25,16068827,EQ,75696.0,212.28,5119197.0
2022-02-11,141.0,143.55,137.5,138.85,6485085,EQ,31289.0,207.26,1780226.0
2022-02-14,133.85,134.8,125.2,126.0,9869852,EQ,48263.0,204.5,2476854.0
2022-02-15,126.65,132.5,122.3,131.65,8877023,EQ,39530.0,224.56,1194156.0
2022-02-16,132.0,133.4,128.5,129.45,5023452,EQ,21372.0,235.05,1302034.0
2022-02-17,129.95,130.55,124.75,125.5,4813784,EQ,22232.0,216.53,1367109.0
2022-02-18,126.0,127.8,122.8,123.15,4523988,EQ,24156.0,187.28,1251961.0
2022-02-21,123.15,123.15,114.7,117.25,10144352,EQ,45618.0,222.38,2611155.0
2022-02-22,112.3,115.9,111.0,115.05,8328136,EQ,37333.0,223.08,1930422.0
2022-02-23,118.05,119.7,115.55,116.0,6392957,EQ,27858.0,229.48,1124948.0
2022-02-24,111.9,113.85,105.0,105.65,10395146,EQ,48894.0,212.61,2638316.0
2022-02-25,111.0,114.65,109.3,113.55,7708188,EQ,32202.0,239.37,1910165.0
2022-02-28,113.55,118.15,111.85,117.65,7200101,EQ,32799.0,219.52,1468909.0
2022-03-02,117.5,123.35,117.3,119.9,10091114,EQ,42488.0,237.51,3008912.0
2022-03-03,124.0,126.75,122.55,123.6,12216686,EQ,58338.0,209.41,2875309.0
2022-03-04,124.5,126.25,120.65,121.0,7931946,EQ,36867.0,215.15,1598507.0
2022-03-07,120.5,125.95,119.0,124.7,7984133,EQ,,,
2022-03-08,127.0,133.95,125.45,126.7,18998589,EQ,92162.0,206.14,3472932.0
2022-03-09,128.7,129.0,123.5,124.05,6779091,EQ,33471.0,202.54,2162219.0
2022-03-10,125.4,125.4,121.1,122.75,7178388,EQ,30314.0,236.8,2324872.0
2022-03-11,123.25,126.0,122.5,123.7,4842464,EQ,22684.0,213.47,1360494.0
2022-03-14,123.5,124.8,119.1,119.5,5344277,EQ,23804.0,224.51,2003594.0
2022-03-15,119.5,120.15,112.15,114.15,7040176,EQ,37683.0,186.83,2338994.0
2022-03-16,116.35,116.7,114.35,115.25,4731502,EQ,21546.0,219.6,1814824.0
2022-03-17,117.4,119.0,116.1,117.5,6012485,EQ,27149.0,221.46,2058036.0
2022-03-21,119.4,121.0,116.5,117.0,5346677,EQ,25040.0,213.53,1727338.0
2022-03-22,117.7,120.0,116.5,118.2,4837292,EQ,24077.0,200.91,994776.0
2022-03-23,119.65,119.65,116.7,117.95,3992771,EQ,20160.0,198.05,1092713.0
2022-03-24,118.0,119.95,116.55,117.3,4498389,EQ,17721.0,253.85,1794053.0
2022-03-25,117.95,118.95,115.05,115.55,3687383,EQ,18342.0,201.03,1335882.0
2022-03-28,115.5,116.0,113.1,113.55,4609341,EQ,21564.0,213.75,2108102.0
2022-03-29,114.3,114.75,112.0,112.45,4859549,EQ,20760.0,234.08,2324441.0
2022-03-30,113.3,113.55,110.85,111.4,5885810,EQ,27974.0,210.4,2770113.0
2022-03-31,112.5,114.65,111.9,113.75,6142918,EQ,22550.0,272.41,2084702.0
2022-04-01,114.0,117.0,113.8,116.7,5077804,EQ,25413.0,199.81,1571704.0
2022-04-04,117.85,119.85,116.25,119.35,6255133,EQ,28843.0,216.87,2278717.0
2022-04-05,120.85,123.5,120.0,122.65,7328584,EQ,34369.0,213.23,2840745.0
2022-04-06,121.85,125.8,121.4,124.85,8046494,EQ,34307.0,234.54,2319300.0
2022-04-07,124.9,125.85,120.7,121.55,4264063,EQ,24466.0,174.29,1527555.0
2022-04-08,122.65,123.8,121.8,122.6,3761228,EQ,16993.0,221.34,1317078.0
2022-04-11,123.35,125.8,122.9,124.45,4261393,EQ,23314.0,182.78,1604590.0
2022-04-12,123.95,123.95,118.6,121.0,5631054,EQ,23830.0,236.3,2222140.0
2022-04-13,122.0,123.4,120.9,121.2,2750802,EQ,14694.0,187.21,633701.0
2022-04-18,122.0,122.0,119.05,121.15,2214700,EQ,14024.0,157.92,646134.0
2022-04-19,122.25,129.5,121.1,124.15,18701538,EQ,84827.0,220.47,5007155.0
2022-04-20,125.5,126.0,120.55,121.3,6056375,EQ,30900.0,196.0,2155814.0
2022-04-21,122.4,122.85,121.15,121.8,2945809,EQ,14834.0,198.58,1010208.0
2022-04-22,121.0,121.0,116.6,117.0,5770643,EQ,31508.0,183.15,2556284.0
2022-04-25,115.0,115.15,113.45,113.85,4194526,EQ,23615.0,177.62,1472341.0
2022-04-26,115.0,116.4,114.25,114.75,3229386,EQ,19984.0,161.6,1001640.0
2022-04-27,114.0,115.0,112.25,114.15,2762785,EQ,14374.0,192.21,782851.0
2022-04-28,115.5,115.5,111.6,114.05,4431556,EQ,22777.0,194.56,1422635.0
2022-04-29,115.45,115.45,112.9,113.3,1832831,EQ,14841.0,123.5,614256.0
2022-05-02,111.9,113.0,110.1,112.8,2262626,EQ,13817.0,163.76,620820.0
2022-05-04,112.5,113.95,109.3,109.85,3034707,EQ,19359.0,156.76,1241900.0
2022-05-05,111.95,112.4,109.45,110.1,1728445,EQ,12246.0,141.14,592296.0
2022-05-06,107.0,108.65,101.9,104.6,6237384,EQ,44382.0,140.54,2049785.0
2022-05-09,102.8,102.8,91.5,94.4,15765612,EQ,65192.0,241.83,3591270.0
2022-05-10,95.0,97.8,93.2,93.6,7114541,EQ,34297.0,207.44,1499937.0
2022-05-12,93.5,94.25,91.3,92.1,4256098,EQ,23615.0,180.23,909488.0
2022-05-13,94.0,95.7,91.35,92.15,4512467,EQ,31691.0,142.39,1141178.0
2022-05-16,91.8,92.7,88.7,91.3,6269897,EQ,30010.0,208.93,1277794.0
2022-05-17,92.9,103.2,92.9,100.4,10475451,EQ,40783.0,256.86,1901757.0
2022-05-18,101.7,102.25,98.75,100.7,4959565,EQ,26699.0,185.76,865805.0
2022-05-19,96.0,98.7,95.65,96.8,3430792,EQ,18275.0,187.73,821694.0
2022-05-20,100.0,104.8,100.0,101.8,11012735,EQ,48720.0,226.04,1136314.0
2022-05-23,100.0,100.0,95.8,96.45,6453033,EQ,29763.0,216.81,1187871.0
2022-05-24,96.6,98.35,96.3,97.35,3565444,EQ,16592.0,214.89,560469.0
2022-05-25,98.35,98.35,94.4,94.9,3082510,EQ,15909.0,193.76,725345.0
2022-05-26,96.05,96.9,91.05,96.3,5404173,EQ,28349.0,190.63,997446.0
2022-05-27,99.0,99.3,96.7,97.95,3991318,EQ,19669.0,202.92,567051.0
2022-05-30,99.0,103.75,98.3,102.9,5089815,EQ,22480.0,226.42,1077936.0
2022-05-31,101.95,107.1,101.45,105.1,9463386,EQ,33792.0,280.05,3819857.0
2022-06-01,106.4,106.7,103.05,103.8,3249757,EQ,17398.0,186.79,705057.0
2022-06-02,103.5,106.85,103.5,106.5,3022430,EQ,14094.0,214.45,763889.0
2022-06-03,108.9,108.95,105.75,106.95,3841624,EQ,17976.0,213.71,819809.0
2022-06-06,106.5,106.6,103.75,106.25,2856422,EQ,12424.0,229.91,687600.0
2022-06-07,105.55,106.05,103.05,104.0,1953349,EQ,10122.0,192.98,406539.0
2022-06-08,105.9,106.4,103.3,104.35,3730282,EQ,22391.0,166.6,515092.0
2022-06-09,102.8,104.8,101.6,103.0,2023383,EQ,10930.0,185.12,322654.0
2022-06-10,102.25,102.45,100.15,101.8,2116091,EQ,11213.0,188.72,475434.0
2022-06-13,100.0,100.0,96.2,96.9,2653772,EQ,14941.0,177.62,628959.0
2022-06-14,96.0,99.85,95.4,96.3,2679119,EQ,12006.0,223.15,452366.0
2022-06-15,97.25,98.35,95.8,97.3,2157814,EQ,9934.0,217.22,337664.0
2022-06-16,98.15,98.75,91.2,92.1,2925267,EQ,17350.0,168.6,938891.0
2022-06-17,91.55,94.35,89.0,93.1,3403444,EQ,16485.0,206.46,537541.0
2022-06-20,92.6,92.8,81.2,84.35,10192601,EQ,50598.0,201.44,2174638.0
2022-06-21,86.4,91.05,85.15,90.65,5244529,EQ,22940.0,228.62,873786.0
2022-06-22,88.2,88.75,82.7,84.0,12406905,EQ,48383.0,256.43,1962646.0
2022-06-23,84.05,87.25,83.1,85.45,6622115,EQ,26338.0,251.43,873647.0
2022-06-24,84.7,87.3,84.2,85.25,6666366,EQ,26206.0,254.38,1304341.0
2022-06-27,88.0,88.65,86.6,87.25,4503170,EQ,19890.0,226.4,730273.0
2022-06-28,87.0,90.7,86.25,90.2,4572546,EQ,20916.0,218.61,888086.0
2022-06-29,89.15,90.5,88.0,89.2,2855088,EQ,12667.0,225.4,496399.0
2022-06-30,90.2,90.75,86.45,87.1,5048882,EQ,20702.0,243.88,656901.0
2022-07-01,86.1,88.75,85.65,88.35,2962596,EQ,13927.0,212.72,364100.0
2022-07-04,87.5,88.0,85.1,87.3,2968114,EQ,12167.0,243.95,300364.0
2022-07-05,88.1,89.1,86.15,86.85,2375230,EQ,11699.0,203.03,505831.0
2022-07-06,86.0,88.75,83.3,88.05,4453860,EQ,20314.0,219.25,442808.0
2022-07-07,89.05,92.5,87.1,91.25,5938255,EQ,23921.0,248.24,1344887.0
2022-07-08,92.5,93.0,89.1,90.15,6598833,EQ,29928.0,220.49,1453198.0
2022-07-11,89.9,92.4,88.3,91.45,4048079,EQ,17842.0,226.88,666853.0
2022-07-12,89.8,91.4,89.1,90.05,4379709,EQ,16282.0,268.99,531523.0
2022-07-13,89.2,91.4,89.0,91.1,3640651,EQ,14416.0,252.54,627314.0
2022-07-14,91.15,91.75,88.5,89.3,3246315,EQ,12540.0,258.88,818631.0
2022-07-15,89.4,89.8,86.6,87.65,3244822,EQ,15107.0,214.79,651838.0
2022-07-18,88.85,93.0,88.4,92.45,5498911,EQ,22814.0,241.03,1377715.0
2022-07-19,91.25,93.5,91.2,93.15,4231449,EQ,18271.0,231.59,785932.0
2022-07-20,94.05,96.0,94.0,94.3,5063448,EQ,19707.0,256.94,970194.0
2022-07-21,94.5,95.45,94.0,95.0,2266998,EQ,11042.0,205.31,523584.0
2022-07-22,95.5,97.0,95.05,95.75,3064980,EQ,13320.0,230.1,664861.0
2022-07-25,96.0,96.45,94.6,94.95,3614462,EQ,13140.0,275.07,1636501.0
2022-07-26,95.4,99.1,94.5,98.65,6826196,EQ,25247.0,270.38,1459953.0
2022-07-27,98.75,100.25,97.75,99.25,3882752,EQ,16172.0,240.09,689494.0
2022-07-28,100.3,101.1,98.2,99.75,4498422,EQ,16475.0,273.05,1016287.0
2022-07-29,100.5,103.5,100.0,103.05,3924851,EQ,19282.0,203.55,1164462.0
2022-08-01,103.55,105.75,103.2,104.85,3321288,EQ,18493.0,179.6,788576.0
2022-08-02,104.5,105.0,102.0,104.65,2723475,EQ,12898.0,211.15,749972.0
2022-08-03,104.35,105.6,102.3,104.6,2558158,EQ,11079.0,230.9,735406.0
2022-08-04,105.0,106.05,102.4,104.15,2816296,EQ,13358.0,210.83,689255.0
2022-08-05,104.7,105.7,103.8,104.15,2098867,EQ,11099.0,189.1,582888.0
2022-08-08,104.65,112.6,103.55,111.05,13647552,EQ,,,
2022-08-10,112.3,113.4,111.2,112.8,5558821,EQ,27468.0,202.37,1246588.0
2022-08-11,114.4,114.4,111.4,111.9,3234510,EQ,17396.0,185.93,965945.0
2022-08-12,111.7,114.6,111.0,112.85,3901600,EQ,21153.0,184.45,1023093.0
2022-08-16,112.85,114.65,109.65,113.95,3805826,EQ,20996.0,181.26,1089299.0
2022-08-17,114.9,117.8,114.25,115.3,6226691,EQ,30327.0,205.32,1908900.0
2022-08-18,115.3,116.6,114.5,115.6,2762967,EQ,13520.0,204.36,929640.0
2022-08-19,115.6,115.95,112.3,112.95,3222070,EQ,15219.0,211.71,1091348.0
2022-08-22,112.5,112.5,110.35,110.8,2429109,EQ,14643.0,165.89,703370.0
2022-08-23,109.95,114.75,108.9,114.4,3556002,EQ,18538.0,191.82,961941.0
2022-08-24,114.9,117.8,114.25,116.9,5118962,EQ,23432.0,218.46,1527379.0
2022-08-25,117.15,117.55,114.4,114.75,3282484,EQ,16316.0,201.18,1308395.0
2022-08-26,115.9,119.4,115.7,117.9,4781736,EQ,22430.0,213.18,1681361.0
2022-08-29,114.0,121.7,112.05,118.85,7985746,EQ,38630.0,206.72,1524799.0
2022-08-30,119.75,120.95,118.0,118.75,3190110,EQ,18068.0,176.56,915235.0
2022-09-01,118.65,119.3,116.0,117.05,2450533,EQ,16875.0,145.22,783431.0
2022-09-02,117.55,118.45,114.75,115.35,3027945,EQ,14777.0,204.91,845164.0
2022-09-05,115.95,117.8,115.4,116.8,2647446,EQ,10991.0,240.87,965042.0
2022-09-06,116.8,119.9,116.2,117.95,4111385,EQ,21149.0,194.4,1370116.0
2022-09-07,117.75,119.5,115.95,118.75,3198180,EQ,15221.0,210.12,947800.0
2022-09-08,119.7,120.15,117.1,117.9,1905202,EQ,10437.0,182.54,739110.0
2022-09-09,119.4,121.7,117.95,119.3,4472640,EQ,18918.0,236.42,1255014.0
2022-09-12,120.35,120.9,119.5,120.1,2194755,EQ,12289.0,178.6,958819.0
2022-09-13,120.9,123.6,120.25,122.6,5302342,EQ,26719.0,198.45,2226837.0
2022-09-14,120.25,123.65,119.45,122.2,4217581,EQ,18862.0,223.6,1266005.0
2022-09-15,122.6,123.65,120.25,122.0,2007989,EQ,9588.0,209.43,654818.0
2022-09-16,121.5,122.4,115.85,117.2,3554819,EQ,17180.0,206.92,1278017.0
2022-09-19,117.6,118.5,114.1,115.0,1999869,EQ,10941.0,182.79,558715.0
2022-09-20,115.0,118.95,115.0,116.5,3189112,EQ,15860.0,201.08,622210.0
2022-09-21,117.35,118.8,114.2,115.3,2688792,EQ,16018.0,167.86,527191.0
2022-09-22,114.6,117.7,112.75,116.7,3357513,EQ,16069.0,208.94,511787.0
2022-09-23,117.5,117.5,112.7,113.65,2684156,EQ,13414.0,200.1,670159.0
2022-09-26,111.4,111.85,104.4,105.9,4506519,EQ,26855.0,167.81,1126137.0
2022-09-27,107.2,107.7,102.9,104.4,2773239,EQ,14510.0,191.13,633670.0
2022-09-28,103.0,104.45,100.2,100.65,2815671,EQ,16112.0,174.76,839166.0
2022-09-29,102.6,104.35,101.45,103.05,3899023,EQ,18214.0,214.07,1011117.0
2022-09-30,103.7,107.5,103.45,106.95,4487639,EQ,19304.0,232.47,676464.0
2022-10-03,107.1,107.5,103.65,104.6,1701062,EQ,9238.0,184.14,450031.0
2022-10-04,107.0,108.45,106.75,108.15,1711694,EQ,9151.0,187.05,487419.0
2022-10-06,109.2,111.65,109.0,110.95,2232014,EQ,11582.0,192.71,594816.0
2022-10-07,111.55,111.75,109.1,111.3,1820936,EQ,13832.0,131.65,464196.0
2022-10-10,109.0,110.85,108.6,110.45,1347444,EQ,7402.0,182.04,388367.0
2022-10-11,110.9,111.7,107.5,107.85,1290218,EQ,8519.0,151.45,349694.0
2022-10-12,108.0,109.55,106.55,108.95,1364717,EQ,8257.0,165.28,299809.0
2022-10-13,109.0,110.6,107.3,109.1,2025576,EQ,10608.0,190.95,414560.0
2022-10-14,110.15,111.0,107.6,108.2,1372634,EQ,7502.0,182.97,375401.0
2022-10-17,108.0,108.0,105.0,107.05,2074559,EQ,11907.0,174.23,515622.0
2022-10-18,107.9,108.25,105.95,106.95,1591874,EQ,10645.0,149.54,447133.0
2022-10-19,107.05,109.1,105.3,105.85,1921557,EQ,9430.0,203.77,471420.0
2022-10-20,105.15,107.15,103.95,106.7,2158233,EQ,9655.0,223.54,751260.0
2022-10-21,106.75,108.0,103.6,104.35,1869678,EQ,8907.0,209.91,586468.0
2022-10-24,104.55,106.0,104.55,105.05,352305,EQ,3321.0,106.08,164114.0
2022-10-25,105.5,107.2,103.8,106.25,2432958,EQ,12178.0,199.78,504508.0
2022-10-27,108.0,109.0,107.15,108.25,3515708,EQ,17825.0,197.23,794385.0
2022-10-28,108.25,108.5,104.3,104.75,2233780,EQ,16127.0,138.51,761191.0
2022-10-31,105.0,105.75,102.55,103.0,2460512,EQ,20284.0,121.3,777207.0
2022-11-01,103.05,104.45,102.35,104.15,3419287,EQ,16704.0,204.7,1041863.0
2022-11-02,104.4,106.5,104.2,105.7,2271698,EQ,11375.0,199.71,669909.0
2022-11-03,104.5,107.0,103.55,104.9,2725580,EQ,12748.0,213.8,714100.0
2022-11-04,105.4,108.2,105.35,107.95,2792052,EQ,13326.0,209.52,1031347.0
2022-11-07,109.1,114.0,107.75,112.8,6283812,EQ,29703.0,211.55,2020214.0
2022-11-09,114.1,114.2,112.05,113.25,3452797,EQ,17448.0,197.89,974473.0
2022-11-10,112.9,113.1,102.25,110.75,2342479,EQ,11802.0,198.48,696485.0
2022-11-11,112.9,115.15,111.65,113.65,3634311,EQ,17308.0,209.98,1031052.0
2022-11-14,111.5,117.0,110.0,116.45,7240137,EQ,36509.0,198.31,2269472.0
2022-11-15,116.8,119.5,115.5,119.2,5439447,EQ,36509.0,148.99,2269472.0
2022-11-16,119.2,120.2,116.0,116.9,3617147,EQ,17611.0,205.39,1273274.0
2022-11-17,115.55,115.75,110.55,112.25,5530857,EQ,25430.0,217.49,1183471.0
2022-11-18,111.75,112.45,109.25,109.6,2699201,EQ,13404.0,201.37,800618.0
2022-11-21,110.0,110.5,108.0,109.2,2259175,EQ,10251.0,220.39,812585.0
2022-11-22,109.0,112.5,108.25,112.0,3068825,EQ,13495.0,227.4,741744.0
2022-11-23,112.85,114.3,111.7,112.9,2253002,EQ,10062.0,223.91,621362.0
2022-11-24,113.5,114.6,112.75,114.1,2278611,EQ,13165.0,173.08,755911.0
2022-11-25,114.5,115.7,114.05,114.6,1786026,EQ,11191.0,159.59,677772.0
2022-11-28,114.0,114.9,112.8,114.5,1816414,EQ,10440.0,173.99,585658.0
2022-11-29,114.5,116.3,113.9,114.65,2668670,EQ,13995.0,190.69,808869.0
2022-11-30,115.0,119.7,115.0,117.3,7581421,EQ,35473.0,213.72,1725970.0
2022-12-01,118.9,121.3,118.1,119.4,8464740,EQ,32337.0,261.77,3028960.0
2022-12-02,118.3,120.5,117.5,118.65,2927276,EQ,14222.0,205.83,1001035.0
2022-12-05,119.65,122.5,119.25,121.45,5673261,EQ,24036.0,236.03,1835049.0
2022-12-06,121.4,121.4,118.5,119.9,2157842,EQ,12074.0,178.72,736505.0
2022-12-07,120.8,120.8,116.85,117.6,2115223,EQ,15842.0,133.52,686332.0
2022-12-08,118.2,118.7,116.2,118.1,1608858,EQ,9712.0,165.66,467569.0
2022-12-09,118.95,120.25,115.0,116.35,2554103,EQ,13185.0,193.71,822280.0
2022-12-12,115.5,116.15,114.6,115.25,2162796,EQ,9314.0,232.21,939495.0
2022-12-13,116.0,116.7,113.95,114.5,3088743,EQ,10309.0,299.62,1606958.0
2022-12-14,115.4,118.35,115.35,117.9,2967911,EQ,14831.0,200.12,845014.0
2022-12-15,117.9,118.7,113.6,114.2,2916321,EQ,13588.0,214.62,1167351.0
2022-12-16,113.95,114.25,110.4,111.1,3227227,EQ,15568.0,207.3,1098739.0
2022-12-19,111.55,113.2,111.0,112.95,1717094,EQ,8665.0,198.16,557064.0
2022-12-20,112.8,112.8,110.5,112.35,1623902,EQ,8892.0,182.63,420209.0
2022-12-21,112.5,113.2,109.15,110.1,2392487,EQ,13755.0,173.94,726165.0
2022-12-22,111.0,111.5,106.7,107.4,2340102,EQ,13967.0,167.55,732637.0
2022-12-23,106.55,106.9,99.4,100.0,3550370,EQ,21074.0,168.47,999981.0
2022-12-26,101.9,105.35,99.3,104.35,3711818,EQ,18686.0,198.64,724600.0
2022-12-27,105.2,109.85,105.15,109.05,4203839,EQ,19199.0,218.96,803667.0
2022-12-28,109.0,109.4,107.45,108.7,2614409,EQ,11982.0,218.19,366116.0
2022-12-29,108.75,110.4,107.3,108.95,4236130,EQ,17921.0,236.38,663841.0
2022-12-30,109.8,112.1,109.1,109.6,2757547,EQ,12365.0,223.01,757558.0
2023-01-02,109.6,117.2,109.55,116.75,8485712,EQ,38913.0,218.07,2269157.0
2023-01-03,117.25,117.45,114.9,116.35,4404940,EQ,18558.0,237.36,1193711.0
2023-01-04,116.0,116.2,113.5,114.6,3959214,EQ,21810.0,181.53,1498261.0
2023-01-05,114.15,116.7,114.1,115.55,2875797,EQ,21580.0,133.26,603777.0
2023-01-06,116.1,119.45,115.4,115.9,9705003,EQ,47231.0,205.48,2046728.0
2023-01-09,118.0,120.65,117.8,119.65,8175110,EQ,33997.0,240.47,2378805.0
2023-01-10,119.55,125.7,119.45,123.25,17162947,EQ,64361.0,266.67,4812443.0
2023-01-11,124.45,125.9,123.45,125.5,11527292,EQ,44299.0,260.22,2527320.0
2023-01-12,126.5,126.9,124.45,125.35,6785828,EQ,28076.0,241.69,1401887.0
2023-01-13,125.5,127.3,125.0,126.9,4962297,EQ,23222.0,213.69,1502425.0
2023-01-16,128.45,129.5,125.35,127.95,9885230,EQ,41590.0,237.68,3418688.0
2023-01-17,129.0,129.4,126.5,128.25,4610744,EQ,20930.0,220.29,1667342.0
2023-01-18,128.75,130.9,128.5,130.5,6708037,EQ,28502.0,235.35,2455682.0
2023-01-19,129.45,132.35,128.8,130.75,6093788,EQ,22779.0,267.52,2317485.0
2023-01-20,130.7,132.1,129.55,130.05,4200821,EQ,16090.0,261.08,1728897.0
2023-01-23,131.0,131.05,127.8,129.25,5299106,EQ,16787.0,315.67,1311181.0
2023-01-24,129.3,129.7,127.1,128.65,3115940,EQ,13452.0,231.63,1131776.0
2023-01-25,127.8,129.4,126.8,127.35,3001602,EQ,15238.0,196.98,1076683.0
2023-01-27,127.45,129.15,121.95,123.45,4401500,EQ,19763.0,222.71,1767917.0
2023-01-30,123.0,124.45,120.2,121.6,3351781,EQ,16118.0,207.95,1131600.0
2023-01-31,121.55,124.4,120.55,123.3,2755504,EQ,13576.0,202.97,919470.0
2023-02-01,123.9,124.3,115.25,118.2,3521247,EQ,21488.0,163.87,953118.0
2023-02-02,116.0,119.4,115.4,116.6,3211620,EQ,18903.0,169.9,732707.0
2023-02-03,117.1,117.5,106.05,107.5,8680426,EQ,42855.0,202.55,2468519.0
2023-02-06,107.0,109.05,105.0,105.8,3556294,EQ,22577.0,157.52,1071226.0
2023-02-07,105.6,106.55,103.25,105.8,3328409,EQ,18005.0,184.86,850429.0
2023-02-08,106.0,109.15,104.9,108.25,3910618,EQ,18519.0,211.17,1174291.0
2023-02-09,108.55,109.25,106.25,107.25,3015848,EQ,13856.0,217.66,1051582.0
2023-02-10,106.8,107.9,105.6,107.1,1645670,EQ,10052.0,163.72,456153.0
2023-02-13,107.0,108.35,105.2,105.9,2273671,EQ,13575.0,167.49,668578.0
2023-02-14,106.0,107.0,104.85,106.55,1958345,EQ,11368.0,172.27,413150.0
2023-02-15,106.35,107.55,105.25,106.7,1959493,EQ,9310.0,210.47,516468.0
2023-02-16,106.8,108.65,106.8,108.15,2039279,EQ,11260.0,181.11,575094.0
2023-02-17,108.05,109.4,105.85,106.05,3148005,EQ,15003.0,209.83,998091.0
2023-02-20,106.5,106.6,103.5,104.25,4222754,EQ,18554.0,227.59,1565867.0
2023-02-21,105.05,105.75,103.45,103.6,2780510,EQ,13119.0,211.95,913618.0
2023-02-22,103.6,104.3,100.6,100.85,3393069,EQ,17778.0,190.86,1343887.0
2023-02-23,101.2,102.85,100.0,101.65,2769882,EQ,12925.0,214.3,808472.0
2023-02-24,101.95,101.95,99.5,100.0,3047575,EQ,16977.0,179.51,999882.0
2023-02-27,100.0,100.0,95.55,97.0,4104513,EQ,25040.0,163.92,1126691.0
2023-02-28,97.5,98.15,96.2,97.25,2349065,EQ,15198.0,154.56,546086.0
2023-03-01,97.95,102.9,97.4,102.6,5844138,EQ,27432.0,213.04,1452795.0
2023-03-02,102.65,103.45,101.0,101.45,3144796,EQ,14064.0,223.61,920407.0
2023-03-03,102.0,103.7,100.5,103.0,3786418,EQ,17326.0,218.54,796147.0
2023-03-06,103.4,103.8,102.0,102.4,2297500,EQ,12075.0,190.27,649765.0
2023-03-08,101.1,102.0,99.25,101.5,2539378,EQ,11955.0,212.41,827663.0
2023-03-09,101.95,104.3,101.9,102.15,2625942,EQ,14605.0,179.8,623368.0
2023-03-10,101.3,101.55,99.55,100.7,1907885,EQ,11173.0,170.76,539921.0
2023-03-13,101.0,102.2,98.0,98.6,2823880,EQ,16232.0,173.97,950789.0
2023-03-14,99.15,100.1,97.5,98.25,2523727,EQ,12683.0,198.99,592138.0
2023-03-15,99.0,100.5,98.3,98.65,2316316,EQ,12658.0,182.99,645095.0
2023-03-16,97.75,98.25,93.85,97.75,4122092,EQ,23162.0,177.97,749846.0
2023-03-17,98.6,101.3,97.85,100.2,2511325,EQ,13207.0,190.15,528046.0
2023-03-20,99.5,99.9,96.45,97.25,2370224,EQ,12136.0,195.31,735167.0
2023-03-21,98.1,98.8,97.05,98.2,1566350,EQ,7750.0,202.11,387681.0
2023-03-22,99.0,99.9,97.7,98.4,1719986,EQ,8694.0,197.84,533183.0
2023-03-23,98.4,100.5,98.3,98.6,2486946,EQ,11284.0,220.4,642508.0
2023-03-24,99.5,99.5,96.0,96.3,2472874,EQ,10584.0,233.64,877292.0
2023-03-27,97.0,97.5,95.2,96.0,2577531,EQ,11431.0,225.49,730964.0
2023-03-28,96.15,96.7,94.15,94.65,2540228,EQ,11368.0,223.45,799620.0
2023-03-29,94.55,97.0,94.55,96.45,2730646,EQ,10761.0,253.75,1084039.0
2023-03-31,98.15,100.1,97.3,98.35,3726947,EQ,14046.0,265.34,1362898.0
2023-04-03,99.7,99.8,98.25,99.35,1246951,EQ,5902.0,211.28,396433.0
2023-04-05,98.5,99.1,96.9,98.2,2298505,EQ,10611.0,216.62,820229.0
2023-04-06,98.4,99.25,97.3,99.0,1687588,EQ,7622.0,221.41,490338.0
2023-04-10,99.65,101.3,98.75,100.5,2483479,EQ,11304.0,219.7,887075.0
2023-04-11,100.9,101.0,99.65,100.7,2275919,EQ,9499.0,239.6,680637.0
2023-04-12,101.0,101.6,100.4,100.95,2078729,EQ,8264.0,251.54,774770.0
2023-04-13,101.0,101.85,99.65,100.55,1489941,EQ,6654.0,223.92,401189.0
2023-04-17,100.55,102.65,100.05,102.3,2292398,EQ,11870.0,193.13,734137.0
2023-04-18,102.8,102.8,100.5,101.15,1716449,EQ,11740.0,146.21,664901.0
2023-04-19,101.6,103.8,101.0,101.3,3584017,EQ,17233.0,207.97,951893.0
2023-04-20,101.4,102.2,100.4,101.1,1896863,EQ,11114.0,170.67,473289.0
2023-04-21,101.2,101.35,98.2,98.5,3266434,EQ,14718.0,221.93,1330074.0
2023-04-24,99.0,99.5,97.6,99.3,1576108,EQ,7939.0,198.53,400221.0
2023-04-25,99.3,100.4,98.75,99.1,1907966,EQ,9476.0,201.35,651916.0
2023-04-26,98.75,99.3,97.9,98.9,1898996,EQ,8732.0,217.48,505625.0
2023-04-27,98.9,100.4,98.5,99.85,2307626,EQ,10630.0,217.09,664605.0
2023-04-28,100.4,102.0,100.1,101.4,2867161,EQ,11167.0,256.75,1297741.0
2023-05-02,101.4,104.9,101.4,104.3,6561866,EQ,26058.0,251.82,2437715.0
2023-05-03,104.9,105.9,103.2,105.3,3906119,EQ,17412.0,224.33,1321238.0
2023-05-04,106.0,108.45,105.3,107.6,6822136,EQ,31294.0,218.0,2376015.0
2023-05-05,107.75,107.75,104.3,104.65,3249600,EQ,17886.0,181.68,1359590.0
2023-05-08,105.2,107.35,104.75,106.9,2763076,EQ,12944.0,213.46,874547.0
2023-05-09,107.8,108.7,105.15,105.75,2011030,EQ,10896.0,184.57,603429.0
2023-05-10,105.75,106.45,104.4,105.7,2275047,EQ,11757.0,193.51,442781.0
2023-05-11,105.95,106.95,104.55,105.1,3483081,EQ,14711.0,236.77,545734.0
2023-05-12,104.75,104.75,102.0,102.1,3186646,EQ,19507.0,163.36,1501063.0
2023-05-15,102.45,105.0,101.1,104.45,3731816,EQ,15034.0,248.23,749522.0
2023-05-16,104.5,105.55,104.0,104.35,2372949,EQ,12701.0,186.83,505212.0
2023-05-17,104.0,104.3,101.6,102.65,2892348,EQ,14279.0,202.56,1060120.0
2023-05-18,103.1,104.0,101.7,101.9,1842580,EQ,10100.0,182.43,726972.0
2023-05-19,102.7,102.7,100.5,101.6,2542387,EQ,13415.0,189.52,920654.0
2023-05-22,103.8,104.0,102.15,103.7,3940408,EQ,18761.0,210.03,820631.0
2023-05-23,103.0,104.4,102.5,102.9,2895692,EQ,13173.0,219.82,1080958.0
2023-05-24,102.4,102.9,101.6,102.2,2038851,EQ,15568.0,130.96,872426.0
2023-05-25,102.0,103.0,101.05,102.85,2309949,EQ,11678.0,197.8,699017.0
2023-05-26,103.0,107.1,102.95,106.9,7127234,EQ,29033.0,245.49,3271169.0
2023-05-29,107.0,109.4,106.1,108.9,5489963,EQ,25025.0,219.38,2096426.0
2023-05-30,109.2,112.85,108.15,111.1,10315826,EQ,39285.0,262.59,4307305.0
2023-05-31,111.0,113.5,109.5,113.25,10170176,EQ,35114.0,289.63,4600861.0
2023-06-01,114.75,114.75,111.2,111.6,3534039,EQ,18967.0,186.33,1292624.0
2023-06-02,112.35,114.65,112.1,113.8,4414157,EQ,19970.0,221.04,1843374.0
2023-06-05,114.0,115.35,113.75,114.35,3137680,EQ,16125.0,194.58,1398187.0
2023-06-06,114.2,115.6,112.85,113.65,5189783,EQ,18824.0,275.7,1646019.0
2023-06-07,113.85,115.75,113.4,115.15,2899993,EQ,13033.0,222.51,1194283.0
2023-06-08,115.7,116.15,113.2,113.45,2988963,EQ,16758.0,178.36,940954.0
2023-06-09,113.6,114.25,112.4,112.75,1604843,EQ,8654.0,185.45,591844.0
2023-06-12,113.0,114.15,112.25,113.4,1647861,EQ,9568.0,172.23,580233.0
2023-06-13,113.95,114.65,112.9,113.35,3153024,EQ,10945.0,288.08,1826213.0
2023-06-14,114.45,116.3,114.1,115.4,5875926,EQ,26794.0,219.3,1964190.0
2023-06-15,116.0,116.25,113.65,114.25,3415430,EQ,18067.0,189.04,1519867.0
2023-06-16,114.9,116.2,114.05,115.2,3762955,EQ,13306.0,282.8,1806525.0
2023-06-19,115.8,116.1,113.9,114.5,2102578,EQ,11157.0,188.45,815074.0
2023-06-20,114.4,119.25,113.95,117.1,9544830,EQ,43352.0,220.17,2927224.0
2023-06-21,117.55,117.8,114.85,115.8,3086853,EQ,13827.0,223.25,1200254.0
2023-06-22,116.5,117.8,114.8,115.25,4501149,EQ,17528.0,256.8,1633902.0
2023-06-23,115.0,116.0,112.25,114.05,4736475,EQ,18873.0,250.97,1409798.0
2023-06-26,114.0,116.25,113.0,115.95,2617876,EQ,10940.0,239.29,1007817.0
2023-06-27,116.45,117.0,114.8,115.3,3680530,EQ,9910.0,371.4,1360339.0
2023-06-28,115.6,119.3,115.25,115.85,12808722,EQ,46548.0,275.17,3537638.0
2023-06-30,116.0,117.9,115.1,116.05,4314495,EQ,17007.0,253.69,1956379.0
2023-07-03,117.5,119.45,116.8,118.35,5665026,EQ,23497.0,241.1,2544636.0
2023-07-04,118.35,118.9,116.65,117.15,4006412,EQ,14159.0,282.96,1870533.0
2023-07-05,117.5,118.15,115.75,116.3,2728803,EQ,11659.0,234.05,1341349.0
2023-07-06,117.05,123.0,116.05,122.0,13433790,EQ,47513.0,282.74,5325109.0
2023-07-07,123.1,123.1,118.5,119.5,9047425,EQ,26793.0,337.68,3720545.0
2023-07-10,120.7,121.0,117.6,118.0,4656358,EQ,18982.0,245.3,1810111.0
2023-07-11,118.75,119.9,118.25,118.85,2747942,EQ,11504.0,238.87,1223267.0
2023-07-12,119.15,120.7,117.65,119.55,4330871,EQ,17754.0,243.94,1661750.0
2023-07-13,121.65,121.9,115.85,117.25,6827904,EQ,22988.0,297.02,2987212.0
2023-07-14,118.0,121.25,117.9,120.1,9645590,EQ,21619.0,446.16,6074425.0
2023-07-17,120.7,123.55,120.45,122.6,8993407,EQ,26272.0,342.32,4743263.0
2023-07-18,123.5,123.5,119.25,119.95,4206730,EQ,17489.0,240.54,1713527.0
2023-07-19,120.35,122.3,119.25,119.8,4432296,EQ,15677.0,282.73,1990122.0
2023-07-20,120.0,120.95,118.8,119.7,3320839,EQ,12964.0,256.16,1439610.0
2023-07-21,119.5,120.6,117.85,119.95,5954642,EQ,17106.0,348.1,3544474.0
2023-07-24,120.2,120.2,117.95,118.15,2605336,EQ,12572.0,207.23,1208341.0
2023-07-25,118.95,125.15,118.5,124.55,16714759,EQ,66083.0,252.94,5222895.0
2023-07-26,125.45,126.85,124.05,126.15,6306106,EQ,24713.0,255.17,2489093.0
2023-07-27,126.95,128.6,126.25,127.75,6075098,EQ,25233.0,240.76,2204510.0
2023-07-28,127.75,129.0,126.4,127.85,4188320,EQ,17983.0,232.9,1816046.0
2023-07-31,131.5,144.4,130.05,141.1,44878185,EQ,130710.0,343.34,9547277.0
2023-08-01,143.7,152.7,142.35,150.4,53135652,EQ,173238.0,306.72,10146710.0
2023-08-02,150.9,152.6,143.3,146.85,20206862,EQ,74334.0,271.84,5451988.0
2023-08-03,147.65,153.7,147.0,151.15,16319272,EQ,56085.0,290.97,5117017.0
2023-08-04,153.1,157.4,153.1,154.0,16560157,EQ,61209.0,270.55,5617335.0
2023-08-07,155.5,155.5,148.0,148.7,7702479,EQ,37889.0,203.29,3135920.0
2023-08-08,148.25,149.25,145.95,146.75,4828317,EQ,20329.0,237.51,1748442.0
2023-08-09,148.1,152.5,148.05,151.9,8848593,EQ,37203.0,237.85,2327297.0
2023-08-10,152.0,154.35,147.15,148.25,7285415,EQ,37172.0,195.99,2296714.0
2023-08-11,148.8,160.7,147.5,158.95,25624995,EQ,83732.0,306.04,8481250.0
2023-08-14,158.9,158.95,150.55,152.4,12704751,EQ,45538.0,278.99,4909428.0
2023-08-16,145.0,147.3,138.35,142.9,29124905,EQ,96414.0,302.08,7359357.0
2023-08-17,143.15,145.5,141.8,142.55,6758674,EQ,28790.0,234.76,2051506.0
2023-08-18,143.0,144.7,139.0,140.75,4655619,EQ,22711.0,204.99,1760217.0
2023-08-21,141.35,141.7,135.1,136.7,5871430,EQ,34082.0,172.27,2888908.0
2023-08-22,137.5,146.35,137.1,144.85,13124521,EQ,48101.0,272.85,4302745.0
2023-08-23,146.5,149.9,145.7,148.3,15574745,EQ,57903.0,268.98,4800950.0
2023-08-24,149.8,150.9,145.1,146.2,6140209,EQ,24198.0,253.75,2296172.0
2023-08-25,145.8,147.5,144.2,144.85,3512768,EQ,16157.0,217.41,1219837.0
2023-08-28,146.0,151.1,146.0,147.9,11141328,EQ,41310.0,269.7,3105153.0
2023-08-29,148.6,152.4,148.6,151.75,11363693,EQ,39078.0,290.8,3470849.0
2023-08-30,153.0,158.3,153.0,154.65,18305276,EQ,63945.0,286.27,6953318.0
2023-08-31,156.55,163.3,154.35,158.45,25698713,EQ,84580.0,303.84,6906458.0
2023-09-01,159.45,168.15,157.35,167.1,23024424,EQ,88093.0,261.36,8342024.0
2023-09-04,168.8,174.75,165.55,171.55,18399015,EQ,74431.0,247.2,4693593.0
2023-09-05,172.5,172.5,167.25,168.55,6791193,EQ,34097.0,199.17,2516053.0
2023-09-06,168.55,168.95,162.55,163.75,5858899,EQ,27887.0,210.09,2616044.0
2023-09-07,164.0,165.4,161.55,162.7,4706448,EQ,23998.0,196.12,1997276.0
2023-09-08,163.6,168.95,163.3,166.95,8074047,EQ,35389.0,228.15,3345224.0
2023-09-11,168.6,170.8,165.75,166.5,5453052,EQ,24834.0,219.58,2271136.0
2023-09-12,168.9,169.2,153.2,154.75,9680348,EQ,45369.0,213.37,3860391.0
2023-09-13,155.9,159.3,150.1,158.5,12125077,EQ,51475.0,235.55,4041571.0
2023-09-14,159.5,162.4,157.3,161.95,6843565,EQ,26517.0,258.08,2642962.0
2023-09-15,163.0,164.1,160.2,161.3,4889241,EQ,21987.0,222.37,1654395.0
2023-09-18,161.3,161.5,155.0,157.35,3775471,EQ,24401.0,154.73,1666002.0
2023-09-20,157.5,163.7,155.3,159.1,13281824,EQ,54683.0,242.89,3944740.0
2023-09-21,158.7,158.7,151.7,154.25,4826916,EQ,27208.0,177.41,1614700.0
2023-09-22,154.5,155.1,151.0,153.15,4276180,EQ,23750.0,180.05,1359834.0
2023-09-25,153.75,159.9,151.5,157.4,5257493,EQ,27727.0,189.62,1397075.0
2023-09-26,157.0,160.4,155.5,156.2,3469033,EQ,19191.0,180.76,1059163.0
2023-09-27,155.45,161.35,152.45,159.3,10877972,EQ,40241.0,270.32,4130148.0
2023-09-28,160.4,162.3,154.5,156.3,11931246,EQ,39977.0,298.45,3745715.0
2023-09-29,158.0,163.25,158.0,162.4,10590492,EQ,44720.0,236.82,3280020.0
2023-10-03,161.15,162.45,159.1,160.9,4960359,EQ,23106.0,214.68,1781682.0
2023-10-04,159.4,161.65,153.1,155.85,8648303,EQ,38465.0,224.84,2298152.0
2023-10-05,157.05,157.95,153.2,153.8,3666626,EQ,19874.0,184.49,1250318.0
2023-10-06,154.9,155.7,153.2,154.85,3928257,EQ,17575.0,223.51,1412513.0
2023-10-09,151.15,152.7,147.75,148.85,5632085,EQ,28279.0,199.16,1510020.0
2023-10-10,150.5,155.7,149.7,154.8,5054104,EQ,25513.0,198.1,1266450.0
2023-10-11,155.55,158.25,153.5,153.85,6393108,EQ,31193.0,204.95,2142373.0
2023-10-12,155.0,158.25,154.6,157.4,6352909,EQ,37933.0,167.48,2369379.0
2023-10-13,155.0,158.8,154.0,157.05,5132305,EQ,22930.0,223.82,1743747.0
2023-10-16,157.4,160.5,155.6,160.15,6580998,EQ,26413.0,249.16,2966290.0
2023-10-17,161.8,162.4,157.5,158.45,4645855,EQ,23300.0,199.39,2290201.0
2023-10-18,159.5,160.75,153.55,154.75,5594172,EQ,22468.0,248.98,2258439.0
2023-10-19,153.9,157.8,153.05,157.1,4604420,EQ,17658.0,260.76,1560682.0
2023-10-20,157.5,159.3,152.4,154.0,6661231,EQ,26217.0,254.08,2534538.0
2023-10-23,154.5,156.5,141.1,142.1,8588718,EQ,41690.0,206.01,3014239.0
2023-10-25,143.8,145.75,138.85,141.15,5006210,EQ,24760.0,202.19,1501887.0
2023-10-26,139.85,141.5,135.65,140.9,4781118,EQ,25113.0,190.38,1410202.0
2023-10-27,142.0,142.7,139.7,140.65,5520942,EQ,24006.0,229.98,1580062.0
2023-10-30,141.5,144.0,140.75,143.5,3557914,EQ,18610.0,191.18,1008700.0
2023-10-31,144.8,146.45,142.6,143.2,2977300,EQ,16483.0,180.63,890300.0
2023-11-01,143.2,144.0,140.15,140.8,1867813,EQ,10812.0,172.75,608965.0
2023-11-02,142.9,146.35,142.2,145.7,3250941,EQ,14770.0,220.1,1256082.0
2023-11-03,147.1,147.35,144.7,145.25,2518522,EQ,13423.0,187.63,718716.0
2023-11-06,146.2,149.15,146.0,147.85,3129638,EQ,15377.0,203.53,1460155.0
2023-11-07,147.35,148.3,145.5,145.95,2181906,EQ,14836.0,147.07,914419.0
2023-11-08,147.15,148.1,145.3,146.3,2529582,EQ,14158.0,178.67,990840.0
2023-11-09,146.8,147.4,143.7,144.25,3355110,EQ,17761.0,188.9,1311978.0
2023-11-10,144.9,146.45,142.65,145.05,2398962,EQ,14364.0,167.01,808746.0
2023-11-12,148.95,150.8,148.1,149.95,3185993,EQ,21348.0,149.24,1627043.0
2023-11-13,150.45,163.6,149.3,162.05,36133553,EQ,150563.0,239.99,9193271.0
2023-11-15,164.0,164.4,159.55,160.25,7210224,EQ,34732.0,207.6,3170712.0
2023-11-16,160.3,161.9,158.5,159.0,3181592,EQ,17955.0,177.2,1297514.0
2023-11-17,159.0,161.7,156.95,157.9,3715792,EQ,19638.0,189.21,1559145.0
2023-11-20,158.8,161.2,156.5,156.95,4188790,EQ,19920.0,210.28,1586533.0
2023-11-21,158.55,161.9,158.0,158.6,5936436,EQ,31777.0,186.82,2500426.0
2023-11-22,159.6,161.25,157.1,158.1,4058099,EQ,15842.0,256.16,2072607.0
2023-11-23,158.25,163.5,156.5,162.15,6666292,EQ,32220.0,206.9,2778954.0
2023-11-24,163.4,167.4,162.45,163.95,13106168,EQ,54056.0,242.46,5850239.0
2023-11-28,165.35,169.25,163.9,168.7,9085521,EQ,35650.0,254.85,4034834.0
2023-11-29,170.2,178.0,170.15,173.3,28729507,EQ,102451.0,280.42,9338068.0
2023-11-30,173.8,174.65,165.5,173.05,16318300,EQ,55026.0,296.56,6255250.0
2023-12-01,175.3,179.45,173.8,175.55,13382377,EQ,53695.0,249.23,5033802.0
2023-12-04,179.75,183.2,176.15,178.1,13877822,EQ,58451.0,237.43,5325946.0
2023-12-05,178.45,180.85,173.2,177.75,8237136,EQ,37478.0,219.79,2691208.0
2023-12-06,178.0,181.3,176.0,180.3,8894506,EQ,35314.0,251.87,3362940.0
2023-12-07,181.35,184.3,177.85,183.0,16324679,EQ,51462.0,317.22,5499659.0
2023-12-08,184.0,192.0,183.0,186.2,26549698,EQ,96199.0,275.99,7658342.0
2023-12-11,186.35,186.5,178.8,182.85,6231502,EQ,29931.0,208.2,2509608.0
2023-12-12,183.9,185.3,177.25,179.85,5245402,EQ,36475.0,143.81,2066570.0
2023-12-13,179.25,184.0,177.4,182.25,5989493,EQ,30425.0,196.86,1517400.0
2023-12-14,183.0,187.35,183.0,184.35,4556119,EQ,24792.0,183.77,1830616.0
2023-12-15,186.0,192.0,185.6,187.4,15470345,EQ,69291.0,223.27,6159592.0
2023-12-18,187.5,198.5,185.3,197.05,22810170,EQ,82408.0,276.8,9101506.0
2023-12-19,199.0,209.2,198.0,207.75,38212033,EQ,142749.0,267.69,12362726.0
2023-12-20,209.75,212.7,194.1,196.6,29308072,EQ,113819.0,257.5,11188925.0
2023-12-21,195.85,220.3,193.25,217.9,65582002,EQ,220464.0,297.47,8584084.0
2023-12-22,218.0,232.0,217.85,226.6,47676684,EQ,237862.0,200.44,9499496.0
2023-12-26,229.0,238.25,229.0,233.25,24458460,EQ,132917.0,184.01,6177792.0
2023-12-27,234.5,239.45,229.0,235.25,18608956,EQ,89578.0,207.74,5113249.0
2023-12-28,240.0,278.8,239.55,270.25,109261702,EQ,434839.0,251.27,13396051.0
2023-12-29,275.25,277.65,263.0,273.65,43700728,EQ,236130.0,185.07,7861784.0
2024-01-01,275.8,278.4,266.1,271.5,15856420,EQ,103661.0,152.96,4634667.0
2024-01-02,273.0,275.5,265.45,269.7,11463429,EQ,81626.0,140.44,3300070.0
2024-01-03,269.7,269.9,263.2,265.55,7874797,EQ,53698.0,146.65,2387200.0
2024-01-04,267.55,283.75,266.25,278.05,28522450,EQ,157196.0,181.45,7111694.0
2024-01-05,280.7,286.7,276.6,283.3,22647293,EQ,114269.0,198.19,5772043.0
2024-01-08,286.7,289.3,266.15,267.85,28484692,EQ,191403.0,148.82,9122265.0
2024-01-09,271.5,274.3,268.2,270.4,6895418,EQ,50992.0,135.23,2091014.0
2024-01-10,270.8,271.55,263.0,269.45,7033659,EQ,52676.0,133.53,2195256.0
2024-01-11,271.0,271.05,265.15,265.95,3768401,EQ,35088.0,107.4,1440911.0
2024-01-12,266.1,268.45,261.4,262.5,3744884,EQ,36911.0,101.46,1598866.0
2024-01-15,263.4,265.05,255.65,256.95,7059095,EQ,56533.0,124.87,2829243.0
2024-01-16,263.0,275.0,260.0,266.95,17876839,EQ,108808.0,164.3,5043265.0
2024-01-17,263.0,267.9,258.0,259.2,5661863,EQ,52712.0,107.41,2143750.0
2024-01-18,259.35,261.7,245.0,253.95,8060046,EQ,56857.0,141.76,2614665.0
2024-01-19,256.7,266.0,255.9,264.85,7825737,EQ,48172.0,162.45,2533948.0
2024-01-20,266.6,273.5,263.7,270.25,9852393,EQ,55063.0,178.93,3415251.0
2024-01-23,273.0,273.0,255.6,258.7,14571045,EQ,82220.0,177.22,4357705.0
2024-01-24,258.75,275.0,257.35,273.65,15640330,EQ,85838.0,182.21,5536429.0
2024-01-25,275.45,285.5,271.5,281.95,19879601,EQ,114462.0,173.68,5883210.0
2024-01-29,284.6,288.5,274.35,283.55,14765969,EQ,83816.0,176.17,3733518.0
2024-01-30,285.0,292.75,284.35,285.6,13178452,EQ,79698.0,165.35,3442651.0
2024-01-31,285.9,295.5,285.0,289.05,8872673,EQ,57009.0,155.64,2538109.0
2024-02-01,290.65,293.7,280.95,292.35,8338469,EQ,53793.0,155.01,2381258.0
2024-02-02,294.5,306.85,289.1,301.1,20196955,EQ,114785.0,175.95,5428531.0
2024-02-05,302.25,304.85,287.05,293.4,9518730,EQ,69829.0,136.31,3868176.0
2024-02-06,295.55,300.2,289.1,298.05,6043988,EQ,47056.0,128.44,1844033.0
2024-02-07,301.1,306.3,294.55,295.95,5534031,EQ,42156.0,131.28,1949884.0
2024-02-08,297.0,297.75,286.65,289.55,4610174,EQ,37687.0,122.33,1813298.0
2024-02-09,289.6,289.95,264.1,270.15,12221359,EQ,97822.0,124.93,4772804.0
2024-02-12,272.5,274.05,234.0,240.95,12588330,EQ,96639.0,130.26,4715355.0
2024-02-13,240.75,252.55,237.0,250.8,14133581,EQ,85215.0,165.86,3785258.0
2024-02-14,239.1,263.3,237.7,259.45,18172415,EQ,107436.0,169.15,3525614.0
2024-02-15,264.5,264.5,252.2,256.4,6757137,EQ,57053.0,118.44,2424642.0
2024-02-16,258.2,263.9,256.6,258.3,3579879,EQ,34480.0,103.82,1181533.0
2024-02-19,258.65,263.8,254.2,255.05,4400815,EQ,37553.0,117.19,1196109.0
2024-02-20,255.0,257.7,249.2,250.1,3757137,EQ,32968.0,113.96,1753990.0
2024-02-21,251.0,262.2,243.6,246.0,8668831,EQ,63689.0,136.11,2041185.0
2024-02-22,249.0,264.8,247.0,263.1,15152414,EQ,86152.0,175.88,3428184.0
2024-02-23,265.15,266.15,260.3,263.05,4675158,EQ,33337.0,140.24,1812950.0
2024-02-26,263.6,267.8,257.25,262.45,5453854,EQ,36140.0,150.91,1573764.0
2024-02-27,261.85,264.4,251.6,253.0,9683917,EQ,58115.0,166.63,3102216.0
2024-02-28,254.4,260.9,252.6,253.95,10882873,EQ,64201.0,169.51,2527625.0
2024-02-29,254.0,271.9,251.05,269.8,23977798,EQ,133028.0,180.25,5279943.0
2024-03-01,271.9,274.95,267.6,272.1,7848874,EQ,53711.0,146.13,1819419.0
2024-03-02,274.0,285.0,274.0,281.6,3319762,EQ,23425.0,141.72,1555870.0
2024-03-04,284.5,290.0,281.6,284.0,11993501,EQ,76808.0,156.15,3054711.0
2024-03-05,284.4,289.3,283.2,285.25,6109772,EQ,45132.0,135.38,1672923.0
2024-03-06,283.95,286.5,271.25,280.95,7799665,EQ,65981.0,118.21,1905556.0
2024-03-07,282.0,286.0,278.5,280.0,4698074,EQ,41180.0,114.09,1170118.0
2024-03-11,281.55,281.55,267.05,269.1,4953456,EQ,46612.0,106.27,1418296.0
2024-03-12,269.05,269.1,253.65,256.1,7588996,EQ,67168.0,112.99,2550911.0
2024-03-13,256.7,258.8,231.0,235.05,12151483,EQ,99545.0,122.07,4463445.0
2024-03-14,242.5,265.55,237.1,262.7,23144188,EQ,128495.0,180.12,4746295.0
2024-03-15,262.0,275.6,255.75,271.15,39164127,EQ,201226.0,194.63,14702323.0
2024-03-18,271.2,273.9,263.7,269.25,7535501,EQ,50581.0,148.98,2079211.0
2024-03-19,270.0,272.85,259.25,260.55,5949736,EQ,47924.0,124.15,1810741.0
2024-03-20,261.75,264.9,250.9,255.9,7715028,EQ,42718.0,180.6,2281640.0
2024-03-21,262.0,275.0,261.45,273.4,12123658,EQ,62886.0,192.79,4403154.0
2024-03-22,273.8,275.25,267.0,268.85,11447912,EQ,76042.0,150.55,2869294.0
2024-03-26,268.85,285.75,267.25,282.55,20516082,EQ,126549.0,162.12,6725252.0
2024-03-27,283.95,291.7,283.0,285.0,20697044,EQ,114393.0,180.93,5846042.0
2024-03-28,287.0,290.45,273.3,278.05,14832318,EQ,73665.0,201.35,6153385.0
2024-04-01,280.15,312.65,280.15,309.85,35423166,EQ,168999.0,209.61,7953798.0
2024-04-02,309.0,313.7,304.7,309.0,21092431,EQ,116299.0,181.36,4847476.0
2024-04-03,307.45,314.3,306.1,311.45,12997372,EQ,83598.0,155.47,4615740.0
2024-04-04,321.0,324.0,311.5,313.95,14501703,EQ,72616.0,199.7,5598932.0
2024-04-05,312.9,326.4,307.0,322.4,20958999,EQ,110069.0,190.42,7711528.0
2024-04-08,326.05,332.75,320.25,331.35,17356080,EQ,78109.0,222.2,5251326.0
2024-04-09,334.1,366.4,331.45,358.35,60120542,EQ,315725.0,190.42,8818710.0
2024-04-10,359.7,363.7,351.4,357.85,18813514,EQ,115700.0,162.61,4364632.0
2024-04-12,357.35,377.0,355.0,362.4,24343182,EQ,156550.0,155.5,5725409.0
2024-04-15,360.0,365.3,349.85,353.75,15741753,EQ,120310.0,130.84,4017754.0
2024-04-16,351.0,367.9,349.45,357.45,11856229,EQ,85700.0,138.35,2639705.0
2024-04-18,360.5,366.95,352.15,355.5,10582705,EQ,82668.0,128.01,2988040.0
2024-04-19,355.0,365.0,346.5,364.1,13850416,EQ,88247.0,156.95,3284837.0
2024-04-22,371.3,394.0,371.3,379.05,38708175,EQ,250570.0,154.48,8448533.0
2024-04-23,381.55,381.7,371.1,372.05,8476391,EQ,72897.0,116.28,2976135.0
2024-04-24,374.9,381.9,372.2,379.65,11212331,EQ,78422.0,142.97,3835419.0
2024-04-25,380.2,386.9,374.7,380.8,14965329,EQ,84933.0,176.2,5720834.0
2024-04-26,384.75,397.0,384.1,391.0,29035791,EQ,155524.0,186.7,9298440.0
2024-04-29,395.0,401.65,386.0,388.9,13277520,EQ,87457.0,151.82,4311720.0
2024-04-30,395.0,397.4,384.75,386.0,7723438,EQ,58897.0,131.13,2761429.0
2024-05-02,386.0,395.0,384.8,391.45,9706243,EQ,66350.0,146.29,3582727.0
2024-05-03,393.0,393.35,374.6,387.6,12628632,EQ,97482.0,129.55,3800310.0
2024-05-06,390.6,392.5,370.05,377.7,14724178,EQ,109981.0,133.88,5018173.0
2024-05-07,379.0,380.8,361.8,366.4,10200797,EQ,69389.0,147.01,3130933.0
2024-05-08,365.8,376.8,363.6,369.95,6802052,EQ,47856.0,142.14,1992703.0
2024-05-09,371.0,373.1,355.0,357.55,5815664,EQ,58535.0,99.35,1928320.0
2024-05-10,361.05,374.8,356.15,372.95,10615790,EQ,68543.0,154.88,3097773.0
2024-05-13,370.45,370.45,354.45,366.8,9525604,EQ,88371.0,107.79,2920245.0
2024-05-14,370.6,383.1,370.6,379.25,9772990,EQ,76824.0,127.21,3541912.0
2024-05-15,384.9,389.0,377.65,383.6,10330102,EQ,83959.0,123.04,4370248.0
2024-05-16,386.95,387.4,373.5,377.8,6102087,EQ,50763.0,120.21,2751960.0
2024-05-17,378.5,386.2,376.85,383.95,10061695,EQ,65701.0,153.14,4548457.0
2024-05-18,387.5,389.8,384.0,388.25,5137309,EQ,18458.0,278.32,3401922.0
2024-05-21,395.0,401.4,387.6,399.15,23674398,EQ,125737.0,188.29,9870150.0
2024-05-22,405.65,415.8,381.15,383.0,53472984,EQ,280710.0,190.49,19510835.0
2024-05-23,380.9,380.9,369.25,374.2,11769601,EQ,98347.0,119.67,4327850.0
2024-05-24,375.0,381.9,370.05,371.6,7119785,EQ,65232.0,109.15,2809152.0
2024-05-27,375.0,379.5,362.2,368.4,10914259,EQ,111221.0,98.13,4036868.0
2024-05-28,371.8,377.35,369.6,373.85,8670446,EQ,73784.0,117.51,2949817.0
2024-05-29,372.8,381.0,367.65,377.05,8270469,EQ,65431.0,126.4,3285225.0
2024-05-30,373.0,375.25,351.6,354.4,17523289,EQ,108626.0,161.32,9122041.0
2024-05-31,359.0,364.4,353.5,355.9,16814960,EQ,89025.0,188.88,7761165.0
2024-06-03,374.0,377.0,358.65,370.5,13759533,EQ,96817.0,142.12,5097141.0
2024-06-04,370.0,370.0,277.9,298.6,35052909,EQ,340374.0,102.98,12839467.0
2024-06-05,305.0,326.65,286.7,320.95,16878845,EQ,147543.0,114.4,4666540.0
2024-06-06,325.0,350.7,324.35,337.3,17041987,EQ,119555.0,142.55,3737599.0
2024-06-07,337.7,343.5,332.2,340.3,8659828,EQ,68739.0,125.98,2273465.0
2024-06-10,340.0,341.0,335.1,336.65,5430581,EQ,44608.0,121.74,2034902.0
2024-06-11,337.0,345.3,328.25,329.8,10963290,EQ,89421.0,122.6,3893176.0
2024-06-12,329.5,337.45,329.1,335.4,5202379,EQ,43430.0,119.79,1835625.0
2024-06-13,337.0,338.8,331.4,335.9,3797084,EQ,38519.0,98.58,1621859.0
2024-06-14,336.0,341.6,333.2,336.9,4342044,EQ,42992.0,101.0,1810494.0
2024-06-18,336.1,338.65,331.9,332.95,4235765,EQ,53748.0,78.81,2184108.0
2024-06-19,333.35,337.0,325.4,326.8,5175648,EQ,61140.0,84.65,2090645.0
2024-06-20,327.0,338.0,322.75,333.85,6621282,EQ,54256.0,122.04,2327504.0
2024-06-21,335.0,336.85,330.05,331.1,3982390,EQ,36774.0,108.29,1760292.0
2024-06-24,324.75,332.8,322.65,332.0,7153557,EQ,52012.0,137.54,2531502.0
2024-06-25,335.0,343.8,328.0,329.55,12994795,EQ,100526.0,129.27,3981685.0
2024-06-26,330.0,331.6,322.05,322.85,5586698,EQ,52553.0,106.31,2698117.0
2024-06-27,323.0,327.0,313.8,319.65,7253387,EQ,65935.0,110.01,2872080.0
2024-06-28,319.65,325.55,318.0,318.7,6388899,EQ,52416.0,121.89,2817736.0
2024-07-01,320.0,325.8,319.2,322.2,5551602,EQ,57862.0,95.95,3102906.0
2024-07-02,323.5,327.4,315.6,317.55,7730054,EQ,65797.0,117.48,2500552.0
2024-07-03,323.0,327.55,322.35,325.3,8561995,EQ,63121.0,135.64,2647897.0
2024-07-04,328.0,328.9,325.0,326.5,4884103,EQ,35683.0,136.87,2199304.0
2024-07-05,327.0,331.7,322.8,330.8,6216734,EQ,54388.0,114.3,2461963.0
2024-07-08,333.5,343.75,331.15,342.25,14693579,EQ,92185.0,159.39,7086686.0
2024-07-09,345.35,348.8,341.55,347.6,14511825,EQ,95067.0,152.65,6446452.0
2024-07-10,347.9,347.9,324.2,333.95,14441088,EQ,117575.0,122.82,5340175.0
2024-07-11,337.5,339.8,332.4,333.8,4854382,EQ,51622.0,94.04,1741515.0
2024-07-12,334.0,335.5,328.5,330.25,4458195,EQ,43541.0,102.39,1589953.0
2024-07-15,331.0,336.45,327.65,331.6,3941525,EQ,39657.0,99.39,1498612.0
2024-07-16,331.65,335.0,328.1,329.05,2662224,EQ,30452.0,87.42,1254522.0
2024-07-18,328.4,328.4,317.95,320.2,3983681,EQ,47588.0,83.71,1705770.0
2024-07-19,317.9,317.9,306.7,307.8,5548551,EQ,73419.0,75.57,2160879.0
2024-07-22,304.8,324.7,301.6,322.35,9508278,EQ,73665.0,129.07,3149807.0
2024-07-23,321.9,323.35,302.65,312.75,11044851,EQ,103229.0,106.99,2885811.0
2024-07-24,310.2,316.0,308.65,310.85,3699538,EQ,37577.0,98.45,1245421.0
2024-07-25,306.0,310.35,305.65,308.9,3728928,EQ,36183.0,103.06,1167573.0
2024-07-26,310.0,317.9,309.95,315.4,3964899,EQ,34024.0,116.53,1563756.0
2024-07-29,318.3,321.0,314.75,315.8,3145736,EQ,34840.0,90.29,1323907.0
2024-07-30,315.8,321.45,313.7,318.3,3831964,EQ,36637.0,104.59,1492563.0
2024-07-31,319.15,325.4,319.15,321.6,3814938,EQ,36367.0,104.9,1330643.0
2024-08-01,326.0,329.7,317.25,319.5,6419350,EQ,56527.0,113.56,2402010.0
2024-08-02,312.35,315.55,308.2,310.15,5220719,EQ,48459.0,107.73,2138372.0
2024-08-05,300.0,303.95,287.1,289.35,9200604,EQ,95414.0,96.43,3211368.0
2024-08-06,295.0,297.0,282.1,283.65,5590600,EQ,57719.0,96.86,2160273.0
2024-08-07,289.4,297.5,285.6,296.2,3860469,EQ,44688.0,86.39,1438398.0
2024-08-08,296.0,302.65,291.5,295.45,3603263,EQ,42659.0,84.47,1251822.0
2024-08-09,300.0,306.5,299.55,303.15,4487901,EQ,38698.0,115.97,1660363.0
2024-08-12,301.0,305.75,298.0,302.75,2861453,EQ,36393.0,78.63,1053911.0
2024-08-13,313.95,319.5,308.25,312.95,20951815,EQ,130543.0,160.5,6717215.0
2024-08-14,315.2,317.3,295.1,298.65,17143764,EQ,100612.0,170.39,5895581.0
2024-08-16,306.0,315.5,298.5,313.95,14292228,EQ,78618.0,181.79,5564746.0
2024-08-19,315.0,325.55,315.0,323.65,15467529,EQ,81175.0,190.55,6765560.0
2024-08-20,326.3,328.1,317.4,318.65,6166770,EQ,48612.0,126.86,2647590.0
2024-08-21,318.0,320.9,315.25,317.0,3062167,EQ,29128.0,105.13,1111157.0
2024-08-22,317.0,320.8,314.5,318.55,4785503,EQ,29356.0,163.02,2578065.0
2024-08-23,318.3,320.4,311.0,316.3,3649240,EQ,26274.0,138.89,1517351.0
2024-08-26,318.45,331.3,318.0,329.65,14885334,EQ,87120.0,170.86,5783512.0
2024-08-27,332.0,336.8,328.95,329.75,20065763,EQ,92362.0,217.25,7764086.0
2024-08-28,328.0,332.45,326.1,328.65,6307966,EQ,41064.0,153.61,2429279.0
2024-08-29,328.5,330.6,319.1,328.6,12023825,EQ,63824.0,188.39,4831164.0
2024-08-30,329.0,335.85,325.15,332.55,16037347,EQ,72133.0,222.33,8296140.0
2024-09-02,330.0,331.0,320.0,320.65,5755825,EQ,53704.0,107.18,2367408.0
2024-09-03,320.0,322.05,317.25,318.5,2178217,EQ,29213.0,74.56,1003983.0
2024-09-04,314.35,317.35,311.3,312.75,2993774,EQ,31855.0,93.98,1354120.0
2024-09-05,313.5,317.5,309.0,315.5,4268131,EQ,32896.0,129.75,1606364.0
2024-09-06,315.6,316.1,306.1,311.85,3729742,EQ,39735.0,93.87,1429606.0
2024-09-09,306.0,310.35,301.05,308.95,4369700,EQ,40316.0,108.39,1276146.0
2024-09-10,311.0,316.6,311.0,313.1,3180344,EQ,26272.0,121.05,1214914.0
2024-09-11,314.0,314.25,306.35,307.0,2181485,EQ,22623.0,96.43,848576.0
2024-09-12,309.45,315.1,308.5,314.3,3224754,EQ,27842.0,115.82,1202705.0
2024-09-13,316.2,320.3,313.5,314.9,3671164,EQ,26309.0,139.54,1350994.0
2024-09-16,316.1,327.5,313.05,322.95,7092011,EQ,43248.0,163.98,2395724.0
2024-09-17,324.0,324.9,317.4,318.4,2709883,EQ,27197.0,99.64,1145345.0
2024-09-18,319.0,321.5,315.15,320.25,3410936,EQ,29150.0,117.01,1107014.0
2024-09-19,323.5,327.0,311.4,324.1,10915727,EQ,66275.0,164.7,4659461.0
2024-09-20,326.35,331.3,323.65,329.8,10243702,EQ,78923.0,129.79,4474949.0
2024-09-23,331.85,334.1,328.0,330.7,4787749,EQ,40954.0,116.91,2140470.0
2024-09-24,334.5,343.0,332.8,341.85,19664543,EQ,128110.0,153.5,8485692.0
2024-09-25,346.0,347.2,338.35,340.25,8173719,EQ,75526.0,108.22,3168898.0
2024-09-26,341.5,345.25,332.75,343.75,12072437,EQ,67154.0,179.77,4491634.0
2024-09-27,347.4,352.3,343.0,344.5,16093723,EQ,89115.0,180.59,6505289.0
2024-09-30,349.0,352.8,340.55,343.9,10972122,EQ,81258.0,135.03,3332311.0
2024-10-01,343.7,353.0,337.2,349.1,7394842,EQ,54472.0,135.75,2957243.0
2024-10-03,345.0,351.25,335.1,337.75,6235804,EQ,65958.0,94.54,2281795.0
2024-10-04,335.0,337.7,323.3,330.35,5696244,EQ,63157.0,90.19,1539033.0
2024-10-07,330.35,331.4,308.0,311.6,7511266,EQ,83473.0,89.98,2562587.0
2024-10-08,309.9,320.4,304.3,314.3,4007213,EQ,43910.0,91.26,963668.0
2024-10-09,315.0,319.25,312.4,313.5,2018877,EQ,23571.0,85.65,742140.0
2024-10-10,315.0,319.2,311.1,312.15,2184501,EQ,24952.0,87.55,1007850.0
2024-10-11,314.0,320.95,310.7,315.85,2796754,EQ,28667.0,97.56,939584.0
2024-10-14,318.0,333.35,310.6,325.25,6015938,EQ,45164.0,133.2,2439461.0
2024-10-15,325.0,325.45,316.9,320.9,2505037,EQ,26279.0,95.32,911497.0
2024-10-16,320.0,327.4,316.2,321.9,3986771,EQ,28884.0,138.03,1197988.0
2024-10-17,321.5,322.05,312.65,317.2,2882624,EQ,23184.0,124.34,1041862.0
2024-10-18,313.0,326.5,306.9,323.0,5327489,EQ,40749.0,130.74,2013654.0
2024-10-21,322.05,325.0,313.85,316.7,2881120,EQ,26905.0,107.08,1198438.0
2024-10-22,314.4,316.35,285.1,295.05,5622805,EQ,55231.0,101.81,2382126.0
2024-10-23,292.5,297.0,286.2,292.35,7845089,EQ,70661.0,111.02,2357944.0
2024-10-24,292.0,295.5,286.2,290.75,3667963,EQ,36209.0,101.3,986430.0
2024-10-25,291.6,291.6,269.0,271.75,8562532,EQ,80674.0,106.14,2931958.0
2024-10-28,274.7,292.9,269.3,289.95,10524921,EQ,73314.0,143.56,2099724.0
2024-10-29,288.0,292.0,281.25,290.4,4149065,EQ,38494.0,107.78,1241488.0
2024-10-30,289.95,296.7,287.1,291.7,5243314,EQ,35380.0,148.2,1479269.0
2024-10-31,290.0,295.0,286.5,294.2,4191728,EQ,30458.0,137.62,1338526.0
2024-11-01,295.0,297.8,293.0,294.35,1148722,EQ,12410.0,92.56,626010.0
2024-11-04,294.95,295.9,286.2,291.4,5734684,EQ,44316.0,129.4,1458714.0
2024-11-05,290.0,300.9,288.2,298.55,5120946,EQ,38743.0,132.18,1326373.0
2024-11-06,302.0,302.35,292.5,298.4,6431475,EQ,45647.0,140.9,1660182.0
2024-11-07,296.5,299.0,289.65,291.2,3954670,EQ,33376.0,118.49,1300809.0
2024-11-08,293.5,294.0,280.0,280.95,4299335,EQ,35386.0,121.5,1271087.0
2024-11-11,278.15,280.0,272.0,273.4,3622416,EQ,32221.0,112.42,1232947.0
2024-11-12,277.95,279.45,266.75,269.45,4751726,EQ,41794.0,113.69,1556137.0
2024-11-13,267.0,269.75,260.0,261.7,4699363,EQ,37555.0,125.13,1900348.0
2024-11-14,260.0,265.45,259.9,262.7,2669822,EQ,25411.0,105.07,766645.0
2024-11-18,262.1,267.45,259.55,264.4,4274822,EQ,32281.0,132.43,1191838.0
2024-11-19,265.25,271.05,261.1,263.2,3174138,EQ,25703.0,123.49,1026402.0
2024-11-21,261.4,264.3,259.05,261.5,2360035,EQ,23883.0,98.82,769350.0
2024-11-22,261.1,266.3,260.6,263.4,2174690,EQ,19747.0,110.13,746438.0
2024-11-25,269.4,280.15,266.5,278.8,6235902,EQ,36516.0,170.77,1945646.0
2024-11-26,279.8,281.9,275.05,279.4,5626845,EQ,41263.0,136.37,2089223.0
2024-11-27,278.75,280.9,274.1,277.35,2672277,EQ,23513.0,113.65,729254.0
2024-11-28,279.5,281.15,273.25,274.85,3095623,EQ,24952.0,124.06,896480.0
2024-11-29,275.4,278.45,271.7,276.0,3469778,EQ,21722.0,159.74,1498276.0
2024-12-02,274.0,277.9,272.25,276.75,2062720,EQ,20169.0,102.27,767047.0
2024-12-03,277.0,287.0,277.0,284.7,3904565,EQ,33409.0,116.87,1250051.0
2024-12-04,286.25,287.95,280.95,283.45,3424906,EQ,30780.0,111.27,1607691.0
2024-12-05,284.0,286.5,281.05,284.8,2691392,EQ,23507.0,114.49,1094102.0
2024-12-06,283.6,291.8,283.5,287.8,6286213,EQ,38697.0,162.45,2472192.0
2024-12-09,288.5,294.8,287.4,292.5,4493360,EQ,34219.0,131.31,1628764.0
2024-12-10,293.75,294.8,288.3,291.85,2769671,EQ,25690.0,107.81,971305.0
2024-12-11,292.3,295.4,289.0,290.05,3447384,EQ,29300.0,117.66,1278889.0
2024-12-12,289.6,294.3,283.55,291.15,3529344,EQ,26513.0,133.12,1055453.0
2024-12-13,289.7,294.8,279.25,291.95,3364902,EQ,32114.0,104.78,957158.0
2024-12-16,290.0,291.95,287.4,290.65,1546259,EQ,16796.0,92.06,588932.0
2024-12-17,288.4,289.25,280.35,284.5,2103974,EQ,23003.0,91.47,820451.0
2024-12-18,282.5,283.75,274.45,280.95,3748438,EQ,25109.0,149.29,1162396.0
2024-12-19,273.1,281.1,271.25,279.65,3130458,EQ,22741.0,137.66,799797.0
2024-12-20,278.65,283.65,261.0,271.5,4006043,EQ,33337.0,120.17,1200251.0
2024-12-23,271.65,273.7,265.2,271.05,3451753,EQ,30291.0,113.95,789305.0
2024-12-24,271.5,285.5,268.95,280.65,9355158,EQ,65790.0,142.2,2236656.0
2024-12-26,278.5,279.4,261.8,263.2,12591431,EQ,94494.0,133.25,4265922.0
2024-12-27,265.0,265.35,255.05,256.5,6036698,EQ,49548.0,121.84,1950396.0
2024-12-30,257.0,257.2,245.65,247.15,5113793,EQ,50693.0,100.88,2046217.0
2024-12-31,247.45,250.2,243.8,247.95,4098665,EQ,32419.0,126.43,1283163.0
2025-01-01,247.9,250.15,245.14,247.39,2545914,EQ,23679.0,107.52,885789.0
2025-01-02,248.7,250.9,247.0,249.74,3055122,EQ,22461.0,136.02,1246834.0
2025-01-03,249.92,256.68,248.56,250.23,3580827,EQ,39629.0,90.36,1022338.0
2025-01-06,249.23,249.79,234.15,235.64,5344927,EQ,46619.0,114.65,2742235.0
2025-01-07,236.4,242.45,235.0,238.13,3337163,EQ,39303.0,84.91,1062388.0
2025-01-08,237.63,241.59,234.3,239.73,2357857,EQ,23869.0,98.78,702613.0
2025-01-09,239.0,239.6,233.9,235.78,2039704,EQ,22984.0,88.74,945688.0
2025-01-10,236.0,241.17,230.0,233.31,4667934,EQ,40263.0,115.94,1829572.0
2025-01-13,231.0,235.85,216.76,219.35,8130610,EQ,54750.0,148.5,4469736.0
2025-01-14,219.0,229.95,218.56,226.08,4808444,EQ,39297.0,122.36,1566617.0
2025-01-15,226.55,230.85,220.2,220.82,3836574,EQ,32254.0,118.95,1668280.0
2025-01-16,223.34,235.49,223.34,231.3,4933049,EQ,44823.0,110.06,1678165.0
2025-01-17,232.0,252.2,230.71,247.69,11483471,EQ,86124.0,133.34,2286323.0
2025-01-20,246.31,253.69,243.06,251.24,5561025,EQ,36749.0,151.32,1922306.0
2025-01-21,250.2,255.4,241.85,243.73,6521931,EQ,41102.0,158.68,2080224.0
2025-01-22,244.0,244.8,235.94,242.06,4680337,EQ,34163.0,137.0,1578387.0
2025-01-23,241.0,247.29,240.17,246.05,2006294,EQ,17849.0,112.4,621790.0
2025-01-24,246.39,249.7,240.16,242.05,3179611,EQ,24608.0,129.21,734944.0
2025-01-27,239.96,239.96,229.85,231.21,4098027,EQ,29718.0,137.9,1892435.0
2025-01-28,232.05,234.65,223.49,227.83,3592372,EQ,34856.0,103.06,1200862.0
2025-01-29,227.5,236.31,225.0,228.42,3635520,EQ,30268.0,120.11,1142918.0
2025-01-30,230.5,235.7,227.01,229.95,2885868,EQ,24655.0,117.05,863829.0
2025-01-31,229.45,240.58,223.21,238.98,4683771,EQ,37684.0,124.29,1319843.0
2025-02-01,240.13,242.98,218.35,240.37,4866627,EQ,30875.0,157.62,1178069.0
2025-02-03,235.5,235.83,229.11,232.5,3505306,EQ,28709.0,122.1,1043016.0
2025-02-04,235.0,243.39,235.0,238.47,2960287,EQ,29221.0,101.31,623215.0
2025-02-05,241.0,247.72,239.59,244.63,3383221,EQ,26743.0,126.51,1141726.0
2025-02-06,250.0,250.42,239.0,240.68,3808700,EQ,26456.0,143.96,1376375.0
2025-02-07,241.0,246.6,237.83,244.14,3358716,EQ,28144.0,119.34,727432.0
2025-02-10,244.0,244.01,236.0,236.78,2713797,EQ,23960.0,113.26,723107.0
2025-02-11,235.0,241.99,228.0,230.22,4457384,EQ,39156.0,113.84,1356515.0
2025-02-12,227.0,230.0,218.05,224.63,3871617,EQ,39202.0,98.76,1173090.0
2025-02-13,225.29,232.7,222.8,225.89,2538091,EQ,26027.0,97.52,488096.0
2025-02-14,228.5,231.44,211.84,214.5,4885450,EQ,49507.0,98.68,1672790.0
2025-02-17,213.0,216.45,207.0,215.33,3946024,EQ,42389.0,93.09,1182742.0
2025-02-18,214.0,215.29,206.66,213.4,3934677,EQ,36812.0,106.89,1310088.0
2025-02-19,209.95,221.79,208.0,218.11,3251275,EQ,29276.0,111.06,1285373.0
2025-02-20,216.01,226.0,215.0,224.47,2810575,EQ,33060.0,85.01,945118.0
2025-02-21,223.1,230.34,221.4,222.52,2934136,EQ,32958.0,89.03,751512.0
2025-02-24,221.0,222.19,216.59,218.92,2033486,EQ,25017.0,81.28,645637.0
2025-02-25,218.0,221.0,215.1,217.48,2899712,EQ,19014.0,152.5,946480.0
2025-02-27,217.1,218.0,211.1,212.67,3054042,EQ,26815.0,113.89,1498045.0
2025-02-28,210.0,211.15,201.1,202.32,5523833,EQ,44377.0,124.48,3034753.0
2025-03-03,202.32,205.99,195.4,203.4,4365180,EQ,42716.0,102.19,1540522.0
2025-03-04,200.25,206.2,198.46,202.34,3098415,EQ,36182.0,85.63,995266.0
2025-03-05,203.0,219.22,202.85,217.41,5470566,EQ,43954.0,124.46,1464104.0
2025-03-06,221.0,227.4,220.0,223.46,7207193,EQ,45597.0,158.06,1637337.0
2025-03-07,223.46,232.15,222.25,223.85,9363253,EQ,69226.0,135.26,2058425.0
2025-03-10,221.78,224.95,216.2,217.47,3544871,EQ,32295.0,109.77,1136985.0
2025-03-11,215.0,219.9,212.19,218.9,3727401,EQ,21612.0,172.47,1667306.0
2025-03-12,219.5,223.24,215.02,219.38,2985759,EQ,23088.0,129.32,1200091.0
2025-03-13,221.0,224.2,215.0,215.8,3799566,EQ,30474.0,124.68,1245336.0
2025-03-17,216.8,218.4,213.31,215.59,2275087,EQ,18669.0,121.86,934001.0
2025-03-18,216.9,222.95,216.9,221.57,3974096,EQ,22026.0,180.43,2022814.0
2025-03-19,223.93,228.34,222.0,222.89,5665335,EQ,36070.0,157.07,2812056.0
2025-03-20,226.0,236.77,223.75,231.79,11757926,EQ,66177.0,177.67,3707530.0
2025-03-21,232.19,237.8,228.75,229.91,8388685,EQ,46346.0,181.0,3874571.0
2025-03-24,233.0,240.15,231.21,237.49,10962536,EQ,72197.0,151.84,4195851.0
2025-03-25,239.65,240.75,227.35,228.94,8585717,EQ,43851.0,195.79,4050547.0
2025-03-26,230.9,237.3,224.35,225.51,12107248,EQ,67179.0,180.22,4109094.0
2025-03-27,224.35,225.5,220.0,223.45,10971510,EQ,55106.0,199.1,5103421.0
2025-03-28,224.35,229.19,218.64,220.79,10375701,EQ,46602.0,222.64,4863223.0
2025-04-01,219.99,223.69,216.1,222.01,4871263,EQ,34641.0,140.62,1753594.0
2025-04-02,224.42,228.19,216.45,226.55,6568554,EQ,35737.0,183.8,1654893.0
2025-04-03,223.4,231.93,223.4,224.76,7822241,EQ,38179.0,204.88,2607196.0
2025-04-04,222.75,223.4,201.5,204.25,16308753,EQ,103219.0,158.0,5225514.0
2025-04-07,183.82,191.04,183.82,188.0,10356888,EQ,78096.0,132.62,3643021.0
2025-04-08,193.88,196.76,189.4,192.54,4481066,EQ,35346.0,126.78,1287996.0
2025-04-09,190.0,199.2,187.37,196.24,4009609,EQ,30921.0,129.67,1037115.0
2025-04-11,202.8,202.8,198.0,199.65,3498073,EQ,32841.0,106.52,1146513.0
2025-04-15,204.0,210.69,203.65,209.69,3732696,EQ,28923.0,129.06,1419934.0
2025-04-16,210.6,212.34,208.0,209.69,3344662,EQ,22963.0,145.65,1128080.0
2025-04-17,208.89,214.2,208.0,210.41,2705521,EQ,23812.0,113.62,877879.0
2025-04-21,213.7,221.49,213.0,220.39,5814373,EQ,38390.0,151.46,2093291.0
2025-04-22,221.5,226.5,220.25,224.49,5428887,EQ,32978.0,164.62,1861705.0
2025-04-23,226.7,230.0,218.31,225.32,7087284,EQ,43747.0,162.01,2150016.0
2025-04-24,224.5,227.39,223.62,224.18,2718835,EQ,22862.0,118.92,1041048.0
2025-04-25,224.8,226.0,212.21,213.48,5783298,EQ,41620.0,138.95,1760293.0
2025-04-28,213.5,221.0,213.2,218.1,3879328,EQ,29675.0,130.73,1288075.0
2025-04-29,219.0,222.8,216.6,218.36,2605253,EQ,22252.0,117.08,810907.0
2025-04-30,217.4,219.4,211.6,213.28,2774910,EQ,25743.0,107.79,1173755.0
2025-05-02,213.0,218.75,212.52,213.14,3203306,EQ,26315.0,121.73,978120.0
2025-05-05,214.2,218.0,210.76,217.39,2793137,EQ,22033.0,126.77,955423.0
2025-05-06,217.1,218.27,206.5,207.33,3162292,EQ,31377.0,100.78,1273258.0
2025-05-07,206.2,212.7,205.32,212.05,3074529,EQ,24611.0,124.92,1014300.0
2025-05-08,213.15,214.29,202.02,204.59,3159220,EQ,26385.0,119.74,1369357.0
2025-05-09,198.01,206.4,198.0,205.32,4266410,EQ,36541.0,116.76,1097396.0
2025-05-12,212.3,227.6,212.11,225.06,8869554,EQ,52052.0,170.4,3012924.0
2025-05-13,226.9,227.0,221.1,221.81,4397540,EQ,30246.0,145.39,1795635.0
2025-05-14,223.0,232.5,222.5,231.8,8326998,EQ,51845.0,160.61,2894146.0
2025-05-15,232.5,233.92,226.61,227.78,7416554,EQ,50455.0,146.99,3368713.0
2025-05-16,228.37,231.0,225.3,226.0,4826694,EQ,33931.0,142.25,2392878.0
2025-05-19,226.4,231.5,225.93,226.64,5686278,EQ,34870.0,163.07,2587382.0
2025-05-20,228.49,231.8,224.5,225.03,5985055,EQ,35546.0,168.37,2383333.0
2025-05-21,227.0,230.58,222.61,229.47,8120457,EQ,31487.0,257.9,3983078.0
2025-05-22,229.4,229.4,224.51,226.46,4009428,EQ,27244.0,147.17,1464575.0
2025-05-23,227.6,240.1,225.5,238.13,17732588,EQ,81280.0,218.17,7749050.0
2025-05-26,240.95,245.65,240.25,243.85,11368150,EQ,64748.0,175.58,4110681.0
2025-05-27,245.05,247.8,244.0,245.07,6662274,EQ,40556.0,164.27,2535737.0
2025-05-28,251.0,257.9,247.0,248.48,24497092,EQ,129686.0,188.9,6348170.0
2025-05-29,251.0,256.45,247.26,251.32,10041525,EQ,62935.0,159.55,2848392.0
2025-05-30,252.35,253.3,246.2,247.51,4984866,EQ,45453.0,109.67,1729181.0
2025-06-02,246.0,253.59,242.91,252.43,6483562,EQ,48754.0,132.99,2434802.0
2025-06-03,255.7,257.5,247.69,248.39,7881642,EQ,46068.0,171.09,3274638.0
2025-06-04,249.63,254.4,247.46,253.12,4964622,EQ,34400.0,144.32,2020828.0
2025-06-05,253.9,255.5,249.6,253.71,5238032,EQ,40561.0,129.14,2130227.0
2025-06-06,256.0,261.76,254.85,256.08,15757786,EQ,92869.0,169.68,4178213.0
2025-06-09,259.0,260.89,256.41,258.87,5943138,EQ,38091.0,156.02,2744842.0
2025-06-10,261.0,265.34,260.6,263.64,10152732,EQ,52256.0,194.29,3955958.0
2025-06-11,265.0,267.1,258.2,259.53,6243380,EQ,39821.0,156.79,2954326.0
2025-06-12,261.53,262.9,254.0,254.75,5360904,EQ,38895.0,137.83,2192600.0
2025-06-13,247.52,256.88,247.52,253.71,4711493,EQ,34541.0,136.4,1691930.0
2025-06-16,254.0,263.8,246.56,262.76,10826728,EQ,61035.0,177.39,4486955.0
2025-06-17,261.75,261.98,252.08,252.71,4711146,EQ,42388.0,111.14,1714720.0
2025-06-18,252.8,256.65,251.35,253.93,2428458,EQ,23452.0,103.55,719337.0
2025-06-19,252.5,253.8,243.0,245.02,4045652,EQ,39332.0,102.86,1462222.0
2025-06-20,244.8,249.5,243.42,248.67,5864157,EQ,33785.0,173.57,3184200.0
2025-06-23,245.0,253.64,244.32,251.51,3842441,EQ,29816.0,128.87,1187059.0
2025-06-24,255.0,261.7,253.54,257.36,5845031,EQ,42913.0,136.21,1919987.0
2025-06-25,258.97,260.69,255.69,259.22,2658465,EQ,24206.0,109.83,789155.0
2025-06-26,260.7,273.82,257.71,272.08,15247596,EQ,85684.0,177.95,5013379.0
2025-06-27,275.04,281.29,274.3,276.16,18215597,EQ,117455.0,155.09,4683938.0
2025-06-30,277.0,285.95,276.0,279.3,9713817,EQ,80166.0,121.17,2719499.0
2025-07-01,280.0,286.05,275.7,283.6,7201728,EQ,52862.0,136.24,1775718.0
2025-07-02,282.0,285.0,278.3,283.75,4271654,EQ,40421.0,105.68,1076315.0
2025-07-03,284.5,287.65,279.8,280.7,5402382,EQ,40712.0,132.7,1474666.0
2025-07-04,280.0,282.45,274.85,277.15,3205033,EQ,32167.0,99.64,1131533.0
2025-07-07,276.85,278.4,273.0,274.55,1751639,EQ,21636.0,80.96,662146.0
2025-07-08,274.0,276.5,270.65,273.75,1767526,EQ,19960.0,88.55,601040.0
2025-07-09,279.0,282.0,260.3,264.75,15639832,EQ,99305.0,157.49,4149715.0
2025-07-10,265.0,267.25,263.0,265.0,3156185,EQ,25829.0,122.2,1141806.0
2025-07-11,264.1,268.0,261.5,262.65,2855464,EQ,27086.0,105.42,1074723.0
2025-07-14,262.8,265.0,259.5,263.5,2288493,EQ,25059.0,91.32,721867.0
2025-07-15,264.35,265.45,260.6,262.05,1614022,EQ,18313.0,88.14,796212.0
2025-07-16,262.0,266.75,260.05,264.05,2042529,EQ,18509.0,110.35,903022.0
2025-07-17,264.0,268.2,263.35,267.65,2102322,EQ,20673.0,101.69,1005884.0
2025-07-18,268.0,271.5,266.75,269.75,3469486,EQ,27056.0,128.23,1365672.0
2025-07-21,270.5,276.0,268.6,273.8,4717598,EQ,37023.0,127.42,1846756.0
2025-07-22,275.0,281.8,271.2,271.95,5475399,EQ,40402.0,135.52,1920411.0
2025-07-23,273.0,279.9,272.0,276.05,6744816,EQ,42847.0,157.42,2212375.0
2025-07-24,277.35,279.5,273.0,273.75,2660076,EQ,23866.0,111.46,938618.0
2025-07-25,272.0,272.2,255.6,259.0,7614416,EQ,44950.0,169.4,4918049.0
2025-07-28,256.7,259.0,247.4,248.3,8486576,EQ,39139.0,216.83,3308381.0
2025-07-29,247.15,260.45,245.15,258.4,5737676,EQ,42120.0,136.22,1517128.0
2025-07-30,258.95,262.25,253.55,258.35,12381244,EQ,39263.0,315.34,6377367.0
2025-07-31,253.4,256.4,241.8,243.35,14186163,EQ,75234.0,188.56,7072537.0
2025-08-01,243.0,245.52,235.96,236.96,3520184,EQ,31012.0,113.51,1363750.0
2025-08-04,236.95,245.39,234.3,243.98,3195310,EQ,27269.0,117.18,911731.0
2025-08-05,243.98,252.0,241.32,247.14,3194824,EQ,29194.0,109.43,1267593.0
2025-08-06,247.0,248.61,242.7,244.83,1622040,EQ,28702.0,56.51,594925.0
2025-08-07,243.2,245.3,236.23,241.27,3325765,EQ,34113.0,97.49,1777156.0
2025-08-08,242.0,243.05,235.9,238.85,1903598,EQ,25334.0,75.14,718363.0
2025-08-11,237.3,239.0,234.1,237.72,1701818,EQ,25336.0,67.17,571141.0
2025-08-12,237.0,241.19,236.25,239.26,1512752,EQ,20378.0,74.23,486533.0
2025-08-13,240.0,243.7,239.4,242.2,1905629,EQ,22379.0,85.15,673935.0
2025-08-14,242.6,243.01,238.8,240.19,1829311,EQ,21271.0,86.0,535912.0
2025-08-18,242.5,244.47,239.0,241.33,1881330,EQ,18603.0,101.13,931876.0
2025-08-19,241.8,243.49,238.0,242.26,1765371,EQ,21209.0,83.24,722630.0
2025-08-20,241.95,243.68,239.5,240.57,1842921,EQ,18706.0,98.52,966727.0
2025-08-21,241.27,242.88,239.01,239.81,829439,EQ,12838.0,64.61,356083.0
2025-08-22,239.21,240.5,236.55,237.98,1133353,EQ,12363.0,91.67,429134.0
2025-08-25,238.48,239.87,235.11,236.17,1427112,EQ,17016.0,83.87,654642.0
2025-08-26,235.0,237.49,229.5,231.19,2338135,EQ,28285.0,82.66,1072940.0
2025-08-28,230.7,232.22,226.7,230.91,1543223,EQ,25108.0,61.46,629517.0
2025-08-29,230.2,232.0,227.55,229.9,1479650,EQ,18913.0,78.23,511106.0
2025-09-01,228.1,234.0,228.1,232.82,2348312,EQ,27281.0,86.08,1130154.0
2025-09-02,232.73,241.68,232.3,237.8,2689463,EQ,30886.0,87.08,930446.0
2025-09-03,239.03,250.89,238.2,247.97,6565933,EQ,64031.0,102.54,2543681.0
2025-09-04,250.0,250.85,242.25,243.04,1874814,EQ,22801.0,82.23,736487.0
2025-09-05,243.0,245.7,240.3,244.23,1388790,EQ,19670.0,70.6,410971.0
2025-09-08,245.0,250.4,241.52,245.65,2837568,EQ,28798.0,98.53,970066.0
2025-09-09,245.5,246.3,241.96,244.33,2048896,EQ,18719.0,109.46,1219164.0
2025-09-10,244.5,249.49,243.75,244.94,2467258,EQ,22380.0,110.24,1279218.0
2025-09-11,244.93,256.2,244.15,248.58,5314233,EQ,53386.0,99.54,1569438.0
2025-09-12,251.0,282.4,250.99,280.05,50184477,EQ,348750.0,143.9,9438897.0
2025-09-15,280.05,286.99,277.21,280.49,14666961,EQ,111582.0,131.45,3586372.0
2025-09-16,280.99,294.25,279.2,289.45,18970326,EQ,132855.0,142.79,4692662.0
2025-09-17,287.97,291.68,283.28,284.58,8785316,EQ,72780.0,120.71,2925460.0
2025-09-18,285.7,286.25,278.95,280.47,5104886,EQ,40298.0,126.68,1799263.0
2025-09-19,279.0,284.47,276.25,282.86,4970912,EQ,36344.0,136.77,1932504.0
2025-09-22,283.24,305.4,282.0,296.57,35446549,EQ,287364,123.35,7154792
2025-09-23,298.1,312.0,293.4,307.43,28399927,EQ,237909,119.37,6529478
2025-09-24,308.05,313.9,305.52,308.71,13482206,EQ,107306,125.64,3746364
2025-09-25,315.75,331.0,314.01,328.23,61651367,EQ,425268,144.97,10291128
2025-09-26,326.99,326.99,310.0,311.97,17213905,EQ,171894,100.14,4490957
2025-09-29,315.45,326.0,310.5,319.46,19567807,EQ,162297,120.57,4110368
2025-09-30,324.24,336.5,322.66,329.44,36005290,EQ,260703,138.11,5491383
2025-10-01,329.0,339.9,322.4,335.3,15231694,EQ,107319,141.93,3761716
2025-10-03,338.0,343.7,335.0,338.4,15490540,EQ,103892,149.1,4144703
2025-10-06,344.5,347.0,335.3,337.95,9813035,EQ,72656,135.06,3082526
2025-10-07,339.0,348.85,331.5,332.65,13895093,EQ,90934,152.8,3890195
2025-10-08,333.4,343.95,331.7,342.2,11126344,EQ,85120,130.71,3372117
2025-10-09,342.7,365.5,341.25,364.15,44270098,EQ,313464,141.23,9361797
2025-10-10,365.0,365.0,341.1,344.55,20873761,EQ,156355,133.5,6426500
2025-10-13,344.0,348.0,337.5,340.8,9849453,EQ,83242,118.32,2702063
2025-10-14,346.5,353.3,328.6,330.15,15332635,EQ,114075,134.41,4781662
2025-10-15,331.8,343.35,330.45,341.9,10953927,EQ,95803,114.34,2358253
2025-10-16,343.3,347.0,340.45,342.2,5538226,EQ,46639,118.75,1972554
2025-10-17,343.0,347.25,338.1,341.95,6024481,EQ,50270,119.84,2158941
2025-10-20,343.75,349.75,336.0,345.35,6883519,EQ,54210,126.98,2516737
2025-10-21,346.0,350.4,344.0,346.3,2005789,EQ,23504,85.34,1031568
2025-10-23,347.0,347.7,329.3,330.65,7549897,EQ,79004,95.56,3600399
2025-10-24,331.2,345.0,331.2,343.1,13167009,EQ,96490,136.46,3113302
2025-10-27,346.7,352.9,346.05,348.3,11747860,EQ,88134,133.3,3114571
2025-10-28,348.45,350.5,341.05,342.3,4349254,EQ,40671,106.94,1472553
2025-10-29,344.0,355.25,343.8,351.5,13944878,EQ,100445,138.83,4626853
2025-10-30,352.0,352.3,345.05,348.3,3447619,EQ,37786,91.24,1188743
2025-10-31,346.9,349.9,339.0,340.25,4401680,EQ,44271,99.43,2000959
2025-11-03,342.0,346.5,339.6,341.75,4056269,EQ,34322,118.18,1346871
2025-11-04,341.0,343.5,330.9,332.4,4146708,EQ,44374,93.45,2038432
2025-11-06,333.95,334.0,321.1,322.3,4353679,EQ,49178,88.53,1726149
2025-11-07,319.5,335.35,317.4,332.8,6409393,EQ,55912,114.63,1702633
2025-11-10,333.0,342.6,332.05,337.95,7221580,EQ,57850,124.83,2631845
2025-11-11,340.0,365.35,339.6,359.7,36648857,EQ,233956,156.65,10493037
2025-11-12,359.9,359.9,338.5,339.7,17057756,EQ,131367,129.85,7407809
2025-11-13,343.0,347.5,335.4,337.05,11113848,EQ,87069,127.64,3499905
2025-11-14,337.9,338.55,332.05,335.25,5490018,EQ,48840,112.41,1931291
2025-11-17,336.4,340.9,332.3,338.55,5215839,EQ,43914,118.77,1572336
2025-11-18,335.1,335.5,327.5,330.55,5032784,EQ,51811,97.14,2130402
2025-11-19,330.55,332.4,327.0,327.75,3351769,EQ,34609,96.85,1283654
2025-11-20,329.9,333.5,323.15,327.15,4587205,EQ,43643,105.11,1726200
2025-11-21,325.0,327.0,312.15,314.15,5632980,EQ,64042,87.96,2754719
2025-11-24,314.15,319.4,308.5,313.3,4834709,EQ,50186,96.34,1670811
2025-11-25,315.5,323.75,312.75,320.2,6351251,EQ,55569,114.29,1843494
2025-11-26,324.8,330.85,322.5,329.1,8010595,EQ,57851,138.47,2093509
2025-11-27,331.75,334.3,324.35,325.8,5412607,EQ,41063,131.81,1865366
2025-11-28,325.9,332.0,321.7,327.0,4727861,EQ,38740,122.04,1275125
2025-12-01,335.5,343.9,331.25,339.3,15939026,EQ,120882,131.86,4468862
2025-12-02,339.25,339.9,335.2,338.6,3919300,EQ,37260,105.19,1412099
2025-12-03,342.0,345.85,336.25,339.2,9381813,EQ,73489,127.66,2141760
2025-12-04,342.0,368.0,342.0,365.75,56781515,EQ,391151,145.17,14779361
2025-12-05,362.9,374.0,356.3,371.85,41882585,EQ,273244,153.28,7210779
2025-12-08,372.0,378.4,361.1,363.5,22042865,EQ,168886,130.52,5828630
2025-12-09,361.5,366.0,349.5,362.85,12597995,EQ,103413,121.82,2842163
2025-12-10,363.0,371.8,357.45,359.4,12937480,EQ,94757,136.53,3164754
2025-12-11,361.7,364.5,351.5,357.05,9796560,EQ,83037,117.98,3104207
2025-12-12,362.0,384.7,362.0,382.3,44520103,EQ,320267,139.01,10966110
2025-12-15,382.0,389.7,375.15,379.95,14369551,EQ,118133,121.64,4283158
2025-12-16,378.65,378.65,368.0,369.4,9297078,EQ,76343,121.78,3102473
2025-12-17,370.0,374.7,365.0,368.2,9659217,EQ,75576,127.81,2673529
2025-12-18,368.4,389.7,363.2,387.45,29335396,EQ,211143,138.94,8664346
2025-12-19,387.0,390.85,380.55,387.55,10530081,EQ,78846,133.55,3531697
2025-12-22,394.5,408.9,394.2,403.4,29309939,EQ,214892,136.39,8642789
2025-12-23,406.3,415.7,402.5,407.8,18799415,EQ,136049,138.18,5647147
2025-12-24,418.0,439.5,412.7,436.55,47327061,EQ,339374,139.45,10353416
2025-12-26,452.1,480.85,443.25,475.6,96353483,EQ,701982,137.26,13466352
2025-12-29,545.05,545.95,475.6,487.45,195443305,EQ,1743867,112.07,31832064
2025-12-30,482.95,538.4,481.0,533.35,153331407,EQ,1206616,127.08,18430553
2025-12-31,530.0,537.85,515.0,518.3,74797791,EQ,654374,114.3,11884232
2026-01-01,521.5,534.1,520.25,522.65,34632582,EQ,306498,112.99,5378785
2026-01-02,530.0,545.2,527.95,541.9,42252954,EQ,340585,124.06,10068070
2026-01-05,554.95,570.0,550.0,552.6,52217841,EQ,508890,102.61,11622734
2026-01-06,568.5,574.6,562.0,565.25,38368185,EQ,345211,111.14,8825521
2026-01-07,574.8,575.0,548.0,551.25,35384649,EQ,371461,95.26,8643847
2026-01-08,543.9,543.9,518.55,520.75,41387603,EQ,425315,97.31,10677172
2026-01-09,519.25,533.25,511.3,520.8,34253643,EQ,318113,107.68,5673799
2026-01-12,532.0,548.0,523.4,545.7,52251830,EQ,413563,126.35,8615025
2026-01-13,550.0,554.6,535.0,539.45,29862998,EQ,264325,112.98,6317441
2026-01-14,548.05,576.0,545.65,572.8,53419763,EQ,439181,121.63,12515065
2026-01-16,571.75,572.5,558.9,561.45,28544988,EQ,301321,94.73,6673147
2026-01-19,570.0,571.0,545.1,547.8,26702316,EQ,275410,96.95,7128496
2026-01-20,549.0,555.45,530.0,531.95,28225843,EQ,299755,94.16,5981369
2026-01-21,532.55,559.5,523.65,557.3,37306733,EQ,400164,93.23,7218449
2026-01-22,561.0,564.35,525.3,532.05,27205079,EQ,331708,82.02,6376861
2026-01-23,544.0,555.95,532.5,535.9,29167207,EQ,288538,101.09,5130162
2026-01-27,551.7,563.9,544.25,562.15,27820698,EQ,319592,87.05,7672764
2026-01-28,568.8,643.0,564.25,633.4,108310220,EQ,913769,118.53,18438689
2026-01-29,662.5,760.05,662.0,760.05,138633007,EQ,1370635,101.15,207869222026-02-01,619.95,619.95,555.1,599.25,88029787,EQ,1140741,77.17,9129094
2026-02-02,590.15,638.55,581.55,610.55,70707887,EQ,892430,79.23,8687260
2026-02-03,639.9,658.0,610.0,614.75,45672234,EQ,554069,82.43,8420201
2026-02-04,624.75,642.0,607.75,613.65,35143075,EQ,404759,86.82,6496770
2026-02-05,588.0,620.0,577.6,607.3,31154519,EQ,371333,83.9,5630176
2026-02-06,587.4,601.15,575.75,579.85,27714476,EQ,316850,87.47,5235627
2026-02-09,594.25,610.5,592.85,598.0,24271749,EQ,281516,86.22,5021049
2026-02-10,610.0,610.0,595.0,597.55,12379419,EQ,167499,73.91,2750899
2026-02-11,601.0,607.45,593.8,603.7,10230524,EQ,119851,85.36,2986484
2026-02-12,606.0,628.7,602.05,624.7,27778672,EQ,304148,91.33,5846372
2026-02-13,606.0,613.0,585.0,591.65,16167639,EQ,210023,76.98,4701794
2026-02-16,585.0,585.0,568.3,574.4,11668799,EQ,164651,70.87,3113332
2026-02-17,574.4,574.4,547.0,549.45,15247235,EQ,202904,75.15,3797587
2026-02-18,549.45,579.3,545.0,569.4,22294257,EQ,258201,86.34,3124257
2026-02-19,583.0,592.0,560.0,563.65,15951583,EQ,185345,86.06,3061498
2026-02-20,565.0,573.8,560.6,569.05,8034313,EQ,101710,78.99,1442739
2026-02-23,584.0,584.95,560.05,563.35,11737715,EQ,140767,83.38,2695334
2026-02-24,569.0,569.05,556.45,563.45,6939903,EQ,87292,79.5,1505275
2026-02-25,568.8,589.0,567.15,585.95,17518066,EQ,184660,94.87,4234695
2026-02-26,590.0,591.55,577.75,583.75,7976576,EQ,93064,85.71,2118459
2026-02-27,584.1,588.7,560.3,566.3,10159245,EQ,110182,92.2,3744292
2026-03-02,563.5,589.8,555.0,576.0,18272860,EQ,234615,77.88,3180015
2026-03-04,570.55,574.3,540.0,546.8,17693572,EQ,234647,75.41,4801772
2026-03-05,554.8,564.8,549.5,558.0,11612411,EQ,139367,83.32,2209744
2026-03-06,558.25,564.4,553.4,558.6,6695386,EQ,76986,86.97,1383345
2026-03-04,570.55,574.3,540.0,546.8,17693572,EQ,234647,75.41,4801772
2026-03-05,554.8,564.8,549.5,558.0,11612411,EQ,139367,83.32,2209744
2026-03-06,558.25,564.4,553.4,558.6,6695386,EQ,76986,86.97,1383345
2026-03-09,549.8,551.35,534.65,540.55,7172740,EQ,113692,63.09,2050091
2026-03-10,552.0,555.0,545.5,548.95,4213894,EQ,59141,71.25,1113915
2026-03-11,550.0,562.0,540.4,542.9,5402609,EQ,73197,73.81,1423747
2026-03-12,540.8,540.8,519.4,527.35,8013312,EQ,114720,69.85,2453709
2026-03-13,526.3,528.35,493.55,496.3,10833935,EQ,175478,61.74,2997788
2026-03-16,488.05,494.8,472.5,477.55,11893736,EQ,168433,70.61,3829203
2026-03-17,479.45,495.0,461.8,493.15,15297877,EQ,185010,82.69,2298484
2026-03-18,494.05,494.9,473.2,489.15,12516538,EQ,147367,84.93,2306344
2026-03-19,475.0,478.55,463.0,470.5,12391967,EQ,168281,73.64,3400691
2026-03-20,472.0,493.0,472.0,489.45,17030835,EQ,123032,138.43,5132554
