Date,Open,High,Low,Close,Volume,Series,TOTAL_TRADES,QTY_PER_TRADE,DLV_QTY
2024-07-19,171.0,179.55,171.0,179.55,344800,ST,310,1112.26,344800
2024-07-22,188.5,188.5,188.5,188.5,82400,ST,78,1056.41,82400
2024-07-23,197.95,197.95,197.95,197.95,78400,ST,82,956.1,78400
2024-07-24,207.8,207.8,207.8,207.8,435200,ST,197,2209.14,435200
2024-07-25,218.2,218.2,218.2,218.2,144800,ST,105,1379.05,144800
2024-07-26,229.1,229.1,229.1,229.1,43200,ST,43,1004.65,43200
2024-07-29,240.55,240.55,240.55,240.55,27200,ST,31,877.42,27200
2024-07-30,252.55,252.55,252.55,252.55,27200,ST,24,1133.33,27200
2024-07-31,265.2,265.2,252.55,265.2,926400,ST,798,1160.9,870400
2024-08-01,270.0,276.75,251.95,251.95,398400,ST,427,933.02,387200
2024-08-02,224.5,302.3,221.0,294.9,1387200,SM,1404,988.03,556000
2024-08-05,307.0,345.0,292.7,317.8,745600,SM,871,856.03,369600
2024-08-06,334.5,356.5,281.7,294.4,511200,SM,599,853.42,263200
2024-08-07,305.0,317.5,283.0,303.3,262400,SM,310,846.45,124000
2024-08-08,304.5,309.5,294.0,299.0,123200,SM,145,849.66,76800
2024-08-09,300.5,309.35,287.5,290.4,88800,SM,110,807.27,56800
2024-08-12,290.4,290.4,267.9,276.0,169600,SM,205,827.32,101600
2024-08-13,281.6,293.9,270.0,272.25,148800,SM,177,840.68,84000
2024-08-14,279.5,326.7,274.1,326.7,300800,SM,360,835.56,183200
2024-08-16,364.5,382.35,339.0,357.1,368800,SM,439,840.09,152800
2024-08-19,357.1,385.5,352.65,359.1,240800,SM,283,850.88,131200
2024-08-20,369.0,372.5,330.05,336.1,134400,SM,157,856.05,86400
2024-08-21,333.5,337.2,314.0,320.25,216800,SM,248,874.19,128000
2024-08-22,320.25,352.5,320.25,341.75,211200,SM,233,906.44,127200
2024-08-23,347.0,347.05,325.5,333.4,194400,SM,205,948.29,117600
2024-08-26,346.0,346.0,331.75,340.9,48800,SM,60,813.33,32800
2024-08-27,340.9,395.0,333.0,371.3,280000,SM,335,835.82,140000
2024-08-28,378.5,378.5,346.0,354.05,117600,SM,143,822.38,77600
2024-08-29,355.0,357.4,339.55,348.25,51200,SM,62,825.81,34400
2024-08-30,352.5,367.5,347.5,350.0,73600,SM,89,826.97,36000
2024-09-02,350.0,356.0,339.0,341.7,64000,SM,76,842.11,38400
2024-09-03,336.0,344.5,335.0,340.75,55200,SM,69,800.0,32000
2024-09-04,340.9,342.5,333.25,336.3,64000,SM,77,831.17,34400
2024-09-05,340.95,340.95,327.25,329.3,81600,SM,88,927.27,53600
2024-09-06,330.65,334.45,299.0,307.15,155200,SM,173,897.11,95200
2024-09-09,309.0,317.25,293.1,294.95,128800,SM,132,975.76,81600
2024-09-10,299.45,301.0,282.55,289.0,108800,SM,120,906.67,66400
2024-09-11,299.5,299.5,275.0,282.35,88800,SM,106,837.74,59200
2024-09-12,284.5,333.0,284.5,316.1,173600,SM,211,822.75,92000
2024-09-13,321.45,331.5,315.0,324.3,121600,SM,147,827.21,72800
2024-09-16,333.0,360.0,333.0,353.3,176800,SM,212,833.96,104800
2024-09-17,352.9,352.9,324.0,335.0,80000,SM,99,808.08,52800
2024-09-18,332.5,337.75,320.0,332.1,49600,SM,60,826.67,29600
2024-09-19,333.0,342.0,310.0,328.6,56000,SM,69,811.59,34400
2024-09-20,330.0,345.0,326.5,332.6,48800,SM,58,841.38,29600
2024-09-23,333.0,355.0,333.0,339.05,124800,SM,132,945.45,67200
2024-09-24,338.9,340.0,325.0,326.3,32800,SM,40,820.0,22400
2024-09-25,326.1,334.7,316.5,317.7,58400,SM,72,811.11,33600
2024-09-26,323.0,324.75,303.0,309.3,47200,SM,59,800.0,32000
2024-09-27,310.0,328.7,300.0,316.2,85600,SM,106,807.55,36800
2024-09-30,316.2,322.25,306.1,320.55,33600,SM,42,800.0,16800
2024-10-01,317.55,320.0,312.6,314.6,39200,SM,38,1031.58,26400
2024-10-03,311.0,312.6,297.5,299.6,72800,SM,89,817.98,54400
2024-10-04,303.5,319.5,300.0,308.35,132800,SM,136,976.47,53600
2024-10-07,310.0,315.0,287.5,290.15,72000,SM,87,827.59,47200
2024-10-08,297.0,314.0,290.0,303.0,50400,SM,61,826.23,27200
2024-10-09,303.0,305.1,295.0,304.8,24000,ST,28,857.14,22400
2024-10-10,305.0,315.0,298.5,313.55,23200,ST,28,828.57,22400
2024-10-11,312.5,312.5,301.25,304.6,26400,ST,33,800.0,24000
2024-10-14,307.5,310.0,297.25,299.85,36800,ST,31,1187.1,33600
2024-10-15,297.25,299.0,288.5,293.5,21600,ST,26,830.77,20800
2024-10-16,300.0,305.0,295.1,301.75,20000,ST,25,800.0,19200
2024-10-17,298.0,305.0,292.5,298.5,26400,ST,33,800.0,25600
2024-10-18,288.5,295.5,288.5,291.0,25600,ST,32,800.0,24800
2024-10-21,297.0,297.0,280.0,281.5,31200,ST,38,821.05,28800
2024-10-22,281.0,281.0,267.4,267.4,50400,ST,62,812.9,50400
2024-10-23,263.5,272.0,254.05,262.5,48800,ST,58,841.38,44800
2024-10-24,265.0,267.5,257.0,259.7,24800,ST,29,855.17,24000
2024-10-25,248.0,259.0,246.7,247.9,138400,ST,104,1330.77,132800
2024-10-28,258.5,258.5,236.05,251.4,44800,ST,39,1148.72,36800
2024-10-29,256.45,263.95,246.0,263.95,40800,ST,48,850.0,38400
2024-10-30,268.5,277.1,250.75,253.25,126400,ST,151,837.09,111200
2024-10-31,250.0,260.5,240.6,259.15,85200,ST,313,272.2,78600
2024-11-01,266.25,267.8,248.0,259.7,24600,ST,111,221.62,22800
2024-11-04,260.0,260.7,250.0,257.0,31200,ST,141,221.28,29600
2024-11-05,253.4,269.9,252.0,269.9,45400,ST,190,238.95,44800
2024-11-06,283.0,283.35,270.5,283.35,28000,ST,118,237.29,27200
2024-11-07,297.5,297.5,287.5,297.5,60200,ST,252,238.89,57000
2024-11-08,294.0,305.0,285.0,293.2,32000,ST,146,219.18,30200
2024-11-11,285.05,300.0,280.5,286.4,23200,ST,109,212.84,21200
2024-11-12,286.4,287.0,272.55,274.4,23800,ST,107,222.43,22000
2024-11-13,272.5,274.5,260.7,261.0,25000,ST,119,210.08,22800
2024-11-14,251.5,269.5,248.05,260.75,29000,ST,132,219.7,24200
2024-11-18,259.0,269.0,250.0,265.35,23200,ST,110,210.91,20800
2024-11-19,259.0,265.95,252.5,254.4,48000,ST,123,390.24,45000
2024-11-21,261.8,261.8,250.0,252.1,25400,ST,82,309.76,23800
2024-11-22,254.85,259.75,249.5,250.9,19400,ST,86,225.58,16600
2024-11-25,258.0,259.95,248.2,253.7,39000,ST,152,256.58,35800
2024-11-26,259.0,259.0,250.0,253.75,11000,ST,51,215.69,9000
2024-11-27,250.75,256.0,247.25,250.1,27000,ST,114,236.84,25400
2024-11-28,250.0,250.1,245.05,247.7,23200,ST,97,239.18,22200
2024-11-29,249.0,252.45,246.75,250.85,27800,ST,101,275.25,27600
2024-12-02,263.4,263.4,260.0,263.4,41600,ST,142,292.96,40800
2024-12-03,276.5,276.5,270.0,276.05,66600,ST,178,374.16,65000
2024-12-04,276.05,285.55,262.5,268.2,50000,ST,180,277.78,46000
2024-12-05,257.75,272.0,257.75,269.2,18800,ST,85,221.18,17600
2024-12-06,275.0,275.0,265.55,268.75,8200,ST,39,210.26,7400
2024-12-09,267.5,273.5,266.25,268.6,15200,ST,69,220.29,13000
2024-12-10,273.5,273.5,263.6,265.0,20000,ST,94,212.77,18800
2024-12-11,270.2,270.2,258.0,260.5,11000,ST,52,211.54,10200
2024-12-12,252.0,264.5,252.0,258.9,15400,ST,67,229.85,13600
2024-12-13,259.05,264.0,252.5,257.75,12800,ST,60,213.33,9600
2024-12-16,250.3,267.45,250.3,256.95,21200,ST,83,255.42,17400
2024-12-17,257.0,269.75,254.0,269.65,58000,ST,213,272.3,53800
2024-12-18,269.0,280.0,260.15,270.0,36200,ST,174,208.05,32800
2024-12-19,265.0,270.0,257.75,268.8,20000,ST,95,210.53,18000
2024-12-20,275.75,275.75,264.25,264.9,54000,ST,137,394.16,50200
2024-12-23,269.3,269.3,255.0,259.2,15400,ST,63,244.44,14200
2024-12-24,259.2,263.25,255.0,262.0,8600,ST,34,252.94,7200
2024-12-26,262.0,262.0,255.6,257.6,12000,ST,52,230.77,11800
2024-12-27,248.05,260.0,248.05,254.2,14800,ST,69,214.49,14200
2024-12-30,257.5,260.0,252.0,252.9,17800,ST,78,228.21,16600
2024-12-31,254.0,257.45,249.5,257.4,16800,ST,68,247.06,15800
2025-01-01,252.7,260.0,252.7,256.8,13800,ST,60,230.0,12000
2025-01-02,257.5,269.6,254.1,269.6,36200,ST,161,224.84,34600
2025-01-03,269.6,278.75,267.5,274.3,38400,ST,146,263.01,37800
2025-01-06,277.45,287.5,267.5,275.6,85200,ST,336,253.57,79600
2025-01-07,274.85,280.0,267.0,269.5,25400,ST,106,239.62,24400
2025-01-08,269.5,275.0,262.75,266.8,15000,ST,69,217.39,13600
2025-01-09,269.75,274.0,260.65,261.6,16600,ST,72,230.56,14800
2025-01-10,261.7,271.5,250.75,262.5,26200,ST,107,244.86,23200
2025-01-13,262.5,267.5,240.0,247.0,39000,SM,178,219.1,24200
2025-01-14,253.9,258.0,246.3,255.2,21600,SM,88,245.45,13600
2025-01-15,255.2,260.9,253.05,254.6,8000,SM,39,205.13,5200
2025-01-16,255.5,257.75,250.8,251.3,14600,SM,69,211.59,11600
2025-01-17,254.4,258.0,250.0,255.1,17000,SM,76,223.68,12200
2025-01-20,257.5,257.5,252.8,254.7,10400,SM,51,203.92,7800
2025-01-21,252.25,254.95,247.5,249.9,14800,SM,68,217.65,11600
2025-01-22,250.75,250.75,241.4,245.5,14200,SM,68,208.82,12000
2025-01-23,244.0,244.0,236.0,237.7,13200,SM,61,216.39,8600
2025-01-24,238.9,239.0,222.5,225.55,20000,SM,94,212.77,13400
2025-01-27,223.75,236.5,206.0,226.4,42200,SM,169,249.7,32600
2025-01-28,222.5,223.5,215.0,216.55,23000,SM,95,242.11,16600
2025-01-29,220.9,235.0,220.9,233.3,10400,SM,46,226.09,7200
2025-01-30,236.0,240.0,227.5,229.0,9000,SM,41,219.51,7600
2025-01-31,229.5,245.0,227.5,241.2,15800,SM,76,207.89,8800
2025-02-01,241.2,242.5,232.5,235.5,8000,SM,38,210.53,7200
2025-02-03,233.0,233.0,227.5,231.6,5400,SM,17,317.65,5000
2025-02-04,240.0,244.5,234.3,239.8,8800,SM,43,204.65,5800
2025-02-05,244.5,254.5,244.5,253.05,18800,SM,88,213.64,14600
2025-02-06,257.5,257.95,250.55,254.7,12000,SM,46,260.87,9600
2025-02-07,255.0,257.0,252.5,255.0,7400,SM,33,224.24,6400
2025-02-10,260.0,262.5,235.5,242.5,16000,SM,76,210.53,9800
2025-02-11,240.0,248.0,227.5,242.95,19600,SM,86,227.91,12800
2025-02-12,233.4,247.9,227.5,242.2,23000,SM,106,216.98,13400
2025-02-13,247.5,252.5,242.5,249.0,15600,SM,75,208.0,11000
2025-02-14,249.0,250.75,235.0,248.1,22600,SM,87,259.77,16200
2025-02-17,238.5,240.5,232.5,234.1,18000,SM,70,257.14,13200
2025-02-18,226.75,252.5,222.5,244.25,23200,SM,95,244.21,16800
2025-02-19,249.8,255.0,236.5,238.8,16400,SM,62,264.52,12600
2025-02-20,244.95,244.95,236.0,243.6,6000,SM,29,206.9,3000
2025-02-21,239.0,251.5,239.0,245.0,13200,SM,47,280.85,9200
2025-02-24,239.5,241.9,235.0,235.1,3200,SM,16,200.0,3000
2025-02-25,240.0,240.0,230.0,231.1,5200,SM,26,200.0,4200
2025-02-27,235.05,235.05,225.1,227.5,7000,SM,33,212.12,4800
2025-02-28,225.0,232.45,222.5,224.1,7000,SM,30,233.33,5400
2025-03-03,220.0,225.5,203.5,206.5,26600,SM,95,280.0,19000
2025-03-04,202.5,214.7,194.95,196.05,49200,SM,175,281.14,32200
2025-03-05,196.05,209.0,196.05,205.2,27600,SM,97,284.54,19200
2025-03-06,210.0,214.0,204.0,212.3,9000,SM,34,264.71,7200
2025-03-07,211.0,219.4,210.0,212.3,7600,SM,32,237.5,6400
2025-03-10,218.25,219.0,207.5,210.0,8800,SM,37,237.84,6600
2025-03-11,202.5,204.25,198.25,203.1,9600,SM,41,234.15,6800
2025-03-12,198.0,200.15,190.0,197.05,27800,SM,95,292.63,21000
2025-03-13,197.15,197.2,174.95,177.0,59600,SM,211,282.46,45200
2025-03-17,177.1,178.5,150.4,155.2,105400,SM,275,383.27,92600
2025-03-18,160.0,167.5,150.0,165.55,90400,SM,272,332.35,70400
2025-03-19,166.0,188.7,166.0,181.75,42200,SM,154,274.03,31800
2025-03-20,190.95,204.5,186.5,201.8,70600,SM,285,247.72,46600
2025-03-21,205.5,213.4,203.65,211.05,54800,SM,209,262.2,32200
2025-03-24,219.25,219.25,200.6,207.35,32200,SM,141,228.37,19000
2025-03-25,213.5,215.5,195.0,197.7,37600,SM,165,227.88,23400
2025-03-26,200.25,205.0,181.8,184.85,37800,SM,161,234.78,26000
2025-03-27,187.5,189.45,176.5,178.8,47400,SM,212,223.58,34800
2025-03-28,175.6,200.0,175.6,186.1,77400,SM,246,314.63,51400
2025-04-01,192.45,211.0,192.45,205.8,36200,SM,161,224.84,23000
2025-04-02,232.0,243.9,215.1,240.45,66400,SM,163,407.36,31200
2025-04-03,224.95,246.0,224.0,243.7,95200,SM,219,434.7,37600
2025-04-04,232.85,238.95,225.5,236.05,73600,SM,178,413.48,37600
2025-04-07,198.2,221.0,194.0,219.35,127600,SM,288,443.06,55200
2025-04-08,228.0,236.0,227.05,230.7,41200,SM,96,429.17,26800
2025-04-09,228.9,230.7,222.25,228.7,18800,SM,45,417.78,11600
2025-04-11,242.0,250.0,235.0,240.35,49200,SM,101,487.13,30400
2025-04-15,249.9,250.0,241.55,248.8,57600,SM,122,472.13,42000
2025-04-16,248.8,250.0,241.9,242.6,43600,SM,82,531.71,29600
2025-04-17,242.6,250.0,238.0,248.35,48800,SM,112,435.71,30800
2025-04-21,258.0,262.0,251.0,256.7,87600,SM,181,483.98,63200
2025-04-22,262.0,275.0,260.0,269.5,113200,SM,242,467.77,77600
2025-04-23,273.5,273.5,261.3,269.65,72000,SM,170,423.53,50000
2025-04-24,275.05,323.55,269.0,308.3,1520000,SM,2650,573.58,470000
2025-04-25,312.6,312.6,278.15,283.6,394800,SM,869,454.32,211200
2025-04-28,285.0,290.9,271.05,274.9,194400,SM,436,445.87,115600
2025-04-29,274.9,280.0,265.0,271.05,31200,ST,71,439.44,27200
2025-04-30,268.1,270.0,257.5,257.5,60000,ST,129,465.12,58400
2025-05-02,250.5,257.9,246.0,252.35,48400,ST,113,428.32,39200
2025-05-05,254.9,254.9,245.0,246.8,32400,ST,72,450.0,31200
2025-05-06,251.0,251.95,234.5,234.5,42400,ST,90,471.11,40400
2025-05-07,223.05,239.3,222.8,230.65,49600,ST,118,420.34,43600
2025-05-08,225.1,238.5,225.0,227.05,38800,ST,83,467.47,36400
2025-05-09,216.05,222.95,215.9,220.3,49200,ST,108,455.56,46000
2025-05-12,231.3,231.3,231.25,231.3,34000,ST,67,507.46,34000
2025-05-13,242.85,242.85,242.85,242.85,16800,ST,26,646.15,16800
2025-05-14,254.95,254.95,247.75,254.95,48400,ST,85,569.41,47200
2025-05-15,267.65,267.65,260.0,267.65,26800,ST,58,462.07,24000
2025-05-16,278.8,281.0,273.1,281.0,32400,ST,60,540.0,30400
2025-05-19,281.0,281.0,275.4,275.4,43600,ST,76,573.68,43200
2025-05-20,269.9,269.9,269.9,269.9,9600,ST,20,480.0,9600
2025-05-21,264.5,264.5,264.5,264.5,7600,ST,12,633.33,7600
2025-05-22,259.25,259.25,259.25,259.25,5200,ST,13,400.0,5200
2025-05-23,254.25,254.25,254.1,254.1,41600,ST,85,489.41,41600
2025-05-26,259.15,259.15,259.15,259.15,13200,ST,31,425.81,13200
2025-05-27,264.3,264.3,264.3,264.3,5200,ST,11,472.73,5200
2025-05-28,269.55,269.55,269.55,269.55,11200,ST,18,622.22,11200
2025-05-29,274.9,274.9,274.9,274.9,9600,ST,20,480.0,9600
2025-05-30,279.45,280.35,279.45,280.35,62400,ST,105,594.29,62400
2025-06-02,274.75,274.75,274.75,274.75,10400,ST,24,433.33,10400
2025-06-03,274.0,274.0,269.25,269.25,14000,ST,33,424.24,14000
2025-06-04,269.25,269.25,263.9,263.9,10800,ST,24,450.0,10800
2025-06-05,258.7,269.0,258.7,269.0,20800,ST,43,483.72,20400
2025-06-06,274.35,274.35,274.35,274.35,19600,ST,33,593.94,19600
2025-06-09,279.0,279.0,279.0,279.0,20400,ST,48,425.0,20400
2025-06-10,276.0,276.0,273.45,273.45,7600,ST,15,506.67,7600
2025-06-11,268.0,268.0,268.0,268.0,6400,ST,13,492.31,6400
2025-06-12,262.65,262.65,262.65,262.65,15600,ST,27,577.78,15600
2025-06-13,257.4,262.65,257.4,262.0,19200,ST,41,468.29,19200
2025-06-16,262.0,262.0,260.5,260.7,30000,ST,55,545.45,30000
2025-06-17,265.0,265.0,255.5,255.5,42000,ST,64,656.25,41600
2025-06-18,260.6,260.6,260.6,260.6,23200,ST,44,527.27,23200
2025-06-19,260.6,260.6,255.6,256.0,25200,ST,46,547.83,25200
2025-06-20,261.0,261.1,261.0,261.1,14800,ST,24,616.67,14800
2025-06-23,273.75,273.75,258.35,259.5,63600,ST,144,441.67,60000
2025-06-24,263.0,265.0,261.05,264.0,14400,ST,34,423.53,14000
2025-06-25,264.5,268.0,258.0,266.0,28000,ST,63,444.44,26800
2025-06-26,269.0,275.8,264.2,268.0,33200,ST,69,481.16,31200
2025-06-27,269.2,273.2,264.0,269.15,28400,ST,67,423.88,27200
2025-06-30,271.0,275.0,270.2,274.4,27600,ST,67,411.94,26400
2025-07-01,279.0,279.5,265.0,274.3,30000,ST,61,491.8,28400
2025-07-02,270.0,274.9,265.0,265.55,13600,ST,30,453.33,13200
2025-07-03,265.7,270.0,262.6,263.55,15600,ST,38,410.53,14800
2025-07-04,263.0,267.0,257.0,262.75,15200,ST,33,460.61,11600
2025-07-07,258.05,265.0,257.0,259.05,22400,ST,41,546.34,21600
2025-07-08,261.0,261.0,255.0,259.3,23600,ST,53,445.28,21600
2025-07-09,258.0,267.75,256.0,263.15,24800,ST,46,539.13,22400
2025-07-10,263.0,264.3,257.05,258.45,22800,ST,45,506.67,22000
2025-07-11,260.0,264.95,258.0,262.1,24800,ST,52,476.92,22400
2025-07-14,264.0,264.0,256.05,256.9,30400,ST,73,416.44,27600
2025-07-15,255.2,261.0,254.0,260.3,19600,ST,46,426.09,18400
2025-07-16,260.3,260.3,256.0,258.6,32400,ST,72,450.0,30800
2025-07-17,258.0,260.0,255.0,256.75,28400,ST,59,481.36,25200
2025-07-18,258.0,260.0,256.0,256.6,20800,ST,43,483.72,18000
2025-07-21,256.7,258.0,249.0,250.95,31600,ST,64,493.75,30000
2025-07-22,250.15,253.0,243.5,245.45,40400,ST,86,469.77,40000
2025-07-23,243.1,243.1,233.2,239.55,84000,ST,166,506.02,77200
2025-07-24,241.0,246.95,240.55,246.25,14000,ST,33,424.24,13200
2025-07-25,252.5,252.5,238.5,239.05,18400,ST,39,471.79,17200
2025-07-28,247.9,251.0,243.2,250.85,58000,ST,111,522.52,55600
2025-07-29,243.0,250.0,238.35,244.25,19200,ST,40,480.0,18800
2025-07-30,240.0,251.4,239.0,249.05,13200,ST,32,412.5,10400
2025-07-31,247.0,252.0,240.7,246.0,52400,ST,85,616.47,48400
2025-08-01,248.65,249.9,238.6,244.65,29600,ST,36,822.22,27200
2025-08-04,248.85,250.0,238.5,247.3,30400,SM,67,453.73,24400
2025-08-05,248.0,250.0,242.0,243.4,30000,SM,62,483.87,22000
2025-08-06,242.0,242.0,233.25,237.2,29200,SM,58,503.45,23200
2025-08-07,236.8,236.8,232.6,235.4,23600,SM,57,414.04,17200
2025-08-08,235.4,242.9,233.8,239.05,26800,SM,58,462.07,18400
2025-08-11,240.0,244.5,230.0,233.1,55200,SM,117,471.79,36000
2025-08-12,234.1,237.85,232.2,235.45,15600,SM,39,400.0,11600
2025-08-13,239.9,243.0,235.0,237.75,47600,SM,103,462.14,29200
2025-08-14,234.05,242.7,230.05,234.75,25200,SM,50,504.0,16400
2025-08-18,236.25,238.2,233.0,236.7,22400,SM,46,486.96,14000
2025-08-19,238.0,240.7,237.5,239.9,31200,SM,62,503.23,26000
2025-08-20,240.0,253.0,239.95,252.0,51200,SM,94,544.68,45600
2025-08-21,256.4,260.0,252.0,256.95,42000,SM,92,456.52,34400
2025-08-22,259.9,265.0,256.0,262.0,54000,SM,100,540.0,46400
2025-08-25,268.0,268.0,257.4,258.15,29600,SM,68,435.29,24000
2025-08-26,257.4,258.0,246.0,248.2,31600,SM,62,509.68,26000
2025-08-28,243.5,252.8,242.1,247.0,13200,SM,33,400.0,8400
2025-08-29,247.0,251.4,244.0,247.2,7600,SM,19,400.0,5200
2025-09-01,245.05,252.9,242.0,251.1,26400,SM,59,447.46,20400
2025-09-02,254.0,264.45,254.0,262.35,63600,SM,118,538.98,59200
2025-09-03,258.0,265.0,258.0,264.7,36400,SM,61,596.72,32000
2025-09-04,266.15,266.15,252.1,254.45,36400,SM,67,543.28,27600
2025-09-05,253.05,259.0,253.0,253.05,9600,SM,24,400.0,6400
2025-09-08,253.05,259.0,250.75,257.15,15200,SM,36,422.22,11600
2025-09-09,265.0,265.0,250.0,250.35,13200,SM,33,400.0,10400
2025-09-10,254.0,258.0,251.15,252.45,12000,SM,29,413.79,8800
2025-09-11,255.5,258.95,253.0,253.35,14000,SM,31,451.61,11200
2025-09-12,253.05,254.0,245.0,252.0,33200,SM,76,436.84,18400
2025-09-15,252.0,252.5,243.0,245.65,42400,SM,88,481.82,34000
2025-09-16,242.2,249.75,242.2,244.5,17200,SM,43,400.0,12400
2025-09-17,246.05,248.65,242.25,242.85,19600,SM,41,478.05,16400
2025-09-18,242.85,246.0,235.0,238.4,22800,SM,53,430.19,18000
2025-09-19,244.0,244.0,230.1,235.9,26400,SM,58,455.17,17200
2025-09-22,235.0,239.95,233.5,236.45,25200,SM,62,406.45,18400
2025-09-23,240.0,240.05,232.1,234.25,27200,SM,63,431.75,18800
2025-09-24,233.1,234.0,229.95,233.65,22800,SM,48,475.0,16000
2025-09-25,233.6,234.4,230.0,230.3,12000,SM,30,400.0,10800
2025-09-26,230.75,233.8,227.0,228.3,15600,SM,36,433.33,11600
2025-09-29,250.0,250.0,228.3,235.95,64000,SM,141,453.9,30800
2025-09-30,236.1,236.1,228.0,233.9,15200,SM,38,400.0,10400
2025-10-01,234.9,234.9,230.75,231.9,15200,SM,34,447.06,11600
2025-10-03,232.0,232.25,227.55,229.75,19200,SM,46,417.39,14400
2025-10-06,226.55,232.5,226.55,229.35,16400,SM,37,443.24,10800
2025-10-07,231.65,231.65,224.0,224.7,22000,SM,53,415.09,16400
2025-10-08,222.1,227.7,220.0,221.55,18800,SM,42,447.62,13600
2025-10-09,220.1,228.8,219.0,222.6,22000,SM,47,468.09,16800
2025-10-10,223.55,227.0,223.55,225.05,9200,SM,22,418.18,6400
2025-10-13,229.0,229.0,225.0,226.95,11200,SM,28,400.0,7200
2025-10-14,225.0,225.0,218.0,222.45,33200,SM,67,495.52,23600
2025-10-15,221.5,223.85,217.75,222.0,16400,SM,38,431.58,12800
2025-10-16,222.5,223.0,219.5,220.0,10000,SM,25,400.0,7600
2025-10-17,218.3,223.5,218.3,222.1,15200,SM,37,410.81,10400
2025-10-20,223.05,226.9,219.05,224.15,18400,SM,43,427.91,14800
2025-10-21,224.0,225.0,219.0,221.35,6400,SM,13,492.31,4400
2025-10-23,220.5,226.7,220.5,225.2,17200,SM,41,419.51,12800
2025-10-24,221.05,225.9,221.05,223.35,8400,SM,18,466.67,6000
2025-10-27,221.95,222.95,215.25,217.85,15200,SM,38,400.0,11200
2025-10-28,219.5,224.85,218.0,218.1,9200,SM,22,418.18,6400
2025-10-29,216.05,220.95,213.7,215.2,19200,SM,41,468.29,15600
2025-10-30,217.35,223.85,217.35,220.65,28400,SM,63,450.79,20400
2025-10-31,220.6,222.75,218.05,218.5,8000,SM,18,444.44,7600
2025-11-03,218.0,219.0,215.5,216.5,18000,SM,35,514.29,14000
2025-11-04,218.35,218.35,213.15,214.3,18400,SM,39,471.79,12400
2025-11-06,211.0,212.0,205.3,207.7,28000,SM,57,491.23,22000
2025-11-07,205.0,208.0,200.0,207.7,28400,SM,58,489.66,16800
2025-11-10,207.7,212.0,204.0,204.95,24400,SM,51,478.43,18400
2025-11-11,200.35,207.6,200.35,205.6,13200,SM,30,440.0,9200
2025-11-12,175.0,188.65,171.2,184.8,186800,SM,389,480.21,94400
2025-11-13,181.6,187.0,181.6,184.65,34800,SM,77,451.95,22400
2025-11-14,181.0,181.1,174.0,175.8,54800,SM,122,449.18,35200
2025-11-17,171.2,179.9,171.2,178.85,31200,SM,73,427.4,22000
2025-11-18,178.7,178.95,173.4,175.5,22800,SM,55,414.55,15200
2025-11-19,173.55,174.3,165.05,166.2,42000,SM,102,411.76,29200
2025-11-20,169.8,185.05,165.0,179.4,46000,SM,110,418.18,28800
2025-11-21,179.4,179.45,170.15,171.85,20000,SM,47,425.53,13600
2025-11-24,171.85,177.9,171.0,171.9,14800,SM,36,411.11,9600
2025-11-25,170.05,175.9,170.05,173.5,10000,SM,23,434.78,7600
2025-11-26,170.05,174.95,170.05,171.35,13200,SM,32,412.5,10000
2025-11-27,170.1,179.0,166.4,171.9,22400,SM,52,430.77,13600
2025-11-28,171.9,172.9,167.0,170.6,21200,SM,48,441.67,13600
2025-12-01,172.0,172.95,169.35,170.9,6800,SM,17,400.0,4800
2025-12-02,173.0,173.0,164.4,166.65,10800,SM,26,415.38,7200
2025-12-03,165.15,168.85,162.0,163.3,20800,SM,52,400.0,14400
2025-12-04,165.4,167.45,160.0,160.45,16000,SM,37,432.43,12400
2025-12-05,157.3,158.0,152.6,153.5,23200,SM,52,446.15,18000
2025-12-08,153.55,155.25,140.0,143.3,50400,SM,111,454.05,34000
2025-12-09,146.0,152.0,138.15,150.25,26800,SM,60,446.67,16000
2025-12-10,154.95,180.3,154.95,173.2,110400,SM,174,634.48,76400
2025-12-11,174.95,178.8,167.1,168.8,9200,SM,23,400.0,6800
2025-12-12,170.0,174.75,167.0,167.75,12400,SM,26,476.92,5600
2025-12-15,168.0,170.0,160.0,162.0,14400,SM,28,514.29,10800
2025-12-16,162.0,162.0,157.0,157.75,6400,SM,16,400.0,3600
2025-12-17,157.75,172.5,155.95,158.65,30400,SM,61,498.36,14400
2025-12-18,161.85,170.0,159.9,162.25,8400,SM,21,400.0,6400
2025-12-19,169.5,172.5,163.1,165.0,16400,SM,41,400.0,11200
2025-12-22,168.95,170.7,163.0,163.0,5600,SM,14,400.0,3600
2025-12-23,165.0,171.0,163.55,167.4,17200,SM,39,441.03,7600
2025-12-24,171.5,178.0,168.0,169.1,20800,SM,48,433.33,13200
2025-12-26,175.9,177.7,170.0,172.7,27600,SM,62,445.16,18000
2025-12-29,172.75,179.0,166.5,173.9,20400,SM,47,434.04,12000
2025-12-30,173.9,182.0,172.7,180.3,67600,SM,112,603.57,37200
2025-12-31,181.2,181.2,172.25,174.55,18000,SM,34,529.41,13200
2026-01-01,174.55,174.55,167.5,170.3,14400,SM,28,514.29,6400
2026-01-02,172.45,180.0,171.0,176.85,20000,SM,48,416.67,12400
2026-01-05,177.55,177.55,170.05,172.0,9600,SM,23,417.39,6000
2026-01-06,172.0,174.25,162.95,163.45,25600,SM,63,406.35,16800
2026-01-07,163.45,168.9,162.1,162.45,14400,SM,33,436.36,8800
2026-01-08,162.45,166.0,156.25,158.8,15600,SM,35,445.71,11200
2026-01-09,159.8,167.0,157.1,158.5,27200,SM,60,453.33,17200
2026-01-12,158.0,162.0,153.55,160.45,12000,SM,30,400.0,8400
2026-01-13,160.45,160.45,160.45,160.45,1600,SM,4,400.0,1200
2026-01-14,156.05,158.0,152.0,154.95,10400,SM,23,452.17,6800
2026-01-16,154.95,158.95,140.0,148.7,38400,SM,70,548.57,18000
2026-01-19,151.1,151.1,145.05,145.75,10000,SM,24,416.67,7600
2026-01-20,145.1,160.0,145.1,147.3,37200,SM,87,427.59,25200
2026-01-21,147.35,147.35,142.0,147.0,8000,SM,20,400.0,6000
2026-01-22,150.0,157.35,149.5,150.1,10000,SM,23,434.78,6000
2026-01-23,150.2,154.55,147.05,149.5,4400,SM,11,400.0,3600
2026-01-27,145.0,146.0,140.7,142.0,16800,SM,41,409.76,10800
2026-01-28,143.65,150.8,143.65,145.35,10800,SM,25,432.0,8800
2026-01-29,150.0,150.0,142.05,142.9,17600,SM,38,463.16,12400
2026-01-30,142.05,143.95,139.0,141.85,74800,SM,89,840.45,62000
2026-02-01,142.2,149.45,140.1,142.55,16800,SM,39,430.77,11600
2026-02-02,142.55,142.55,139.8,140.3,48400,SM,52,930.77,45200
2026-02-03,146.25,149.6,141.65,142.65,14400,SM,33,436.36,10400
2026-02-04,145.0,146.45,142.05,145.4,11600,SM,28,414.29,7600
2026-02-05,145.0,145.0,142.3,142.75,7600,SM,14,542.86,6800
2026-02-06,141.5,146.0,141.4,145.45,15600,SM,38,410.53,10800
2026-02-09,148.4,159.95,148.4,157.9,33200,SM,80,415.0,26000
2026-02-10,162.0,164.0,157.05,160.0,13200,SM,30,440.0,9600
2026-02-11,155.55,155.55,146.1,148.95,42400,SM,99,428.28,22800
2026-02-12,148.95,153.45,147.55,152.25,8800,SM,21,419.05,5600
2026-02-13,149.95,149.95,143.7,145.1,9600,SM,24,400.0,5200
2026-02-16,145.1,145.85,143.3,143.75,9200,SM,22,418.18,6000
2026-02-17,143.75,147.35,143.3,146.35,4800,SM,12,400.0,3600
2026-02-18,144.4,145.4,141.4,143.8,11200,SM,28,400.0,7600
2026-02-19,142.0,146.95,142.0,144.0,4800,SM,12,400.0,3200
2026-02-20,141.55,142.45,140.25,140.35,12400,SM,27,459.26,8800
2026-02-23,140.6,142.0,140.6,141.1,6400,SM,14,457.14,5200
2026-02-24,140.75,142.3,140.0,141.05,8400,SM,19,442.11,7600
2026-02-25,140.05,140.05,128.05,131.95,36400,SM,84,433.33,30800
2026-02-26,130.65,132.0,123.0,126.75,34400,SM,78,441.03,24400
2026-02-27,124.05,125.0,119.15,122.05,24800,SM,60,413.33,14800
2026-03-02,108.2,122.0,108.2,114.7,40800,SM,78,523.08,28000
2026-03-04,107.0,113.0,107.0,110.0,33600,SM,68,494.12,27200
2026-03-05,110.05,114.35,110.0,110.95,22800,SM,49,465.31,17600
2026-03-06,110.95,110.95,106.6,109.65,10800,SM,27,400.0,6800
2026-03-04,107.0,113.0,107.0,110.0,33600,SM,68,494.12,27200
2026-03-05,110.05,114.35,110.0,110.95,22800,SM,49,465.31,17600
2026-03-06,110.95,110.95,106.6,109.65,10800,SM,27,400.0,6800
2026-03-09,105.0,115.0,104.0,110.1,27600,SM,48,575.0,23600
2026-03-10,114.95,115.0,110.2,111.95,24800,SM,54,459.26,20000
2026-03-11,108.1,112.05,108.1,110.0,25600,SM,51,501.96,21200
2026-03-12,111.9,124.45,110.2,118.8,42000,SM,76,552.63,30000
2026-03-13,118.0,128.9,115.0,117.15,61600,SM,85,724.71,46000
2026-03-16,118.0,127.9,115.0,117.05,31200,SM,65,480.0,21600
2026-03-17,120.4,124.95,117.7,119.0,27600,SM,43,641.86,20000
2026-03-18,115.65,120.0,115.65,118.2,37600,SM,62,606.45,30400
2026-03-19,116.0,117.85,114.05,115.25,19600,SM,24,816.67,17600
2026-03-20,116.0,120.0,116.0,118.0,15200,SM,30,506.67,11600
