Date,Open,High,Low,Close,Volume,TOTAL_TRADES,QTY_PER_TRADE,DLV_QTY
2024-04-23,855.0,953.2,775.05,926.2,212645,7241,29.37,94867
2024-04-24,950.0,968.3,891.0,908.2,35784,3226,11.09,18068
2024-04-25,916.25,916.25,870.3,885.95,13788,1206,11.43,9855
2024-04-26,894.2,894.2,828.0,854.1,15124,751,20.14,10707
2024-04-29,854.1,854.1,834.0,840.8,6264,560,11.19,4365
2024-04-30,869.0,869.0,821.6,833.05,7376,514,14.35,4425
2024-05-02,848.95,848.95,821.6,825.9,5691,456,12.48,4646
2024-05-03,844.6,862.1,822.3,830.4,3538,433,8.17,1658
2024-05-06,831.0,842.55,806.0,814.2,10524,1174,8.96,6011
2024-05-07,826.4,826.4,769.15,784.15,13783,1874,7.35,8489
2024-05-08,780.2,798.05,767.2,785.15,5224,1180,4.43,2574
2024-05-09,783.85,800.95,753.25,778.2,11761,1284,9.16,8463
2024-05-10,778.55,835.35,732.2,764.45,33011,4674,7.06,11431
2024-05-13,736.0,786.25,736.0,762.45,19741,2733,7.22,7707
2024-05-14,768.4,832.2,768.4,823.0,16864,2649,6.37,8729
2024-05-15,832.8,848.0,804.15,829.95,15961,2727,5.85,6603
2024-05-16,834.0,864.4,822.5,855.45,16161,2646,6.11,11164
2024-05-17,862.0,920.0,851.1,891.3,34119,4636,7.36,19077
2024-05-18,881.0,913.3,870.0,877.25,4040,375,10.77,2642
2024-05-21,877.25,888.0,831.15,841.65,13616,2339,5.82,6842
2024-05-22,854.25,864.95,830.85,851.15,12935,2447,5.29,3095
2024-05-23,838.4,854.95,836.15,838.15,6763,1198,5.65,3445
2024-05-24,839.95,900.0,838.15,867.45,159652,6126,26.06,124371
2024-05-27,880.45,897.95,832.5,840.25,16184,2013,8.04,9105
2024-05-28,840.25,844.35,810.25,815.65,12829,1430,8.97,7695
2024-05-29,816.0,849.95,800.0,813.55,21694,5503,3.94,8590
2024-05-30,840.0,841.4,807.0,812.85,14460,3143,4.6,8424
2024-05-31,893.3,893.3,817.65,825.55,90501,7899,11.46,42778
2024-06-03,889.8,947.0,815.05,924.1,193245,16629,11.62,74547
2024-06-04,900.2,920.35,783.3,823.15,93025,10438,8.91,35883
2024-06-05,823.15,870.05,795.0,854.65,52379,4659,11.24,32772
2024-06-06,878.0,990.0,840.45,970.3,639912,22381,28.59,465464
2024-06-07,976.95,1084.45,975.0,1057.25,222656,23107,9.64,88136
2024-06-10,1068.0,1068.0,1000.0,1037.0,214117,12360,17.32,141959
2024-06-11,1041.0,1128.0,1032.0,1046.35,156421,15253,10.26,60951
2024-06-12,1051.6,1095.0,1032.0,1085.4,74805,10407,7.19,30929
2024-06-13,1101.7,1143.05,1091.95,1108.0,114108,10991,10.38,62607
2024-06-14,1115.0,1150.0,1111.1,1120.65,54532,8333,6.54,23143
2024-06-18,1137.45,1139.0,1039.35,1067.55,66395,10866,6.11,33172
2024-06-19,1067.55,1087.0,989.45,1009.95,64080,8887,7.21,30129
2024-06-20,1030.2,1120.0,1030.2,1096.05,143692,18358,7.83,40344
2024-06-21,1143.0,1143.05,1096.2,1131.1,65520,10376,6.31,30065
2024-06-24,1143.05,1169.8,1118.65,1145.0,79968,10925,7.32,35612
2024-06-25,1147.0,1157.35,1120.65,1149.8,51539,6007,8.58,28750
2024-06-26,1168.9,1174.0,1137.45,1146.25,47125,5829,8.08,22581
2024-06-27,1165.0,1165.0,1105.05,1138.0,49780,7397,6.73,21645
2024-06-28,1149.0,1180.0,1135.8,1157.25,47153,5669,8.32,17610
2024-07-01,1175.0,1176.8,1121.05,1140.45,41907,5474,7.66,16203
2024-07-02,1151.0,1165.0,1124.5,1155.25,55372,6289,8.8,21307
2024-07-03,1154.15,1166.0,1129.05,1135.85,34733,4993,6.96,14959
2024-07-04,1149.95,1153.95,1125.6,1141.4,19761,3374,5.86,9975
2024-07-05,1148.0,1149.95,1121.4,1127.95,17956,3629,4.95,9485
2024-07-08,1144.0,1165.0,1110.85,1147.2,31646,5507,5.75,14914
2024-07-09,1156.0,1177.0,1135.05,1144.25,28126,5478,5.13,14388
2024-07-10,1165.0,1165.0,1110.05,1150.6,25991,4851,5.36,9562
2024-07-11,1156.0,1156.0,1132.2,1135.05,20149,3795,5.31,11535
2024-07-12,1150.0,1150.0,1115.0,1121.35,19363,3813,5.08,10197
2024-07-15,1121.35,1134.3,1092.0,1098.6,30116,4830,6.24,15093
2024-07-16,1107.0,1107.0,1049.0,1066.25,53053,8938,5.94,23871
2024-07-18,1066.25,1076.2,1030.0,1056.2,31385,7161,4.38,16488
2024-07-19,1074.0,1074.0,1005.0,1014.45,21388,4885,4.38,10508
2024-07-22,1014.45,1033.75,995.55,1001.15,22766,5781,3.94,10940
2024-07-23,1002.3,1019.0,959.4,996.85,34143,8985,3.8,13161
2024-07-24,1003.55,1048.7,984.85,1023.0,60212,9356,6.44,26182
2024-07-25,1025.0,1042.55,1003.15,1031.65,25893,4671,5.54,14627
2024-07-26,1032.0,1062.0,1011.5,1049.0,25646,4876,5.26,13059
2024-07-29,1049.0,1090.55,1025.4,1033.7,32962,6605,4.99,15262
2024-07-30,1033.6,1036.8,1019.45,1026.2,32302,5186,6.23,22702
2024-07-31,1029.9,1071.0,1029.9,1033.05,21370,4614,4.63,9189
2024-08-01,1048.55,1074.0,1032.65,1057.7,25382,5596,4.54,7972
2024-08-02,1057.7,1081.0,1027.6,1049.9,34079,7338,4.64,15554
2024-08-05,991.0,1048.9,986.75,993.3,52840,11065,4.78,25795
2024-08-06,1006.4,1025.9,991.35,1004.25,30761,4544,6.77,15643
2024-08-07,1010.0,1095.0,1010.0,1078.75,51130,9283,5.51,21801
2024-08-08,1180.4,1280.0,1123.1,1233.1,887417,62001,14.31,220114
2024-08-09,1349.95,1443.0,1310.25,1412.0,1084980,70334,15.43,182269
2024-08-12,1400.0,1460.0,1305.05,1454.85,533784,43680,12.22,92766
2024-08-13,1465.0,1469.9,1370.0,1405.15,150106,13609,11.03,68099
2024-08-14,1433.0,1433.0,1337.35,1391.7,105611,9396,11.24,41972
2024-08-16,1371.0,1420.0,1371.0,1387.95,48998,6068,8.07,24162
2024-08-19,1399.0,1429.0,1378.0,1389.6,105291,6430,16.37,61483
2024-08-20,1391.0,1528.55,1390.0,1506.25,148565,8618,17.24,73184
2024-08-21,1534.0,1605.1,1530.0,1599.95,158169,11704,13.51,65783
2024-08-22,1639.45,1674.9,1624.95,1645.7,97163,7171,13.55,55986
2024-08-23,1658.15,1723.0,1571.0,1720.3,145903,11888,12.27,86180
2024-08-26,1738.0,1808.9,1665.0,1772.4,173484,9659,17.96,58073
2024-08-27,1805.0,1830.0,1702.7,1738.3,254186,10029,25.35,92619
2024-08-28,1750.0,1772.0,1690.0,1710.75,86060,6836,12.59,44257
2024-08-29,1686.6,1730.0,1625.25,1685.45,85293,6272,13.6,45844
2024-08-30,1695.05,1709.65,1640.0,1690.4,64673,4336,14.92,37764
2024-09-02,1708.0,1743.0,1649.05,1682.05,61907,4930,12.56,30109
2024-09-03,1698.75,1724.95,1655.0,1665.6,37739,2862,13.19,19227
2024-09-04,1650.0,1679.9,1640.0,1661.6,35743,3727,9.59,22207
2024-09-05,1670.0,1690.0,1654.65,1663.95,16635,2163,7.69,8834
2024-09-06,1678.95,1678.95,1601.25,1644.2,40315,4002,10.07,17338
2024-09-09,1640.05,1644.15,1566.0,1615.75,39171,3078,12.73,20840
2024-09-10,1615.75,1645.45,1604.0,1626.55,23423,2179,10.75,14963
2024-09-11,1626.55,1634.9,1556.0,1589.5,42271,3936,10.74,24423
2024-09-12,1589.5,1630.4,1563.5,1605.95,29749,3116,9.55,16630
2024-09-13,1635.0,1686.2,1550.05,1681.65,77171,5437,14.19,45363
2024-09-16,1722.7,1748.0,1611.55,1643.75,64587,7578,8.52,27982
2024-09-17,1648.95,1660.05,1596.8,1632.5,43235,5277,8.19,22233
2024-09-18,1665.0,1699.7,1650.05,1667.0,70683,8350,8.47,35192
2024-09-19,1699.8,1699.8,1630.05,1645.8,48140,5681,8.47,23403
2024-09-20,1672.85,1718.3,1647.0,1690.2,55102,5437,10.13,32348
2024-09-23,1720.0,1774.0,1696.05,1703.5,116695,9219,12.66,58119
2024-09-24,1750.0,1755.0,1683.05,1697.85,64835,4929,13.15,35425
2024-09-25,1701.0,1724.0,1685.55,1690.5,23901,3049,7.84,14285
2024-09-26,1690.0,1710.0,1679.65,1705.5,47353,3830,12.36,33433
2024-09-27,1753.0,1790.75,1690.0,1704.1,181586,7525,24.13,94314
2024-09-30,1709.0,1789.3,1709.0,1789.3,86304,5156,16.74,53507
2024-10-01,1790.0,1825.0,1770.0,1824.45,128322,7851,16.34,62917
2024-10-03,1771.1,1823.8,1760.0,1773.4,83656,7237,11.56,45645
2024-10-04,1757.5,1818.0,1705.55,1801.8,96551,5911,16.33,54581
2024-10-07,1813.0,1820.0,1711.75,1713.95,82460,5677,14.53,57823
2024-10-08,1705.0,1724.0,1660.55,1703.25,63549,5991,10.61,28898
2024-10-09,1728.8,1829.9,1708.55,1828.6,159082,10253,15.52,81350
2024-10-10,1829.9,1829.9,1806.05,1828.9,84908,5485,15.48,36171
2024-10-11,1829.9,1829.9,1782.0,1801.65,32155,3406,9.44,18357
2024-10-14,1801.65,1850.0,1732.95,1780.0,273319,15169,18.02,132502
2024-10-15,1848.0,1848.0,1800.05,1839.65,85884,8995,9.55,35520
2024-10-16,1848.0,1850.0,1828.55,1843.05,107811,7289,14.79,51454
2024-10-17,1844.95,1850.0,1811.5,1849.45,67114,6241,10.75,31778
2024-10-18,1848.95,1848.95,1756.05,1827.5,74643,7679,9.72,31159
2024-10-21,1840.0,1900.0,1839.9,1867.85,148841,10752,13.84,62400
2024-10-22,1776.05,1811.7,1620.6,1646.4,371003,28257,13.13,122298
2024-10-23,1659.95,1719.0,1605.45,1646.0,111019,12210,9.09,37404
2024-10-24,1649.6,1682.8,1641.75,1665.75,50125,5911,8.48,20658
2024-10-25,1651.0,1665.75,1560.0,1615.4,114598,11240,10.2,56527
2024-10-28,1615.35,1645.0,1564.45,1627.0,49937,8225,6.07,13341
2024-10-29,1652.9,1658.95,1589.6,1642.5,32991,4236,7.79,12704
2024-10-30,1639.6,1704.5,1555.0,1658.35,215376,16516,13.04,94540
2024-10-31,1655.0,1680.95,1615.0,1657.35,55243,5799,9.53,24240
2024-11-01,1645.0,1700.0,1645.0,1678.85,14021,1429,9.81,8660
2024-11-04,1694.0,1701.9,1632.0,1686.6,54015,7453,7.25,22529
2024-11-05,1686.6,1698.0,1659.0,1676.25,36127,5368,6.73,12658
2024-11-06,1689.95,1750.0,1672.2,1733.95,67586,6964,9.71,35048
2024-11-07,1759.95,1765.95,1677.0,1685.2,44811,5643,7.94,20933
2024-11-08,1690.0,1711.45,1635.0,1645.85,60448,8384,7.21,28513
2024-11-11,1650.2,1693.25,1635.15,1654.5,71578,8260,8.67,28722
2024-11-12,1669.9,1673.45,1617.1,1623.4,47022,6897,6.82,24679
2024-11-13,1634.8,1634.8,1550.25,1559.1,76663,11086,6.92,35191
2024-11-14,1541.0,1595.6,1541.0,1572.85,32567,5567,5.85,13787
2024-11-18,1551.0,1619.0,1551.0,1599.4,64376,7505,8.58,34611
2024-11-19,1604.05,1638.75,1586.2,1601.95,45924,4799,9.57,24520
2024-11-21,1600.0,1606.6,1555.5,1565.8,38374,5418,7.08,16450
2024-11-22,1584.95,1589.95,1550.0,1554.1,31333,3182,9.85,17293
2024-11-25,1560.15,1595.75,1550.0,1556.85,51586,4615,11.18,25096
2024-11-26,1559.9,1589.9,1555.0,1569.1,24491,3218,7.61,9994
2024-11-27,1573.75,1587.85,1558.1,1582.35,24591,3299,7.45,12469
2024-11-28,1586.9,1633.0,1582.4,1594.1,25265,3666,6.89,9740
2024-11-29,1613.7,1613.7,1570.0,1580.75,16206,2524,6.42,8438
2024-12-02,1575.05,1620.0,1559.0,1603.1,29874,4753,6.29,14913
2024-12-03,1614.0,1668.35,1596.05,1659.35,41164,7159,5.75,18357
2024-12-04,1670.0,1689.0,1581.55,1594.95,84640,9531,8.88,58230
2024-12-05,1590.0,1628.0,1575.05,1611.15,53233,9320,5.71,33417
2024-12-06,1613.55,1686.0,1603.0,1654.95,60573,9649,6.28,34315
2024-12-09,1667.95,1727.75,1643.1,1707.25,51347,6094,8.43,22367
2024-12-10,1724.3,1809.0,1720.05,1796.45,186149,10592,17.57,87760
2024-12-11,1799.95,1854.9,1753.8,1847.75,106893,9206,11.61,42784
2024-12-12,1835.0,1910.45,1820.05,1881.0,167562,11338,14.78,62297
2024-12-13,1895.0,1901.1,1815.0,1830.15,68207,5692,11.98,29189
2024-12-16,1830.9,1888.0,1803.4,1827.55,57632,5902,9.76,26293
2024-12-17,1833.95,1844.05,1766.55,1775.75,31321,4340,7.22,18310
2024-12-18,1773.0,1795.5,1756.0,1772.0,23516,3277,7.18,12212
2024-12-19,1745.45,1767.5,1701.6,1756.05,24495,3980,6.15,11523
2024-12-20,1756.05,1765.85,1671.6,1696.1,28719,3719,7.72,17518
2024-12-23,1699.9,1710.0,1661.05,1667.6,16260,2613,6.22,8558
2024-12-24,1667.5,1696.65,1665.0,1670.8,9446,1858,5.08,3948
2024-12-26,1689.95,1702.65,1663.95,1681.4,43095,2771,15.55,27003
2024-12-27,1706.6,1718.4,1684.05,1707.9,14139,2374,5.96,8418
2024-12-30,1717.95,1739.95,1681.55,1712.15,16688,3312,5.04,8880
2024-12-31,1702.1,1720.05,1684.25,1704.7,12514,2201,5.69,6211
2025-01-01,1748.8,1957.6,1706.5,1886.6,932721,38441,24.26,301061
2025-01-02,1880.0,1925.0,1842.0,1901.8,139860,16557,8.45,46657
2025-01-03,1901.8,1988.0,1880.55,1948.2,173551,15571,11.15,59568
2025-01-06,1956.0,1988.0,1843.55,1874.95,151113,15304,9.87,52196
2025-01-07,1901.05,1970.3,1891.0,1936.0,107162,11279,9.5,40684
2025-01-08,1949.9,1949.9,1876.8,1896.4,50035,6194,8.08,22955
2025-01-09,1907.0,1939.95,1828.05,1850.85,78566,9106,8.63,32846
2025-01-10,1850.85,1895.0,1788.05,1862.1,90923,11903,7.64,27812
2025-01-13,1834.15,1874.35,1726.65,1744.95,161043,10823,14.88,121293
2025-01-14,1771.1,1841.4,1674.4,1715.75,115803,10964,10.56,62144
2025-01-15,1743.25,1799.0,1705.0,1773.3,76793,8747,8.78,31888
2025-01-16,1725.0,1878.85,1664.55,1832.3,133803,13748,9.73,43654
2025-01-17,1840.0,1840.0,1706.0,1750.8,171928,13467,12.77,89698
2025-01-20,1765.0,1893.0,1751.9,1884.9,122033,10433,11.7,50524
2025-01-21,1864.0,1925.0,1815.45,1830.25,72270,7718,9.36,27463
2025-01-22,1834.9,1834.9,1695.0,1785.7,182863,10127,18.06,119958
2025-01-23,1765.0,1887.0,1765.0,1812.0,69634,8200,8.49,27610
2025-01-24,1825.0,1840.8,1755.0,1760.55,41047,5493,7.47,13322
2025-01-27,1758.05,1765.0,1685.0,1707.5,43563,6732,6.47,19627
2025-01-28,1724.95,1727.85,1591.2,1631.25,83488,8664,9.64,44286
2025-01-29,1641.6,1718.75,1635.05,1700.2,166100,6097,27.24,142858
2025-01-30,1710.0,1740.9,1631.6,1641.4,55017,5985,9.19,9324
2025-01-31,1670.0,1699.0,1626.0,1688.1,161456,6729,23.99,122574
2025-02-01,1713.35,1718.95,1660.0,1701.3,32154,2812,11.43,19824
2025-02-03,1701.3,1714.0,1665.0,1694.75,40713,4663,8.73,23844
2025-02-04,1710.0,1748.95,1705.0,1739.25,28045,4066,6.9,11439
2025-02-05,1765.0,1782.6,1723.9,1773.35,27193,4398,6.18,9831
2025-02-06,1778.65,1828.0,1753.0,1813.25,98358,4609,21.34,28304
2025-02-07,1800.05,1836.0,1761.6,1800.45,94557,6965,13.58,24131
2025-02-10,1830.0,1855.0,1782.0,1804.75,61883,9637,6.42,27568
2025-02-11,1832.9,1832.9,1715.65,1759.2,53700,8367,6.42,18781
2025-02-12,1731.6,1748.95,1630.05,1679.0,87040,10975,7.93,33122
2025-02-13,1700.0,1716.95,1621.2,1696.95,61901,7594,8.15,32370
2025-02-14,1682.0,1699.2,1634.05,1642.4,88753,6522,13.61,39813
2025-02-17,1639.95,1647.8,1552.05,1600.3,102003,9310,10.96,43411
2025-02-18,1592.35,1609.3,1468.0,1527.75,159807,11736,13.62,69709
2025-02-19,1527.75,1561.5,1446.75,1485.65,99243,11508,8.62,41093
2025-02-20,1452.0,1529.0,1452.0,1521.8,155975,6252,24.95,123298
2025-02-21,1503.0,1576.0,1503.0,1528.9,149761,6222,24.07,98970
2025-02-24,1528.9,1540.0,1456.0,1500.85,61408,6755,9.09,33072
2025-02-25,1500.85,1530.0,1455.0,1502.4,84871,6861,12.37,43479
2025-02-27,1490.2,1518.85,1433.65,1500.1,209580,7160,29.27,151360
2025-02-28,1477.6,1479.95,1325.5,1409.6,141691,12074,11.74,70106
2025-03-03,1422.35,1600.0,1422.35,1576.35,866706,55211,15.7,97127
2025-03-04,1544.8,1590.0,1490.0,1512.8,111252,11355,9.8,30480
2025-03-05,1496.1,1549.0,1496.1,1518.0,62960,9278,6.79,18464
2025-03-06,1549.0,1549.0,1502.95,1516.75,39672,6532,6.07,15933
2025-03-07,1510.0,1525.6,1471.0,1510.15,56302,6468,8.7,27504
2025-03-10,1532.8,1532.8,1451.0,1468.7,31790,4691,6.78,14997
2025-03-11,1479.85,1479.85,1415.1,1456.05,61510,4185,14.7,44481
2025-03-12,1456.95,1476.25,1421.1,1467.35,70515,4966,14.2,50947
2025-03-13,1479.35,1485.0,1415.5,1466.9,45334,4377,10.36,20198
2025-03-17,1475.0,1475.95,1404.9,1425.3,60109,6776,8.87,28408
2025-03-18,1425.3,1518.4,1423.3,1494.55,57040,5727,9.96,27754
2025-03-19,1498.05,1548.75,1498.05,1540.65,113475,4832,23.48,91452
2025-03-20,1550.0,1600.0,1550.0,1597.45,35752,6389,5.6,13966
2025-03-21,1600.05,1639.7,1535.25,1552.1,82909,13549,6.12,39157
2025-03-24,1559.0,1598.0,1552.0,1579.95,48993,7071,6.93,27384
2025-03-25,1600.0,1611.15,1555.0,1565.45,77192,11898,6.49,39283
2025-03-26,1560.45,1588.25,1526.0,1536.0,29042,4751,6.11,14520
2025-03-27,1553.95,1658.0,1538.15,1651.55,304591,19868,15.33,190758
2025-03-28,1651.1,1750.0,1632.05,1730.45,158890,18334,8.67,69911
2025-04-01,1732.5,1796.0,1726.55,1778.5,119171,16777,7.1,42465
2025-04-02,1790.0,1811.0,1731.0,1794.3,37019,6782,5.46,12083
2025-04-03,1755.0,1798.6,1754.0,1778.4,37092,6265,5.92,17459
2025-04-04,1777.6,1777.6,1668.0,1684.35,39760,8135,4.89,18968
2025-04-07,1412.85,1649.9,1411.65,1513.4,165806,24500,6.77,38378
2025-04-08,1550.0,1665.55,1550.0,1642.4,115627,20118,5.75,19601
2025-04-09,1629.0,1629.0,1550.0,1559.0,48239,9570,5.04,18879
2025-04-11,1599.9,1630.6,1573.45,1609.0,40131,7909,5.07,13006
2025-04-15,1640.0,1679.0,1626.7,1664.2,95444,9108,10.48,70346
2025-04-16,1667.1,1738.8,1661.1,1722.4,34937,8270,4.22,13634
2025-04-17,1718.2,1776.6,1701.6,1770.0,22848,5174,4.42,9512
2025-04-21,1788.0,1863.5,1761.2,1823.2,157941,10275,15.37,125564
2025-04-22,1834.6,1927.0,1830.0,1859.9,441017,16368,26.94,351381
2025-04-23,1880.5,1901.9,1826.1,1864.9,61299,9795,6.26,31768
2025-04-24,1840.0,1873.8,1777.6,1786.3,44527,9540,4.67,19929
2025-04-25,1790.0,1798.7,1705.0,1724.6,49971,12602,3.97,21825
2025-04-28,1754.0,1799.7,1741.1,1785.4,67845,16584,4.09,22139
2025-04-29,1789.8,1823.1,1768.0,1797.7,35071,8287,4.23,16808
2025-04-30,1800.0,1810.0,1714.0,1722.1,35695,9612,3.71,17061
2025-05-02,1734.9,1821.7,1721.1,1795.8,118654,25398,4.67,37305
2025-05-05,1831.7,1902.7,1831.7,1854.9,193665,25956,7.46,65766
2025-05-06,1874.2,1879.3,1772.1,1786.8,40942,11128,3.68,18663
2025-05-07,1795.0,1795.0,1725.6,1778.9,52464,10746,4.88,21061
2025-05-08,1778.6,1847.9,1736.3,1751.8,61662,14584,4.23,21494
2025-05-09,1700.0,1759.9,1651.6,1745.4,32809,8109,4.05,13250
2025-05-12,1810.0,1899.0,1776.3,1866.6,84086,11532,7.29,30222
2025-05-13,1920.0,1980.0,1851.5,1935.5,502982,29373,17.12,290781
2025-05-14,1974.9,2145.0,1960.0,2135.6,969285,61889,15.66,407263
2025-05-15,2144.0,2156.0,2101.1,2147.8,185299,20330,9.11,83202
2025-05-16,2156.5,2164.0,2105.0,2150.2,132043,14769,8.94,80012
2025-05-19,2166.1,2180.0,2141.8,2171.3,116712,11325,10.31,63293
2025-05-20,2198.8,2278.0,2150.0,2221.5,365229,34312,10.64,140391
2025-05-21,2229.9,2248.5,2155.8,2215.7,118777,17775,6.68,45572
2025-05-22,2225.0,2243.8,2167.1,2201.0,77741,13159,5.91,27724
2025-05-23,2223.0,2253.9,2184.0,2223.4,95262,11351,8.39,34809
2025-05-26,2233.0,2280.0,2192.1,2205.3,157930,18632,8.48,53905
2025-05-27,2219.0,2254.9,2180.0,2225.0,269744,12262,22.0,233457
2025-05-28,2244.0,2330.0,2227.0,2322.0,253489,24807,10.22,109550
2025-05-29,2370.9,2370.9,2273.0,2331.1,95944,13616,7.05,37101
2025-05-30,2337.8,2386.0,2322.1,2379.2,1483109,28826,51.45,893631
2025-06-02,2398.2,2410.6,2353.6,2387.5,332492,16027,20.75,239148
2025-06-03,2391.0,2514.5,2391.0,2473.6,393273,29732,13.23,136742
2025-06-04,2494.8,2530.0,2451.0,2525.0,159325,12135,13.13,59378
2025-06-05,2520.1,2531.0,2465.0,2472.5,70824,10850,6.53,35356
2025-06-06,2496.0,2530.0,2436.1,2495.1,98600,11108,8.88,35812
2025-06-09,2520.0,2521.2,2469.4,2499.9,63561,8533,7.45,29839
2025-06-10,2523.5,2549.9,2480.0,2494.4,59193,6597,8.97,30184
2025-06-11,2500.0,2550.0,2467.0,2536.4,97784,9866,9.91,42976
2025-06-12,2549.2,2549.2,2475.0,2497.8,60552,10038,6.03,24915
2025-06-13,2480.5,2489.9,2421.2,2448.8,72540,12024,6.03,31166
2025-06-16,2448.8,2498.0,2400.0,2483.4,63006,9558,6.59,22766
2025-06-17,2498.8,2515.0,2430.0,2436.7,44945,7400,6.07,19654
2025-06-18,2436.7,2590.0,2420.0,2541.1,683675,63582,10.75,92261
2025-06-19,2534.0,2591.8,2501.0,2549.8,193549,21869,8.85,52448
2025-06-20,2537.1,2597.0,2525.0,2587.9,173733,13782,12.61,599382025-06-23,2555.1,2611.0,2535.4,2599.8,160739,14127,11.38,64297
2025-06-24,2612.8,2720.0,2599.8,2664.9,424065,23773,17.84,176678
2025-06-25,2687.0,2742.7,2674.4,2719.7,204135,11897,17.16,102640
2025-06-26,2725.0,2740.0,2593.5,2646.4,151492,18835,8.04,66155
2025-06-27,2658.0,2683.5,2609.0,2620.5,75347,10654,7.07,29417
2025-06-30,2654.5,2668.0,2575.0,2630.7,172505,20816,8.29,84838
2025-07-01,2617.1,2619.0,2485.0,2492.4,200019,22417,8.92,103800
2025-07-02,2482.1,2520.0,2432.0,2500.0,125627,20810,6.04,48890
2025-07-03,2496.1,2698.0,2495.2,2683.6,465664,42199,11.03,104230
2025-07-04,2670.0,2670.1,2535.4,2567.9,140794,17805,7.91,52872
2025-07-07,2584.7,2685.0,2560.5,2671.3,157702,18640,8.46,42224
2025-07-08,2671.7,2690.0,2613.1,2669.6,103658,11796,8.79,29003
2025-07-09,2650.0,2699.1,2650.0,2694.5,235278,12868,18.28,137763
2025-07-10,2696.9,2697.0,2655.8,2674.3,225809,10752,21.0,101750
2025-07-11,2687.2,2691.0,2556.0,2628.6,204693,15548,13.17,44700
2025-07-14,2646.9,2690.0,2584.8,2612.7,179794,12787,14.06,37264
2025-07-15,2512.1,2830.0,2506.1,2754.8,887234,70454,12.59,141360
2025-07-16,2749.9,2789.4,2650.0,2692.1,295163,30790,9.59,110624
2025-07-17,2712.0,2805.0,2700.9,2793.5,305776,23575,12.97,90209
2025-07-18,2792.9,2824.4,2760.6,2804.8,206405,12569,16.42,66795
2025-07-21,2805.0,2890.0,2737.8,2885.0,248813,24058,10.34,71203
2025-07-22,2889.9,2895.0,2852.5,2888.0,177153,12318,14.38,48403
2025-07-23,2890.0,2896.0,2865.0,2889.0,183307,10218,17.94,57800
2025-07-24,2880.2,2891.0,2750.0,2808.1,518345,33982,15.25,126325
2025-07-25,2770.1,2779.8,2266.0,2740.8,3537425,127809,27.68,1008159
2025-07-28,2725.2,2741.5,2640.1,2684.1,313671,23497,13.35,140540
2025-07-29,2650.0,2840.0,2640.0,2825.6,307782,26865,11.46,109091
2025-07-30,2840.1,2890.0,2820.1,2838.6,219030,17774,12.32,73618
2025-07-31,2756.1,2834.0,2750.0,2776.2,127725,14572,8.77,52533
2025-08-01,2768.1,2839.9,2750.0,2756.3,75468,10080,7.49,30212
2025-08-04,2730.0,2830.0,2726.1,2793.2,87339,11748,7.43,312902025-08-04,2730.0,2830.0,2726.1,2793.2,87339,11748,7.43,31290
2025-08-05,2790.0,2897.9,2776.1,2876.2,177069,15310,11.57,49040
2025-08-06,2876.5,2904.0,2811.0,2900.1,146727,15799,9.29,50005
2025-08-07,2895.0,2896.0,2820.0,2868.4,147241,11047,13.33,28502
2025-08-08,2858.6,2902.6,2826.5,2843.6,139368,12737,10.94,35026
2025-08-11,2840.1,2893.0,2800.0,2877.6,108923,14820,7.35,19836
2025-08-12,2890.0,2895.0,2853.6,2879.4,120686,10314,11.7,15869
2025-08-13,2900.0,2999.0,2878.1,2987.6,219795,28693,7.66,83179
2025-08-14,2984.1,2984.1,2495.5,2897.7,1289933,87413,14.76,343988
2025-08-18,2940.0,3021.0,2920.7,2967.3,296996,26855,11.06,143947
2025-08-19,2969.9,3010.0,2890.0,2909.8,213652,29732,7.19,93201
2025-08-20,2899.9,2968.0,2829.0,2860.6,240547,34307,7.01,99591
2025-08-21,2873.5,2939.0,2868.6,2903.7,196408,21576,9.1,69319
2025-08-22,2890.0,3015.0,2886.2,2983.1,226935,25643,8.85,94378
2025-08-25,2981.0,3055.0,2970.0,3042.1,178165,16046,11.1,64523
2025-08-26,3023.1,3190.0,3013.5,3125.7,672707,27521,24.44,468675
2025-08-28,3129.0,3210.0,3075.0,3196.4,204512,24638,8.3,88017
2025-08-29,3197.2,3250.0,3183.5,3232.9,176175,15277,11.53,76949
2025-09-01,3232.0,3240.5,3037.9,3219.8,543239,64411,8.43,163350
2025-08-29,3197.2,3250.0,3183.5,3232.9,176175,15277,11.53,76949
2025-09-01,3232.0,3240.5,3037.9,3219.8,543239,64411,8.43,163350
2025-09-02,3214.1,3248.0,3145.0,3179.7,187789,18545,10.13,82177
2025-09-03,3120.0,3245.0,3120.0,3167.3,173900,15743,11.05,88033
2025-09-04,3170.0,3224.6,3000.0,3096.7,350695,31605,11.1,154127
2025-09-05,3103.8,3133.7,3033.0,3089.2,175455,13435,13.06,105496
2025-09-08,3110.4,3119.9,3040.0,3052.3,63752,11231,5.68,28996
2025-09-09,3060.5,3125.1,3058.5,3111.3,105266,16104,6.54,52102
2025-09-10,3130.0,3158.4,3081.3,3113.4,59133,9942,5.95,30930
2025-09-11,3113.4,3129.0,3090.0,3099.3,61363,8035,7.64,33260
2025-09-12,3108.7,3145.0,3087.1,3134.8,68341,9454,7.23,39776
2025-09-15,3139.8,3281.0,3115.5,3276.9,301458,25943,11.62,194716
2025-09-16,3295.0,3295.0,3255.0,3284.6,116110,10544,11.01,67603
2025-09-17,3284.6,3286.4,3250.0,3275.6,79406,9162,8.67,54307
2025-09-18,3280.0,3281.0,3152.0,3197.8,164480,15626,10.53,50699
2025-09-19,3227.3,3227.3,3105.0,3160.4,1364770,51264,26.62,843432
