Date,Open,High,Low,Close,Volume,TOTAL_TRADES,QTY_PER_TRADE,DLV_QTY
1995-01-25,13.75,13.75,13.75,13.75,200,,,
1995-01-31,14.0,14.0,14.0,14.0,100,,,
1995-02-01,15.5,15.5,15.5,15.5,1000,,,
1995-02-03,16.5,16.5,16.5,16.5,100,,,
1995-02-06,16.2,16.2,16.2,16.2,100,,,
1995-02-07,16.0,16.1,16.0,16.1,400,,,
1995-02-08,16.0,16.3,16.0,16.3,900,,,
1995-02-09,16.0,16.0,16.0,16.0,100,,,
1995-02-10,16.0,16.0,16.0,16.0,100,,,
1995-02-13,16.0,16.0,16.0,16.0,100,,,
1995-02-20,14.7,14.7,14.7,14.7,100,,,
1995-03-24,13.5,14.0,13.5,14.0,1600,,,
1995-03-27,13.75,13.75,13.75,13.75,200,,,
1995-03-28,13.8,13.95,13.3,13.8,1400,,,
1995-03-30,13.0,13.0,12.6,12.6,200,,,
1995-04-03,12.75,12.75,12.2,12.2,200,,,
1995-04-04,12.0,12.0,12.0,12.0,100,,,
1995-04-05,12.3,12.3,12.3,12.3,100,,,
1995-04-06,12.4,12.5,12.25,12.5,500,,,
1995-04-07,12.5,12.5,12.2,12.5,400,,,
1995-04-10,12.2,12.2,12.2,12.2,200,,,
1995-04-11,12.0,12.0,12.0,12.0,100,,,
1995-04-12,12.0,12.0,12.0,12.0,200,,,
1995-04-18,11.6,11.6,11.6,11.6,100,,,
1995-04-19,11.6,11.8,11.6,11.8,1000,,,
1995-04-20,11.6,12.0,11.6,12.0,300,,,
1995-04-21,11.9,11.9,11.8,11.8,300,,,
1995-04-24,11.5,11.5,11.3,11.4,200,,,
1995-04-25,11.4,11.6,11.4,11.6,700,,,
1995-05-02,10.5,10.5,10.5,10.5,100,,,
1995-05-03,10.5,10.5,9.8,9.8,200,,,
1995-05-08,10.0,10.0,9.5,10.0,4200,,,
1995-05-15,10.0,10.25,10.0,10.25,400,,,
1995-05-16,10.0,10.1,10.0,10.1,200,,,
1995-05-17,9.5,9.5,9.5,9.5,100,,,
1995-05-25,10.0,10.0,10.0,10.0,100,,,
1995-05-30,9.2,9.2,9.2,9.2,100,,,
1995-05-31,10.0,10.0,10.0,10.0,100,,,
1995-06-01,9.4,9.9,9.4,9.9,300,,,
1995-06-02,9.8,9.8,9.8,9.8,1100,,,
1995-06-05,9.9,10.0,9.9,10.0,1200,,,
1995-06-06,9.9,10.1,9.9,10.1,2300,,,
1995-06-07,10.0,10.0,10.0,10.0,200,,,
1995-06-08,10.2,10.9,10.2,10.6,2000,,,
1995-06-09,10.6,10.9,10.6,10.8,1200,,,
1995-06-12,11.4,11.7,10.8,11.1,202500,,,
1995-06-13,11.35,11.6,11.3,11.6,2000,,,
1995-06-14,12.0,12.0,12.0,12.0,200,,,
1995-06-15,12.1,12.2,12.0,12.2,1300,,,
1995-06-16,12.0,12.4,12.0,12.3,2000,,,
1995-06-19,12.8,13.0,12.8,13.0,1200,,,
1995-06-20,12.5,13.0,12.5,13.0,1200,,,
1995-06-21,12.8,12.8,12.7,12.7,2300,,,
1995-06-22,12.6,12.7,12.6,12.7,500,,,
1995-06-26,12.5,12.5,11.3,11.3,2200,,,
1995-06-27,11.95,11.95,11.95,11.95,200,,,
1995-06-28,12.15,12.2,12.1,12.1,1800,,,
1995-06-29,12.35,12.35,12.35,12.35,100,,,
1995-06-30,12.2,12.2,12.2,12.2,800,,,
1995-07-05,12.0,12.0,12.0,12.0,1000,,,
1995-07-10,12.0,12.0,12.0,12.0,600,,,
1995-07-11,12.0,12.0,12.0,12.0,200,,,
1995-07-12,12.2,12.2,12.2,12.2,100,,,
1995-07-13,12.5,13.0,12.5,12.95,1700,,,
1995-07-14,12.5,14.5,12.5,14.2,1900,,,
1995-07-17,14.5,15.45,14.5,14.55,1200,,,
1995-07-18,15.0,15.0,13.8,13.8,1300,,,
1995-07-19,14.5,14.7,14.5,14.5,1200,,,
1995-07-20,14.5,14.5,14.5,14.5,100,,,
1995-07-21,14.5,15.9,14.5,15.9,1100,,,
1995-07-24,15.5,16.5,15.5,16.25,900,,,
1995-07-25,16.0,16.15,16.0,16.15,500,,,
1995-07-27,15.5,15.5,15.0,15.5,300,,,
1995-07-28,15.1,15.2,15.1,15.2,900,,,
1995-07-31,15.2,15.4,15.05,15.1,1400,,,
1995-08-01,15.4,15.4,15.0,15.0,300,,,
1995-08-03,14.7,14.7,14.7,14.7,100,,,
1995-08-11,14.0,15.9,14.0,15.9,600,,,
1995-08-14,15.3,15.5,15.3,15.5,200,,,
1995-08-16,15.35,15.5,15.35,15.45,500,,,
1995-08-17,15.6,15.6,15.6,15.6,100,,,
1995-08-21,15.4,15.5,15.4,15.4,400,,,
1995-08-22,15.7,16.0,15.65,16.0,700,,,
1995-08-24,16.0,16.0,15.7,15.7,400,,,
1995-08-25,15.9,16.0,15.9,15.9,300,,,
1995-09-01,15.8,15.8,15.8,15.8,100,,,
1995-09-05,15.2,15.7,15.0,15.7,600,,,
1995-09-11,15.6,15.6,15.5,15.5,300,,,
1995-09-12,15.45,15.8,15.45,15.55,600,,,
1995-09-13,15.5,16.0,15.5,15.5,700,,,
1995-09-14,15.6,15.6,15.6,15.6,600,,,
1995-09-15,15.8,16.2,15.8,16.05,700,,,
1995-09-19,15.5,15.6,15.2,15.6,1200,,,
1995-09-20,15.7,15.9,15.7,15.9,800,,,
1995-09-21,16.0,16.1,16.0,16.1,1100,,,
1995-09-22,16.0,16.0,16.0,16.0,300,,,
1995-09-25,16.6,17.2,16.6,17.15,700,,,
1995-09-26,16.6,17.0,16.6,16.9,1700,,,
1995-09-27,17.0,17.0,16.8,16.8,200,,,
1995-09-28,16.5,16.8,16.5,16.8,500,,,
1995-09-29,16.5,16.9,16.5,16.9,300,,,
1995-10-10,17.0,17.05,16.95,16.95,600,,,
1995-10-11,16.9,16.95,16.9,16.9,1400,,,
1995-10-12,16.55,16.55,16.5,16.5,900,,,
1995-10-13,16.6,17.0,16.6,16.9,900,,,
1995-10-16,16.5,16.5,16.5,16.5,300,,,
1995-10-17,16.5,17.0,16.5,16.75,700,,,
1995-10-19,16.6,16.6,16.0,16.0,400,,,
1995-10-23,16.0,16.2,16.2,16.2,500,,,
1995-10-27,15.95,16.2,15.95,16.2,1300,,,
1995-10-30,16.2,16.35,16.2,16.3,1000,,,
1995-10-31,16.2,16.4,16.2,16.3,2600,,,
1995-11-01,16.3,16.35,16.1,16.1,700,,,
1995-11-10,16.1,16.1,16.1,16.1,100,,,
1995-11-13,16.1,16.1,15.7,15.7,1400,,,
1995-11-14,15.2,15.85,15.0,15.85,4800,,,
1995-11-16,14.3,14.6,14.3,14.6,500,,,
1995-11-20,14.0,14.0,14.0,14.0,200,,,
1995-11-21,14.5,15.0,14.5,15.0,1200,,,
1995-11-22,15.0,14.5,14.5,14.5,200,,,
1995-11-23,14.5,14.5,14.5,14.5,500,,,
1995-11-24,14.15,14.5,14.15,14.5,1200,,,
1995-11-28,15.0,15.0,15.0,15.0,100,,,
1995-11-29,14.75,14.75,14.75,14.75,100,,,
1995-11-30,14.5,14.5,14.5,14.5,100,,,
1995-12-08,14.75,14.8,14.75,14.8,8500,,,
1995-12-13,14.5,14.5,14.5,14.5,300,,,
1995-12-14,14.5,14.5,14.4,14.5,300,,,
1995-12-15,14.5,14.5,14.5,14.5,100,,,
1995-12-18,14.0,15.1,14.0,14.5,11200,,,
1995-12-19,14.5,14.5,14.5,14.5,100,,,
1995-12-20,14.9,14.9,14.9,14.9,23000,,,
1995-12-21,15.5,15.5,14.8,15.0,10400,,,
1995-12-22,14.9,15.1,14.8,15.1,11500,,,
1995-12-26,15.1,14.9,14.9,14.9,1200,,,
1995-12-27,14.9,15.0,14.9,15.0,400,,,
1995-12-28,15.0,15.0,14.9,14.9,3000,,,
1995-12-29,14.8,14.95,14.8,14.95,700,,,
1996-01-01,15.0,15.0,14.9,14.9,700,,,
1996-01-02,14.8,14.9,14.8,14.9,400,,,
1996-01-09,14.2,14.5,14.2,14.5,600,,,
1996-01-10,14.1,14.1,14.1,14.1,200,,,
1996-01-11,13.8,13.8,13.8,13.8,100,,,
1996-01-12,13.8,14.2,14.0,14.2,5100,,,
1996-01-18,13.5,13.5,13.5,13.5,200,,,
1996-01-19,13.5,13.5,13.5,13.5,100,,,
1996-01-23,13.1,13.1,13.1,13.1,100,,,
1996-01-24,13.0,13.0,13.0,13.0,500,,,
1996-01-25,13.0,13.0,12.6,12.6,200,,,
1996-01-29,12.6,13.0,13.0,13.0,200,,,
1996-01-30,13.1,13.5,13.1,13.1,400,,,
1996-01-31,13.8,13.8,13.8,13.8,100,,,
1996-02-02,14.25,14.25,14.1,14.1,600,,,
1996-02-12,15.0,16.0,15.2,15.9,1100,,,
1996-02-13,15.9,16.5,15.5,16.0,13200,,,
1996-02-14,16.0,17.0,16.0,17.0,31800,,,
1996-02-15,17.0,17.2,16.35,17.2,1000,,,
1996-02-16,17.2,17.4,16.7,17.2,2600,,,
1996-02-19,17.2,17.7,17.25,17.7,1400,,,
1996-02-20,17.7,18.2,17.1,18.1,2800,,,
1996-02-22,18.2,18.3,18.0,18.2,2100,,,
1996-02-23,18.2,18.7,18.2,18.5,3200,,,
1996-02-26,18.5,19.7,18.7,19.4,1900,,,
1996-02-27,19.4,19.3,18.5,18.8,3100,,,
1996-02-28,18.8,19.2,18.5,18.5,1900,,,
1996-02-29,18.5,18.7,18.0,18.55,2500,,,
1996-03-01,17.75,18.25,17.65,18.25,1900,,,
1996-03-11,17.0,17.0,17.0,17.0,100,,,
1996-03-12,16.5,16.8,16.5,16.8,300,,,
1996-03-13,16.8,17.05,16.8,16.8,300,,,
1996-03-14,16.8,17.0,16.7,17.0,400,,,
1996-03-15,17.0,17.2,16.9,17.2,300,,,
1996-03-18,17.0,17.0,16.8,16.8,700,,,
1996-03-19,16.8,17.1,16.9,16.9,700,,,
1996-03-21,17.0,17.1,17.0,17.1,11100,,,
1996-03-22,17.1,17.5,17.2,17.5,900,,,
1996-03-26,17.5,17.05,17.0,17.05,300,,,
1996-03-27,17.05,17.2,17.2,17.2,200,,,
1996-03-28,17.2,17.2,17.0,17.0,200,,,
1996-03-29,17.0,17.45,17.4,17.4,200,,,
1996-04-02,17.4,17.6,17.4,17.6,600,,,
1996-04-03,17.6,17.5,17.45,17.5,200,,,
1996-04-04,16.3,18.2,16.3,18.0,1500,,,
1996-04-08,18.0,18.1,18.0,18.1,2200,,,
1996-04-09,18.1,18.4,17.8,18.35,1400,,,
1996-04-10,18.35,18.5,18.05,18.1,700,,,
1996-04-11,18.1,18.1,18.05,18.05,800,,,
1996-04-12,18.05,18.5,18.15,18.45,900,,,
1996-04-15,18.45,18.9,18.3,18.3,400,,,
1996-04-16,18.3,18.5,18.25,18.3,800,,,
1996-04-17,18.45,19.0,18.45,18.95,700,,,
1996-04-18,18.95,19.7,19.2,19.6,1000,,,
1996-04-19,19.95,19.95,19.7,19.8,2500,,,
1996-04-22,19.8,20.5,19.5,20.0,4000,,,
1996-04-23,20.0,20.3,20.0,20.2,4800,,,
1996-04-24,20.2,20.7,20.05,20.5,3600,,,
1996-04-25,20.5,20.8,20.55,20.55,1800,,,
1996-04-26,20.55,20.4,20.0,20.4,900,,,
1996-04-29,20.4,21.2,19.1,21.2,6500,,,
1996-04-30,21.2,20.7,19.7,20.3,1200,,,
1996-05-01,20.5,20.55,20.5,20.55,200,,,
1996-05-02,20.55,20.4,20.0,20.2,1100,,,
1996-05-03,20.2,19.8,19.7,19.7,300,,,
1996-05-06,19.7,20.1,19.4,20.1,2300,,,
1996-05-07,20.1,20.0,20.0,20.0,100,,,
1996-05-08,20.0,20.2,19.7,19.7,800,,,
1996-05-09,19.7,20.2,19.8,20.1,1000,,,
1996-05-10,20.1,20.2,19.1,20.2,2300,,,
1996-05-13,20.2,20.2,20.2,20.2,100,,,
1996-05-14,20.2,20.35,20.0,20.1,500,,,
1996-05-16,20.1,20.5,19.6,20.5,1100,,,
1996-05-17,20.5,20.0,19.55,19.55,200,,,
1996-05-20,19.55,20.2,19.9,19.9,36200,,,
1996-05-21,19.9,20.0,19.7,19.8,500,,,
1996-05-22,19.8,20.0,19.9,19.9,1200,,,
1996-05-23,19.9,20.1,19.8,20.1,1100,,,
1996-05-24,20.1,20.15,19.95,19.95,800,,,
1996-05-27,19.95,19.9,19.8,19.8,400,,,
1996-05-28,19.8,19.45,19.3,19.45,500,,,
1996-05-29,19.5,20.0,19.5,20.0,600,,,
1996-05-30,20.0,20.0,19.7,20.0,200,,,
1996-05-31,20.0,20.0,19.8,20.0,500,,,
1996-06-03,20.1,20.2,20.1,20.1,400,,,
1996-06-04,20.1,20.4,20.3,20.35,1500,,,
1996-06-05,20.5,20.6,20.5,20.6,500,,,
1996-06-06,19.8,20.1,19.8,20.1,600,,,
1996-06-07,20.7,21.1,20.4,21.1,3400,,,
1996-06-10,21.0,21.2,21.0,21.2,1100,,,
1996-06-11,21.5,21.75,21.5,21.75,300,,,
1996-06-12,21.85,22.65,21.85,22.65,1300,,,
1996-06-13,23.0,23.5,22.25,22.9,2600,,,
1996-06-14,22.5,24.5,22.5,24.35,4300,,,
1996-06-17,24.4,25.4,24.4,24.6,4600,,,
1996-06-18,23.8,24.0,23.5,24.0,1500,,,
1996-06-19,24.0,24.0,22.6,22.6,800,,,
1996-06-20,22.4,22.8,22.4,22.8,700,,,
1996-06-21,22.7,22.9,22.5,22.5,1300,,,
1996-06-24,22.0,22.5,22.0,22.45,1300,,,
1996-06-25,22.2,22.8,22.2,22.8,1800,,,
1996-06-26,22.8,22.8,22.2,22.2,1500,,,
1996-06-27,22.1,22.2,22.1,22.2,1800,,,
1996-06-28,22.1,22.2,22.1,22.15,1000,,,
1996-07-01,21.85,21.85,21.8,21.8,700,,,
1996-07-02,22.2,22.2,21.6,21.6,1700,,,
1996-07-03,21.4,22.3,21.4,22.1,4600,,,
1996-07-04,21.6,22.6,21.55,22.6,5500,,,
1996-07-05,22.35,22.5,22.3,22.5,2000,,,
1996-07-08,22.5,22.7,22.5,22.5,900,,,
1996-07-09,22.7,22.7,22.35,22.45,2900,,,
1996-07-10,22.3,23.7,22.3,23.05,5300,,,
1996-07-11,22.9,23.25,22.9,23.25,3000,,,
1996-07-12,22.95,23.3,22.95,23.1,2000,,,
1996-07-15,23.4,23.6,23.4,23.6,1500,,,
1996-07-16,23.6,24.2,23.6,23.8,4500,,,
1996-07-17,23.5,24.0,23.5,23.65,1500,,,
1996-07-18,23.4,23.85,23.4,23.65,1700,,,
1996-07-19,23.65,23.95,23.65,23.95,1700,,,
1996-07-22,24.4,24.4,24.4,24.4,100,,,
1996-07-23,24.0,24.0,23.8,23.8,800,,,
1996-07-24,23.45,23.9,23.4,23.7,3000,,,
1996-07-25,23.8,24.0,23.65,23.8,1900,,,
1996-07-26,23.9,24.5,23.9,24.05,2500,,,
1996-07-29,23.9,24.0,23.8,24.0,1600,,,
1996-07-30,23.8,23.9,23.5,23.7,5400,,,
1996-07-31,23.65,24.2,23.65,24.2,2900,,,
1996-08-01,24.0,26.4,24.0,24.7,3100,,,
1996-08-02,25.5,26.0,25.3,25.7,4300,,,
1996-08-05,23.8,27.0,23.8,26.35,6300,,,
1996-08-06,25.4,27.5,25.4,27.15,13900,,,
1996-08-07,25.45,25.45,24.5,24.65,2900,,,
1996-08-08,24.0,24.6,24.0,24.6,1600,,,
1996-08-09,24.3,24.5,24.2,24.5,1000,,,
1996-08-12,24.5,24.75,24.3,24.3,900,,,
1996-08-13,24.2,25.6,24.05,24.75,2300,,,
1996-08-14,24.5,24.5,23.95,23.95,300,,,
1996-08-16,23.55,23.9,23.55,23.9,500,,,
1996-08-19,23.5,23.65,23.5,23.65,2100,,,
1996-08-20,23.3,23.5,23.3,23.3,1000,,,
1996-08-21,23.5,23.95,23.5,23.95,500,,,
1996-08-22,23.8,23.8,23.8,23.8,100,,,
1996-08-23,24.0,24.0,23.8,24.0,1200,,,
1996-08-26,24.0,24.0,23.8,23.8,400,,,
1996-08-27,24.0,24.1,24.0,24.1,200,,,
1996-08-28,24.1,24.1,24.1,24.1,100,,,
1996-08-29,24.2,24.2,24.0,24.0,200,,,
1996-08-30,24.0,24.2,23.9,24.2,500,,,
1996-09-02,24.45,24.45,24.45,24.45,100,,,
1996-09-03,23.75,24.0,23.5,23.5,1200,,,
1996-09-04,23.3,23.3,23.3,23.3,100,,,
1996-09-05,24.2,24.2,23.75,24.15,400,,,
1996-09-06,23.8,23.8,23.8,23.8,1000,,,
1996-09-09,23.5,23.5,23.5,23.5,100,,,
1996-09-10,23.0,23.55,23.0,23.55,400,,,
1996-09-11,23.1,23.1,23.1,23.1,100,,,
1996-09-12,23.3,23.8,23.3,23.35,900,,,
1996-09-13,23.6,23.7,23.2,23.5,500,,,
1996-09-16,23.1,23.1,23.1,23.1,200,,,
1996-09-17,23.0,23.0,22.8,23.0,1000,,,
1996-09-18,23.0,23.2,22.8,23.15,1400,,,
1996-09-19,23.1,23.4,23.1,23.4,600,,,
1996-09-23,23.15,23.15,23.1,23.1,300,,,
1996-09-24,22.95,23.3,22.95,23.2,600,,,
1996-09-25,23.1,23.1,23.1,23.1,400,,,
1996-09-26,22.8,22.8,22.8,22.8,100,,,
1996-09-27,22.5,22.5,21.6,21.6,300,,,
1996-09-30,20.7,20.7,20.7,20.7,400,,,
1996-10-01,20.0,21.4,20.0,20.7,1400,,,
1996-10-03,22.0,22.0,22.0,22.0,100,,,
1996-10-04,20.5,22.2,20.5,22.2,1000,,,
1996-10-07,21.5,21.65,20.75,21.65,600,,,
1996-10-08,21.85,21.85,21.15,21.65,1300,,,
1996-10-09,21.2,21.4,21.0,21.4,800,,,
1996-10-10,20.5,21.5,20.1,21.5,600,,,
1996-10-11,21.8,22.0,21.8,22.0,600,,,
1996-10-15,21.6,21.6,21.0,21.2,1500,,,
1996-10-16,21.2,22.0,21.1,22.0,600,,,
1996-10-17,22.0,22.0,21.7,21.8,300,,,
1996-10-18,22.0,22.0,22.0,22.0,200,,,
1996-10-22,21.95,22.5,21.8,22.5,1200,,,
1996-10-25,22.0,23.35,22.0,23.35,900,,,
1996-10-28,23.05,23.05,23.05,23.05,100,,,
1996-10-29,23.3,23.3,23.3,23.3,100,,,
1996-11-01,21.7,21.7,21.7,21.7,100,,,
1996-11-04,22.1,22.1,21.55,21.55,300,,,
1996-11-05,21.4,21.4,21.0,21.0,400,,,
1996-11-06,21.0,21.0,21.0,21.0,100,,,
1996-11-11,21.5,21.7,21.5,21.7,1400,,,
1996-11-13,21.6,21.7,21.6,21.7,1000,,,
1996-11-15,21.7,21.7,21.7,21.7,100,,,
1996-11-18,21.5,21.5,21.5,21.5,100,,,
1996-11-19,21.2,21.4,21.1,21.4,400,,,
1996-11-21,21.4,21.4,21.4,21.4,300,,,
1996-11-25,20.7,21.2,20.7,21.2,1100,,,
1996-11-26,21.15,21.15,21.15,21.15,100,,,
1996-11-27,21.2,22.0,21.2,22.0,1400,,,
1996-11-28,22.0,22.0,22.0,22.0,600,,,
1996-12-02,21.5,21.5,21.1,21.15,500,,,
1996-12-03,20.75,21.0,20.75,20.9,700,,,
1996-12-04,20.6,21.1,20.6,21.1,1100,,,
1996-12-05,21.0,21.0,21.0,21.0,100,,,
1996-12-06,21.3,21.7,21.3,21.6,400,,,
1996-12-09,21.5,21.5,21.5,21.5,100,,,
1996-12-10,21.2,21.75,21.05,21.5,2100,,,
1996-12-11,21.2,21.45,21.2,21.3,400,,,
1996-12-12,21.0,22.1,20.0,21.2,1500,,,
1996-12-13,21.0,21.3,21.0,21.0,400,,,
1996-12-17,21.1,21.25,21.1,21.15,1900,,,
1996-12-18,21.2,22.2,21.2,22.2,1300,,,
1996-12-19,22.0,22.0,21.75,21.75,700,,,
1996-12-20,21.8,22.9,21.8,22.3,400,,,
1996-12-23,22.65,22.65,22.65,22.65,100,,,
1996-12-24,21.1,23.0,21.1,22.05,2600,,,
1996-12-26,22.5,22.5,22.5,22.5,10100,,,
1996-12-31,22.5,22.5,21.9,21.9,200,,,
1997-01-01,21.95,21.95,21.95,21.95,100,,,
1997-01-02,21.9,22.0,21.9,22.0,200,,,
1997-01-03,21.0,22.5,21.0,22.5,5300,,,
1997-01-06,22.0,22.0,21.5,21.5,300,,,
1997-01-07,21.3,22.0,21.3,22.0,500,,,
1997-01-09,22.2,22.2,22.2,22.2,100,,,
1997-01-10,22.5,22.5,21.9,21.9,1200,,,
1997-01-13,22.7,23.0,22.7,22.7,600,,,
1997-01-15,23.0,23.0,23.0,23.0,200,,,
1997-01-16,22.3,22.3,22.3,22.3,100,,,
1997-01-17,22.0,22.0,22.0,22.0,500,,,
1997-01-21,21.5,22.1,21.3,21.3,400,,,
1997-01-24,22.7,22.7,22.0,22.0,300,,,
1997-01-28,21.65,21.65,21.6,21.6,1300,,,
1997-01-29,21.5,22.0,21.5,22.0,500,,,
1997-01-30,21.5,22.0,21.5,22.0,1300,,,
1997-01-31,21.4,22.0,21.1,22.0,800,,,
1997-02-03,21.6,21.85,21.55,21.85,600,,,
1997-02-04,21.8,21.8,21.7,21.8,1000,,,
1997-02-05,21.6,21.6,21.6,21.6,100,,,
1997-02-06,22.0,22.0,21.55,21.55,500,,,
1997-02-07,21.8,21.8,21.8,21.8,500,,,
1997-02-10,22.25,22.25,22.25,22.25,500,,,
1997-02-11,22.3,22.3,22.0,22.15,200,,,
1997-02-12,22.05,22.05,22.05,22.05,100,,,
1997-02-13,21.8,22.8,21.8,22.8,7100,,,
1997-02-14,22.5,22.5,22.0,22.0,1300,,,
1997-02-17,21.7,22.6,21.5,22.5,10500,,,
1997-02-18,21.5,22.5,21.5,22.45,2100,,,
1997-02-19,21.6,22.7,21.6,22.7,23300,,,
1997-02-20,22.5,22.9,21.6,22.5,7000,,,
1997-02-21,22.4,23.0,22.4,22.7,8400,,,
1997-02-24,22.5,23.25,22.5,22.7,900,,,
1997-02-25,23.0,23.0,22.8,23.0,3700,,,
1997-02-26,22.8,22.8,22.8,22.8,200,,,
1997-02-27,22.9,23.0,22.9,22.9,1100,,,
1997-02-28,23.2,23.2,23.2,23.2,200,,,
1997-03-01,23.2,24.5,23.2,24.2,2400,,,
1997-03-03,23.6,25.0,23.6,25.0,2900,,,
1997-03-04,24.05,25.0,24.05,25.0,2100,,,
1997-03-05,25.4,25.5,25.0,25.3,1900,,,
1997-03-06,25.0,25.2,25.0,25.2,700,,,
1997-03-10,24.8,24.8,24.3,24.4,3800,,,
1997-03-11,24.0,24.6,24.0,24.5,1300,,,
1997-03-12,23.9,23.9,23.6,23.6,200,,,
1997-03-13,23.55,24.0,23.55,23.65,700,,,
1997-03-14,23.45,23.95,23.45,23.95,900,,,
1997-03-17,24.0,24.4,22.3,22.85,600,,,
1997-03-18,23.0,23.5,23.0,23.2,1300,,,
1997-03-19,23.5,23.5,23.5,23.5,100,,,
1997-03-20,23.0,23.5,23.0,23.5,200,,,
1997-03-21,22.9,23.0,22.9,23.0,400,,,
1997-03-25,23.0,23.9,23.0,23.35,41000,,,
1997-03-26,24.0,24.0,24.0,24.0,300,,,
1997-03-27,23.7,24.45,23.6,23.6,600,,,
1997-03-31,22.0,23.4,22.0,23.0,3200,,,
1997-04-01,23.0,24.35,23.0,24.35,1200,,,
1997-04-02,24.0,24.0,24.0,24.0,100,,,
1997-04-03,23.5,24.7,23.5,24.7,200,,,
1997-04-04,24.4,24.75,24.4,24.4,900,,,
1997-04-07,24.5,24.5,24.4,24.4,600,,,
1997-04-09,24.5,24.5,24.5,24.5,1100,,,
1997-04-10,24.0,24.5,23.1,24.5,2300,,,
1997-04-11,24.4,24.5,24.4,24.5,200,,,
1997-04-15,23.75,25.25,23.75,24.5,2500,,,
1997-04-17,25.25,25.25,24.5,24.6,1500,,,
1997-04-21,25.2,25.2,24.8,24.8,1300,,,
1997-04-22,24.7,24.9,24.7,24.7,500,,,
1997-04-23,25.0,25.0,25.0,25.0,200,,,
1997-04-24,24.8,24.8,24.7,24.7,300,,,
1997-04-25,24.2,24.2,24.0,24.0,2300,,,
1997-04-28,23.4,23.8,23.1,23.35,3600,,,
1997-04-29,22.5,23.6,22.5,23.5,1400,,,
1997-04-30,24.8,25.15,24.8,25.1,2200,,,
1997-05-02,25.0,25.2,24.8,25.05,600,,,
1997-05-05,26.7,26.7,25.35,26.1,51400,,,
1997-05-06,26.2,26.6,26.0,26.6,700,,,
1997-05-07,27.1,27.4,27.1,27.4,2000,,,
1997-05-08,27.5,27.5,27.4,27.45,500,,,
1997-05-09,29.0,29.35,28.5,28.8,3900,,,
1997-05-12,28.8,30.1,28.8,30.0,3300,,,
1997-05-13,30.2,30.2,29.6,29.75,2300,,,
1997-05-14,30.0,30.2,29.4,29.5,1400,,,
1997-05-15,29.5,29.5,29.0,29.3,3400,,,
1997-05-16,29.3,29.5,29.2,29.2,3800,,,
1997-05-19,29.2,29.8,29.2,29.2,3300,,,
1997-05-20,29.2,29.5,29.0,29.0,2300,,,
1997-05-21,29.4,29.4,28.9,29.25,1200,,,
1997-05-22,29.25,29.4,29.0,29.4,8000,,,
1997-05-23,28.9,29.5,28.9,29.25,6900,,,
1997-05-26,29.0,29.8,28.9,29.65,14300,,,
1997-05-27,29.6,30.1,29.4,29.9,9200,,,
1997-05-28,29.55,29.8,29.5,29.5,1000,,,
1997-05-29,29.5,30.0,29.3,30.0,1700,,,
1997-05-30,30.5,31.0,30.2,31.0,700,,,
1997-06-02,32.5,32.5,30.8,31.45,1600,,,
1997-06-03,31.5,32.5,31.5,32.1,1500,,,
1997-06-04,32.5,32.6,32.1,32.1,700,,,
1997-06-05,32.3,32.7,32.0,32.5,1600,,,
1997-06-06,32.2,32.75,32.0,32.55,3500,,,
1997-06-09,32.6,32.6,32.0,32.0,900,,,
1997-06-10,31.8,31.8,30.8,31.05,3300,,,
1997-06-11,32.5,33.25,32.5,33.25,3900,,,
1997-06-12,33.5,34.5,33.5,34.4,6100,,,
1997-06-13,34.3,34.4,32.2,32.7,7100,,,
1997-06-16,33.3,33.8,32.6,33.55,7800,,,
1997-06-17,33.8,35.2,33.75,35.0,112900,,,
1997-06-18,35.0,35.5,34.7,34.95,11300,,,
1997-06-19,34.5,35.7,34.5,35.5,11900,,,
1997-06-20,35.6,35.7,35.25,35.25,3000,,,
1997-06-23,35.55,36.2,35.55,36.0,14600,,,
1997-06-24,36.0,38.5,35.95,38.5,21700,,,
1997-06-25,39.2,39.2,37.6,38.25,16600,,,
1997-06-26,37.95,38.6,37.95,38.3,9500,,,
1997-06-27,37.8,38.15,37.8,37.95,6000,,,
1997-06-30,37.6,38.1,37.4,38.0,10500,,,
1997-07-01,38.5,39.1,38.4,38.6,9400,,,
1997-07-02,39.0,39.0,38.5,38.5,4600,,,
1997-07-03,38.0,38.45,38.0,38.1,2900,,,
1997-07-04,37.7,38.0,37.6,37.75,3300,,,
1997-07-07,37.8,38.1,37.4,37.9,12300,,,
1997-07-08,38.0,38.2,37.7,37.75,5700,,,
1997-07-09,38.1,40.35,37.85,39.6,37500,,,
1997-07-10,40.1,42.4,40.0,42.05,16600,,,
1997-07-11,41.3,41.8,41.3,41.6,3300,,,
1997-07-14,41.7,44.1,41.25,41.5,19900,,,
1997-07-15,42.4,44.4,41.7,44.0,12800,,,
1997-07-16,44.0,44.0,41.4,41.7,3100,,,
1997-07-17,41.5,41.5,40.4,40.95,4400,,,
1997-07-21,41.5,41.5,39.25,39.8,4900,,,
1997-07-22,38.8,39.95,38.8,39.5,7700,,,
1997-07-23,40.0,40.6,40.0,40.5,1900,,,
1997-07-24,41.0,41.0,40.5,40.5,1000,,,
1997-07-25,40.6,40.8,40.2,40.55,1600,,,
1997-07-28,40.3,40.5,40.3,40.3,500,,,
1997-07-29,40.5,40.5,40.2,40.5,1700,,,
1997-07-30,40.3,40.6,39.8,40.35,1000,,,
1997-07-31,40.5,41.1,40.4,41.05,102600,,,
1997-08-01,41.5,43.95,41.1,43.1,34400,,,
1997-08-04,43.5,44.9,43.3,44.5,8200,,,
1997-08-05,44.9,46.4,44.5,45.65,91400,,,
1997-08-06,46.5,47.7,46.5,47.55,1100,,,
1997-08-07,47.5,47.7,45.1,46.0,4300,,,
1997-08-08,46.0,46.3,45.1,46.1,1800,,,
1997-08-11,46.0,46.2,46.0,46.15,1200,,,
1997-08-12,46.1,47.1,46.0,47.0,4000,,,
1997-08-13,46.5,47.0,46.5,47.0,1300,,,
1997-08-14,47.4,47.4,46.5,47.0,2400,,,
1997-08-18,46.6,46.7,46.2,46.45,1100,,,
1997-08-19,46.5,46.9,46.4,46.85,1400,,,
1997-08-20,45.2,45.8,45.2,45.8,300,,,
1997-08-21,46.4,47.1,46.1,46.65,1800,,,
1997-08-22,46.2,46.5,46.2,46.5,900,,,
1997-08-25,45.5,46.55,45.5,46.2,2600,,,
1997-08-26,47.5,47.5,45.7,46.0,1000,,,
1997-08-27,45.2,46.0,45.2,46.0,2200,,,
1997-08-28,45.5,45.6,45.0,45.45,5100,,,
1997-08-29,45.2,46.0,45.2,45.7,2600,,,
1997-09-01,45.9,46.4,45.9,46.4,3800,,,
1997-09-02,46.9,48.5,46.9,48.05,3000,,,
1997-09-03,47.8,48.5,47.8,48.25,5700,,,
1997-09-04,49.9,49.9,48.2,48.2,900,,,
1997-09-05,48.6,48.8,48.0,48.0,1700,,,
1997-09-08,48.0,48.0,47.8,47.8,500,,,
1997-09-09,47.45,48.05,45.15,46.05,2900,,,
1997-09-10,44.2,46.0,44.2,45.8,1100,,,
1997-09-11,45.8,46.2,45.7,45.9,1000,,,
1997-09-12,45.95,46.3,45.7,46.05,500,,,
1997-09-15,46.5,46.5,46.5,46.5,200,,,
1997-09-16,46.5,47.15,46.1,46.1,1200,,,
1997-09-17,46.5,46.5,46.5,46.5,100,,,
1997-09-18,46.0,46.0,46.0,46.0,100,,,
1997-09-19,43.55,46.0,43.55,46.0,400,,,
1997-09-22,44.5,45.3,44.5,45.3,200,,,
1997-09-23,45.0,46.0,45.0,46.0,500,,,
1997-09-24,46.5,48.0,46.5,47.5,1400,,,
1997-09-25,46.7,48.5,46.7,48.5,600,,,
1997-09-26,48.9,48.9,48.4,48.4,600,,,
1997-09-29,48.5,48.5,48.35,48.4,300,,,
1997-09-30,48.5,48.5,48.0,48.0,500,,,
1997-10-01,47.5,48.0,47.5,48.0,500,,,
1997-10-09,47.95,50.6,47.95,50.2,4800,,,
1997-10-10,50.2,50.2,49.1,49.8,2100,,,
1997-10-13,49.5,49.5,49.0,49.0,200,,,
1997-10-14,48.9,48.9,48.1,48.1,900,,,
1997-10-16,45.7,48.5,45.7,48.5,500,,,
1997-10-17,49.5,49.5,48.5,48.5,1300,,,
1997-10-20,49.5,51.0,49.1,50.85,2500,,,
1997-10-21,51.4,51.4,50.2,50.4,1700,,,
1997-10-22,51.0,51.5,50.0,50.0,2200,,,
1997-10-23,50.0,50.4,49.0,49.0,1400,,,
1997-10-24,48.9,49.7,48.9,49.3,1200,,,
1997-10-27,49.3,49.3,48.6,49.0,1400,,,
1997-10-28,45.6,48.5,45.6,46.05,4000,,,
1997-10-29,48.2,48.2,48.2,48.2,100,,,
1997-10-30,49.0,49.0,49.0,49.0,100,,,
1997-11-03,49.05,49.05,48.5,49.0,500,,,
1997-11-04,48.9,50.0,48.9,50.0,300,,,
1997-11-05,50.0,51.5,50.0,50.25,600,,,
1997-11-06,48.5,49.1,48.5,49.1,200,,,
1997-11-07,49.0,49.0,49.0,49.0,600,,,
1997-11-10,49.0,49.0,48.85,48.85,300,,,
1997-11-11,48.1,48.5,48.1,48.25,700,,,
1997-11-12,48.95,48.95,48.15,48.25,700,,,
1997-11-13,48.5,48.5,47.6,47.6,500,,,
1997-11-17,46.0,47.0,46.0,47.0,400,,,
1997-11-18,46.9,46.9,46.9,46.9,100,,,
1997-11-19,46.0,46.1,45.3,46.0,700,,,
1997-11-20,46.0,46.0,46.0,46.0,100,,,
1997-11-21,46.0,46.0,46.0,46.0,100,,,
1997-11-24,45.5,46.5,45.5,46.5,300,,,
1997-11-25,46.9,47.4,46.0,47.4,24300,,,
1997-11-26,47.0,47.0,47.0,47.0,23700,,,
1997-11-28,47.15,47.15,47.0,47.0,300,,,
1997-12-03,47.0,47.0,47.0,47.0,200,,,
1997-12-04,46.5,46.5,46.5,46.5,100,,,
1997-12-05,46.35,46.5,45.15,46.5,1200,,,
1997-12-08,46.5,46.5,46.5,46.5,200,,,
1997-12-09,46.2,46.5,46.0,46.5,1000,,,
1997-12-10,46.5,46.5,45.9,45.9,200,,,
1997-12-11,46.0,46.0,45.2,45.2,300,,,
1997-12-12,45.9,46.0,45.9,46.0,200,,,
1997-12-15,45.6,46.2,45.6,46.0,600,,,
1997-12-16,45.0,45.0,44.9,44.95,300,,,
1997-12-17,45.5,45.6,45.5,45.6,200,,,
1997-12-18,45.2,47.5,45.0,46.8,2900,,,
1997-12-19,47.0,48.0,47.0,47.85,800,,,
1997-12-23,47.6,49.0,47.6,48.9,700,,,
1997-12-24,48.8,48.8,48.8,48.8,100,,,
1997-12-26,47.15,47.2,47.15,47.2,300,,,
1997-12-29,49.4,49.4,47.0,48.0,300,,,
1997-12-30,47.05,47.05,47.05,47.05,100,,,
1997-12-31,48.0,48.0,47.2,47.2,300,,,
1998-01-01,47.4,47.4,47.1,47.1,400,,,
1998-01-02,46.8,47.0,46.8,47.0,1700,,,
1998-01-05,47.5,48.0,47.5,48.0,1800,,,
1998-01-06,48.0,48.55,47.7,48.3,800,,,
1998-01-07,47.6,47.6,47.6,47.6,100,,,
1998-01-08,47.2,47.2,47.1,47.1,500,,,
1998-01-09,45.5,45.5,45.5,45.5,200,,,
1998-01-12,46.5,48.0,46.3,46.3,1800,,,
1998-01-13,46.2,47.5,46.0,47.3,2600,,,
1998-01-14,45.05,45.05,45.05,45.05,100,,,
1998-01-15,44.95,44.95,44.95,44.95,100,,,
1998-01-16,44.5,44.5,44.1,44.1,200,,,
1998-01-19,45.1,46.0,45.1,46.0,200,,,
1998-01-21,44.4,44.7,44.4,44.7,200,,,
1998-01-22,45.2,45.2,42.6,44.25,700,,,
1998-01-23,43.0,43.5,43.0,43.5,200,,,
1998-01-27,42.5,42.5,41.5,41.5,500,,,
1998-01-28,42.0,42.0,42.0,42.0,100,,,
1998-01-30,41.5,41.5,41.5,41.5,100,,,
1998-02-03,39.0,39.0,39.0,39.0,100,,,
1998-02-04,40.5,40.5,39.0,39.15,800,,,
1998-02-05,39.0,39.0,39.0,39.0,100,,,
1998-02-06,40.0,40.8,40.0,40.5,700,,,
1998-02-09,39.5,39.5,39.5,39.5,100,,,
1998-02-10,39.5,39.8,39.5,39.6,400,,,
1998-02-12,39.6,39.8,39.6,39.8,200,,,
1998-02-13,39.8,39.9,39.8,39.9,1000,,,
1998-02-17,39.4,39.5,39.4,39.4,700,,,
1998-02-18,39.8,39.8,39.25,39.25,1700,,,
1998-02-19,39.4,40.0,39.4,40.0,700,,,
1998-02-20,40.5,40.5,39.7,39.7,200,,,
1998-02-24,40.5,40.5,40.0,40.4,400,,,
1998-02-25,44.0,44.2,43.05,44.2,800,,,
1998-02-26,45.0,45.5,45.0,45.5,400,,,
1998-02-27,45.4,45.4,43.8,43.8,300,,,
1998-03-02,44.7,44.8,44.7,44.8,300,,,
1998-03-03,43.0,43.0,40.5,42.9,1100,,,
1998-03-04,43.9,43.9,43.9,43.9,100,,,
1998-03-05,43.5,43.5,43.3,43.3,200,,,
1998-03-06,40.5,42.85,40.5,42.85,200,,,
1998-03-09,43.2,43.2,43.2,43.2,300,,,
1998-03-10,42.0,42.0,41.5,41.5,400,,,
1998-03-11,44.0,44.0,44.0,44.0,200,,,
1998-03-12,43.9,44.0,42.1,42.95,600,,,
1998-03-16,42.1,42.1,41.2,41.2,300,,,
1998-03-17,39.6,42.5,39.6,40.5,1200,,,
1998-03-18,44.4,44.4,41.3,41.3,800,,,
1998-03-19,41.0,43.0,41.0,41.5,400,,,
1998-03-20,41.7,42.6,41.7,42.6,1000,,,
1998-03-24,43.7,43.7,41.6,41.65,2000,,,
1998-03-25,45.0,45.0,43.1,43.1,500,,,
1998-03-26,47.0,47.0,47.0,47.0,100,,,
1998-03-27,43.5,43.5,43.5,43.5,100,,,
1998-03-30,43.7,44.0,43.5,43.5,500,,,
1998-03-31,44.2,44.2,43.2,43.2,500,,,
1998-04-01,44.5,46.0,44.5,46.0,1000,,,
1998-04-02,46.2,47.6,46.1,46.45,1000,,,
1998-04-03,46.2,46.2,45.2,45.2,200,,,
1998-04-06,44.0,46.95,44.0,46.95,500,,,
1998-04-07,46.9,49.9,46.9,49.15,2000,,,
1998-04-09,51.2,51.2,49.3,50.3,600,,,
1998-04-10,51.0,51.2,50.0,50.0,500,,,
1998-04-13,48.5,49.8,48.5,49.3,1400,,,
1998-04-15,50.0,50.0,50.0,50.0,3600,,,
1998-04-16,50.0,50.8,49.5,49.5,900,,,
1998-04-17,51.0,51.0,49.6,50.0,1000,,,
1998-04-20,50.2,50.4,49.0,49.0,800,,,
1998-04-21,49.0,49.0,49.0,49.0,300,,,
1998-04-22,51.0,52.0,50.0,50.0,800,,,
1998-04-23,49.0,49.4,48.2,48.2,600,,,
1998-04-24,49.5,50.0,46.0,50.0,9100,,,
1998-04-27,49.9,51.4,49.9,50.9,1600,,,
1998-04-28,51.4,53.5,50.0,52.6,8000,,,
1998-04-29,55.3,56.95,53.6,53.6,6200,,,
1998-04-30,53.0,54.45,51.5,54.0,1900,,,
1998-05-05,61.45,65.35,60.8,65.35,18200,,,
1998-05-06,70.0,71.9,68.5,71.4,22100,,,
1998-05-08,71.0,78.55,70.55,78.45,20600,,,
1998-05-11,72.6,79.9,70.6,72.3,12200,,,
1998-05-12,74.0,74.0,65.05,65.05,7700,,,
1998-05-13,60.0,60.0,58.55,58.55,1600,,,
1998-05-14,56.0,59.0,52.8,59.0,6200,,,
1998-05-15,59.9,60.5,56.5,56.5,2000,,,
1998-05-18,55.8,57.5,55.0,56.75,2900,,,
1998-05-19,56.9,58.3,56.8,57.8,1600,,,
1998-05-20,62.0,63.5,62.0,63.5,1500,,,
1998-05-21,65.0,67.5,62.1,63.75,4300,,,
1998-05-22,63.2,64.0,63.2,64.0,400,,,
1998-05-25,63.0,63.85,62.5,62.9,700,,,
1998-05-26,61.1,61.1,58.0,58.4,2900,,,
1998-05-27,58.1,58.5,57.05,58.0,1400,,,
1998-05-28,57.5,58.0,56.0,56.0,1100,,,
1998-05-29,53.65,57.0,53.65,55.35,1800,,,
1998-06-01,54.9,57.0,51.1,53.9,2200,,,
1998-06-02,53.0,53.0,48.7,49.5,2300,,,
1998-06-03,52.0,53.4,51.0,52.4,4100,,,
1998-06-04,53.5,54.0,52.7,53.45,3700,,,
1998-06-05,53.0,53.0,51.6,51.6,1700,,,
1998-06-08,50.0,52.5,48.0,49.2,4800,,,
1998-06-09,49.6,51.0,49.6,50.95,2100,,,
1998-06-10,51.0,51.0,49.5,49.5,2600,,,
1998-06-11,49.7,51.0,49.5,50.65,2200,,,
1998-06-12,51.1,52.0,51.0,51.05,1300,,,
1998-06-15,50.65,50.65,49.8,49.8,900,,,
1998-06-16,49.2,50.3,48.5,50.15,3000,,,
1998-06-17,52.0,52.4,51.6,51.95,1400,,,
1998-06-18,51.4,51.7,51.4,51.7,200,,,
1998-06-19,51.2,51.2,50.1,51.15,800,,,
1998-06-22,49.0,49.3,49.0,49.15,1200,,,
1998-06-23,50.3,50.3,50.0,50.0,400,,,
1998-06-24,52.0,52.0,51.2,51.2,200,,,
1998-06-25,50.5,51.6,50.5,51.1,400,,,
1998-06-26,50.5,50.5,50.5,50.5,100,,,
1998-06-29,51.0,51.9,50.75,51.35,1000,,,
1998-06-30,52.0,53.0,52.0,52.95,700,,,
1998-07-01,50.8,51.7,50.8,51.7,500,,,
1998-07-02,52.0,52.0,52.0,52.0,5000,,,
1998-07-03,50.5,50.5,50.1,50.1,900,,,
1998-07-06,50.95,50.95,49.5,49.85,3000,,,
1998-07-07,50.1,54.0,50.0,50.9,6100,,,
1998-07-08,51.7,52.5,51.4,52.4,1300,,,
1998-07-09,53.0,53.0,51.4,51.4,300,,,
1998-07-10,51.6,53.0,51.5,53.0,3600,,,
1998-07-14,54.9,56.0,54.8,54.8,500,,,
1998-07-15,55.0,55.0,53.1,53.1,1000,,,
1998-07-16,53.1,53.2,53.1,53.1,600,,,
1998-07-20,51.2,51.2,51.2,51.2,100,,,
1998-07-21,51.2,51.2,49.4,49.7,700,,,
1998-07-23,50.0,50.0,50.0,50.0,100,,,
1998-07-27,50.0,50.0,50.0,50.0,1700,,,
1998-07-28,50.1,53.45,48.5,48.5,7000,,,
1998-07-29,48.5,48.5,48.3,48.3,200,,,
1998-07-30,48.5,48.6,48.0,48.6,300,,,
1998-08-03,44.95,44.95,44.9,44.9,300,,,
1998-08-04,48.0,48.0,45.0,45.0,3600,,,
1998-08-13,47.5,47.5,47.5,47.5,300,,,
1998-08-17,47.7,47.7,47.7,47.7,100,,,
1998-08-21,47.5,47.5,47.5,47.5,100,,,
1998-08-27,47.5,47.5,47.5,47.5,500,,,
1998-08-28,45.5,47.5,45.5,47.5,600,,,
1998-08-31,45.0,47.0,45.0,46.95,600,,,
1998-09-01,44.0,45.0,44.0,45.0,200,,,
1998-09-02,45.15,45.15,45.0,45.0,300,,,
1998-09-03,44.05,44.1,44.05,44.1,200,,,
1998-09-04,44.1,46.8,43.5,46.8,1700,,,
1998-09-07,47.0,47.0,43.2,44.2,1700,,,
1998-09-08,43.2,43.2,43.0,43.0,400,,,
1998-09-09,43.5,44.5,43.5,44.5,300,,,
1998-09-10,44.3,44.8,44.3,44.5,1200,,,
1998-09-11,46.0,46.0,46.0,46.0,200,,,
1998-09-14,47.0,47.5,46.0,47.5,700,,,
1998-09-15,49.7,49.7,47.85,47.85,300,,,
1998-09-16,48.1,49.5,48.1,49.5,800,,,
1998-09-17,46.5,49.9,46.5,49.9,200,,,
1998-09-18,49.4,49.95,49.4,49.4,500,,,
1998-09-21,50.0,50.0,50.0,50.0,600,,,
1998-09-22,49.5,49.5,48.9,49.15,500,,,
1998-09-23,49.0,50.0,49.0,49.9,400,,,
1998-09-24,50.6,50.6,50.25,50.3,700,,,
1998-09-25,52.8,52.8,50.7,50.7,400,,,
1998-09-28,50.5,51.8,50.5,51.0,1000,,,
1998-09-29,50.6,51.05,50.5,50.5,600,,,
1998-09-30,52.9,52.9,50.8,52.0,600,,,
1998-10-05,49.5,49.5,49.5,49.5,100,,,
1998-10-06,48.0,48.2,47.0,47.1,500,,,
1998-10-07,48.5,48.8,48.5,48.8,500,,,
1998-10-09,48.5,48.5,47.7,47.7,600,,,
1998-10-13,46.0,46.0,45.0,45.0,200,,,
1998-10-14,47.5,47.5,47.5,47.5,100,,,
1998-10-15,46.2,46.2,46.2,46.2,100,,,
1998-10-16,48.7,48.7,47.0,47.0,400,,,
1998-10-19,45.1,48.5,45.1,48.5,200,,,
1998-10-20,46.1,46.1,46.0,46.0,2100,,,
1998-10-27,45.5,45.5,45.5,45.5,100,,,
1998-10-28,45.5,45.5,45.5,45.5,200,,,
1998-10-29,47.0,47.7,47.0,47.7,200,,,
1998-10-30,47.0,47.0,47.0,47.0,100,,,
1998-11-02,46.1,46.1,46.1,46.1,100,,,
1998-11-03,46.0,46.0,45.5,45.6,700,,,
1998-11-05,46.0,46.0,46.0,46.0,200,,,
1998-11-10,46.0,46.0,45.0,45.4,1200,,,
1998-11-16,45.4,45.4,45.4,45.4,100,,,
1998-11-18,45.5,45.5,45.5,45.5,200,,,
1998-11-19,44.0,44.8,43.5,44.8,300,,,
1998-11-20,42.5,42.5,41.8,41.8,500,,,
1998-11-23,44.2,44.2,43.0,43.0,200,,,
1998-11-24,43.5,43.5,43.5,43.5,100,,,
1998-11-26,45.4,45.4,42.1,42.5,300,,,
1998-11-30,41.0,41.0,41.0,41.0,100,,,
1998-12-01,41.0,41.5,41.0,41.5,200,,,
1998-12-04,40.7,40.7,40.7,40.7,100,,,
1998-12-07,38.6,42.0,38.6,41.6,300,,,
1998-12-09,42.8,42.8,42.8,42.8,500,,,
1998-12-10,42.7,44.0,42.7,44.0,200,,,
1998-12-11,44.7,44.95,43.3,43.3,300,,,
1998-12-14,43.5,44.0,43.5,44.0,600,,,
1998-12-15,42.5,42.5,41.8,41.8,400,,,
1998-12-17,42.5,42.5,42.0,42.4,1500,,,
1998-12-18,43.85,43.85,43.85,43.85,100,,,
1998-12-21,42.5,42.5,42.5,42.5,100,,,
1998-12-22,41.5,43.4,41.5,43.4,400,,,
1998-12-23,42.1,43.0,42.1,43.0,600,,,
1998-12-28,42.5,42.5,42.5,42.5,100,,,
1998-12-29,42.5,42.5,42.5,42.5,200,,,
1998-12-30,42.5,43.9,42.5,43.9,600,,,
1998-12-31,43.2,43.2,43.2,43.2,300,,,
1999-01-01,43.1,43.8,43.1,43.8,200,,,
1999-01-05,43.1,43.1,43.1,43.1,100,,,
1999-01-06,44.0,44.8,44.0,44.8,200,,,
1999-01-07,44.0,44.0,43.3,44.0,2700,,,
1999-01-08,44.9,45.0,44.0,44.2,500,,,
1999-01-11,46.0,47.7,45.75,46.1,600,,,
1999-01-12,45.7,45.7,45.5,45.5,500,,,
1999-01-13,46.0,46.5,45.5,45.5,800,,,
1999-01-14,44.0,45.0,44.0,45.0,500,,,
1999-01-15,43.25,43.25,43.25,43.25,100,,,
1999-01-18,43.8,44.1,43.8,44.1,500,,,
1999-01-19,43.4,44.8,42.5,42.5,4400,,,
1999-01-21,43.0,43.0,42.1,42.4,33900,,,
1999-01-22,43.0,43.8,42.25,42.25,2600,,,
1999-01-25,42.0,42.1,40.45,41.5,1300,,,
1999-01-27,41.6,44.8,41.6,44.8,5700,,,
1999-01-28,46.0,46.0,43.5,44.0,3200,,,
1999-01-29,42.9,42.9,42.0,42.0,800,,,
1999-02-01,45.35,45.35,41.5,41.5,2900,,,
1999-02-02,38.5,41.5,38.5,38.75,3100,,,
1999-02-03,41.3,41.3,41.3,41.3,200,,,
1999-02-04,43.3,43.3,42.6,42.6,600,,,
1999-02-05,43.4,43.4,42.5,42.5,400,,,
1999-02-08,42.4,42.4,41.8,41.8,2200,,,
1999-02-09,40.0,41.2,40.0,41.2,600,,,
1999-02-10,42.2,42.2,42.0,42.1,300,,,
1999-02-11,41.5,41.95,41.5,41.95,300,,,
1999-02-15,42.2,42.5,42.2,42.3,1500,,,
1999-02-16,43.0,44.2,42.6,42.9,2900,,,
1999-02-17,46.2,46.35,44.0,46.3,3000,,,
1999-02-18,50.0,50.0,49.5,50.0,1300,,,
1999-02-19,53.9,54.0,52.5,52.5,4200,,,
1999-02-22,56.5,56.5,49.5,50.1,2000,,,
1999-02-23,48.9,50.5,48.5,50.3,5000,,,
1999-02-24,50.35,50.35,50.2,50.2,400,,,
1999-02-25,49.0,49.0,49.0,49.0,100,,,
1999-02-26,49.0,49.0,47.0,47.05,1200,,,
1999-02-27,46.5,49.65,46.5,49.65,500,,,
1999-03-01,50.8,51.0,50.1,50.1,500,,,
1999-03-03,54.0,54.0,51.15,51.4,1800,,,
1999-03-04,48.5,48.5,47.7,47.7,300,,,
1999-03-05,47.5,50.3,47.5,48.5,500,,,
1999-03-08,49.0,49.0,48.0,48.0,400,,,
1999-03-09,47.5,48.0,46.1,46.7,2200,,,
1999-03-10,47.5,48.0,47.5,47.5,800,,,
1999-03-11,48.0,48.0,48.0,48.0,100,,,
1999-03-12,46.5,47.5,46.5,47.5,300,,,
1999-03-15,47.4,47.4,47.4,47.4,100,,,
1999-03-16,46.5,46.5,46.5,46.5,100,,,
1999-03-17,47.5,47.5,47.0,47.0,200,,,
1999-03-18,46.8,46.8,46.8,46.8,100,,,
1999-03-19,43.5,50.0,43.5,49.0,1000,,,
1999-03-20,49.6,50.25,49.6,50.25,300,,,
1999-03-22,50.5,50.5,50.5,50.5,200,,,
1999-03-23,49.0,50.0,49.0,49.1,700,,,
1999-03-24,50.0,50.0,49.0,49.05,800,,,
1999-03-26,48.55,48.55,47.0,47.0,200,,,
1999-03-30,47.0,47.5,46.5,47.5,300,,,
1999-03-31,48.0,48.0,48.0,48.0,100,,,
1999-04-01,49.0,51.5,49.0,51.5,800,,,
1999-04-05,50.0,51.0,49.5,50.2,1000,,,
1999-04-06,49.0,51.0,49.0,49.7,1000,,,
1999-04-07,50.3,51.0,49.0,49.0,400,,,
1999-04-09,48.2,48.2,47.0,47.0,400,,,
1999-04-12,46.95,47.0,46.95,47.0,300,,,
1999-04-13,46.6,46.75,46.6,46.75,300,,,
1999-04-15,45.0,47.0,45.0,46.0,500,,,
1999-04-16,49.0,49.6,49.0,49.0,300,,,
1999-04-17,46.6,46.6,46.0,46.0,400,,,
1999-04-19,47.0,47.0,47.0,47.0,100,,,
1999-04-20,45.5,46.1,45.5,46.1,200,,,
1999-04-22,47.0,48.5,47.0,48.5,25200,,,
1999-04-23,46.5,46.5,46.1,46.1,200,,,
1999-04-26,44.0,44.0,43.6,43.6,300,,,
1999-04-28,41.5,43.0,41.5,43.0,500,,,
1999-04-29,44.5,45.0,44.5,45.0,200,,,
1999-04-30,0.0,0.0,0.0,45.0,70000,,,
1999-05-03,46.0,46.0,46.0,46.0,100,,,
1999-05-04,48.0,48.0,46.4,47.1,400,,,
1999-05-05,50.3,50.45,49.55,49.55,1200,,,
1999-05-06,50.0,50.0,50.0,50.0,300,,,
1999-05-07,49.9,51.5,49.9,51.5,1200,,,
1999-05-10,54.0,54.3,54.0,54.3,900,,,
1999-05-11,52.0,53.5,51.9,53.5,300,,,
1999-05-12,52.5,52.5,52.5,52.5,1000,,,
1999-05-13,53.0,54.9,52.5,53.65,1100,,,
1999-05-14,55.0,55.6,55.0,55.5,1300,,,
1999-05-17,55.0,55.5,54.0,55.0,1500,,,
1999-05-18,54.5,55.0,54.5,55.0,300,,,
1999-05-19,51.6,52.0,51.6,52.0,600,,,
1999-05-20,51.9,52.0,51.9,52.0,400,,,
1999-05-24,52.3,53.2,52.3,53.2,200,,,
1999-05-25,52.0,52.0,52.0,52.0,200,,,
1999-05-26,50.45,50.45,50.4,50.4,200,,,
1999-05-27,51.65,51.65,50.5,50.5,200,,,
1999-05-28,50.0,50.0,49.0,49.0,200,,,
1999-05-31,49.5,51.7,49.5,51.7,400,,,
1999-06-01,50.1,50.1,50.1,50.1,100,,,
1999-06-02,50.0,50.0,50.0,50.0,100,,,
1999-06-03,51.5,51.9,50.6,51.9,300,,,
1999-06-04,52.0,52.0,51.8,51.8,200,,,
1999-06-07,51.0,51.0,51.0,51.0,400,,,
1999-06-08,50.1,50.1,50.0,50.0,300,,,
1999-06-09,50.5,50.6,50.5,50.6,300,,,
1999-06-10,51.5,53.3,51.5,52.55,1400,,,
1999-06-11,52.8,52.8,51.75,51.75,400,,,
1999-06-14,51.4,51.4,50.0,50.5,400,,,
1999-06-15,51.2,51.2,50.5,50.8,1000,,,
1999-06-16,50.7,50.9,50.7,50.8,400,,,
1999-06-17,51.0,51.4,51.0,51.35,800,,,
1999-06-18,51.5,52.25,51.5,52.25,200,,,
1999-06-21,51.5,52.15,51.5,52.15,200,,,
1999-06-22,52.2,52.5,52.2,52.5,1100,,,
1999-06-23,51.3,51.3,51.1,51.1,200,,,
1999-06-25,51.5,52.0,51.0,51.4,600,,,
1999-06-28,52.25,52.35,52.25,52.35,400,,,
1999-06-29,52.35,52.35,51.0,51.25,400,,,
1999-06-30,50.5,51.1,50.5,51.1,700,,,
1999-07-01,51.1,51.1,51.1,51.1,100,,,
1999-07-02,51.0,51.0,51.0,51.0,100,,,
1999-07-05,51.0,51.0,50.6,50.9,600,,,
1999-07-06,51.0,52.4,51.0,52.05,1900,,,
1999-07-07,51.0,51.0,51.0,51.0,200,,,
1999-07-09,52.2,52.2,52.0,52.0,200,,,
1999-07-12,51.5,51.5,51.5,51.5,100,,,
1999-07-13,51.2,51.2,50.8,51.0,400,,,
1999-07-14,51.0,53.0,50.9,53.0,1000,,,
1999-07-15,53.0,53.6,51.5,52.0,1500,,,
1999-07-16,51.5,51.5,51.5,51.5,100,,,
1999-07-19,51.2,53.25,51.2,53.25,400,,,
1999-07-20,53.1,53.1,52.0,53.0,700,,,
1999-07-21,52.5,53.7,52.5,53.6,1500,,,
1999-07-22,53.4,56.0,53.4,56.0,2900,,,
1999-07-23,57.0,59.0,56.0,56.05,2300,,,
1999-07-26,56.0,57.5,55.5,56.0,2300,,,
1999-07-27,56.2,56.5,55.0,55.9,3100,,,
1999-07-28,55.0,55.0,51.6,52.45,2800,,,
1999-07-29,52.9,53.0,52.5,53.0,15900,,,
1999-08-02,49.65,49.65,49.6,49.6,200,,,
1999-08-03,47.6,49.8,46.7,47.5,700,,,
1999-08-06,47.5,48.0,47.5,48.0,10200,,,
1999-08-09,49.0,49.0,49.0,49.0,300,,,
1999-08-10,48.0,50.0,48.0,50.0,400,,,
1999-08-12,48.5,48.5,48.5,48.5,100,,,
1999-08-16,46.5,46.5,46.5,46.5,100,,,
1999-08-18,46.2,46.2,46.2,46.2,100,,,
1999-08-19,47.0,48.0,47.0,48.0,1100,,,
1999-08-20,46.7,46.7,46.0,46.25,1500,,,
1999-08-23,47.0,47.0,46.3,47.0,900,,,
1999-08-24,46.8,47.2,46.8,47.1,2300,,,
1999-08-26,47.3,47.3,46.8,46.8,1100,,,
1999-08-27,47.8,47.8,46.9,46.9,200,,,
1999-08-30,46.5,46.5,46.5,46.5,500,,,
1999-08-31,46.1,46.1,44.1,44.8,500,,,
1999-09-01,42.7,46.0,42.7,46.0,300,,,
1999-09-02,43.95,43.95,43.95,43.95,100,,,
1999-09-03,43.1,43.2,43.1,43.2,200,,,
1999-09-07,42.3,43.2,42.3,43.2,300,,,
1999-09-08,45.0,46.1,45.0,45.95,1600,,,
1999-09-10,45.0,45.0,44.55,44.55,400,,,
1999-09-14,44.9,45.0,44.9,45.0,500,,,
1999-09-15,43.4,43.4,43.4,43.4,100,,,
1999-09-16,45.0,45.0,43.1,45.0,7300,,,
1999-09-17,44.2,45.2,44.2,44.85,400,,,
1999-09-20,45.0,45.0,44.0,44.0,900,,,
1999-09-22,43.5,46.5,42.5,46.5,1000,,,
1999-09-23,45.5,50.0,43.2,44.0,3300,,,
1999-09-24,47.4,47.4,45.7,47.0,1900,,,
1999-09-27,47.2,47.2,47.1,47.1,600,,,
1999-09-28,46.5,46.5,45.5,45.5,800,,,
1999-09-29,45.5,47.0,45.5,47.0,1000,,,
1999-09-30,49.0,49.0,47.1,47.5,1500,,,
1999-10-01,45.8,45.8,45.8,45.8,100,,,
1999-10-04,44.5,46.0,44.0,45.0,700,,,
1999-10-05,44.0,44.0,43.2,44.0,600,,,
1999-10-06,44.0,45.0,44.0,45.0,400,,,
1999-10-07,45.1,45.1,45.1,45.1,200,,,
1999-10-08,46.0,46.0,45.8,45.9,500,,,
1999-10-11,46.0,46.5,46.0,46.5,1000,,,
1999-10-12,46.5,48.0,44.5,47.55,1700,,,
1999-10-13,47.0,48.5,47.0,47.9,1400,,,
1999-10-14,46.5,47.0,46.4,46.8,500,,,
1999-10-15,48.0,49.0,48.0,49.0,400,,,
1999-10-18,47.0,47.0,45.6,46.0,400,,,
1999-10-20,46.0,46.0,46.0,46.0,100,,,
1999-10-21,44.2,45.0,44.1,44.3,900,,,
1999-10-22,41.0,41.0,41.0,41.0,400,,,
1999-10-23,43.25,43.25,43.25,43.25,100,,,
1999-10-25,42.5,42.5,41.0,41.0,300,,,
1999-10-26,40.0,41.7,40.0,41.0,1000,,,
1999-10-27,42.0,42.0,41.2,41.8,600,,,
1999-10-28,41.5,41.5,41.5,41.5,100,,,
1999-10-29,39.2,39.2,38.6,38.65,400,,,
1999-11-01,38.0,38.0,38.0,38.0,100,,,
1999-11-02,37.8,37.8,37.5,37.6,400,,,
1999-11-03,37.5,37.5,37.5,37.5,100,,,
1999-11-04,37.0,37.6,36.7,37.6,700,,,
1999-11-05,37.2,39.5,37.2,39.5,400,,,
1999-11-09,38.0,38.1,38.0,38.1,500,,,
1999-11-11,40.1,40.5,38.5,39.65,900,,,
1999-11-15,37.5,37.8,37.0,37.8,1300,,,
1999-11-16,36.9,36.9,36.9,36.9,100,,,
1999-11-18,36.5,36.5,36.5,36.5,200,,,
1999-11-19,36.3,37.0,36.3,37.0,1200,,,
1999-11-22,36.5,37.1,36.2,36.4,700,,,
1999-11-24,38.4,39.35,38.4,39.35,101,,,
1999-11-25,42.35,42.35,40.0,40.0,29,,,
1999-11-26,42.5,43.0,39.2,40.0,259,,,
1999-11-29,40.5,40.5,40.5,40.5,10,,,
1999-11-30,40.0,43.5,39.0,41.8,1147,,,
1999-12-01,43.5,45.0,43.5,45.0,140,,,
1999-12-02,42.6,42.6,42.5,42.5,135,,,
1999-12-03,42.3,42.3,42.3,42.3,5,,,
1999-12-06,43.8,43.8,42.0,43.7,70,,,
1999-12-07,42.5,46.4,42.5,45.95,3345,,,
1999-12-08,47.5,49.65,46.5,48.7,11310,,,
1999-12-09,52.2,52.6,50.0,52.6,10205,,,
1999-12-10,56.8,56.8,56.8,56.8,1860,,,
1999-12-13,61.0,61.35,59.5,61.0,7655,,,
1999-12-14,58.0,64.4,56.3,60.85,5145,,,
1999-12-15,60.0,61.0,57.0,58.1,4373,,,
1999-12-16,59.9,62.75,59.15,62.65,15670,,,
1999-12-17,65.0,67.65,65.0,67.15,23302,,,
1999-12-20,71.1,72.5,67.2,72.5,20259,,,
1999-12-21,75.4,77.0,70.1,74.55,14682,,,
1999-12-22,80.0,80.5,78.0,80.5,18049,,,
1999-12-23,79.9,79.9,75.4,76.65,4290,,,
1999-12-24,73.1,73.4,70.5,70.9,2606,,,
1999-12-27,68.5,68.5,65.3,66.0,8139,,,
1999-12-28,64.1,68.9,64.1,66.8,7608,,,
1999-12-29,68.8,69.0,67.0,69.0,12531,,,
1999-12-30,70.5,71.5,68.0,68.9,6467,,,
2000-01-03,68.3,74.45,68.3,74.45,2665,,,
2000-01-04,77.5,77.5,70.1,72.3,8620,,,
2000-01-05,71.3,71.3,67.0,67.45,2663,,,
2000-01-06,68.8,68.8,67.5,67.85,9892,,,
2000-01-07,64.9,66.0,62.4,63.0,1815,,,
2000-01-10,63.6,65.0,58.5,61.0,5978,,,
2000-01-11,60.7,61.5,57.8,60.35,2204,,,
2000-01-12,61.0,62.0,60.4,61.5,1390,,,
2000-01-13,62.9,64.0,61.6,61.6,140,,,
2000-01-14,62.0,65.0,60.0,62.1,669,,,
2000-01-17,66.4,67.05,61.2,67.05,6137,,,
2000-01-18,67.15,72.4,65.5,72.4,20939,,,
2000-01-19,77.9,78.2,75.0,78.2,28554,,,
2000-01-20,81.5,81.5,73.0,73.6,5555,,,
2000-01-21,70.0,73.0,69.0,72.35,1890,,,
2000-01-24,71.55,74.9,71.0,72.45,5667,,,
2000-01-25,72.0,72.9,67.1,68.7,27998,,,
2000-01-27,70.0,70.0,67.0,68.3,749,,,
2000-01-28,69.9,69.9,67.0,67.2,890,,,
2000-01-31,63.0,65.8,62.1,64.95,1762,,,
2000-02-01,64.8,65.8,60.1,62.85,1671,,,
2000-02-02,65.4,67.0,64.0,66.15,1009,,,
2000-02-03,65.0,66.0,63.5,64.6,420,,,
2000-02-04,68.9,68.9,61.2,62.0,1880,,,
2000-02-07,62.0,62.0,60.2,60.9,890,,,
2000-02-08,60.5,60.5,57.0,58.05,1594,,,
2000-02-09,61.0,62.3,59.0,59.85,3322,,,
2000-02-10,60.0,60.0,57.0,59.8,537,,,
2000-02-11,60.5,61.5,57.5,57.95,830,,,
2000-02-14,58.0,58.0,54.0,54.5,284,,,
2000-02-15,52.2,55.0,50.3,51.75,1889,,,
2000-02-16,52.1,54.5,51.0,51.4,1359,,,
2000-02-17,50.7,55.5,50.5,55.5,1191,,,
2000-02-18,56.0,56.5,52.0,54.0,830,,,
2000-02-21,55.0,55.0,50.0,50.25,1330,,,
2000-02-22,46.5,50.0,46.5,48.2,2001,,,
2000-02-23,51.0,51.0,48.5,48.5,1343,,,
2000-02-24,49.7,52.0,49.05,52.0,794,,,
2000-02-25,52.5,55.9,50.0,54.15,2287,,,
2000-02-28,55.0,58.5,55.0,58.5,3299,,,
2000-02-29,61.95,63.1,54.0,54.0,3530,,,
2000-03-01,56.0,58.3,54.0,55.0,4796,,,
2000-03-02,56.5,56.5,52.5,54.85,1195,,,
2000-03-03,51.1,56.0,51.1,55.0,1725,,,
2000-03-06,55.1,55.1,53.0,54.0,2553,,,
2000-03-07,56.5,56.5,50.5,51.05,1155,,,
2000-03-08,52.5,53.0,49.5,49.5,511,,,
2000-03-09,50.0,51.2,49.0,49.0,1900,,,
2000-03-10,50.0,50.0,47.5,47.5,788,,,
2000-03-13,45.5,47.0,45.5,46.3,310,,,
2000-03-14,46.0,46.0,44.0,44.3,3218,,,
2000-03-15,45.0,45.0,42.6,44.7,2286,,,
2000-03-16,47.5,47.5,42.0,42.2,549,,,
2000-03-21,40.5,43.0,39.0,39.8,1700,,,
2000-03-22,42.35,42.35,42.1,42.3,410,,,
2000-03-23,44.0,44.0,41.5,41.7,356,,,
2000-03-24,41.05,41.05,38.35,38.35,1282,,,
2000-03-27,39.5,40.1,38.0,39.5,880,,,
2000-03-28,38.6,41.5,37.0,40.8,2873,,,
2000-03-29,42.4,42.5,40.5,40.55,662,,,
2000-03-30,40.9,40.9,37.5,40.4,491,,,
2000-03-31,40.2,40.9,39.5,40.9,3100,,,
2000-04-03,40.0,41.5,38.0,39.55,834,,,
2000-04-04,36.55,38.0,36.5,37.5,2673,,,
2000-04-05,36.2,40.15,36.0,39.5,51,,,
2000-04-06,38.0,38.4,36.4,37.35,635,,,
2000-04-07,37.7,40.35,37.1,40.05,2149,,,
2000-04-10,43.0,43.25,41.7,43.0,1064,,,
2000-04-11,41.5,42.3,40.0,41.4,1760,,,
2000-04-12,41.6,42.2,41.3,42.2,335,,,
2000-04-13,40.0,41.5,40.0,41.4,1241,,,
2000-04-17,40.1,40.1,38.1,38.4,653,,,
2000-04-18,40.9,41.0,38.0,41.0,281,,,
2000-04-19,41.2,41.2,40.0,40.0,576,,,
2000-04-20,40.8,40.8,37.0,38.2,206,,,
2000-04-24,36.2,36.2,35.25,36.0,170,,,
2000-04-25,36.0,36.0,33.15,33.95,840,,,
2000-04-26,36.1,36.1,34.5,35.6,1892,,,
2000-04-27,35.0,35.0,34.1,34.7,447,,,
2000-04-28,35.3,35.3,34.5,34.9,375,,,
2000-05-02,35.0,35.0,32.5,33.85,925,,,
2000-05-03,32.5,34.5,31.2,32.1,616,,,
2000-05-04,33.0,33.5,31.8,33.0,446,,,
2000-05-05,33.0,34.1,32.0,33.8,1221,,,
2000-05-08,33.5,35.5,33.5,34.3,197,,,
2000-05-09,33.0,34.5,32.8,32.8,439,,,
2000-05-10,34.1,34.1,32.0,32.15,681,,,
2000-05-11,31.3,32.1,31.2,31.5,296,,,
2000-05-12,31.0,31.0,29.25,29.25,383,,,
2000-05-15,28.6,29.0,28.0,28.15,851,,,
2000-05-16,28.5,30.4,25.9,29.25,1951,,,
2000-05-17,30.75,30.75,29.7,29.75,55,,,
2000-05-18,30.7,31.35,30.45,30.8,285,,,
2000-05-19,30.1,31.8,30.1,31.2,10158,,,
2000-05-22,31.7,32.4,30.6,31.65,325,,,
2000-05-23,30.6,31.2,29.5,31.05,10746,,,
2000-05-24,32.0,32.0,31.0,31.0,50,,,
2000-05-25,31.0,32.5,31.0,32.3,210,,,
2000-05-26,32.0,32.5,31.4,32.15,285,,,
2000-05-29,32.15,33.1,31.55,31.55,171,,,
2000-05-30,32.4,32.75,31.3,32.4,400,,,
2000-05-31,32.0,33.2,31.6,32.65,853,,,
2000-06-01,31.75,31.75,30.8,31.4,361,,,
2000-06-02,31.5,31.8,31.0,31.8,295,,,
2000-06-05,32.5,33.0,31.55,31.7,591,,,
2000-06-06,31.6,31.7,31.0,31.1,480,,,
2000-06-07,31.5,31.5,30.6,30.9,5025,,,
2000-06-08,31.5,31.5,30.0,31.0,758,,,
2000-06-09,30.3,31.0,30.1,30.2,331,,,
2000-06-12,30.4,30.4,30.4,30.4,21,,,
2000-06-13,29.5,30.4,29.1,30.2,394,,,
2000-06-14,31.5,31.5,30.5,30.5,40,,,
2000-06-15,30.5,30.5,30.5,30.5,40,,,
2000-06-16,30.4,30.4,29.5,29.5,505,,,
2000-06-19,29.0,30.25,29.0,30.0,305,,,
2000-06-20,30.0,31.0,30.0,30.2,721,,,
2000-06-21,30.75,31.5,30.0,30.0,821,,,
2000-06-22,30.0,30.5,29.8,29.8,735,,,
2000-06-23,30.0,30.0,29.1,29.9,580,,,
2000-06-26,29.0,29.0,28.5,29.0,345,,,
2000-06-27,29.0,29.0,28.0,28.2,651,,,
2000-06-28,28.3,28.5,27.4,27.5,54930,,,
2000-06-29,28.2,28.2,26.0,27.5,4111,,,
2000-06-30,27.5,27.5,27.1,27.5,249,,,
2000-07-03,26.0,28.0,26.0,28.0,751,,,
2000-07-04,28.0,28.0,27.2,28.0,634,,,
2000-07-05,29.0,29.0,28.7,28.8,57,,,
2000-07-06,28.7,28.7,28.1,28.1,511,,,
2000-07-07,28.1,28.2,27.6,27.7,174,,,
2000-07-10,28.2,29.9,27.6,27.6,660,,,
2000-07-11,27.2,27.5,26.4,27.0,1021,,,
2000-07-12,26.2,27.0,26.2,26.85,1690,,,
2000-07-13,25.5,27.4,24.75,27.3,940,,,
2000-07-14,26.4,27.0,25.9,26.2,1310,,,
2000-07-17,25.8,26.5,25.8,26.0,3699,,,
2000-07-18,25.8,26.4,25.8,25.9,1684,,,
2000-07-19,26.3,26.3,25.9,25.95,482,,,
2000-07-20,26.4,26.4,25.6,25.6,488,,,
2000-07-21,25.5,26.4,25.5,25.8,833,,,
2000-07-24,24.9,25.9,24.7,25.6,688,,,
2000-07-25,25.9,26.8,24.4,26.6,563,,,
2000-07-26,25.0,26.7,25.0,25.0,695,,,
2000-07-27,25.0,25.5,25.0,25.2,305,,,
2000-07-28,24.8,25.3,24.5,25.1,1538,,,
2000-07-31,24.9,25.5,23.9,25.35,560,,,
2000-08-01,26.4,26.4,24.5,25.25,716,,,
2000-08-02,25.5,25.5,24.8,25.0,180,,,
2000-08-03,25.5,25.5,25.1,25.2,65,,,
2000-08-04,25.4,25.4,25.15,25.3,179,,,
2000-08-07,25.4,27.0,24.5,24.7,247,,,
2000-08-08,25.4,25.8,25.05,25.8,971,,,
2000-08-09,26.5,26.5,25.0,25.4,145,,,
2000-08-10,25.8,26.0,25.8,26.0,210,,,
2000-08-11,25.8,25.8,24.5,24.9,5678,,,
2000-08-14,24.8,24.8,24.5,24.5,206,,,
2000-08-16,25.4,25.5,25.4,25.4,100,,,
2000-08-17,24.0,25.0,23.6,23.75,415,,,
2000-08-18,23.95,24.0,23.6,24.0,10226,,,
2000-08-21,24.1,24.1,23.5,23.85,11065,,,
2000-08-22,23.7,24.0,22.8,23.6,374,,,
2000-08-23,24.0,24.0,23.5,24.0,270,,,
2000-08-24,23.75,23.75,23.5,23.5,220,,,
2000-08-25,23.85,23.85,23.0,23.05,700,,,
2000-08-28,23.3,23.3,21.7,22.5,530,,,
2000-08-29,22.5,23.0,22.0,23.0,290,,,
2000-08-30,22.6,23.0,21.9,22.6,2990,,,
2000-08-31,22.25,22.5,22.2,22.5,345,,,
2000-09-04,23.0,23.8,23.0,23.8,100,,,
2000-09-05,22.9,23.8,22.9,23.25,240,,,
2000-09-06,23.8,23.8,23.0,23.5,500,,,
2000-09-07,23.5,23.5,22.55,23.2,584,,,
2000-09-08,23.4,23.4,22.3,22.3,417,,,
2000-09-11,23.2,24.1,23.2,24.1,653,,,
2000-09-12,26.0,26.0,23.0,23.8,2643,,,
2000-09-13,25.15,25.15,22.55,22.8,3970,,,
2000-09-14,21.9,23.1,21.9,22.5,1433,,,
2000-09-15,22.25,22.4,21.3,21.6,4166,,,
2000-09-18,21.1,22.0,21.0,21.5,2607,,,
2000-09-19,20.25,21.5,20.1,20.45,2661,,,
2000-09-20,21.4,21.4,20.6,20.8,1022,,,
2000-09-21,20.95,21.0,20.7,20.7,465,,,
2000-09-22,20.1,20.65,20.1,20.2,2021,,,
2000-09-25,20.5,21.6,20.5,20.85,1276,,,
2000-09-26,20.25,20.6,20.0,20.05,1230,,,
2000-09-27,20.0,20.45,20.0,20.2,1311,,,
2000-09-28,20.0,20.3,19.8,20.2,373,,,
2000-09-29,20.2,20.2,19.9,20.0,3376,,,
2000-10-03,20.5,20.5,19.6,20.05,490,,,
2000-10-04,20.15,20.2,19.8,19.9,526,,,
2000-10-05,19.95,20.0,19.8,19.8,533,,,
2000-10-06,19.55,19.85,19.3,19.4,300,,,
2000-10-09,19.2,20.0,18.6,19.55,335,,,
2000-10-10,19.5,19.5,18.5,18.65,625,,,
2000-10-11,18.0,19.5,18.0,19.0,613,,,
2000-10-12,18.5,18.5,18.2,18.4,395,,,
2000-10-13,18.6,18.6,17.2,17.35,703,,,
2000-10-16,17.8,18.5,16.8,16.8,1470,,,
2000-10-17,16.8,17.5,16.1,16.6,513,,,
2000-10-18,16.8,16.9,16.8,16.9,80,,,
2000-10-19,16.9,17.0,16.85,16.85,126,,,
2000-10-20,17.5,17.5,16.6,17.3,764,,,
2000-10-23,17.4,17.4,17.4,17.4,200,,,
2000-10-24,17.6,17.75,17.2,17.6,1275,,,
2000-10-25,18.0,18.4,17.5,18.0,5634,,,
2000-10-26,18.0,18.4,17.8,17.8,165,,,
2000-10-27,18.4,18.9,18.1,18.55,1321,,,
2000-10-30,18.5,18.8,18.2,18.25,1834,,,
2000-10-31,18.2,18.5,17.6,18.2,669,,,
2000-11-01,18.2,18.5,18.2,18.5,187,,,
2000-11-02,18.9,18.9,18.9,18.9,25,,,
2000-11-03,17.5,19.8,17.5,19.55,373,,,
2000-11-06,20.1,20.6,19.8,19.85,309,,,
2000-11-07,19.9,20.4,19.5,20.05,534,,,
2000-11-08,20.5,20.5,19.9,19.9,225,,,
2000-11-09,20.5,20.5,19.6,19.8,341,,,
2000-11-10,20.4,20.4,19.0,19.55,526,,,
2000-11-13,20.0,20.0,18.5,19.35,170,,,
2000-11-14,19.2,19.2,18.8,18.9,495,,,
2000-11-15,18.2,19.45,18.2,19.2,136,,,
2000-11-16,19.2,19.2,19.2,19.2,243,,,
2000-11-17,19.2,19.2,19.2,19.2,55,,,
2000-11-20,19.2,19.2,19.2,19.2,14,,,
2000-11-21,19.2,19.2,19.2,19.2,110,,,
2000-11-22,19.0,19.0,18.7,18.7,125,,,
2000-11-23,18.7,18.7,18.65,18.65,65,,,
2000-11-24,18.2,18.6,18.15,18.25,325,,,
2000-11-27,18.5,18.5,18.15,18.25,246,,,
2000-11-28,19.6,19.7,18.3,18.35,320,,,
2000-11-29,19.2,19.5,19.0,19.0,555,,,
2000-11-30,19.5,19.9,19.0,19.0,714,,,
2000-12-01,19.15,19.15,18.6,19.0,340,,,
2000-12-04,19.5,19.5,18.9,18.95,171,,,
2000-12-05,19.3,19.4,19.1,19.35,631,,,
2000-12-06,19.8,20.5,18.9,19.2,2315,,,
2000-12-07,19.3,19.35,19.0,19.05,744,,,
2000-12-08,19.1,19.35,19.0,19.1,1441,,,
2000-12-11,20.5,20.65,19.7,20.05,2669,,,
2000-12-12,20.45,21.65,19.7,21.65,35437,,,
2000-12-13,22.5,23.4,21.8,21.95,47322,,,
2000-12-14,22.2,22.6,21.5,21.6,16306,,,
2000-12-15,21.15,21.6,19.9,19.95,6813,,,
2000-12-18,19.8,20.3,19.5,20.05,6216,,,
2000-12-19,19.6,20.15,18.45,18.5,19953,,,
2000-12-20,18.7,19.1,18.6,19.05,2736,,,
2000-12-21,18.8,18.95,18.2,18.6,1548,,,
2000-12-22,18.4,18.9,18.35,18.4,4909,,,
2000-12-26,18.5,18.7,17.5,18.0,5318,,,
2000-12-27,18.4,18.7,18.1,18.3,587,,,
2000-12-28,18.7,18.8,18.5,18.8,600,,,
2000-12-29,18.65,18.85,18.65,18.85,1214,,,
2001-01-01,18.9,19.4,18.9,19.25,1685,,,
2001-01-02,18.8,19.5,18.8,19.25,2142,,,
2001-01-03,19.65,20.1,19.4,20.0,17605,,,
2001-01-04,20.2,20.2,19.2,19.3,5168,,,
2001-01-05,19.2,19.2,19.0,19.05,4633,,,
2001-01-08,19.6,19.6,18.0,18.3,8549,,,
2001-01-09,18.1,18.5,17.85,17.9,4986,,,
2001-01-10,18.2,18.2,17.55,17.55,5501,,,
2001-01-11,17.95,17.95,17.45,17.65,2053,,,
2001-01-12,17.6,17.6,17.2,17.35,1947,,,
2001-01-15,17.5,18.0,17.5,17.55,8087,,,
2001-01-16,17.6,18.9,17.5,17.65,6287,,,
2001-01-17,18.1,18.1,17.5,17.55,4817,,,
2001-01-18,17.8,17.8,17.6,17.65,935,,,
2001-01-19,17.75,17.75,17.4,17.6,5282,,,
2001-01-22,17.5,17.85,17.5,17.7,5242,,,
2001-01-23,17.65,17.9,17.2,17.4,5545,,,
2001-01-24,17.55,17.9,17.55,17.7,1974,,,
2001-01-25,17.7,17.75,17.4,17.5,1977,,,
2001-01-29,17.3,17.3,16.6,17.1,1929,,,
2001-01-30,17.3,17.45,16.85,17.05,3974,,,
2001-01-31,17.1,18.3,17.1,17.55,1111,,,
2001-02-01,17.7,17.7,17.2,17.4,841,,,
2001-02-02,17.35,17.75,17.0,17.15,4578,,,
2001-02-05,17.5,17.5,17.2,17.25,1586,,,
2001-02-06,17.3,17.5,16.8,17.25,4557,,,
2001-02-07,18.0,18.0,17.25,17.5,5406,,,
2001-02-08,18.0,18.9,17.7,18.4,14767,,,
2001-02-09,19.4,19.9,19.4,19.9,55504,,,
2001-02-12,19.9,21.3,19.7,19.95,49869,,,
2001-02-13,20.2,20.3,18.35,18.7,23626,,,
2001-02-14,19.6,19.6,18.6,18.8,16891,,,
2001-02-15,19.05,19.05,18.7,18.8,12976,,,
2001-02-16,18.7,18.9,17.4,17.6,13021,,,
2001-02-19,17.5,18.05,17.5,17.85,5974,,,
2001-02-20,17.85,18.2,17.1,17.45,20668,,,
2001-02-21,17.8,18.1,17.6,18.0,9040,,,
2001-02-22,17.95,18.0,17.25,17.5,10223,,,
2001-02-23,17.5,17.6,16.4,16.5,15725,,,
2001-02-26,17.5,17.5,16.2,16.7,8079,,,
2001-02-27,16.3,16.8,15.55,15.65,14192,,,
2001-02-28,16.0,16.65,15.9,16.5,9306,,,
2001-03-01,17.4,17.4,16.6,16.65,7275,,,
2001-03-02,16.8,16.8,15.5,15.65,4995,,,
2001-03-05,15.6,16.2,14.9,15.05,10590,,,
2001-03-07,16.0,16.0,14.7,15.35,5884,,,
2001-03-08,15.5,15.8,15.35,15.45,3498,,,
2001-03-09,14.6,15.4,14.35,14.95,3968,,,
2001-03-12,14.45,15.0,14.0,14.1,4435,,,
2001-03-13,13.0,14.0,13.0,13.0,5649,,,
2001-03-14,12.5,13.9,12.5,13.45,2515,,,
2001-03-15,13.0,13.9,12.8,13.4,2284,,,
2001-03-16,13.3,13.7,13.3,13.45,908,,,
2001-03-19,13.8,13.9,13.5,13.6,1502,,,
2001-03-20,13.7,13.7,13.1,13.45,2067,,,
2001-03-21,12.8,13.65,12.8,13.4,1000,,,
2001-03-22,13.4,13.6,13.3,13.3,1085,,,
2001-03-23,13.4,13.4,12.8,13.0,1120,,,
2001-03-26,13.0,13.4,12.2,13.0,1305,,,
2001-03-27,13.0,13.6,12.85,13.35,2533,,,
2001-03-28,13.7,14.1,13.45,13.55,2460,,,
2001-03-29,13.4,13.4,13.0,13.1,1740,,,
2001-03-30,13.3,13.3,12.8,12.95,980,,,
2001-04-02,12.2,12.85,12.0,12.8,825,,,
2001-04-03,12.65,12.8,12.3,12.4,2377,,,
2001-04-04,12.5,12.5,11.6,11.95,4076,,,
2001-04-06,12.1,12.1,11.6,11.8,6543,,,
2001-04-09,11.8,11.9,11.5,11.8,2350,,,
2001-04-10,11.6,11.65,11.5,11.5,2032,,,
2001-04-11,11.4,11.5,11.25,11.35,1376,,,
2001-04-12,11.3,11.3,10.75,10.8,2873,,,
2001-04-16,11.0,11.0,10.35,10.6,2156,,,
2001-04-17,10.6,10.75,10.3,10.65,1120,,,
2001-04-18,10.75,11.5,10.75,11.4,26932,,,
2001-04-19,11.5,12.05,11.25,11.3,28587,,,
2001-04-20,11.3,11.5,10.8,11.05,2074,,,
2001-04-23,10.8,11.2,10.8,11.1,2025,,,
2001-04-24,10.75,11.95,10.75,11.7,3110,,,
2001-04-25,12.0,12.35,11.55,11.75,3080,,,
2001-04-26,11.85,12.0,11.5,11.6,1988,,,
2001-04-27,11.5,11.6,11.1,11.5,5934,,,
2001-04-30,11.3,11.55,11.3,11.45,28143,,,
2001-05-02,12.0,12.0,11.4,11.7,148,,,
2001-05-03,11.3,11.5,11.0,11.05,1868,,,
2001-05-04,11.1,11.2,11.0,11.05,2344,,,
2001-05-07,11.5,11.9,11.45,11.45,1192,,,
2001-05-08,11.45,11.6,11.3,11.55,1540,,,
2001-05-09,11.55,11.75,11.55,11.6,875,,,
2001-05-10,11.55,11.7,11.4,11.4,1210,,,
2001-05-11,11.5,11.7,11.25,11.4,486,,,
2001-05-14,11.15,12.3,11.1,12.2,3388,,,
2001-05-15,11.5,13.15,11.5,11.95,18988,,,
2001-05-16,12.4,12.4,12.0,12.25,22895,,,
2001-05-17,12.3,12.4,12.0,12.1,6515,,,
2001-05-18,12.2,12.2,12.0,12.05,4031,,,
2001-05-21,12.05,12.1,11.9,11.9,4906,,,
2001-05-22,11.9,12.0,11.8,11.95,6739,,,
2001-05-23,11.9,12.8,11.9,12.5,25974,,,
2001-05-24,12.55,13.25,12.35,12.7,93371,,,
2001-05-25,12.9,12.9,12.4,12.45,17734,,,
2001-05-28,12.5,12.8,12.4,12.65,45158,,,
2001-05-29,12.65,13.65,12.5,13.65,144498,,,
2001-05-30,14.55,14.75,14.2,14.75,216308,,,
2001-05-31,14.3,14.8,13.55,13.85,86940,,,
2001-06-01,13.6,14.2,12.8,12.85,55086,,,
2001-06-04,13.05,13.45,12.5,12.7,51876,,,
2001-06-05,12.8,13.0,11.9,12.05,74966,,,
2001-06-06,12.3,12.5,12.1,12.15,27632,,,
2001-06-07,12.05,12.3,11.7,11.85,32361,,,
2001-06-08,12.0,12.05,11.8,11.85,40257,,,
2001-06-11,11.7,11.9,11.6,11.75,9489,,,
2001-06-12,11.75,12.45,11.7,12.25,50354,,,
2001-06-13,12.3,12.65,12.2,12.35,38398,,,
2001-06-14,12.25,12.3,11.8,11.85,17556,,,
2001-06-15,11.7,11.7,11.1,11.3,44047,,,
2001-06-18,11.05,11.25,10.5,10.85,23686,,,
2001-06-19,10.8,11.2,10.6,10.95,32490,,,
2001-06-20,10.9,10.9,10.4,10.55,10132,,,
2001-06-21,10.5,10.6,10.4,10.4,4898,,,
2001-06-22,10.5,10.5,10.0,10.15,6736,,,
2001-06-25,10.0,10.05,9.8,9.85,5409,,,
2001-06-26,9.95,10.45,9.8,10.4,9301,,,
2001-06-27,10.5,10.6,10.25,10.35,3531,,,
2001-06-28,10.6,10.6,10.2,10.3,1282,,,
2001-06-29,10.4,10.6,10.2,10.35,8588,,,
2001-07-02,10.25,10.3,10.0,10.2,1476,,,
2001-07-03,10.2,10.25,10.0,10.0,810,,,
2001-07-04,10.0,10.1,10.0,10.1,670,,,
2001-07-05,10.2,10.2,9.9,10.0,5946,,,
2001-07-06,10.15,10.6,10.15,10.4,6364,,,
2001-07-09,10.8,10.8,10.3,10.4,1737,,,
2001-07-10,10.4,10.5,10.3,10.45,715,,,
2001-07-11,10.3,10.6,10.3,10.5,2630,,,
2001-07-12,10.4,10.55,10.4,10.4,500,,,
2001-07-13,10.7,10.7,10.5,10.6,1650,,,
2001-07-16,10.65,11.0,10.65,11.0,7167,,,
2001-07-17,10.9,11.0,10.8,10.9,1468,,,
2001-07-18,11.0,11.0,10.6,10.6,2457,,,
2001-07-19,10.6,10.9,10.4,10.8,6805,,,
2001-07-20,10.6,10.75,10.5,10.5,1884,,,
2001-07-24,10.7,10.8,10.4,10.75,1474,,,
2001-07-25,10.4,10.55,10.2,10.2,8067,,,
2001-07-26,10.1,10.4,10.0,10.2,7282,,,
2001-07-27,10.4,10.4,10.3,10.4,195,,,
2001-07-30,10.4,10.5,10.35,10.5,6907,,,
2001-07-31,10.4,10.6,10.4,10.5,1027,,,
2001-08-01,10.45,10.45,10.4,10.4,205,,,
2001-08-02,10.2,10.6,10.2,10.55,1190,,,
2001-08-03,10.8,10.9,10.6,10.75,3110,,,
2001-08-06,10.95,11.0,10.85,10.85,894,,,
2001-08-07,10.9,11.0,10.6,10.8,1880,,,
2001-08-08,10.7,10.7,10.6,10.65,2155,,,
2001-08-09,10.8,11.05,10.8,10.9,4250,,,
2001-08-10,11.4,11.4,10.8,10.85,917,,,
2001-08-13,11.0,11.0,10.8,10.9,1235,,,
2001-08-14,11.0,11.0,10.6,10.6,365,,,
2001-08-16,10.7,10.9,10.7,10.8,1360,,,
2001-08-17,10.9,11.0,10.7,10.85,2371,,,
2001-08-20,10.9,11.1,10.85,11.1,1591,,,
2001-08-21,11.2,11.3,11.0,11.05,2951,,,
2001-08-23,11.25,11.25,11.0,11.1,945,,,
2001-08-24,11.05,11.1,11.0,11.05,621,,,
2001-08-27,11.0,11.2,11.0,11.0,763,,,
2001-08-28,11.0,11.2,11.0,11.1,914,,,
2001-08-29,11.2,11.3,11.1,11.25,3267,,,
2001-08-30,11.0,11.4,11.0,11.1,860,,,
2001-08-31,11.1,11.1,11.0,11.0,1174,,,
2001-09-03,11.8,11.8,11.0,11.1,1045,,,
2001-09-04,12.85,12.85,11.1,11.45,4026,,,
2001-09-05,11.4,11.7,11.4,11.55,3097,,,
2001-09-06,11.8,12.0,11.5,11.6,5805,,,
2001-09-07,11.4,11.6,11.4,11.55,760,,,
2001-09-10,11.5,11.55,11.2,11.25,2721,,,
2001-09-11,11.3,11.8,11.3,11.6,8080,,,
2001-09-12,11.05,11.6,11.0,11.5,7190,,,
2001-09-13,11.4,11.4,11.2,11.25,1116,,,
2001-09-14,11.2,11.2,10.4,10.6,7100,,,
2001-09-17,10.15,10.2,8.5,9.95,8890,,,
2001-09-18,10.2,10.4,10.0,10.2,4017,,,
2001-09-19,10.2,10.4,10.2,10.35,2032,,,
2001-09-20,10.2,10.3,10.0,10.05,2083,,,
2001-09-21,10.0,10.15,9.9,10.0,655,,,
2001-09-24,9.95,10.15,9.75,10.0,3329,,,
2001-09-25,10.4,10.4,10.0,10.0,2245,,,
2001-09-26,10.1,10.2,10.05,10.2,210,,,
2001-09-27,10.45,10.45,10.3,10.3,341,,,
2001-09-28,10.2,10.6,10.2,10.35,744,,,
2001-10-01,10.7,10.7,10.55,10.55,1500,,,
2001-10-03,10.7,10.75,10.4,10.4,3090,,,
2001-10-04,10.7,10.7,10.5,10.65,565,,,
2001-10-05,10.7,10.7,10.3,10.35,1936,,,
2001-10-08,10.35,10.6,10.35,10.5,1031,,,
2001-10-09,10.6,10.7,10.5,10.7,1545,,,
2001-10-10,10.8,11.0,10.8,10.95,1130,,,
2001-10-11,11.8,11.8,10.95,11.0,2027,,,
2001-10-12,11.2,11.5,11.2,11.45,2340,,,
2001-10-15,11.4,11.45,11.1,11.4,1045,,,
2001-10-16,11.55,11.55,11.3,11.45,705,,,
2001-10-17,11.8,11.8,11.2,11.5,800,,,
2001-10-18,11.65,11.65,11.1,11.3,568,,,
2001-10-19,11.4,11.65,11.3,11.5,919,,,
2001-10-22,11.45,11.8,11.45,11.7,1794,,,
2001-10-23,11.75,12.0,11.75,12.0,6519,,,
2001-10-24,11.5,12.0,11.5,11.9,3840,,,
2001-10-25,11.75,12.2,11.7,12.0,5937,,,
2001-10-29,11.6,12.5,11.5,12.35,5498,,,
2001-10-30,12.35,12.4,11.9,12.0,2997,,,
2001-10-31,12.2,12.2,11.7,11.75,1107,,,
2001-11-01,11.8,12.0,11.8,11.9,260,,,
2001-11-02,12.0,12.85,12.0,12.5,14998,,,
2001-11-05,12.9,13.1,12.5,12.85,10920,,,
2001-11-06,12.8,13.1,12.7,12.8,5523,,,
2001-11-07,12.55,13.0,12.55,12.9,10303,,,
2001-11-08,12.85,13.0,12.85,12.9,10225,,,
2001-11-09,13.1,13.3,12.1,12.7,2713,,,
2001-11-12,12.5,12.7,12.35,12.45,565,,,
2001-11-13,12.65,12.7,12.15,12.5,915,,,
2001-11-14,12.15,12.5,12.1,12.35,384,,,
2001-11-15,12.5,12.6,12.3,12.45,560,,,
2001-11-19,12.6,12.7,12.3,12.4,990,,,
2001-11-20,12.2,12.7,12.2,12.5,1951,,,
2001-11-21,12.5,12.9,12.5,12.65,3406,,,
2001-11-22,12.8,13.45,12.8,13.25,11025,,,
2001-11-23,13.3,14.1,13.2,13.4,31842,,,
2001-11-26,13.8,14.0,13.4,13.55,3785,,,
2001-11-27,13.4,13.6,13.0,13.2,4771,,,
2001-11-28,13.3,13.7,12.95,13.0,11852,,,
2001-11-29,12.8,13.0,12.8,12.95,2164,,,
2001-12-03,13.5,13.5,12.9,13.0,3990,,,
2001-12-04,13.1,13.75,13.1,13.7,3057,,,
2001-12-05,11.85,14.0,11.85,13.75,5620,,,
2001-12-06,13.95,14.2,13.6,13.75,4092,,,
2001-12-07,13.75,14.1,13.5,13.9,4821,,,
2001-12-10,14.0,14.1,13.6,13.65,1295,,,
2001-12-11,13.5,13.6,13.5,13.5,1255,,,
2001-12-12,13.4,13.6,13.3,13.45,1565,,,
2001-12-13,13.0,13.4,13.0,13.05,2520,,,
2001-12-14,12.8,13.1,12.8,13.05,375,,,
2001-12-18,12.0,13.3,12.0,12.6,5644,,,
2001-12-19,12.6,12.65,12.5,12.55,3728,,,
2001-12-20,12.2,13.0,12.2,12.4,3059,,,
2001-12-21,12.25,12.5,12.2,12.35,605,,,
2001-12-24,10.5,12.3,10.5,12.2,990,,,
2001-12-26,12.5,12.6,12.5,12.5,1465,,,
2001-12-27,11.9,12.5,11.65,12.3,947,,,
2001-12-28,11.7,12.7,11.7,12.6,1020,,,
2001-12-31,13.0,13.2,13.0,13.0,360,,,
2002-01-01,12.6,12.9,12.6,12.9,180,,,
2002-01-02,13.0,13.5,13.0,13.35,3481,,,
2002-01-03,13.5,14.0,13.5,13.65,7034,,,
2002-01-04,14.0,15.35,14.0,15.2,25136,,,
2002-01-07,16.0,16.0,15.05,15.4,14407,,,
2002-01-08,15.7,15.7,15.0,15.25,8351,,,
2002-01-09,15.5,16.9,15.5,16.0,22270,,,
2002-01-10,16.0,16.9,16.0,16.7,11052,,,
2002-01-11,16.4,17.4,16.3,16.6,16036,,,
2002-01-14,17.1,18.85,17.1,18.25,21417,,,
2002-01-15,19.1,20.2,18.2,19.45,107009,,,
2002-01-16,19.1,20.9,19.1,20.55,59063,,,
2002-01-17,20.0,23.9,19.5,22.6,35693,,,
2002-01-18,22.9,25.0,22.9,24.15,44211,,,
2002-01-21,24.0,25.0,23.7,24.25,16356,,,
2002-01-22,24.4,28.7,23.8,27.65,28647,,,
2002-01-23,28.5,29.2,25.15,26.4,49190,,,
2002-01-24,27.0,27.0,22.8,23.7,29747,,,
2002-01-25,23.1,24.45,22.6,23.8,26782,,,
2002-01-28,21.7,24.9,21.7,24.05,9415,,,
2002-01-29,21.5,25.0,21.5,23.4,13559,,,
2002-01-30,22.85,23.4,22.85,23.2,6698,,,
2002-01-31,23.4,24.3,23.35,24.05,8669,,,
2002-02-01,25.0,25.4,24.35,24.55,19450,,,
2002-02-04,24.5,24.8,22.65,23.0,3893,,,
2002-02-05,22.2,24.4,22.2,23.05,3156,,,
2002-02-06,23.3,24.8,23.3,24.25,6508,,,
2002-02-07,24.5,25.2,23.65,24.0,64493,,,
2002-02-08,24.0,24.0,23.1,23.6,2405,,,
2002-02-11,24.0,24.4,23.5,24.0,11497,,,
2002-02-12,24.0,24.2,23.2,23.55,7339,,,
2002-02-13,20.3,24.0,20.3,23.55,6649,,,
2002-02-14,23.2,26.4,23.2,24.95,15326,,,
2002-02-15,28.9,28.9,25.0,25.3,21084,,,
2002-02-18,24.8,25.6,24.8,25.25,9017,,,
2002-02-19,25.3,25.5,24.8,25.05,5545,,,
2002-02-20,24.55,24.8,24.4,24.45,4896,,,
2002-02-21,24.7,25.0,24.1,24.55,4885,,,
2002-02-22,24.5,24.9,23.8,23.85,1855,,,
2002-02-25,24.1,24.5,23.5,24.0,5350,,,
2002-02-26,24.1,25.75,24.1,25.45,7256,,,
2002-02-27,26.0,26.5,25.5,26.0,24806,,,
2002-02-28,25.9,27.9,25.1,25.9,14753,,,
2002-03-01,25.5,26.1,25.5,25.9,1910,,,
2002-03-04,26.0,27.5,26.0,27.0,6841,,,
2002-03-05,27.1,27.8,24.5,25.6,6871,,,
2002-03-06,26.55,26.95,25.25,26.6,7993,,,
2002-03-07,27.15,27.15,25.5,25.5,5230,,,
2002-03-08,26.0,27.4,25.9,27.1,8555,,,
2002-03-11,26.25,27.45,26.25,27.2,5078,,,
2002-03-12,27.0,27.2,26.8,26.9,4099,,,
2002-03-13,26.5,27.6,26.3,27.45,4974,,,
2002-03-14,27.0,31.35,27.0,30.3,39746,,,
2002-03-15,30.6,32.35,29.7,31.4,35374,,,
2002-03-18,31.9,32.0,30.4,30.9,11038,,,
2002-03-19,30.9,31.2,30.2,30.85,5516,,,
2002-03-20,31.0,32.0,30.6,31.7,5449,,,
2002-03-21,32.0,34.2,32.0,33.35,11385,,,
2002-03-22,34.15,34.15,30.65,31.1,10047,,,
2002-03-26,30.5,31.0,30.5,30.75,2344,,,
2002-03-27,32.8,32.8,30.8,31.05,8012,,,
2002-03-28,31.0,31.9,30.7,31.7,6420,,,
2002-04-01,32.0,32.65,31.25,31.25,1413,,,
2002-04-02,31.05,31.8,31.05,31.2,2270,,,
2002-04-03,31.65,35.0,31.65,34.15,41915,,,
2002-04-04,34.0,35.5,33.4,33.6,11833,,,
2002-04-05,33.6,34.8,33.2,33.65,3699,,,
2002-04-08,34.5,34.5,32.9,33.6,6384,,,
2002-04-09,33.95,33.95,33.0,33.6,4776,,,
2002-04-10,33.2,34.0,33.2,33.65,1978,,,
2002-04-11,33.8,36.6,33.0,35.5,5432,,,
2002-04-12,35.5,36.25,34.6,35.95,6449,,,
2002-04-15,35.5,36.8,35.5,36.15,6198,,,
2002-04-16,35.8,37.0,35.8,36.05,7229,,,
2002-04-17,36.8,38.0,36.3,37.05,14793,,,
2002-04-18,37.2,37.8,36.95,37.4,2962,,,
2002-04-19,37.4,37.5,35.5,35.85,3582,,,
2002-04-22,34.7,36.2,34.7,35.25,1871,,,
2002-04-23,34.5,36.1,34.5,34.7,999,,,
2002-04-24,36.0,37.0,35.0,35.35,1799,,,
2002-04-25,35.7,35.8,35.2,35.4,2245,,,
2002-04-26,38.0,40.0,36.4,38.6,15192,,,
2002-04-29,38.2,38.4,34.6,34.8,12117,,,
2002-04-30,34.8,36.3,34.4,35.15,10813,,,
2002-05-02,36.0,36.0,35.0,35.0,2885,,,
2002-05-03,35.5,35.5,34.1,34.35,2559,,,
2002-05-06,34.6,34.8,33.0,33.4,3532,,,
2002-05-07,33.2,34.0,33.1,33.3,2230,,,
2002-05-08,33.4,34.2,33.4,33.55,1756,,,
2002-05-09,34.3,34.3,32.35,32.75,2568,,,
2002-05-10,32.5,32.5,30.5,31.5,5230,,,
2002-05-13,30.6,31.75,30.1,31.1,3602,,,
2002-05-14,31.05,31.4,30.6,30.7,2541,,,
2002-05-15,29.7,30.7,27.5,28.9,2495,,,
2002-05-16,28.4,30.1,28.0,29.2,5702,,,
2002-05-17,29.1,30.8,29.0,30.1,2048,,,
2002-05-20,30.0,30.4,28.7,30.0,4832,,,
2002-05-21,29.0,29.5,28.1,29.1,8101,,,
2002-05-22,28.9,29.3,28.8,29.05,3045,,,
2002-05-23,28.7,29.45,28.65,29.2,740,,,
2002-05-24,30.0,30.5,30.0,30.2,968,,,
2002-05-27,29.2,30.5,29.2,30.25,753,,,
2002-05-28,30.4,30.4,29.4,29.8,8091,,,
2002-05-29,30.0,30.75,29.6,30.45,1207,,,
2002-05-30,32.4,34.7,30.0,30.4,5425,,,
2002-05-31,30.65,31.8,30.6,31.45,927,,,
2002-06-03,31.8,31.8,30.9,31.4,700,,,
2002-06-04,31.4,31.75,30.0,31.15,1054,,,
2002-06-05,31.5,32.6,31.5,32.5,1061,,,
2002-06-06,32.0,32.0,31.7,31.85,565,,,
2002-06-07,31.0,31.8,30.0,31.5,933,,,
2002-06-10,32.2,32.2,31.0,31.85,543,,,
2002-06-11,32.2,34.0,31.4,31.85,365,,,
2002-06-12,32.1,32.7,32.0,32.4,1568,,,
2002-06-13,31.3,32.55,31.3,32.15,341,,,
2002-06-14,31.7,33.0,31.6,32.85,893,,,
2002-06-17,32.0,32.5,31.4,32.25,955,,,
2002-06-18,31.8,32.0,31.0,31.45,1364,,,
2002-06-19,34.0,34.0,31.5,31.95,949,,,
2002-06-20,31.7,31.7,31.0,31.25,831,,,
2002-06-21,30.6,31.0,30.25,30.8,1717,,,
2002-06-24,30.5,31.0,30.25,30.45,1007,,,
2002-06-25,30.25,31.0,30.25,30.8,673,,,
2002-06-26,30.3,31.95,30.0,30.2,1036,,,
2002-06-27,30.25,31.6,30.25,31.2,604,,,
2002-06-28,32.0,32.0,30.2,30.95,1170,,,
2002-07-01,31.5,31.7,30.5,31.65,1175,,,
2002-07-02,31.1,31.8,28.1,31.5,587,,,
2002-07-03,30.8,31.7,30.6,31.55,844,,,
2002-07-04,33.2,33.2,31.25,32.25,1465,,,
2002-07-05,31.1,31.9,31.0,31.75,926,,,
2002-07-08,31.3,33.5,31.3,32.6,1747,,,
2002-07-09,32.5,34.5,32.5,33.95,2711,,,
2002-07-10,34.3,34.5,33.5,34.25,2071,,,
2002-07-11,32.5,34.0,32.5,33.5,669,,,
2002-07-12,34.0,34.5,33.5,33.6,526,,,
2002-07-15,31.9,33.0,30.3,31.7,2026,,,
2002-07-16,32.0,32.05,31.0,31.3,480,,,
2002-07-17,31.0,31.0,30.7,30.8,883,,,
2002-07-18,31.0,31.9,31.0,31.45,617,,,
2002-07-19,31.2,32.5,31.2,31.65,565,,,
2002-07-22,30.7,31.35,28.2,29.7,2309,,,
2002-07-23,30.0,30.5,29.7,29.95,350,,,
2002-07-24,30.4,30.4,28.5,29.0,791,,,
2002-07-25,29.5,30.0,29.2,30.0,90,,,
2002-07-26,29.5,29.8,28.0,28.45,1703,,,
2002-07-29,28.5,28.5,26.5,27.0,2243,,,
2002-07-30,28.35,28.35,26.5,26.7,1405,,,
2002-07-31,27.0,27.0,25.6,26.45,2118,,,
2002-08-01,27.0,27.0,26.1,26.9,826,,,
2002-08-02,26.5,27.5,26.5,27.25,145,,,
2002-08-05,27.0,29.0,27.0,28.7,280,,,
2002-08-06,28.5,29.0,28.5,29.0,721,,,
2002-08-07,29.5,30.9,29.3,29.45,3036,,,
2002-08-08,30.0,30.0,29.0,29.05,965,,,
2002-08-09,30.0,30.0,29.1,29.7,541,,,
2002-08-12,29.0,29.8,28.8,29.35,724,,,
2002-08-13,29.0,29.6,28.9,28.95,956,,,
2002-08-14,29.8,30.0,29.0,29.95,501,,,
2002-08-16,29.5,30.0,29.5,29.8,513,,,
2002-08-19,30.0,30.0,29.5,30.0,701,,,
2002-08-20,29.2,30.9,29.2,30.7,385,,,
2002-08-21,30.2,30.2,30.0,30.0,4015,,,
2002-08-22,30.0,30.1,29.0,29.2,3465,,,
2002-08-23,29.25,29.25,29.0,29.0,1657,,,
2002-08-26,30.1,30.1,29.0,30.0,156,,,
2002-08-27,29.0,29.0,28.9,28.9,50,,,
2002-08-28,29.45,29.5,29.0,29.1,225,,,
2002-08-29,28.75,29.5,28.7,28.8,118,,,
2002-08-30,28.2,29.4,28.2,29.4,46,,,
2002-09-02,29.5,30.0,28.9,28.95,350,,,
2002-09-03,29.1,29.1,28.3,28.5,358,,,
2002-09-04,28.5,28.5,27.5,27.8,486,,,
2002-09-05,28.5,28.65,27.8,28.0,466,,,
2002-09-06,27.8,28.0,27.8,27.8,234,,,
2002-09-09,27.5,28.35,27.5,27.65,209,,,
2002-09-11,28.75,28.75,28.7,28.7,40,,,
2002-09-12,28.5,28.5,28.45,28.45,80,,,
2002-09-13,28.5,28.5,27.0,27.15,877,,,
2002-09-16,27.0,27.3,26.85,27.0,1556,,,
2002-09-17,27.0,27.15,27.0,27.15,180,,,
2002-09-18,27.2,27.2,27.0,27.0,85,,,
2002-09-19,27.0,27.1,27.0,27.1,22,,,
2002-09-20,26.95,27.0,26.95,26.95,457,,,
2002-09-23,27.65,27.65,27.2,27.2,279,,,
2002-09-24,27.0,27.0,26.5,26.9,120,,,
2002-09-25,26.95,26.95,26.3,26.6,125,,,
2002-09-27,27.3,27.3,26.8,27.0,519,,,
2002-09-30,26.5,27.05,26.3,27.0,411,,,
2002-10-01,26.5,26.5,26.5,26.5,215,,,
2002-10-03,26.35,27.0,26.35,26.35,305,,,
2002-10-04,26.35,27.0,26.35,26.55,77,,,
2002-10-07,26.55,26.6,26.55,26.6,100,,,
2002-10-08,26.4,27.5,26.4,27.0,164,,,
2002-10-09,26.5,27.2,26.2,27.2,90,,,
2002-10-10,27.2,27.2,27.2,27.2,25,,,
2002-10-11,27.3,27.3,26.55,26.55,50,,,
2002-10-14,27.0,28.2,27.0,27.9,670,,,
2002-10-16,27.0,27.85,26.8,27.35,672,,,
2002-10-17,27.25,29.0,27.25,28.5,553,,,
2002-10-18,28.6,30.0,27.8,29.3,827,,,
2002-10-21,28.55,30.0,28.55,29.35,628,,,
2002-10-22,28.6,29.0,28.5,28.9,485,,,
2002-10-23,28.5,29.5,28.0,29.2,445,,,
2002-10-24,28.55,28.55,28.0,28.0,38,,,
2002-10-25,27.6,28.5,26.9,27.05,171,,,
2002-10-28,29.0,29.0,26.5,27.25,130,,,
2002-10-29,27.5,27.5,27.5,27.5,110,,,
2002-10-30,27.5,27.5,27.5,27.5,175,,,
2002-10-31,27.5,28.0,27.5,27.6,150,,,
2002-11-01,29.2,29.2,27.5,27.75,50,,,
2002-11-04,29.2,29.2,27.5,27.7,91,,,
2002-11-05,28.0,28.0,28.0,28.0,11,,,
2002-11-07,28.0,28.4,27.6,28.4,70,,,
2002-11-08,28.45,28.5,27.7,27.7,65,,,
2002-11-11,28.5,28.5,27.45,27.75,595,,,
2002-11-12,27.3,27.4,27.3,27.4,15,,,
2002-11-13,28.1,28.1,27.7,27.7,20,,,
2002-11-14,27.7,27.7,27.5,27.5,205,,,
2002-11-15,27.5,27.55,27.5,27.5,115,,,
2002-11-18,28.0,28.1,27.5,28.0,1596,,,
2002-11-20,28.0,28.25,27.7,27.7,149,,,
2002-11-21,27.05,28.0,27.05,28.0,320,,,
2002-11-22,28.0,28.0,27.6,27.8,202,,,
2002-11-25,27.1,27.65,27.1,27.65,185,,,
2002-11-26,27.5,29.5,27.5,28.6,879,,,
2002-11-27,29.0,29.0,27.8,27.8,120,,,
2002-11-28,28.5,28.9,28.05,28.5,211,,,
2002-11-29,28.1,29.1,28.1,28.2,565,,,
2002-12-02,28.25,28.25,28.0,28.0,455,,,
2002-12-03,28.7,29.0,28.0,28.05,1055,,,
2002-12-04,27.8,28.25,27.8,28.0,510,,,
2002-12-05,28.1,28.1,28.0,28.05,325,,,
2002-12-06,28.0,28.0,28.0,28.0,375,,,
2002-12-09,28.5,28.5,28.0,28.4,403,,,
2002-12-10,27.9,28.1,27.9,28.0,30,,,
2002-12-11,28.0,28.5,28.0,28.0,940,,,
2002-12-12,28.2,28.2,28.2,28.2,50,,,
2002-12-13,28.0,28.45,28.0,28.35,1395,,,
2002-12-16,28.9,28.9,28.2,28.45,190,,,
2002-12-17,27.9,29.4,27.9,29.15,1411,,,
2002-12-18,29.1,29.5,28.7,29.15,2119,,,
2002-12-19,29.0,29.0,28.4,28.4,775,,,
2002-12-20,28.5,28.6,28.5,28.5,468,,,
2002-12-23,29.9,29.9,28.8,29.05,580,,,
2002-12-24,28.8,28.8,28.4,28.8,360,,,
2002-12-26,28.55,28.8,28.2,28.5,355,,,
2002-12-27,28.5,29.0,28.5,28.5,1241,,,
2002-12-30,28.55,29.1,28.55,29.0,624,,,
2002-12-31,28.7,28.9,28.7,28.85,250,,,
2003-01-01,28.7,29.5,28.55,29.0,370,,,
2003-01-02,29.5,29.5,28.6,28.8,175,,,
2003-01-03,28.9,28.9,28.9,28.9,110,,,
2003-01-06,29.1,29.1,28.0,28.0,4280,,,
2003-01-07,28.35,28.35,28.0,28.0,3325,,,
2003-01-08,28.0,28.5,28.0,28.5,5402,,,
2003-01-09,28.85,30.2,28.85,30.0,21028,,,
2003-01-10,29.9,30.0,29.2,29.2,725,,,
2003-01-13,29.2,30.5,29.2,29.3,446,,,
2003-01-14,30.4,30.5,29.15,29.5,345,,,
2003-01-15,29.5,29.6,29.0,29.0,301,,,
2003-01-16,29.6,29.6,28.1,28.3,490,,,
2003-01-17,28.25,28.45,27.9,28.45,1007,,,
2003-01-20,28.05,28.5,27.4,27.5,822,,,
2003-01-21,27.65,27.65,27.0,27.0,2505,,,
2003-01-22,27.4,27.7,27.4,27.5,75,,,
2003-01-23,27.0,27.15,26.9,27.05,1094,,,
2003-01-24,27.0,27.0,27.0,27.0,404,,,
2003-01-27,27.0,27.0,27.0,27.0,300,,,
2003-01-28,27.15,27.2,27.0,27.2,1403,,,
2003-01-29,27.4,27.4,27.0,27.0,223,,,
2003-01-30,27.0,27.2,27.0,27.0,5510,,,
2003-01-31,27.15,27.15,26.5,26.5,100,,,
2003-02-03,26.5,26.8,26.5,26.75,190,,,
2003-02-04,26.5,26.8,26.5,26.8,100,,,
2003-02-05,27.1,27.5,27.1,27.3,275,,,
2003-02-06,26.85,26.85,26.7,26.75,110,,,
2003-02-07,26.7,26.7,26.5,26.7,295,,,
2003-02-10,26.8,27.0,26.5,26.5,568,,,
2003-02-11,27.4,27.55,27.4,27.55,50,,,
2003-02-12,27.55,27.55,27.3,27.3,1060,,,
2003-02-14,26.5,26.65,26.5,26.5,85,,,
2003-02-17,26.6,27.0,26.5,27.0,450,,,
2003-02-18,27.0,27.45,26.65,26.95,687,,,
2003-02-19,26.7,27.0,26.7,27.0,230,,,
2003-02-20,26.55,27.0,26.55,26.8,568,,,
2003-02-21,27.0,27.0,27.0,27.0,25,,,
2003-02-24,26.8,26.8,26.5,26.55,100,,,
2003-02-25,26.5,27.2,26.0,26.2,802,,,
2003-02-26,26.5,26.5,26.5,26.5,20,,,
2003-02-27,26.5,26.8,26.5,26.75,511,,,
2003-02-28,26.5,26.5,26.5,26.5,25,,,
2003-03-03,26.5,26.8,26.5,26.5,256,,,
2003-03-04,26.5,26.5,26.2,26.2,295,,,
2003-03-05,26.05,26.05,26.05,26.05,3,,,
2003-03-06,26.5,26.5,26.15,26.15,935,,,
2003-03-07,26.0,26.4,26.0,26.15,220,,,
2003-03-10,25.8,26.3,25.5,25.7,1547,,,
2003-03-11,26.0,26.0,26.0,26.0,205,,,
2003-03-12,26.0,26.0,26.0,26.0,502,,,
2003-03-13,26.0,26.3,26.0,26.3,101,,,
2003-03-17,26.3,26.3,25.4,26.0,1053,,,
2003-03-19,26.0,26.0,26.0,26.0,140,,,
2003-03-20,26.0,26.0,25.65,26.0,4117,,,
2003-03-21,26.5,26.5,25.45,25.95,515,,,
2003-03-22,26.0,26.0,24.7,24.95,127,,,
2003-03-24,25.5,25.7,25.4,25.5,6135,,,
2003-03-25,25.8,25.8,25.8,25.8,1000,,,
2003-03-26,25.5,25.5,25.1,25.4,1882,,,
2003-03-27,25.5,25.5,25.2,25.3,610,,,
2003-03-28,25.5,25.7,25.25,25.35,387,,,
2003-03-31,24.0,25.65,24.0,25.35,820,,,
2003-04-01,25.0,25.15,24.7,24.9,852,,,
2003-04-02,25.05,25.5,25.05,25.25,12,,,
2003-04-03,25.2,25.3,25.2,25.3,113,,,
2003-04-04,26.3,26.3,25.3,25.3,736,,,
2003-04-07,25.35,25.8,25.35,25.8,22,,,
2003-04-08,25.6,27.0,25.5,26.0,310,,,
2003-04-09,25.85,25.9,25.85,25.9,110,,,
2003-04-11,25.0,25.2,24.9,25.2,300,,,
2003-04-15,25.2,25.45,25.0,25.45,4070,,,
2003-04-16,24.5,25.0,23.9,24.65,629,,,
2003-04-17,24.6,24.7,24.5,24.7,891,,,
2003-04-21,24.65,27.0,24.6,27.0,588,,,
2003-04-22,27.2,27.2,26.0,27.0,353,,,
2003-04-23,26.2,26.2,25.0,25.8,280,,,
2003-04-24,26.0,26.0,25.4,26.0,533,,,
2003-04-25,26.5,28.5,25.75,26.0,390,,,
2003-04-28,26.05,26.5,26.05,26.4,360,,,
2003-04-29,26.5,26.5,26.5,26.5,100,,,
2003-04-30,26.9,27.3,26.5,26.5,1557,,,
2003-05-02,27.05,27.4,27.0,27.15,520,,,
2003-05-05,27.2,27.5,27.0,27.0,336,,,
2003-05-06,27.25,27.25,27.0,27.0,500,,,
2003-05-07,27.2,27.25,26.2,26.2,890,,,
2003-05-08,26.3,26.4,26.0,26.0,322,,,
2003-05-09,26.25,26.5,25.9,26.5,1782,,,
2003-05-12,26.25,27.0,26.25,27.0,310,,,
2003-05-13,26.25,27.5,26.25,26.8,2344,,,
2003-05-14,27.0,28.5,26.9,28.0,1501,,,
2003-05-15,27.5,28.0,27.5,27.6,653,,,
2003-05-16,28.5,28.5,27.7,28.0,364,,,
2003-05-19,27.5,28.4,27.0,27.0,1186,,,
2003-05-21,26.4,28.4,26.4,28.0,705,,,
2003-05-22,28.0,29.0,27.4,28.75,967,,,
2003-05-23,28.5,28.5,27.85,28.3,739,,,
2003-05-26,28.5,28.5,27.15,27.45,351,,,
2003-05-27,27.9,28.0,27.5,27.5,878,,,
2003-05-28,28.2,28.5,27.4,28.0,141,,,
2003-05-29,28.45,28.5,28.0,28.15,651,,,
2003-05-30,28.2,28.5,27.7,28.2,855,,,
2003-06-02,28.5,30.5,28.5,29.75,5517,,,
2003-06-03,30.15,30.75,30.05,30.45,1191,,,
2003-06-04,30.5,30.8,30.25,30.4,916,,,
2003-06-05,30.5,31.5,30.5,31.1,1936,,,
2003-06-06,31.2,31.5,30.5,30.8,927,,,
2003-06-09,30.5,31.0,30.5,30.6,396,,,
2003-06-10,30.6,31.45,30.1,30.7,816,,,
2003-06-11,29.6,30.6,29.6,30.6,210,,,
2003-06-12,30.0,30.8,30.0,30.5,46,,,
2003-06-13,30.4,32.0,30.4,30.5,342,,,
2003-06-16,30.0,31.3,30.0,31.25,471,,,
2003-06-17,30.45,31.0,30.4,30.5,391,,,
2003-06-18,30.0,31.0,29.7,30.9,5574,,,
2003-06-19,31.5,31.5,29.5,30.0,630,,,
2003-06-20,31.0,31.0,30.5,30.5,675,,,
2003-06-23,30.1,30.1,30.0,30.0,489,,,
2003-06-24,30.0,30.3,30.0,30.25,2287,,,
2003-06-25,30.2,30.9,30.0,30.0,529,,,
2003-06-26,30.05,30.85,29.8,30.2,2355,,,
2003-06-27,30.1,30.5,29.6,29.6,718,,,
2003-06-30,27.5,31.45,27.5,31.45,1425,,,
2003-07-01,31.9,33.45,31.1,32.5,1723,,,
2003-07-02,32.8,33.5,30.6,31.05,2797,,,
2003-07-03,30.75,34.2,30.75,34.2,3733,,,
2003-07-04,34.1,36.8,34.0,34.15,3194,,,
2003-07-07,34.8,36.0,34.2,35.05,1543,,,
2003-07-08,35.5,36.8,34.5,36.25,5333,,,
2003-07-09,35.0,35.5,34.8,34.9,1161,,,
2003-07-10,35.0,35.7,34.0,35.25,934,,,
2003-07-11,35.5,35.95,35.0,35.0,787,,,
2003-07-14,35.4,35.5,34.3,34.5,1215,,,
2003-07-15,34.75,35.6,34.75,35.6,534,,,
2003-07-16,35.0,35.6,34.6,35.25,555,,,
2003-07-17,35.1,36.0,34.6,35.5,1054,,,
2003-07-18,32.5,36.0,32.5,35.3,2103,,,
2003-07-21,35.5,36.2,35.3,35.85,3691,,,
2003-07-22,36.0,36.0,35.1,35.1,1226,,,
2003-07-23,35.45,36.1,35.4,36.1,1422,,,
2003-07-24,36.0,36.1,35.1,35.1,1369,,,
2003-07-25,35.9,36.0,35.9,36.0,850,,,
2003-07-28,35.0,36.2,35.0,35.55,1151,,,
2003-07-29,36.0,36.1,35.0,35.0,2635,,,
2003-07-30,35.9,36.0,35.25,36.0,410,,,
2003-07-31,35.5,36.5,35.5,36.3,3060,,,
2003-08-01,35.35,37.0,35.35,36.2,1921,,,
2003-08-04,36.0,36.6,34.7,36.6,770,,,
2003-08-05,36.0,37.2,35.75,37.15,3976,,,
2003-08-06,35.9,37.0,35.9,36.7,625,,,
2003-08-07,36.75,36.75,36.3,36.55,1470,,,
2003-08-08,36.0,36.8,36.0,36.3,4308,,,
2003-08-11,36.0,37.0,36.0,37.0,700,,,
2003-08-12,36.35,37.0,36.0,36.25,14156,,,
2003-08-13,36.0,36.5,36.0,36.5,800,,,
2003-08-14,37.0,37.0,36.1,36.1,885,,,
2003-08-18,35.1,38.5,35.1,38.05,4180,,,
2003-08-19,38.5,40.0,38.5,39.65,4763,,,
2003-08-20,38.5,39.9,37.8,37.95,802,,,
2003-08-21,38.0,39.0,38.0,39.0,440,,,
2003-08-22,38.0,39.0,37.6,37.6,390,,,
2003-08-25,36.15,38.2,36.15,37.9,751,,,
2003-08-26,37.0,38.5,36.5,38.0,1549,,,
2003-08-27,36.8,37.8,36.8,37.5,1845,,,
2003-08-28,38.0,38.1,37.2,38.1,6863,,,
2003-08-29,38.0,40.0,38.0,38.6,11605,,,
2003-09-01,38.5,40.0,38.0,39.8,5449,,,
2003-09-02,40.4,40.5,40.0,40.0,2995,,,
2003-09-03,39.5,40.5,39.5,40.0,1763,,,
2003-09-04,40.0,40.6,40.0,40.0,2105,,,
2003-09-05,40.0,40.5,40.0,40.0,5321,,,
2003-09-08,40.0,41.0,40.0,40.35,1974,,,
2003-09-09,40.2,40.9,40.1,40.6,781,,,
2003-09-10,40.1,41.0,40.1,41.0,7550,,,
2003-09-11,41.0,41.0,40.5,41.0,7330,,,
2003-09-12,41.0,41.2,40.5,41.0,6784,,,
2003-09-15,41.0,41.0,40.0,40.0,1135,,,
2003-09-16,40.0,41.0,40.0,40.5,5530,,,
2003-09-17,40.9,41.0,40.0,40.0,2395,,,
2003-09-18,40.9,41.0,40.2,40.95,2725,,,
2003-09-19,41.0,41.0,40.25,40.35,2576,,,
2003-09-22,40.35,40.4,40.15,40.15,145,,,
2003-09-23,40.2,40.6,40.0,40.05,810,,,
2003-09-24,40.5,41.5,40.2,41.35,965,,,
2003-09-25,41.0,41.6,40.6,41.3,285,,,
2003-09-26,41.2,41.2,40.5,41.0,313,,,
2003-09-29,41.0,41.0,41.0,41.0,200,,,
2003-09-30,41.0,41.5,41.0,41.5,430,,,
2003-10-01,41.5,41.5,40.5,40.5,750,,,
2003-10-03,41.5,42.0,40.5,41.5,320,,,
2003-10-06,41.2,41.8,41.0,41.7,405,,,
2003-10-07,41.9,43.0,41.9,42.65,3350,,,
2003-10-08,42.0,42.5,41.65,41.7,3480,,,
2003-10-09,42.1,42.7,41.65,42.0,436,,,
2003-10-10,42.0,43.0,41.0,42.9,2638,,,
2003-10-13,43.0,44.0,43.0,44.0,4093,,,
2003-10-14,44.0,44.7,43.8,44.5,1970,,,
2003-10-15,45.0,45.0,44.45,44.5,4980,,,
2003-10-16,44.5,44.9,44.5,44.6,7180,,,
2003-10-17,44.9,45.0,44.5,44.85,4736,,,
2003-10-20,46.0,46.0,44.5,45.65,1450,,,
2003-10-21,45.0,47.0,44.5,45.05,2045,,,
2003-10-22,44.55,44.9,44.5,44.5,1064,,,
2003-10-23,42.6,45.0,42.6,43.55,1026,,,
2003-10-24,45.0,45.0,40.0,40.9,2630,,,
2003-10-25,44.75,44.75,41.5,44.0,40,,,
2003-10-27,43.2,45.0,42.0,44.25,1393,,,
2003-10-28,43.2,44.9,42.5,44.5,246,,,
2003-10-29,44.0,44.5,44.0,44.5,263,,,
2003-10-30,44.5,45.0,44.05,45.0,480,,,
2003-10-31,45.0,45.0,43.1,44.05,1042,,,
2003-11-03,44.0,45.0,42.1,44.5,2431,,,
2003-11-04,44.5,44.5,42.5,44.4,355,,,
2003-11-05,43.1,43.9,43.0,43.8,150,,,
2003-11-06,43.7,43.7,42.1,42.55,1163,,,
2003-11-07,42.8,45.7,42.2,45.2,5909,,,
2003-11-10,45.0,45.2,45.0,45.2,125,,,
2003-11-11,45.0,45.5,43.3,43.55,157,,,
2003-11-12,45.0,46.0,43.7,45.1,2837,,,
2003-11-13,44.5,45.2,43.7,43.7,458,,,
2003-11-14,43.5,44.8,42.5,44.8,150,,,
2003-11-15,42.5,46.7,42.5,46.05,912,,,
2003-11-17,43.8,45.2,43.5,45.2,9343,,,
2003-11-18,49.0,49.0,44.1,44.5,275,,,
2003-11-19,46.55,46.55,44.2,44.55,404,,,
2003-11-20,44.6,46.1,44.6,45.0,1115,,,
2003-11-21,45.0,47.4,45.0,47.2,1302,,,
2003-11-24,45.75,46.5,45.25,46.5,410,,,
2003-11-25,46.8,46.8,46.0,46.0,75,,,
2003-11-27,46.0,46.0,45.2,45.5,635,,,
2003-11-28,45.6,46.0,44.6,45.0,268,,,
2003-12-01,44.0,46.0,44.0,46.0,226,,,
2003-12-02,45.1,46.0,45.1,45.8,120,,,
2003-12-03,46.0,46.0,44.6,45.6,2423,,,
2003-12-04,45.8,46.0,45.1,45.4,1255,,,
2003-12-05,44.5,47.5,44.5,44.8,232,,,
2003-12-08,44.6,44.6,44.0,44.2,160,,,
2003-12-09,45.5,45.5,43.8,44.35,447,,,
2003-12-10,45.0,45.0,44.0,44.05,277,,,
2003-12-11,44.0,44.2,43.7,44.1,420,,,
2003-12-12,44.8,46.0,43.9,44.5,998,,,
2003-12-15,45.3,46.5,45.1,45.1,360,,,
2003-12-16,45.5,47.0,43.7,46.15,1204,,,
2003-12-17,47.5,50.75,47.2,50.1,3753,,,
2003-12-18,53.2,55.1,53.2,54.05,10619,,,
2003-12-19,54.5,55.0,52.2,52.45,2610,,,
2003-12-22,53.2,54.5,53.2,53.9,1873,,,
2003-12-23,53.25,54.2,52.9,54.0,1149,,,
2003-12-24,53.5,54.0,53.5,53.55,1774,,,
2003-12-26,55.0,55.0,52.0,53.0,1315,,,
2003-12-29,53.5,55.0,53.0,54.8,955,,,
2003-12-30,54.5,54.7,54.1,54.7,252,,,
2003-12-31,53.9,55.0,53.9,54.9,2280,,,
2004-01-01,55.0,55.0,53.65,54.3,482,,,
2004-01-02,54.2,56.0,54.2,54.7,1915,,,
2004-01-05,54.5,54.5,51.95,52.9,14724,,,
2004-01-06,52.5,53.9,51.0,53.2,2457,,,
2004-01-07,52.0,52.4,50.75,52.15,2397,,,
2004-01-08,50.0,51.8,50.0,50.65,1371,,,
2004-01-09,52.5,53.0,51.5,52.5,9816,,,
2004-01-12,51.2,53.5,51.2,53.2,7825,,,
2004-01-13,52.0,54.0,52.0,53.3,2593,,,
2004-01-14,52.1,53.5,52.1,53.35,4367,,,
2004-01-15,52.8,53.5,52.0,53.5,1410,,,
2004-01-16,51.5,54.0,51.5,53.3,2577,,,
2004-01-19,53.0,54.1,53.0,54.0,2075,,,
2004-01-20,52.5,54.0,52.5,53.6,1330,,,
2004-01-21,53.7,54.1,52.5,52.75,3647,,,
2004-01-22,53.0,53.0,52.5,53.0,7067,,,
2004-01-23,51.0,54.2,51.0,53.9,3043,,,
2004-01-27,51.0,53.0,51.0,53.0,330,,,
2004-01-28,51.5,52.5,50.55,50.75,310,,,
2004-01-29,52.45,53.5,52.45,52.8,1838,,,
2004-01-30,51.5,53.5,51.5,53.0,4553,,,
2004-02-03,52.5,52.5,51.0,51.5,2340,,,
2004-02-04,51.5,53.0,51.5,53.0,1165,,,
2004-02-05,50.1,54.0,50.1,52.75,1852,,,
2004-02-06,54.0,55.0,52.8,53.8,1066,,,
2004-02-09,52.5,54.1,52.5,53.55,1609,,,
2004-02-10,54.0,54.0,52.0,53.5,5254,,,
2004-02-11,53.4,53.5,52.9,53.45,5402,,,
2004-02-12,52.5,53.6,52.5,53.5,3015,,,
2004-02-13,51.5,56.0,51.0,55.3,4063,,,
2004-02-16,56.0,56.1,55.0,55.05,1676,,,
2004-02-17,55.2,56.0,54.5,55.55,2264,,,
2004-02-19,53.5,54.5,53.5,54.5,68,,,
2004-02-20,54.5,54.6,53.8,54.5,22691,,,
2004-02-23,55.0,55.0,53.0,54.7,1491,,,
2004-02-24,54.0,54.0,49.5,52.1,30805,,,
2004-02-25,51.5,52.5,51.5,51.9,58,,,
2004-02-26,53.3,54.0,53.0,53.5,4704,,,
2004-02-27,53.6,54.5,53.6,54.5,3738,,,
2004-03-01,54.0,54.0,53.0,54.0,6142,,,
2004-03-03,55.5,55.5,54.5,54.5,1265,,,
2004-03-04,53.5,55.0,53.5,54.5,2223,,,
2004-03-05,54.5,54.5,54.0,54.5,1590,,,
2004-03-08,54.5,54.5,54.5,54.5,3135,,,
2004-03-09,54.5,54.6,54.5,54.6,1735,,,
2004-03-10,54.5,55.0,54.5,54.5,1140,,,
2004-03-11,54.0,54.5,51.5,53.6,2650,,,
2004-03-12,51.7,52.5,51.5,51.95,335,,,
2004-03-15,52.5,52.5,51.5,51.6,230,,,
2004-03-16,49.5,50.8,49.5,50.75,132,,,
2004-03-17,51.4,51.4,50.2,50.2,133,,,
2004-03-18,50.2,50.2,49.5,49.5,238,,,
2004-03-19,49.5,49.5,47.6,49.0,883,,,
2004-03-22,48.0,48.0,47.5,47.8,637,,,
2004-03-23,47.5,47.5,47.5,47.5,505,,,
2004-03-24,46.5,46.5,46.5,46.5,6,,,
2004-03-25,47.1,47.1,47.1,47.1,100,,,
2004-03-26,48.5,49.4,47.2,47.3,313,,,
2004-03-29,49.0,49.0,48.0,48.0,70,,,
2004-03-31,49.5,49.5,49.5,49.5,10,,,
2004-04-01,48.0,48.3,48.0,48.0,900,,,
2004-04-02,49.0,49.0,48.0,49.0,810,,,
2004-04-05,48.0,49.0,48.0,48.0,725,,,
2004-04-06,48.0,48.0,47.5,47.5,10,,,
2004-04-07,48.0,48.0,48.0,48.0,50,,,
2004-04-08,48.0,48.75,48.0,48.75,360,,,
2004-04-12,48.0,49.5,48.0,48.0,70,,,
2004-04-13,48.0,49.0,47.55,48.05,95,,,
2004-04-15,48.5,48.5,48.0,48.0,40,,,
2004-04-16,48.5,48.5,48.0,48.0,30,,,
2004-04-17,47.5,47.5,47.0,47.0,49,,,
2004-04-19,48.5,48.5,48.0,48.0,2076,,,
2004-04-20,48.0,48.0,48.0,48.0,79,,,
2004-04-21,48.0,48.2,48.0,48.2,80,,,
2004-04-22,48.2,48.2,48.0,48.0,150,,,
2004-04-23,49.0,49.0,48.0,48.0,3262,,,
2004-04-27,50.0,50.0,46.0,48.0,4240,,,
2004-04-28,48.1,49.5,48.0,48.0,3824,,,
2004-04-29,48.0,49.0,48.0,48.0,1374,,,
2004-04-30,48.1,48.1,47.0,47.6,39,,,
2004-05-03,48.0,48.0,48.0,48.0,105,,,
2004-05-04,48.0,49.5,48.0,48.0,2640,,,
2004-05-06,48.1,49.0,48.0,48.0,670,,,
2004-05-07,48.0,48.0,48.0,48.0,320,,,
2004-05-10,48.0,48.0,48.0,48.0,2075,,,
2004-05-11,47.5,47.5,46.5,46.5,26,,,
2004-05-13,46.5,47.5,45.5,47.5,212,,,
2004-05-14,46.0,46.0,43.0,44.0,1873,,,
2004-05-17,40.0,41.5,39.6,40.0,2093,,,
2004-05-18,42.0,42.5,41.5,41.5,935,,,
2004-05-19,42.0,42.5,41.0,41.05,960,,,
2004-05-20,42.1,43.0,42.0,42.0,120,,,
2004-05-21,41.5,42.05,40.1,42.05,100,,,
2004-05-24,43.5,43.5,43.5,43.5,50,,,
2004-05-25,42.1,45.3,41.8,41.8,57,,,
2004-05-26,42.1,43.3,42.0,43.0,264,,,
2004-05-28,42.5,42.5,41.5,41.6,81,,,
2004-05-31,40.2,41.5,40.2,41.5,160,,,
2004-06-01,40.5,41.5,39.5,41.5,590,,,
2004-06-02,41.85,43.0,41.5,42.5,278,,,
2004-06-03,41.5,42.0,41.5,41.5,600,,,
2004-06-04,41.5,42.5,41.5,42.5,131,,,
2004-06-08,41.5,41.5,41.0,41.0,223,,,
2004-06-09,41.0,41.0,40.95,40.95,10,,,
2004-06-10,40.9,40.9,40.3,40.5,165,,,
2004-06-11,40.8,40.8,40.3,40.3,114,,,
2004-06-14,40.8,40.8,39.5,39.5,214,,,
2004-06-16,38.9,39.5,38.6,38.9,139,,,
2004-06-17,39.0,39.0,39.0,39.0,10,,,
2004-06-23,37.6,37.6,36.3,36.3,125,,,
2004-06-24,37.2,37.5,37.0,37.5,755,,,
2004-06-25,37.5,37.5,37.2,37.2,1115,,,
2004-06-28,38.45,38.45,37.0,37.0,11,,,
2004-06-29,37.6,37.6,37.5,37.5,101,,,
2004-06-30,37.5,39.4,37.5,38.1,117,,,
2004-07-01,39.0,39.5,39.0,39.25,151,,,
2004-07-02,39.0,39.4,38.9,39.4,150,,,
2004-07-05,39.0,39.0,38.0,38.7,12,,,
2004-07-07,39.0,39.0,39.0,39.0,111,,,
2004-07-08,37.5,37.5,37.5,37.5,10,,,
2004-07-09,39.0,39.5,37.5,39.25,123,,,
2004-07-12,39.1,39.5,39.1,39.5,100,,,
2004-07-13,39.0,40.0,38.5,39.9,3391,,,
2004-07-14,40.0,40.0,40.0,40.0,1,,,
2004-07-15,39.9,41.5,39.9,40.75,60,,,
2004-07-16,40.0,40.0,38.6,40.0,924,,,
2004-07-19,39.0,40.5,39.0,40.0,110,,,
2004-07-20,40.0,40.0,40.0,40.0,25,,,
2004-07-21,39.1,39.1,39.0,39.0,75,,,
2004-07-23,39.7,39.7,39.7,39.7,3,,,
2004-07-26,35.8,40.0,35.8,39.6,410,,,
2004-07-27,39.8,39.9,39.4,39.7,270,,,
2004-07-28,39.7,39.7,39.1,39.1,100,,,
2004-07-29,39.55,39.55,39.5,39.5,130,,,
2004-07-30,40.0,40.7,39.8,40.1,1802,,,
2004-08-02,39.5,39.5,39.3,39.3,6,,,
2004-08-03,39.9,40.5,39.9,40.5,140,,,
2004-08-04,39.9,40.0,39.1,39.9,385,,,
2004-08-05,39.2,39.9,39.2,39.9,61,,,
2004-08-06,40.0,40.8,40.0,40.0,2004,,,
2004-08-09,40.1,40.1,40.0,40.0,40,,,
2004-08-10,40.0,40.5,40.0,40.2,95,,,
2004-08-11,40.0,40.5,40.0,40.3,1120,,,
2004-08-12,40.5,41.2,40.5,40.8,1424,,,
2004-08-13,40.4,40.8,40.0,40.05,95,,,
2004-08-16,40.6,41.0,40.1,40.85,850,,,
2004-08-17,41.0,43.5,41.0,42.5,474,,,
2004-08-18,42.5,44.5,42.5,44.4,512,,,
2004-08-19,44.5,44.5,41.55,42.0,332,,,
2004-08-20,42.6,43.3,42.0,42.05,435,,,
2004-08-23,41.5,42.9,40.9,40.9,1004,,,
2004-08-24,40.85,42.95,40.2,41.7,247,,,
2004-08-25,43.0,43.4,41.7,42.1,407,,,
2004-08-26,41.0,41.0,41.0,41.0,10,,,
2004-08-27,42.2,43.2,41.5,42.5,244,,,
2004-08-30,42.5,42.5,40.35,40.5,1262,,,
2004-08-31,40.7,40.9,40.2,40.4,851,,,
2004-09-01,40.7,41.9,40.6,41.25,296,,,
2004-09-02,42.2,42.2,41.6,41.65,74,,,
2004-09-03,42.5,42.5,41.45,42.1,58,,,
2004-09-06,42.1,42.4,41.9,42.35,27,,,
2004-09-07,42.9,42.9,41.6,41.6,120,,,
2004-09-08,42.5,42.6,41.7,42.5,92,,,
2004-09-09,42.5,42.5,41.0,42.3,110,,,
2004-09-10,41.0,42.0,40.9,41.95,29,,,
2004-09-13,42.5,43.4,41.0,41.0,93,,,
2004-09-14,43.0,43.0,41.2,41.2,700,,,
2004-09-15,42.85,42.85,41.7,42.25,188,,,
2004-09-16,42.0,42.0,42.0,42.0,20,,,
2004-09-17,42.8,42.8,42.0,42.5,45,,,
2004-09-20,42.6,43.2,42.5,43.2,1115,,,
2004-09-21,42.7,42.8,42.7,42.8,177,,,
2004-09-22,43.1,43.1,42.0,42.5,85,,,
2004-09-23,43.4,43.5,43.4,43.5,29,,,
2004-09-24,43.45,43.45,43.45,43.45,9,,,
2004-09-27,43.5,43.5,41.5,43.2,233,,,
2004-09-28,43.0,43.0,41.95,41.95,222,,,
2004-09-29,42.9,42.9,42.5,42.9,60,,,
2004-09-30,42.95,42.95,42.5,42.95,143,,,
2004-10-01,43.0,45.5,42.9,43.5,155,,,
2004-10-04,44.0,44.0,43.5,44.0,265,,,
2004-10-05,45.5,45.5,43.5,44.2,95,,,
2004-10-06,44.0,45.35,44.0,45.35,1771,,,
2004-10-07,45.5,48.2,45.5,47.6,1431,,,
2004-10-08,46.0,48.4,46.0,47.15,678,,,
2004-10-09,46.0,49.2,46.0,48.25,22,,,
2004-10-11,48.25,50.0,46.5,46.5,1590,,,
2004-10-12,45.9,46.2,45.5,46.0,1255,,,
2004-10-14,45.65,45.7,44.0,44.7,280,,,
2004-10-15,47.2,47.2,47.2,47.2,5,,,
2004-10-18,45.0,46.2,45.0,46.0,253,,,
2004-10-19,46.0,50.4,46.0,48.3,12742,,,
2004-10-20,49.0,51.0,46.6,47.35,6565,,,
2004-10-21,47.3,47.5,46.6,46.7,384,,,
2004-10-25,45.5,47.0,45.1,45.1,957,,,
2004-10-26,45.5,45.7,45.0,45.0,1833,,,
2004-10-27,45.5,45.5,45.0,45.0,411,,,
2004-10-28,45.05,45.4,45.0,45.2,308,,,
2004-10-29,45.2,45.2,44.0,44.2,602,,,
2004-11-01,45.0,48.6,45.0,46.35,20887,,,
2004-11-02,46.0,46.95,46.0,46.4,1099,,,
2004-11-03,47.3,47.3,46.4,46.8,192,,,
2004-11-04,47.85,48.9,46.5,46.6,1345,,,
2004-11-05,47.7,47.9,47.2,47.2,365,,,
2004-11-08,47.6,48.95,47.5,48.5,512,,,
2004-11-09,49.5,49.5,48.15,48.5,4123,,,
2004-11-10,48.75,48.9,48.1,48.65,200,,,
2004-11-11,48.8,49.9,47.7,48.2,376,,,
2004-11-12,48.5,50.2,48.5,49.25,960,,,
2004-11-16,51.35,51.5,48.5,50.5,3181,,,
2004-11-17,50.4,55.5,50.05,53.35,4470,,,
2004-11-18,55.5,58.0,54.5,55.3,6137,,,
2004-11-19,56.3,56.3,52.5,54.9,4293,,,
2004-11-22,54.4,54.9,52.95,54.15,251,,,
2004-11-23,56.5,56.5,52.2,55.4,967,,,
2004-11-24,54.0,56.5,54.0,55.75,2092,,,
2004-11-25,55.7,56.3,55.6,56.3,622,,,
2004-11-29,53.2,56.0,53.2,55.05,1855,,,
2004-11-30,55.5,56.0,54.4,54.4,471,,,
2004-12-01,53.8,55.0,53.8,54.85,22433,,,
2004-12-02,55.0,55.0,54.5,54.85,624,,,
2004-12-03,53.5,55.5,53.1,53.2,715,,,
2004-12-06,53.2,54.0,52.7,53.35,396,,,
2004-12-07,52.5,53.3,52.5,52.85,336,,,
2004-12-08,53.5,53.5,53.4,53.4,94,,,
2004-12-09,53.5,53.6,51.5,51.75,1338,,,
2004-12-10,51.7,52.8,51.65,52.1,585,,,
2004-12-13,52.0,52.0,50.6,50.95,1209,,,
2004-12-14,51.0,52.5,50.5,52.1,859,,,
2004-12-15,53.7,56.4,52.3,55.0,3773,,,
2004-12-16,57.8,57.8,53.5,54.6,3179,,,
2004-12-17,50.5,55.05,50.5,53.85,7124,,,
2004-12-20,52.5,56.0,52.5,54.25,4798,,,
2004-12-21,53.8,56.2,53.8,54.7,2080,,,
2004-12-22,55.0,55.5,54.0,54.5,198,,,
2004-12-23,54.5,55.0,54.15,54.95,215,,,
2004-12-24,55.0,56.0,53.1,55.75,3869,,,
2004-12-27,56.0,57.4,55.5,56.9,2950,,,
2004-12-28,56.5,57.5,55.6,56.8,2243,,,
2004-12-29,57.5,58.35,57.0,57.45,1199,,,
2004-12-30,58.0,59.8,57.0,58.25,1859,,,
2004-12-31,53.0,59.0,53.0,58.65,592,,,
2005-01-03,58.5,59.0,58.0,58.25,609,,,
2005-01-04,62.0,62.0,57.5,58.0,387,,,
2005-01-05,57.4,58.3,55.0,55.55,1146,,,
2005-01-06,54.1,55.0,54.0,54.05,3462,,,
2005-01-07,54.2,54.7,53.0,54.0,1574,,,
2005-01-10,55.0,55.0,54.0,54.05,407,,,
2005-01-11,51.7,54.0,51.7,52.65,1223,,,
2005-01-12,52.5,53.5,50.25,52.7,2231,,,
2005-01-13,53.0,53.0,52.5,52.5,1754,,,
2005-01-14,52.9,52.9,52.0,52.3,143,,,
2005-01-17,54.0,54.0,52.2,52.9,169,,,
2005-01-18,53.0,53.9,53.0,53.55,8010,,,
2005-01-19,53.1,53.35,52.1,52.1,16604,,,
2005-01-20,53.1,53.5,52.0,52.5,16093,,,
2005-01-24,52.1,53.5,51.8,52.65,5583,,,
2005-01-25,52.0,53.0,52.0,53.0,2037,,,
2005-01-27,52.5,57.6,52.0,55.9,2596,,,
2005-01-28,54.15,55.0,52.0,53.85,2202,,,
2005-01-31,55.0,56.85,55.0,55.1,1153,,,
2005-02-01,54.9,54.9,53.3,53.5,955,,,
2005-02-02,54.1,55.0,54.1,54.5,3115,,,
2005-02-03,54.55,55.5,54.55,55.0,501,,,
2005-02-04,54.05,55.0,54.05,54.95,731,,,
2005-02-07,54.5,55.8,54.0,54.6,330,,,
2005-02-08,55.0,56.0,55.0,55.15,482,,,
2005-02-09,56.0,56.0,55.15,55.5,1075,,,
2005-02-10,56.0,56.0,54.8,54.85,655,,,
2005-02-11,56.0,56.5,54.8,55.6,2624,,,
2005-02-14,56.0,58.5,56.0,56.75,4279,,,
2005-02-15,65.1,68.1,61.5,68.1,187944,,,
2005-02-16,68.3,69.9,66.8,68.15,158246,,,
2005-02-17,68.2,68.5,66.3,67.1,13483,,,
2005-02-18,66.7,68.1,66.7,67.1,9553,,,
2005-02-21,66.3,70.5,66.3,67.1,5046,,,
2005-02-22,67.3,67.3,66.5,66.5,3367,,,
2005-02-23,66.5,67.2,66.3,66.6,1351,,,
2005-02-24,66.5,67.6,66.5,66.7,1978,,,
2005-02-25,66.5,66.8,66.3,66.5,2468,,,
2005-02-28,66.2,66.9,65.5,66.5,1268,,,
2005-03-01,66.8,67.15,60.5,66.55,2473,,,
2005-03-02,66.5,69.0,66.5,67.0,1588,,,
2005-03-03,67.0,67.3,66.4,66.45,2884,,,
2005-03-04,67.2,67.2,65.8,66.5,3402,,,
2005-03-07,67.2,67.2,66.4,66.5,829,,,
2005-03-08,67.0,67.4,67.0,67.15,1563,,,
2005-03-09,65.2,67.3,65.2,67.3,1160,,,
2005-03-10,67.0,67.45,66.5,66.9,4976,,,
2005-03-11,67.4,68.5,66.0,67.45,984,,,
2005-03-14,63.5,67.95,63.5,67.0,1952,,,
2005-03-15,66.5,67.0,66.5,66.9,815,,,
2005-03-16,66.15,66.7,66.15,66.5,2531,,,
2005-03-17,67.9,67.9,65.9,66.1,478,,,
2005-03-18,65.6,66.0,65.25,65.8,1413,,,
2005-03-21,62.6,66.7,62.6,65.55,1403,,,
2005-03-22,65.5,66.5,65.1,65.45,1181,,,
2005-03-23,66.5,66.5,65.1,65.4,2300,,,
2005-03-24,66.5,66.5,64.8,65.05,2313,,,
2005-03-28,66.0,66.0,64.95,64.95,499,,,
2005-03-29,65.0,65.9,65.0,65.45,2289,,,
2005-03-30,66.0,67.45,65.2,66.15,3111,,,
2005-03-31,67.0,70.1,67.0,68.8,8728,,,
2005-04-01,67.7,69.7,67.7,68.95,5204,,,
2005-04-04,68.0,69.15,67.7,68.65,6676,,,
2005-04-05,68.9,69.7,68.7,69.0,10257,,,
2005-04-06,69.2,71.5,69.2,70.65,11756,,,
2005-04-07,71.1,71.4,70.2,70.3,4121,,,
2005-04-08,71.3,71.4,68.0,70.9,3561,,,
2005-04-11,74.7,76.5,74.3,74.55,109496,,,
2005-04-12,76.0,76.0,73.6,74.0,20902,,,
2005-04-13,74.95,74.95,73.6,74.05,22114,,,
2005-04-15,73.7,74.1,70.0,73.95,21633,,,
2005-04-18,72.75,74.9,72.75,74.45,13906,,,
2005-04-19,74.5,74.5,73.1,74.1,24211,,,
2005-04-20,73.25,74.0,73.25,73.8,13416,,,
2005-04-21,74.0,74.0,71.5,71.8,3249,,,
2005-04-22,71.5,72.0,71.3,71.85,770,,,
2005-04-25,70.0,72.0,67.0,71.85,5021,,,
2005-04-26,80.0,80.5,73.0,78.45,17307,,,
2005-04-27,79.7,81.0,79.7,80.1,13868,,,
2005-04-28,85.0,85.0,79.7,84.7,6497,,,
2005-04-29,83.1,85.3,80.3,80.7,707,,,
2005-05-02,82.5,82.5,80.0,80.05,425,,,
2005-05-03,80.0,80.5,80.0,80.0,382,,,
2005-05-04,80.0,82.5,80.0,82.35,461,,,
2005-05-05,83.4,83.4,81.4,81.4,105,,,
2005-05-06,82.5,82.5,80.55,80.9,36,,,
2005-05-09,82.0,83.4,80.3,82.0,554,,,
2005-05-10,83.4,85.0,83.4,84.2,1808,,,
2005-05-11,83.5,83.5,81.5,82.9,447,,,
2005-05-12,83.0,84.0,83.0,83.15,475,,,
2005-05-13,82.5,84.0,82.5,82.95,933,,,
2005-05-16,82.5,84.9,82.5,83.5,169,,,
2005-05-17,84.5,85.0,84.5,85.0,30,,,
2005-05-18,83.2,83.2,77.45,79.6,1023,,,
2005-05-19,80.2,81.5,78.0,79.3,1323,,,
2005-05-20,79.5,80.7,78.9,80.4,1498,,,
2005-05-23,79.6,79.8,79.5,79.5,209,,,
2005-05-24,83.3,84.0,81.6,82.8,348,,,
2005-05-25,85.0,87.0,84.0,85.6,2066,,,
2005-05-26,88.0,89.0,86.0,87.2,1273,,,
2005-05-27,89.0,100.0,88.0,88.7,2625,,,
2005-05-30,90.0,94.8,89.0,91.55,824,,,
2005-05-31,91.8,92.5,90.0,91.0,869,,,
2005-06-01,92.0,95.0,91.9,93.95,849,,,
2005-06-02,90.0,97.5,88.0,96.4,1971,,,
2005-06-03,98.5,99.5,95.0,99.35,1081,,,
2005-06-04,100.0,105.0,99.9,104.85,2388,,,
2005-06-06,105.5,115.0,101.5,112.75,4509,,,
2005-06-07,114.5,120.0,112.0,112.75,2863,,,
2005-06-08,112.9,112.9,103.75,105.75,1115,,,
2005-06-09,112.8,112.8,100.0,102.6,2340,,,
2005-06-10,102.5,105.0,102.5,103.3,1248,,,
2005-06-13,112.0,112.0,100.0,103.5,1777,,,
2005-06-14,104.0,105.0,103.5,104.0,734,,,
2005-06-15,108.8,108.8,97.8,107.75,4486,,,
2005-06-16,104.9,105.0,103.0,104.5,740,,,
2005-06-17,102.4,104.0,101.2,102.2,444,,,
2005-06-20,101.75,103.95,101.75,103.5,704,,,
2005-06-21,102.8,103.5,100.5,100.7,402,,,
2005-06-22,101.5,105.0,100.0,102.2,776,,,
2005-06-23,105.0,105.0,100.5,100.8,697,,,
2005-06-24,100.6,102.5,100.3,101.15,160,,,
2005-06-27,101.2,104.7,101.0,102.1,1131,,,
2005-06-28,103.6,103.6,100.0,100.05,196,,,
2005-06-29,100.1,101.0,100.0,100.1,1040,,,
2005-06-30,100.2,105.9,100.2,103.7,867,,,
2005-07-01,102.5,105.0,101.2,104.4,311,,,
2005-07-04,102.0,105.0,102.0,104.75,507,,,
2005-07-05,105.1,105.5,103.0,103.0,426,,,
2005-07-06,103.5,104.5,102.1,103.5,31,,,
2005-07-07,104.45,104.45,102.5,103.0,151,,,
2005-07-08,104.8,105.0,103.0,104.85,905,,,
2005-07-11,105.0,107.5,105.0,106.1,4660,,,
2005-07-12,106.1,106.1,102.5,104.2,712,,,
2005-07-13,104.0,105.0,103.5,104.6,378,,,
2005-07-14,103.0,104.8,97.6,103.55,685,,,
2005-07-15,104.5,104.9,101.0,104.05,393,,,
2005-07-18,104.75,105.4,103.0,105.0,4298,,,
2005-07-19,105.0,105.0,102.5,103.95,653,,,
2005-07-20,104.0,104.2,102.7,103.3,163,,,
2005-07-21,105.2,110.0,103.0,103.75,7066,,,
2005-07-22,105.0,105.0,102.0,103.5,991,,,
2005-07-25,104.75,105.0,101.0,101.15,1013,,,
2005-07-26,103.4,114.9,101.8,107.7,16334,,,
2005-07-27,112.2,112.2,103.8,106.4,250,,,
2005-07-29,109.0,109.0,104.5,105.3,1015,,,
2005-08-01,104.9,105.0,102.5,103.2,502,,,
2005-08-02,105.0,106.8,104.25,105.35,2843,,,
2005-08-03,106.3,107.5,104.0,107.2,1418,,,
2005-08-04,107.2,107.2,105.0,105.95,11428,,,
2005-08-05,106.5,106.5,105.0,106.1,1097,,,
2005-08-08,105.0,106.5,105.0,105.6,4073,,,
2005-08-09,105.2,106.4,104.0,104.05,299,,,
2005-08-10,107.4,108.7,106.0,108.35,3981,,,
2005-08-11,108.5,110.0,106.0,106.6,708,,,
2005-08-12,106.0,108.5,106.0,106.7,588,,,
2005-08-16,103.5,111.0,103.5,107.5,1452,,,
2005-08-17,108.8,111.0,108.5,110.05,581,,,
2005-08-18,110.0,111.6,106.0,107.3,1480,,,
2005-08-19,109.95,109.95,106.0,106.55,998,,,
2005-08-22,109.0,110.0,107.0,107.4,1190,,,
2005-08-23,106.0,107.0,104.6,105.6,793,,,
2005-08-24,109.9,109.9,104.5,108.05,1172,,,
2005-08-25,106.9,106.9,104.1,104.9,1348,,,
2005-08-26,108.9,108.9,102.5,103.85,824,,,
2005-08-29,104.0,106.8,98.7,106.45,420,,,
2005-08-30,107.9,108.0,104.5,105.15,747,,,
2005-08-31,106.9,107.4,105.0,105.1,1161,,,
2005-09-01,107.0,107.0,105.4,106.8,536,,,
2005-09-02,105.5,107.6,105.0,106.95,663,,,
2005-09-05,114.0,114.0,107.5,108.45,1534,,,
2005-09-06,110.9,111.0,106.0,109.5,1224,,,
2005-09-08,110.0,110.0,106.2,109.4,482,,,
2005-09-09,106.6,108.0,106.6,107.5,365,,,
2005-09-12,107.5,110.4,107.1,110.1,934,,,
2005-09-13,110.0,112.5,108.5,110.85,1829,,,
2005-09-14,106.6,112.0,106.1,110.0,1053,,,
2005-09-15,110.0,110.0,109.6,109.6,1183,,,
2005-09-16,116.5,120.55,111.0,120.55,2041,,,
2005-09-19,127.0,132.0,126.5,127.65,3267,,,
2005-09-20,127.5,135.0,123.7,126.7,6770,,,
2005-09-21,121.5,133.0,121.5,124.3,2284,,,
2005-09-22,126.0,128.0,121.3,123.1,1504,,,
2005-09-23,117.5,125.0,117.5,122.45,1135,,,
2005-09-26,123.7,125.0,122.55,122.85,284,,,
2005-09-27,124.5,125.5,121.7,124.0,3132,,,
2005-09-28,122.5,125.1,122.35,122.65,278,,,
2005-09-29,125.0,126.0,123.5,124.0,572,,,
2005-09-30,125.0,126.1,120.5,124.05,679,,,
2005-10-03,120.2,130.0,120.0,123.35,5187,,,
2005-10-04,126.0,129.0,123.0,126.05,555,,,
2005-10-05,126.0,126.1,123.1,123.75,367,,,
2005-10-06,124.0,127.0,124.0,125.95,880,,,
2005-10-07,125.0,126.4,124.5,125.7,180,,,
2005-10-10,124.1,128.8,123.6,128.05,384,,,
2005-10-11,126.0,128.0,125.0,127.4,487,,,
2005-10-13,129.9,129.9,126.5,127.05,315,,,
2005-10-14,121.0,127.7,121.0,124.35,549,,,
2005-10-17,119.0,128.7,119.0,126.05,516,,,
2005-10-18,126.7,127.7,126.7,127.15,325,,,
2005-10-19,128.1,128.1,122.0,125.15,507,,,
2005-10-20,134.0,134.5,123.0,132.15,4297,,,
2005-10-21,128.1,137.5,128.1,134.2,595,,,
2005-10-24,136.5,138.5,131.6,132.75,1622,,,
2005-10-25,133.6,136.1,132.0,133.05,613,,,
2005-10-26,131.5,136.4,131.5,134.55,318,,,
2005-10-27,137.5,137.5,132.0,134.05,194,,,
2005-10-28,130.4,133.3,130.0,130.45,248,,,
2005-10-31,137.0,137.0,131.6,133.55,1294,,,
2005-11-01,137.5,140.0,135.0,136.95,2201,,,
2005-11-02,134.0,135.8,133.5,134.6,310,,,
2005-11-07,137.0,138.0,134.2,136.05,579,,,
2005-11-08,135.2,137.5,135.2,136.2,305,,,
2005-11-09,138.0,139.0,136.5,136.7,546,,,
2005-11-10,137.5,137.5,132.8,133.3,1408,,,
2005-11-11,135.5,140.0,134.0,134.2,525,,,
2005-11-14,135.0,137.5,135.0,136.7,1331,,,
2005-11-16,136.5,137.5,135.1,136.85,531,,,
2005-11-17,135.6,139.0,134.7,138.5,457,,,
2005-11-18,138.0,138.5,135.9,136.05,372,,,
2005-11-21,136.6,140.0,136.1,138.25,184,,,
2005-11-22,138.7,139.5,136.5,137.1,452,,,
2005-11-23,136.2,139.0,136.0,138.4,296,,,
2005-11-24,138.0,152.2,137.8,149.85,2412,,,
2005-11-25,140.15,158.5,140.15,156.95,2619,,,
2005-11-26,166.8,166.8,157.3,164.9,2266,,,
2005-11-28,168.9,170.0,155.0,158.75,4528,,,
2005-11-29,165.0,165.0,160.2,161.05,1832,,,
2005-11-30,160.0,161.0,151.0,154.05,3785,,,
2005-12-01,154.9,159.8,153.0,156.05,1477,,,
2005-12-02,160.0,160.0,156.1,156.55,872,,,
2005-12-05,157.0,160.0,155.1,157.35,1164,,,
2005-12-06,155.0,157.7,153.0,154.4,926,,,
2005-12-07,154.1,156.95,152.0,154.7,1622,,,
2005-12-08,154.0,155.0,152.0,152.65,673,,,
2005-12-09,154.0,156.0,149.8,151.05,1136,,,
2005-12-12,157.9,160.0,152.6,159.15,7588,,,
2005-12-13,148.0,159.5,148.0,158.9,659,,,
2005-12-14,150.5,158.0,150.5,155.4,1374,,,
2005-12-15,155.5,157.4,151.8,154.7,412,,,
2005-12-16,155.5,155.5,153.0,153.75,1362,,,
2005-12-19,154.0,155.9,151.5,152.15,954,,,
2005-12-20,150.5,153.0,150.5,152.6,648,,,
2005-12-21,153.9,153.9,151.55,152.0,578,,,
2005-12-22,152.5,155.5,151.5,153.65,952,,,
2005-12-23,155.0,155.0,151.5,152.4,342,,,
2005-12-26,150.5,152.5,149.0,150.05,367,,,
2005-12-27,150.0,151.4,149.1,151.4,235,,,
2005-12-28,154.8,156.8,151.4,151.55,783,,,
2005-12-29,152.5,155.0,152.5,154.05,366,,,
2005-12-30,154.3,155.6,152.5,153.2,570,,,
2006-01-02,155.0,156.0,153.05,155.3,338,,,
2006-01-03,152.5,156.5,152.5,155.85,1581,,,
2006-01-04,154.1,156.5,142.6,153.35,1643,,,
2006-01-05,153.0,155.0,153.0,155.0,368,,,
2006-01-06,154.5,155.0,153.9,154.75,581,,,
2006-01-09,155.2,155.2,153.0,153.4,435,,,
2006-01-10,155.0,155.0,150.9,152.4,1215,,,
2006-01-12,154.0,154.8,152.2,153.95,394,,,
2006-01-13,152.5,154.1,152.0,152.05,491,,,
2006-01-16,152.0,153.0,150.7,151.05,428,,,
2006-01-17,151.5,153.7,151.1,152.2,162,,,
2006-01-18,150.0,154.9,150.0,154.6,223,,,
2006-01-19,155.0,155.0,151.0,155.0,647,,,
2006-01-20,154.9,157.0,151.5,154.95,7092,,,
2006-01-23,155.0,155.0,152.5,152.8,298,,,
2006-01-24,155.0,155.0,153.3,154.75,1091,,,
2006-01-25,155.9,155.9,152.3,153.5,552,,,
2006-01-27,154.5,155.0,153.8,154.3,1011,,,
2006-01-30,154.9,155.0,153.2,153.2,559,,,
2006-01-31,153.0,154.0,152.5,152.95,343,,,
2006-02-01,153.2,153.2,151.5,151.65,328,,,
2006-02-02,155.0,155.0,151.0,151.6,534,,,
2006-02-03,151.5,154.2,151.0,152.3,514,,,
2006-02-06,152.0,155.0,152.0,154.8,684,,,
2006-02-07,152.05,155.0,152.05,154.85,381,,,
2006-02-08,160.0,160.0,153.5,153.7,941,,,
2006-02-10,153.05,159.0,151.2,154.85,26064,,,
2006-02-13,157.35,159.3,150.0,151.95,14728,,,
2006-02-14,154.5,155.0,151.15,154.7,8432,,,
2006-02-15,155.0,155.4,153.1,153.95,6005,,,
2006-02-16,153.15,155.0,153.15,154.2,2682,,,
2006-02-17,155.0,155.0,152.05,152.85,1239,,,
2006-02-20,147.8,153.4,147.8,152.1,523,,,
2006-02-21,152.5,154.8,151.1,152.45,817,,,
2006-02-22,153.0,153.9,152.55,152.7,950,,,
2006-02-23,152.8,157.0,152.8,154.85,32909,,,
2006-02-24,157.0,162.5,156.8,160.9,5764,,,
2006-02-27,165.0,165.0,161.1,161.95,3847,,,
2006-02-28,163.2,166.0,163.1,165.05,3447,,,
2006-03-01,167.4,175.5,167.1,172.0,12341,,,
2006-03-02,174.9,179.0,174.8,177.7,7943,,,
2006-03-03,179.7,184.5,166.5,184.3,5961,,,
2006-03-06,189.8,191.5,175.0,184.35,3780,,,
2006-03-07,179.0,180.2,176.0,177.3,2732,,,
2006-03-08,179.9,182.6,174.5,175.05,4265,,,
2006-03-09,175.0,178.7,171.5,174.2,1178,,,
2006-03-10,173.5,178.4,173.35,174.4,1478,,,
2006-03-13,179.7,179.7,175.4,176.2,2338,,,
2006-03-14,177.5,179.0,175.0,176.0,712,,,
2006-03-16,176.0,177.7,172.5,173.15,762,,,
2006-03-17,179.9,179.9,171.0,171.7,1011,,,
2006-03-20,172.2,173.2,170.55,171.6,1355,,,
2006-03-21,170.1,173.5,170.1,171.45,871,,,
2006-03-22,171.5,172.0,170.0,170.75,582,,,
2006-03-23,161.1,175.0,161.1,173.3,2307,,,
2006-03-24,177.0,180.0,169.8,170.85,3143,,,
2006-03-27,170.6,173.4,170.5,171.45,999,,,
2006-03-28,174.3,174.3,169.5,170.8,824,,,
2006-03-29,172.0,174.7,171.2,173.35,706,,,
2006-03-30,175.0,175.5,173.0,175.2,297,,,
2006-03-31,170.0,177.0,170.0,173.75,2298,,,
2006-04-03,176.9,180.0,175.4,177.9,3124,,,
2006-04-04,184.8,185.0,175.0,175.85,1140,,,
2006-04-05,178.0,184.5,178.0,179.05,1187,,,
2006-04-07,182.1,186.5,176.0,178.2,2044,,,
2006-04-10,179.9,184.0,176.1,178.05,1811,,,
2006-04-12,181.8,193.0,180.0,185.75,4928,,,
2006-04-13,180.0,180.0,167.5,168.85,7814,,,
2006-04-17,168.05,174.0,161.0,172.0,5075,,,
2006-04-18,172.5,175.5,171.1,174.5,4178,,,
2006-04-19,175.0,176.0,173.1,174.65,2440,,,
2006-04-20,172.2,176.5,172.2,174.4,1053,,,
2006-04-21,177.0,177.0,173.7,174.95,3864,,,
2006-04-24,208.8,208.8,179.3,181.0,9616,,,
2006-04-25,181.0,184.8,180.0,180.6,1891,,,
2006-04-26,182.0,182.5,179.0,180.9,1988,,,
2006-04-27,181.0,184.65,180.5,183.2,2193,,,
2006-04-28,180.0,187.0,180.0,184.3,5261,,,
2006-04-29,181.1,185.95,181.0,184.05,1531,,,
2006-05-02,184.6,187.0,184.1,185.2,2224,,,
2006-05-03,185.3,188.85,185.0,187.8,1470,,,
2006-05-04,184.5,191.0,184.5,190.1,2686,,,
2006-05-05,184.5,197.5,184.5,191.25,6898,,,
2006-05-08,194.5,199.5,190.0,190.1,992,,,
2006-05-09,190.0,192.5,190.0,190.05,831,,,
2006-05-10,190.0,195.0,190.0,191.55,938,,,
2006-05-11,190.35,192.5,189.5,190.05,1037,,,
2006-05-12,199.2,199.2,189.0,189.95,1021,,,
2006-05-15,190.1,192.0,189.15,189.3,1417,,,
2006-05-16,189.3,189.3,180.5,186.05,1803,,,
2006-05-17,186.1,190.3,182.1,190.05,557,,,
2006-05-18,184.0,190.0,184.0,184.25,927,,,
2006-05-19,179.0,185.0,179.0,183.05,1561,,,
2006-05-22,180.0,183.0,161.6,170.05,2866,,,
2006-05-23,161.1,170.0,147.5,161.45,2977,,,
2006-05-24,172.4,172.4,165.0,166.3,773,,,
2006-05-25,166.3,170.0,165.0,167.6,1194,,,
2006-05-26,171.0,171.0,167.0,167.85,7977,,,
2006-05-29,173.0,173.0,167.2,167.25,1712,,,
2006-05-30,169.5,169.5,167.6,167.7,863,,,
2006-05-31,165.0,168.0,158.1,158.9,2476,,,
2006-06-01,159.0,159.0,143.0,148.35,734,,,
2006-06-02,150.0,150.0,137.5,142.95,614,,,
2006-06-05,148.9,148.9,142.8,147.15,836,,,
2006-06-06,146.5,146.5,141.0,142.1,394,,,
2006-06-07,140.0,142.5,130.2,131.7,6454,,,
2006-06-08,121.9,123.5,105.5,110.8,2934,,,
2006-06-09,107.6,129.0,107.6,127.55,2351,,,
2006-06-12,127.5,134.8,123.6,130.1,1687,,,
2006-06-13,126.5,126.5,120.1,124.95,31021,,,
2006-06-14,130.0,130.0,122.15,125.25,2009,,,
2006-06-15,130.9,135.0,127.0,133.55,802,,,
2006-06-16,135.9,149.0,135.5,139.65,541,,,
2006-06-19,141.1,144.1,139.0,140.1,74,,,
2006-06-20,139.1,139.1,135.55,136.55,374,,,
2006-06-21,137.5,137.5,135.0,135.5,225,,,
2006-06-22,140.0,141.4,137.9,140.0,20805,,,
2006-06-23,144.0,148.0,142.4,145.15,579,,,
2006-06-25,148.5,148.5,145.0,146.2,20,,,
2006-06-26,147.5,148.0,142.0,142.5,605,,,
2006-06-27,137.65,140.9,137.6,140.1,388,,,
2006-06-28,138.1,140.5,138.0,139.65,55,,,
2006-06-29,140.7,141.4,138.65,139.55,92,,,
2006-06-30,155.0,155.0,138.2,140.05,262,,,
2006-07-03,145.4,145.4,140.6,142.0,142,,,
2006-07-04,141.5,143.0,140.8,141.15,19,,,
2006-07-05,145.0,145.8,141.6,142.15,193,,,
2006-07-06,137.6,144.0,137.6,142.15,357,,,
2006-07-07,144.5,144.5,140.0,141.1,110,,,
2006-07-10,143.4,143.4,139.5,141.25,43,,,
2006-07-11,150.0,169.0,143.5,158.05,2873,,,
2006-07-12,151.7,159.5,151.7,158.7,1611,,,
2006-07-13,162.5,162.5,152.7,157.05,867,,,
2006-07-14,158.8,158.8,155.6,157.0,1420,,,
2006-07-17,155.0,157.4,155.0,155.95,610,,,
2006-07-18,155.6,160.0,155.6,159.55,525,,,
2006-07-19,162.5,164.9,151.0,156.7,1710,,,
2006-07-20,155.1,157.65,154.65,155.35,307,,,
2006-07-21,155.0,161.5,155.0,155.2,662,,,
2006-07-24,155.0,156.8,151.75,154.0,442,,,
2006-07-25,154.5,155.0,154.0,154.0,210,,,
2006-07-26,154.3,154.7,154.0,154.05,343,,,
2006-07-27,154.0,155.5,153.0,153.5,1601,,,
2006-07-28,153.6,156.0,153.6,154.25,297,,,
2006-07-31,155.0,157.95,154.5,154.5,106,,,
2006-08-01,153.1,154.9,153.0,153.0,141,,,
2006-08-02,159.9,159.9,153.0,154.8,156,,,
2006-08-03,155.0,157.0,154.0,154.5,105,,,
2006-08-04,155.0,156.0,153.0,155.1,2888,,,
2006-08-07,162.6,162.6,155.0,155.0,84,,,
2006-08-08,155.3,161.0,155.3,158.5,1761,,,
2006-08-09,159.5,161.0,159.0,160.85,627,,,
2006-08-10,161.8,168.0,161.8,167.35,417,,,
2006-08-11,174.4,175.0,171.3,173.95,1094,,,
2006-08-14,179.5,179.5,170.0,172.65,241,,,
2006-08-16,170.1,177.5,170.1,173.15,243,,,
2006-08-17,170.8,173.0,165.6,167.15,305,,,
2006-08-18,168.0,168.0,162.4,164.8,815,,,
2006-08-21,166.8,166.8,162.0,162.7,249,,,
2006-08-22,169.8,169.8,163.5,163.8,157,,,
2006-08-23,163.5,166.5,163.5,166.15,127,,,
2006-08-24,166.1,168.0,163.5,167.45,437,,,
2006-08-25,168.0,174.5,165.0,165.1,396,,,
2006-08-28,169.9,169.9,165.0,166.05,117,,,
2006-08-29,169.5,169.5,163.75,164.35,499,,,
2006-08-30,163.1,167.4,163.1,163.65,131,,,
2006-08-31,165.0,165.0,163.5,163.55,233,,,
2006-09-01,165.6,169.0,162.5,163.0,416,,,
2006-09-04,163.6,165.6,163.6,165.5,137,,,
2006-09-05,163.15,167.0,155.6,165.65,615,,,
2006-09-06,166.3,166.3,164.4,165.05,208,,,
2006-09-07,164.0,165.0,162.0,163.15,679,,,
2006-09-08,157.0,165.0,157.0,161.6,82,,,
2006-09-11,160.9,163.8,160.9,163.0,185,,,
2006-09-12,164.0,167.5,163.0,166.9,456,,,
2006-09-13,167.0,167.0,163.5,164.95,195,,,
2006-09-14,167.3,167.3,163.5,164.0,320,,,
2006-09-15,162.0,166.9,162.0,165.5,689,,,
2006-09-18,160.2,166.35,155.55,164.9,1473,,,
2006-09-19,166.0,166.0,164.0,165.0,299,,,
2006-09-20,165.0,165.5,164.1,165.2,366,,,
2006-09-21,166.0,166.5,165.2,165.5,221,,,
2006-09-22,164.0,167.0,164.0,166.9,492,,,
2006-09-25,164.5,170.0,164.5,168.75,475,,,
2006-09-26,169.5,172.5,168.0,168.2,349,,,
2006-09-27,172.2,173.3,166.4,167.15,193,,,
2006-09-28,166.0,170.8,160.3,169.4,300,,,
2006-09-29,167.35,169.9,167.35,167.6,56,,,
2006-10-03,167.6,170.9,167.5,170.05,292,,,
2006-10-04,170.0,174.9,170.0,173.3,781,,,
2006-10-05,168.5,174.8,168.5,172.05,261,,,
2006-10-06,172.9,177.0,172.0,176.75,850,,,
2006-10-09,180.0,181.0,175.0,176.45,3214,,,
2006-10-10,180.0,180.0,175.0,175.5,135,,,
2006-10-11,177.0,179.5,177.0,178.0,7308,,,
2006-10-12,179.95,190.0,175.0,177.35,1877,,,
2006-10-13,180.0,195.1,180.0,195.1,7531,,,
2006-10-16,204.9,214.6,204.9,214.6,10228,,,
2006-10-17,224.4,224.4,205.0,207.85,20143,,,
2006-10-18,210.0,214.0,207.0,208.2,4357,,,
2006-10-19,207.5,211.8,207.5,208.65,3222,,,
2006-10-20,210.0,213.4,208.2,208.9,2126,,,
2006-10-21,212.0,214.35,210.0,211.4,722,,,
2006-10-23,215.0,215.0,205.2,206.65,1668,,,
2006-10-26,210.0,212.4,209.1,211.55,2635,,,
2006-10-27,215.0,222.1,212.0,222.1,2417,,,
2006-10-30,221.0,233.25,221.0,232.9,5953,,,
2006-10-31,244.55,244.55,222.0,230.8,3685,,,
2006-11-01,237.0,239.7,226.2,231.4,2187,,,
2006-11-02,234.1,234.1,222.0,225.75,2046,,,
2006-11-03,228.9,232.8,214.7,229.4,2488,,,
2006-11-06,231.5,234.4,230.0,230.5,824,,,
2006-11-07,231.1,233.0,230.0,232.5,1213,,,
2006-11-08,231.7,232.5,230.0,231.65,969,,,
2006-11-09,230.5,233.2,227.0,231.55,917,,,
2006-11-10,235.0,235.0,230.0,230.25,459,,,
2006-11-13,233.0,233.0,222.6,228.05,1418,,,
2006-11-14,234.5,234.5,228.2,229.8,1163,,,
2006-11-15,231.0,232.4,226.2,228.1,478,,,
2006-11-16,228.9,230.0,222.5,224.05,539,,,
2006-11-17,224.05,230.0,223.0,224.65,1279,,,
2006-11-20,226.0,227.4,220.0,223.9,2674,,,
2006-11-21,224.0,228.6,224.0,226.75,1010,,,
2006-11-22,225.7,229.0,225.7,227.05,653,,,
2006-11-23,230.0,230.0,216.1,224.0,642,,,
2006-11-24,228.5,228.5,221.0,222.55,403,,,
2006-11-27,222.5,228.0,217.0,222.25,782,,,
2006-11-28,220.0,221.65,217.25,220.15,453,,,
2006-11-29,218.0,222.5,212.6,218.5,656,,,
2006-11-30,219.0,221.5,217.5,217.9,523,,,
2006-12-01,220.5,220.5,217.75,218.6,272,,,
2006-12-04,220.0,220.5,215.0,217.1,551,,,
2006-12-05,220.3,221.5,217.0,220.55,997,,,
2006-12-06,222.0,222.0,215.0,220.3,562,,,
2006-12-07,216.1,221.5,215.8,220.55,619,,,
2006-12-08,220.5,223.0,220.0,222.0,587,,,
2006-12-11,220.5,222.5,218.5,219.85,403,,,
2006-12-12,217.1,222.5,210.0,210.25,645,,,
2006-12-13,208.0,219.9,208.0,213.7,186,,,
2006-12-14,221.8,221.8,211.75,214.55,348,,,
2006-12-15,210.0,219.5,210.0,217.7,610,,,
2006-12-18,219.5,220.0,213.1,215.25,352,,,
2006-12-19,218.4,218.4,211.0,214.5,563,,,
2006-12-20,215.7,217.4,213.9,215.0,142,,,
2006-12-21,217.5,220.0,213.2,219.55,512,,,
2006-12-22,217.6,222.0,212.1,219.9,608,,,
2006-12-26,217.5,220.0,215.6,215.95,619,,,
2006-12-27,219.8,236.0,217.5,227.75,716,,,
2006-12-28,245.0,249.9,224.0,224.6,2083,,,
2006-12-29,224.8,234.4,224.1,225.2,449,,,
2007-01-02,230.0,233.0,228.0,232.25,911,,,
2007-01-03,230.0,235.1,229.0,230.2,1937,,,
2007-01-04,229.0,234.4,223.0,231.2,477,,,
2007-01-05,233.9,234.5,226.1,230.45,1924,,,
2007-01-08,226.6,232.8,226.15,230.4,529,,,
2007-01-09,238.5,238.5,227.6,230.3,627,,,
2007-01-10,230.0,231.3,227.1,229.0,251,,,
2007-01-11,230.0,232.2,228.05,229.4,271,,,
2007-01-12,232.5,234.2,231.0,231.55,156,,,
2007-01-15,221.0,239.0,221.0,238.15,628,,,
2007-01-16,229.2,241.0,229.2,239.3,347,,,
2007-01-17,244.0,245.0,240.25,243.35,1258,,,
2007-01-18,252.4,255.0,236.6,253.25,2431,,,
2007-01-19,254.9,259.0,243.65,254.45,1146,,,
2007-01-22,260.0,279.9,255.0,279.9,3837,,,
2007-01-23,290.0,307.0,290.0,297.65,11573,,,
2007-01-24,298.0,312.55,286.0,309.65,12089,,,
2007-01-25,320.1,325.15,307.0,325.15,6960,,,
2007-01-29,341.0,341.0,308.9,309.2,8965,,,
2007-01-31,305.0,315.0,293.9,295.7,5794,,,
2007-02-01,301.5,310.45,301.5,310.45,3909,,,
2007-02-02,324.0,324.0,296.5,303.7,8414,,,
2007-02-05,307.7,315.5,303.5,306.3,2699,,,
2007-02-06,308.0,312.0,298.6,300.9,3682,,,
2007-02-07,307.9,307.9,299.0,299.3,1653,,,
2007-02-08,300.0,304.0,295.15,297.05,1517,,,
2007-02-09,299.0,299.8,290.0,292.4,1222,,,
2007-02-12,286.6,297.8,280.3,286.5,1147,,,
2007-02-13,292.5,292.5,280.0,286.7,1053,,,
2007-02-14,280.5,286.0,280.5,284.4,705,,,
2007-02-15,288.8,295.0,288.8,291.15,689,,,
2007-02-19,286.0,295.0,286.0,291.85,766,,,
2007-02-20,294.9,296.05,286.0,287.1,692,,,
2007-02-21,286.0,292.0,285.1,289.15,892,,,
2007-02-22,285.0,293.0,285.0,287.35,731,,,
2007-02-23,287.5,289.5,280.0,283.75,717,,,
2007-02-26,288.0,288.0,273.2,278.7,465,,,
2007-02-27,286.0,292.65,282.15,292.2,1187,,,
2007-02-28,280.0,289.9,277.6,277.9,2095,,,
2007-03-01,284.9,287.0,270.2,274.75,1346,,,
2007-03-02,284.0,284.0,261.0,261.95,2330,,,
2007-03-05,252.7,252.7,248.85,248.85,329,,,
2007-03-06,248.8,248.8,236.4,236.4,2061,,,
2007-03-07,236.4,244.9,226.25,227.65,3354,,,
2007-03-08,226.9,227.5,219.1,224.05,3658,,,
2007-03-09,228.0,234.0,228.0,230.9,7823,,,
2007-03-12,231.6,241.0,231.0,236.25,3886,,,
2007-03-13,239.8,243.5,234.8,241.2,1158,,,
2007-03-14,235.0,235.0,229.15,229.15,2188,,,
2007-03-15,229.2,230.0,217.9,218.3,9457,,,
2007-03-16,215.2,219.5,207.35,207.35,4511,,,
2007-03-19,211.0,215.0,207.5,214.05,5847,,,
2007-03-20,218.5,223.15,202.0,222.85,3246,,,
2007-03-21,232.0,232.0,221.1,230.55,2866,,,
2007-03-22,234.5,239.9,233.6,236.3,2536,,,
2007-03-23,240.5,248.1,240.5,248.1,2747,,,
2007-03-26,257.0,260.5,256.0,260.5,2175,,,
2007-03-28,262.0,273.5,262.0,266.9,3824,,,
2007-03-29,261.5,273.6,261.5,266.65,4375,,,
2007-03-30,269.7,275.0,265.0,267.45,2750,,,
2007-04-02,261.1,261.1,254.1,254.1,1839,,,
2007-04-03,250.1,250.1,241.5,246.45,2704,,,
2007-04-04,250.0,258.8,250.0,257.0,1954,,,
2007-04-05,252.0,266.7,252.0,264.2,2680,,,
2007-04-09,275.0,276.9,267.0,271.15,1820,,,
2007-04-10,271.1,277.0,270.5,273.25,3398,,,
2007-04-11,277.5,278.5,271.0,275.3,3094,,,
2007-04-12,270.1,278.0,270.0,277.45,4569,,,
2007-04-13,279.9,291.35,279.8,291.35,8885,,,
2007-04-16,305.9,305.9,295.0,305.9,17271,,,
2007-04-17,308.0,317.5,292.5,300.3,14210,,,
2007-04-18,300.6,306.5,299.5,302.75,4844,,,
2007-04-19,297.1,307.0,290.35,305.35,3839,,,
2007-04-20,308.2,313.0,308.2,310.0,3353,,,
2007-04-23,314.6,315.0,304.0,309.0,7670,,,
2007-04-24,303.8,310.2,301.8,304.15,1214,,,
2007-04-25,303.0,309.0,297.4,303.9,1476,,,
2007-04-26,309.4,310.0,305.0,305.0,3343,,,
2007-04-27,315.0,315.0,301.5,303.15,1372,,,
2007-04-30,304.5,307.5,299.0,305.3,2592,,,
2007-05-03,314.4,314.4,304.0,310.55,6497,,,
2007-05-04,311.0,311.8,300.9,304.2,3228,,,
2007-05-07,310.0,319.45,305.6,319.45,8375,,,
2007-05-08,321.7,332.9,316.7,325.3,10023,,,
2007-05-09,332.0,334.0,318.0,321.25,1179,,,
2007-05-10,328.0,328.0,315.0,316.55,977,,,
2007-05-11,305.0,320.0,304.6,315.35,761,,,
2007-05-14,321.0,324.0,312.1,319.3,1388,,,
2007-05-15,321.8,322.4,318.1,319.95,1841,,,
2007-05-16,327.5,327.5,310.5,318.6,2120,,,
2007-05-17,318.7,324.5,316.5,320.0,998,,,
2007-05-18,320.0,323.0,320.0,320.05,703,,,
2007-05-21,322.0,322.0,316.5,320.45,1210,,,
2007-05-22,320.0,322.0,320.0,321.55,1081,,,
2007-05-23,322.5,322.5,314.0,316.7,1972,,,
2007-05-24,318.9,321.3,310.0,314.25,3073,,,
2007-05-25,313.0,316.0,308.0,313.75,983,,,
2007-05-28,314.5,321.0,314.2,319.5,2335,,,
2007-05-29,316.3,323.9,315.5,317.55,2453,,,
2007-05-30,310.8,319.8,310.8,313.45,2106,,,
2007-05-31,303.0,324.0,303.0,320.1,1977,,,
2007-06-01,319.0,322.5,318.5,320.0,1925,,,
2007-06-04,327.5,327.5,318.75,322.0,1024,,,
2007-06-05,315.0,323.0,315.0,321.3,452,,,
2007-06-06,322.0,322.0,314.0,317.6,1625,,,
2007-06-07,315.1,321.0,302.0,316.9,1163,,,
2007-06-08,311.0,321.9,311.0,319.15,1452,,,
2007-06-11,320.0,322.4,303.3,310.75,1811,,,
2007-06-12,313.0,314.25,308.7,310.1,357,,,
2007-06-13,310.5,313.5,309.0,310.2,1117,,,
2007-06-14,311.1,325.0,310.5,314.1,3524,,,
2007-06-15,318.0,329.8,313.5,328.2,4033,,,
2007-06-18,329.2,343.0,329.2,338.05,2641,,,
2007-06-19,341.0,341.0,332.0,336.8,1794,,,
2007-06-20,341.0,342.0,338.5,339.25,1651,,,
2007-06-21,346.0,346.0,336.0,341.7,2207,,,
2007-06-22,336.1,358.75,336.1,358.75,2267,,,
2007-06-25,358.7,376.7,358.7,376.7,3440,,,
2007-06-26,383.5,395.55,383.5,395.55,3350,,,
2007-06-27,410.0,415.3,385.15,390.65,15943,,,
2007-06-28,399.0,403.9,388.0,390.5,3437,,,
2007-06-29,394.55,397.0,383.5,389.0,2459,,,
2007-07-02,396.9,396.9,385.6,391.4,2244,,,
2007-07-03,394.9,410.95,393.9,403.6,10276,,,
2007-07-04,408.0,409.7,393.5,395.6,2913,,,
2007-07-05,402.4,402.4,384.9,395.3,1784,,,
2007-07-06,393.1,400.0,387.5,391.25,2719,,,
2007-07-09,399.9,399.9,388.0,389.65,1788,,,
2007-07-10,390.0,398.0,385.0,388.4,1543,,,
2007-07-11,380.6,394.0,380.6,390.05,1238,,,
2007-07-12,394.0,395.0,380.0,387.3,1996,,,
2007-07-13,393.9,393.9,387.5,390.2,1378,,,
2007-07-16,384.8,394.6,384.8,389.8,654,,,
2007-07-17,384.0,409.3,384.0,409.3,3290,,,
2007-07-18,413.5,419.9,394.1,405.05,5753,,,
2007-07-19,405.3,418.0,405.2,415.4,3894,,,
2007-07-20,421.5,421.5,408.4,411.3,2560,,,
2007-07-23,414.8,427.0,405.1,413.5,2371,,,
2007-07-24,410.5,412.5,405.0,406.3,1572,,,
2007-07-25,392.5,409.7,392.5,403.25,965,,,
2007-07-26,420.0,420.0,404.0,410.35,924,,,
2007-07-27,390.7,408.5,390.5,399.05,1933,,,
2007-07-30,391.0,399.0,385.1,388.8,2040,,,
2007-07-31,400.0,400.5,383.0,385.9,1513,,,
2007-08-01,393.5,397.9,375.0,377.0,1906,,,
2007-08-02,379.5,384.5,368.5,370.1,1828,,,
2007-08-03,379.9,383.8,370.4,375.1,1144,,,
2007-08-06,371.0,373.4,365.2,370.25,863,,,
2007-08-07,382.0,382.0,368.0,368.5,1023,,,
2007-08-08,375.0,386.95,371.2,386.95,3039,,,
2007-08-09,394.5,406.3,386.0,389.6,9056,,,
2007-08-10,379.9,390.0,370.2,383.55,3472,,,
2007-08-13,389.9,389.9,385.0,386.6,1265,,,
2007-08-14,381.6,389.9,381.6,387.1,1481,,,
2007-08-16,385.0,387.0,375.0,376.9,1451,,,
2007-08-17,362.0,384.9,362.0,371.2,2347,,,
2007-08-20,388.0,388.8,366.5,368.15,1417,,,
2007-08-21,379.0,379.0,362.5,363.65,1284,,,
2007-08-22,365.0,369.0,349.3,356.85,2307,,,
2007-08-23,368.8,369.0,358.0,359.95,5292,,,
2007-08-24,375.0,375.0,358.2,361.1,1680,,,
2007-08-27,362.5,377.6,362.5,370.55,1039,,,
2007-08-28,366.85,376.5,366.0,369.7,957,,,
2007-08-29,365.0,370.9,365.0,367.6,256,,,
2007-08-30,379.0,379.0,366.0,367.5,628,,,
2007-08-31,369.9,375.5,365.0,367.45,2017,,,
2007-09-03,372.7,375.0,365.7,372.3,537,,,
2007-09-04,376.9,379.0,370.5,374.4,475,,,
2007-09-05,378.0,378.0,371.0,374.75,435,,,
2007-09-06,374.9,377.0,365.0,369.2,872,,,
2007-09-07,378.4,378.4,368.1,370.1,453,,,
2007-09-10,370.0,371.0,367.0,369.9,173,,,
2007-09-11,378.0,378.0,365.0,367.0,758,,,
2007-09-12,370.0,372.0,364.5,365.75,652,,,
2007-09-13,374.0,375.0,364.5,371.3,1612,,,
2007-09-14,370.0,375.0,370.0,370.25,976,,,
2007-09-17,363.5,370.0,361.0,362.25,715,,,
2007-09-18,369.9,371.5,365.0,370.35,801,,,
2007-09-19,377.0,387.4,367.6,368.8,1148,,,
2007-09-20,370.0,371.85,365.2,365.95,476,,,
2007-09-21,368.0,368.0,350.0,351.8,2155,,,
2007-09-24,362.9,362.9,355.0,358.6,1466,,,
2007-09-25,356.2,364.9,353.0,353.65,646,,,
2007-09-26,366.6,366.6,352.0,355.7,648,,,
2007-09-27,360.0,360.0,353.5,354.75,797,,,
2007-09-28,355.1,367.0,354.0,363.85,2426,,,
2007-10-01,357.0,373.4,357.0,370.0,1993,,,
2007-10-03,370.0,375.0,365.0,365.4,1711,,,
2007-10-04,365.1,367.0,360.0,361.6,475,,,
2007-10-05,367.9,370.0,351.0,365.15,1637,,,
2007-10-08,357.7,361.0,345.0,347.2,1298,,,
2007-10-09,350.0,360.0,344.9,348.65,1167,,,
2007-10-10,347.5,356.5,321.45,344.7,1524,,,
2007-10-11,350.0,350.0,343.0,345.65,698,,,
2007-10-12,340.5,347.0,335.5,339.45,1651,,,
2007-10-15,345.0,345.0,337.5,338.55,2109,,,
2007-10-16,337.5,340.0,329.1,330.45,1752,,,
2007-10-17,323.0,329.0,310.0,317.6,2785,,,
2007-10-18,328.0,328.5,305.1,307.5,3723,,,
2007-10-19,305.0,319.9,285.0,291.45,2779,,,
2007-10-22,280.5,305.0,280.5,300.5,1558,,,
2007-10-23,319.9,319.9,302.0,305.55,1347,,,
2007-10-24,315.0,327.8,313.5,318.65,2910,,,
2007-10-25,318.0,332.0,318.0,325.8,1982,,,
2007-10-26,329.0,346.5,325.0,332.9,3645,,,
2007-10-29,339.8,362.5,334.0,342.35,5176,,,
2007-10-30,344.1,344.1,315.65,329.3,2889,,,
2007-10-31,334.8,340.0,321.0,327.55,2145,,,
2007-11-01,339.0,341.0,321.5,327.85,1147,,,
2007-11-02,322.0,329.5,321.1,323.2,1127,,,
2007-11-05,333.0,334.8,305.0,314.35,4187,,,
2007-11-06,322.9,322.9,313.0,320.1,1807,,,
2007-11-07,315.0,321.8,312.5,320.1,2569,,,
2007-11-08,306.2,321.9,306.2,320.1,1295,,,
2007-11-09,329.0,329.0,317.8,320.5,286,,,
2007-11-12,318.0,335.0,312.2,317.6,731,,,
2007-11-13,319.9,320.0,312.8,314.25,528,,,
2007-11-14,329.0,330.0,310.0,320.05,1700,,,
2007-11-15,325.0,325.0,320.0,321.1,1605,,,
2007-11-16,320.0,325.0,320.0,324.75,2154,,,
2007-11-19,329.9,332.0,322.5,328.05,1666,,,
2007-11-20,329.9,329.9,319.0,325.0,1755,,,
2007-11-21,325.1,340.0,321.75,332.85,32948,,,
2007-11-22,332.0,338.0,325.0,325.15,8154,,,
2007-11-23,323.5,335.5,323.5,330.0,6451,,,
2007-11-26,331.1,338.8,331.1,333.8,914,,,
2007-11-27,333.0,335.4,330.0,330.1,1806,,,
2007-11-28,338.5,338.5,330.1,334.45,1217,,,
2007-11-29,340.0,340.5,332.3,338.05,1022,,,
2007-11-30,331.0,342.6,331.0,341.65,915,,,
2007-12-03,340.0,345.9,325.0,337.4,1772,,,
2007-12-04,343.0,344.9,335.5,338.4,238,,,
2007-12-05,340.0,345.0,335.0,339.1,407,,,
2007-12-06,335.6,359.0,331.5,341.7,1201,,,
2007-12-07,344.5,345.0,337.7,338.7,513,,,
2007-12-10,343.0,345.5,343.0,343.0,619,,,
2007-12-11,344.5,347.1,342.1,344.75,1731,,,
2007-12-12,340.6,340.6,328.0,333.1,3165,,,
2007-12-13,364.0,375.0,327.5,332.95,5775,,,
2007-12-14,332.5,343.8,332.2,342.8,4636,,,
2007-12-17,340.1,352.5,328.0,330.05,2677,,,
2007-12-18,330.0,334.0,326.0,327.2,728,,,
2007-12-19,333.35,333.35,321.0,322.15,581,,,
2007-12-20,332.5,332.5,320.7,323.3,359,,,
2007-12-24,337.0,337.0,322.5,323.55,2599,,,
2007-12-26,329.8,333.4,326.2,331.65,1234,,,
2007-12-27,335.0,359.9,331.1,357.0,22587,,,
2007-12-28,325.1,373.5,325.1,360.6,2068,,,
2007-12-31,375.0,375.0,350.0,368.65,5112,,,
2008-01-01,365.5,370.0,360.0,361.65,931,,,
2008-01-02,364.0,367.5,356.1,357.85,626,,,
2008-01-03,350.1,362.8,350.1,351.8,905,,,
2008-01-04,362.4,362.4,336.0,344.4,4637,,,
2008-01-07,355.0,356.0,341.0,352.5,822,,,
2008-01-08,362.5,362.5,345.1,350.0,1420,,,
2008-01-09,350.0,355.0,347.0,350.0,508,,,
2008-01-10,351.5,359.0,350.0,350.0,2674,,,
2008-01-11,350.0,352.5,340.0,351.0,756,,,
2008-01-14,360.0,360.0,342.5,350.05,471,,,
2008-01-15,350.0,355.0,345.3,351.2,1165,,,
2008-01-16,341.0,351.75,340.0,350.0,1673,,,
2008-01-17,350.0,355.0,350.0,350.05,787,,,
2008-01-18,350.0,354.8,345.0,350.05,2280,,,
2008-01-21,338.85,345.0,335.1,335.65,2978,,,
2008-01-22,310.0,400.0,268.7,335.25,1853,,,
2008-01-23,329.75,350.5,300.0,330.7,1486,,,
2008-01-24,304.25,344.0,304.25,321.3,2231,,,
2008-01-25,324.5,335.0,306.5,329.05,208,,,
2008-01-28,327.5,327.5,317.0,320.1,812,,,
2008-01-29,320.1,335.0,320.0,335.0,641,,,
2008-01-30,330.0,345.5,326.0,338.6,859,,,
2008-01-31,338.1,399.8,320.1,374.7,9208,,,
2008-02-01,371.0,371.0,336.0,339.4,1201,,,
2008-02-04,344.9,352.0,339.0,340.95,988,,,
2008-02-05,336.7,353.4,336.7,351.8,921,,,
2008-02-06,351.7,359.0,340.2,350.6,1060,,,
2008-02-07,349.9,355.0,343.1,344.55,488,,,
2008-02-08,343.1,348.5,340.6,345.55,39234,,,
2008-02-11,331.1,350.0,325.0,330.5,1154,,,
2008-02-12,326.6,334.6,311.0,323.15,208,,,
2008-02-13,339.3,339.3,310.0,316.55,528,,,
2008-02-14,349.9,350.0,320.0,321.65,342,,,
2008-02-15,333.35,333.35,320.0,322.7,523,,,
2008-02-18,330.0,340.0,323.0,325.25,911,,,
2008-02-19,344.9,344.9,328.0,330.9,1505,,,
2008-02-20,318.0,339.0,318.0,332.1,1437,,,
2008-02-21,332.1,337.0,330.0,330.0,1298,,,
2008-02-22,330.0,334.9,330.0,330.05,1929,,,
2008-02-25,344.9,389.9,328.0,330.8,2679,,,
2008-02-26,335.1,335.1,330.1,332.0,191,,,
2008-02-27,335.0,350.0,327.8,341.95,562,,,
2008-02-28,342.0,348.0,335.2,343.25,868,,,
2008-02-29,348.9,404.55,330.0,378.1,6035,,,
2008-03-03,340.1,344.1,318.0,328.0,1981,,,
2008-03-04,322.5,335.0,322.5,329.6,379,,,
2008-03-05,334.5,335.0,325.0,331.6,1378,,,
2008-03-07,325.0,335.0,321.0,329.7,1167,,,
2008-03-10,325.0,329.5,323.0,325.0,896,,,
2008-03-11,325.0,334.5,325.0,327.85,640,,,
2008-03-12,307.25,332.0,307.25,330.0,1557,,,
2008-03-13,325.0,328.9,318.2,319.05,42981,,,
2008-03-14,350.0,350.0,319.5,320.45,584,,,
2008-03-17,315.5,332.2,308.5,311.85,692,,,
2008-03-18,305.6,313.0,305.6,310.6,1196,,,
2008-03-19,329.0,329.0,310.0,314.4,1239,,,
2008-03-24,312.5,315.0,310.0,310.0,1042,,,
2008-03-25,315.0,318.0,310.0,312.5,159,,,
2008-03-26,329.7,332.0,311.0,312.95,257,,,
2008-03-27,310.0,317.0,305.0,311.25,1933,,,
2008-03-28,305.2,321.0,305.2,319.95,3573,,,
2008-03-31,319.0,348.0,315.0,334.2,8677,,,
2008-04-01,334.0,334.0,310.0,326.4,2841,,,
2008-04-02,333.0,333.0,316.6,317.65,395,,,
2008-04-03,308.5,325.0,308.5,319.4,264,,,
2008-04-04,324.0,324.0,311.1,312.75,256,,,
2008-04-07,319.0,319.9,309.0,315.0,125,,,
2008-04-08,310.5,317.5,310.5,313.95,473,,,
2008-04-09,316.0,319.0,310.1,316.35,47,,,
2008-04-10,312.1,321.5,311.0,319.2,293,,,
2008-04-11,332.0,332.0,317.7,322.25,100,,,
2008-04-15,320.0,323.0,312.5,320.55,539,,,
2008-04-16,327.5,329.0,316.0,320.4,349,,,
2008-04-17,321.5,325.0,318.4,319.75,148,,,
2008-04-21,327.0,327.0,320.1,322.2,34,,,
2008-04-22,332.2,332.2,322.1,325.9,460,,,
2008-04-23,330.0,354.9,326.6,348.95,3996,,,
2008-04-24,355.5,379.0,355.5,376.95,14875,,,
2008-04-25,378.0,385.0,360.7,379.55,9639,,,
2008-04-28,370.0,378.6,370.0,376.8,2771,,,
2008-04-29,379.4,379.5,367.4,377.5,1510,,,
2008-04-30,370.6,378.8,370.6,377.2,1400,,,
2008-05-02,378.7,380.0,370.65,375.2,1726,,,
2008-05-05,372.0,377.9,372.0,375.2,2010,,,
2008-05-06,378.0,378.0,371.2,374.1,1695,,,
2008-05-07,374.0,374.0,370.1,371.05,158,,,
2008-05-08,371.0,372.0,361.5,364.0,1155,,,
2008-05-09,362.0,369.5,356.0,366.1,703,,,
2008-05-12,358.8,369.5,358.6,361.05,213,,,
2008-05-13,363.95,364.8,361.0,362.55,3545,,,
2008-05-14,362.1,370.0,356.1,366.55,565,,,
2008-05-15,373.8,373.8,365.0,370.65,275,,,
2008-05-16,371.0,371.4,363.2,365.4,595,,,
2008-05-20,365.4,369.1,358.9,367.05,884,,,
2008-05-21,367.5,374.85,362.5,367.2,3655,,,
2008-05-22,365.0,370.0,357.0,367.55,788,,,
2008-05-23,367.5,370.0,364.0,368.8,1130,,,
2008-05-26,359.0,365.6,355.2,356.7,6585,,,
2008-05-27,365.0,365.0,353.1,361.4,2972,,,
2008-05-28,355.1,369.9,353.2,365.6,502,,,
2008-05-29,366.5,367.5,357.2,365.75,408,,,
2008-05-30,370.0,394.5,360.2,375.25,6321,,,
2008-06-02,365.0,369.0,355.0,357.3,563,,,
2008-06-03,350.0,362.5,340.0,353.85,300,,,
2008-06-04,362.9,362.9,343.7,350.0,261,,,
2008-06-05,354.4,355.0,345.3,353.8,274,,,
2008-06-06,359.0,371.0,359.0,367.7,1489,,,
2008-06-09,367.5,367.5,340.0,358.5,249,,,
2008-06-10,360.0,365.5,348.0,349.8,143,,,
2008-06-11,360.0,360.0,349.1,357.8,128,,,
2008-06-12,351.1,360.8,345.1,350.05,228,,,
2008-06-13,355.0,366.65,345.1,347.3,200,,,
2008-06-16,359.25,362.0,350.0,361.3,924,,,
2008-06-17,351.1,364.7,351.1,357.55,219,,,
2008-06-18,364.0,369.75,352.5,364.75,1235,,,
2008-06-19,353.0,365.0,353.0,363.8,132,,,
2008-06-20,360.1,360.1,347.5,350.45,593,,,
2008-06-23,350.5,350.5,341.0,341.85,147,,,
2008-06-24,332.8,343.8,332.8,339.5,204,,,
2008-06-25,331.25,345.0,330.3,337.9,246,,,
2008-06-26,352.0,357.9,338.6,356.55,648,,,
2008-06-27,340.0,390.0,336.1,370.7,2556,,,
2008-06-30,370.0,375.0,351.2,368.3,2049,,,
2008-07-01,372.0,375.0,350.0,351.8,866,,,
2008-07-02,353.8,357.8,340.1,353.8,617,,,
2008-07-03,352.5,356.0,346.6,349.9,109,,,
2008-07-04,347.0,350.0,344.0,349.0,162,,,
2008-07-07,348.0,359.0,339.5,350.6,183,,,
2008-07-08,353.0,353.0,331.2,346.95,362,,,
2008-07-09,345.2,360.0,345.0,353.25,251,,,
2008-07-10,349.75,355.0,340.8,352.4,182,,,
2008-07-11,360.0,360.0,344.5,345.0,223,,,
2008-07-14,345.0,349.9,342.0,344.5,87,,,
2008-07-15,348.0,348.0,335.0,336.35,128,,,
2008-07-16,338.0,338.0,327.0,329.9,735,,,
2008-07-17,324.5,335.0,324.5,331.65,88,,,
2008-07-18,337.0,337.2,330.2,331.6,142,,,
2008-07-21,332.1,333.5,324.5,331.0,56,,,
2008-07-22,335.0,354.0,335.0,344.8,521,,,
2008-07-23,369.0,369.0,341.0,367.2,1151,,,
2008-07-24,375.9,379.0,355.2,362.65,1139,,,
2008-07-25,373.0,380.0,360.1,362.25,597,,,
2008-07-28,361.0,369.0,336.7,364.9,382,,,
2008-07-29,367.5,368.0,358.7,361.4,85,,,
2008-07-30,362.0,367.0,360.0,362.6,124796,,,
2008-07-31,360.5,365.0,360.0,363.1,144,,,
2008-08-01,364.2,364.2,357.25,362.45,724,,,
2008-08-04,365.0,365.0,362.5,362.7,247,,,
2008-08-05,362.9,366.0,362.5,364.8,1593,,,
2008-08-06,366.0,367.0,363.0,365.0,969,,,
2008-08-07,362.5,367.2,362.5,365.15,331,,,
2008-08-08,367.95,370.0,362.75,365.0,315,,,
2008-08-11,369.9,369.9,365.15,366.9,188,,,
2008-08-12,367.0,371.7,365.4,369.5,3987,,,
2008-08-13,364.65,370.9,364.65,370.15,371,,,
2008-08-14,367.0,369.2,365.0,368.65,92,,,
2008-08-18,365.0,370.2,362.0,370.05,420,,,
2008-08-19,369.0,371.0,367.0,370.9,113,,,
2008-08-20,367.1,371.0,367.1,370.0,435,,,
2008-08-21,370.0,370.5,367.1,367.5,2328,,,
2008-08-22,370.0,370.0,361.2,362.75,289,,,
2008-08-25,368.0,368.0,359.3,361.4,16307,,,
2008-08-26,360.5,364.5,355.1,356.4,131,,,
2008-08-27,364.5,364.5,350.6,354.5,226,,,
2008-08-28,353.5,379.0,349.0,367.6,1161,,,
2008-08-29,357.0,369.9,357.0,367.7,725,,,
2008-09-01,370.0,370.0,359.05,360.85,209,,,
2008-09-02,366.4,366.5,360.0,362.8,714,,,
2008-09-04,364.0,366.9,360.5,363.6,379,,,
2008-09-05,368.0,368.0,356.1,359.7,365,,,
2008-09-08,364.8,364.8,355.0,358.65,125,,,
2008-09-09,361.55,361.55,351.55,355.05,406,,,
2008-09-10,355.0,357.4,349.0,351.05,8009,,,
2008-09-11,354.0,354.0,345.75,346.6,259,,,
2008-09-12,357.0,357.0,340.0,340.3,855,,,
2008-09-15,340.0,340.0,331.2,333.6,427,,,
2008-09-16,339.9,340.0,332.6,335.8,693,,,
2008-09-17,339.8,342.7,332.0,334.0,493,,,
2008-09-18,327.7,338.0,288.9,334.25,669,,,
2008-09-19,338.0,342.1,338.0,340.0,91,,,
2008-09-22,335.1,341.1,335.1,336.85,351,,,
2008-09-23,334.4,336.0,325.15,326.55,286,,,
2008-09-24,331.0,331.0,327.6,327.8,206,,,
2008-09-25,332.35,333.0,328.0,332.7,73,,,
2008-09-26,334.9,334.9,325.0,326.0,332,,,
2008-09-29,326.1,345.5,317.1,339.35,1596,,,
2008-09-30,311.5,369.0,311.5,347.8,3975,,,
2008-10-01,340.0,342.0,333.5,335.25,1532,,,
2008-10-03,335.0,335.0,321.0,330.3,366,,,
2008-10-06,330.0,330.0,318.0,322.15,1713,,,
2008-10-07,321.0,345.0,303.5,329.55,2135,,,
2008-10-08,322.5,346.0,310.0,336.35,5100,,,
2008-10-10,331.0,331.0,295.1,309.65,4020,,,
2008-10-13,315.0,318.5,300.1,302.25,501,,,
2008-10-14,312.0,314.9,292.1,295.0,1167,,,
2008-10-15,300.0,300.0,275.0,286.8,1100,,,
2008-10-16,277.5,287.0,266.0,278.85,1532,,,
2008-10-17,281.0,282.5,265.0,269.4,217,,,
2008-10-20,272.0,278.1,221.2,249.25,1232,,,
2008-10-21,255.0,260.0,251.5,252.7,181,,,
2008-10-22,252.0,253.4,242.5,244.3,410,,,
2008-10-23,222.4,246.0,222.4,242.0,666,,,
2008-10-24,237.15,246.0,209.0,223.6,1307,,,
2008-10-27,218.0,220.0,205.0,207.7,1407,,,
2008-10-28,219.0,233.0,216.2,223.5,160,,,
2008-10-29,235.0,267.4,230.5,244.45,768,,,
2008-10-31,242.0,255.0,242.0,252.95,1282,,,
2008-11-03,260.0,280.0,258.0,260.3,651,,,
2008-11-04,260.5,267.0,230.7,263.35,452,,,
2008-11-05,263.35,280.0,260.5,276.1,1795,,,
2008-11-06,272.5,272.5,263.1,270.9,1021,,,
2008-11-07,265.0,272.7,260.15,271.05,7233,,,
2008-11-10,270.9,270.9,267.5,268.4,159,,,
2008-11-11,270.0,270.0,255.1,263.0,16168,,,
2008-11-12,260.0,265.7,260.0,260.15,259,,,
2008-11-14,260.2,267.4,256.0,260.05,2082,,,
2008-11-17,260.0,264.5,257.0,258.05,631,,,
2008-11-18,256.0,258.8,252.5,253.0,1329,,,
2008-11-19,253.0,257.0,245.5,248.4,1826,,,
2008-11-20,240.0,245.0,231.0,243.5,1983,,,
2008-11-21,237.5,244.0,232.1,236.95,1865,,,
2008-11-24,235.0,236.1,230.0,230.7,360,,,
2008-11-25,228.5,239.3,228.5,234.55,3803,,,
2008-11-26,235.9,235.9,216.0,219.75,2919,,,
2008-11-28,219.0,238.5,215.1,228.05,502,,,
2008-12-01,228.5,235.0,218.0,221.15,6775,,,
2008-12-02,221.15,221.15,209.0,211.4,1030,,,
2008-12-03,216.9,216.9,207.5,208.75,506,,,
2008-12-04,208.75,208.75,189.0,194.75,8368,,,
2008-12-05,195.0,195.0,184.2,185.9,14974,,,
2008-12-08,190.0,208.0,189.0,190.35,1270,,,
2008-12-10,184.5,196.2,184.5,194.95,2212,,,
2008-12-11,194.95,196.0,191.0,194.8,1728,,,
2008-12-12,191.0,195.0,191.0,194.1,615,,,
2008-12-15,192.15,202.0,192.15,200.2,13074,,,
2008-12-16,198.2,225.0,198.2,222.35,5304,,,
2008-12-17,226.0,237.1,224.0,233.3,3257,,,
2008-12-18,239.0,244.9,230.1,237.45,5334,,,
2008-12-19,230.5,247.5,230.5,246.4,1473,,,
2008-12-22,250.0,250.0,242.1,245.65,892,,,
2008-12-23,236.0,246.0,234.2,234.9,677,,,
2008-12-24,239.0,239.0,230.2,232.3,415,,,
2008-12-26,250.0,250.0,238.0,239.2,635,,,
2008-12-29,230.4,248.3,230.4,245.15,1212,,,
2008-12-30,239.0,247.4,239.0,241.2,502,,,
2008-12-31,247.0,247.1,242.0,245.45,1422,,,
2009-01-01,248.0,250.0,244.0,245.5,356,,,
2009-01-02,248.5,248.5,243.9,244.85,401,,,
2009-01-05,258.0,258.0,243.0,245.8,388,,,
2009-01-06,249.8,249.8,242.5,243.3,767,,,
2009-01-07,243.2,246.25,234.1,241.25,223,,,
2009-01-09,210.5,237.0,210.5,231.9,625,,,
2009-01-12,227.5,234.5,226.0,231.9,376,,,
2009-01-13,232.0,235.0,228.0,232.25,250,,,
2009-01-14,230.0,234.9,230.0,230.5,92,,,
2009-01-15,232.0,235.5,222.0,234.15,456,,,
2009-01-16,231.0,237.0,231.0,234.5,407,,,
2009-01-19,234.0,240.0,230.0,233.2,274,,,
2009-01-20,234.9,237.7,232.0,237.05,367,,,
2009-01-21,235.0,236.5,232.1,234.55,427,,,
2009-01-22,234.0,241.4,228.6,230.3,206,,,
2009-01-23,235.0,235.0,227.1,228.5,239,,,
2009-01-27,230.8,231.0,225.65,230.2,384,,,
2009-01-28,232.4,236.4,231.1,235.15,377,,,
2009-01-29,230.0,239.0,230.0,233.4,816,,,
2009-01-30,233.5,235.5,233.1,234.8,5052,,,
2009-02-02,234.9,238.0,230.8,235.35,408,,,
2009-02-03,238.0,238.0,233.1,233.8,1142,,,
2009-02-04,234.5,235.1,233.6,234.6,2440,,,
2009-02-05,235.0,236.0,233.05,234.5,1401,,,
2009-02-06,236.0,245.0,235.0,238.75,558,,,
2009-02-09,239.4,242.0,225.4,239.75,2722,,,
2009-02-10,238.1,241.5,233.1,237.35,673,,,
2009-02-11,234.0,236.85,230.0,235.05,336,,,
2009-02-12,233.0,235.0,225.0,232.9,1766,,,
2009-02-13,232.8,241.5,232.8,235.45,781,,,
2009-02-16,234.5,237.1,233.5,234.05,145,,,
2009-02-17,231.4,234.6,231.2,232.9,169,,,
2009-02-18,235.8,237.5,229.1,236.05,276,,,
2009-02-19,238.0,238.8,235.0,235.3,285,,,
2009-02-20,234.9,235.0,233.0,233.3,1044,,,
2009-02-24,237.1,237.2,232.0,233.2,819,,,
2009-02-25,237.3,237.4,230.2,230.35,2431,,,
2009-02-26,234.5,234.5,226.1,229.5,1808,,,
2009-02-27,230.0,230.0,223.5,225.8,907,,,
2009-03-02,229.5,229.5,220.2,221.2,407,,,
2009-03-03,222.4,222.5,213.6,219.1,647,,,
2009-03-04,219.0,219.0,212.5,214.2,515,,,
2009-03-05,211.5,215.0,209.0,210.35,694,,,
2009-03-06,214.7,214.7,205.2,210.9,634,,,
2009-03-09,208.0,220.5,208.0,215.6,357,,,
2009-03-12,215.0,219.45,211.1,217.3,604,,,
2009-03-13,220.0,223.0,217.2,219.8,6911,,,
2009-03-16,222.4,222.4,219.0,220.0,19004,,,
2009-03-17,220.5,224.7,220.5,221.75,142,,,
2009-03-18,223.6,224.5,221.75,222.45,307,,,
2009-03-19,222.0,226.9,222.0,223.3,130,,,
2009-03-20,220.0,229.5,216.9,228.2,580,,,
2009-03-23,236.9,242.0,229.1,240.5,1387,,,
2009-03-24,254.6,270.0,240.5,262.35,4609,,,
2009-03-25,268.9,268.9,257.6,264.65,2031,,,
2009-03-26,269.65,273.0,260.05,266.75,3997,,,
2009-03-27,270.0,277.0,266.5,275.4,3310,,,
2009-03-30,264.6,277.5,261.1,274.0,1199,,,
2009-03-31,266.5,277.5,261.1,270.2,5027,,,
2009-04-01,270.0,276.0,270.0,274.5,639,,,
2009-04-02,276.0,288.0,276.0,283.9,2884,,,
2009-04-06,288.0,302.5,288.0,299.8,4690,,,
2009-04-08,285.1,298.8,285.1,291.25,1384,,,
2009-04-09,305.0,308.8,290.0,292.45,3135,,,
2009-04-13,295.0,304.9,290.0,301.0,6384,,,
2009-04-15,300.0,309.5,295.5,296.55,10238,,,
2009-04-16,304.8,305.0,281.2,283.2,928,,,
2009-04-17,290.0,292.5,286.0,290.55,1825,,,
2009-04-20,292.5,297.0,291.1,295.7,472,,,
2009-04-21,291.45,295.5,290.0,291.6,314,,,
2009-04-22,294.8,298.0,288.05,290.35,233,,,
2009-04-23,288.0,294.9,282.0,290.1,524,,,
2009-04-24,285.1,296.0,285.1,295.95,2322,,,
2009-04-27,291.0,299.4,288.1,293.3,777,,,
2009-04-28,295.0,317.0,288.5,300.0,6512,,,
2009-04-29,298.9,303.0,294.0,301.25,892,,,
2009-05-04,300.5,304.8,246.7,289.75,4861,,,
2009-05-05,289.75,300.0,289.75,290.7,1115,,,
2009-05-06,288.0,295.0,276.0,288.15,1171,,,
2009-05-07,291.9,293.0,290.5,292.45,381,,,
2009-05-08,292.45,293.3,291.2,292.7,517,,,
2009-05-11,291.6,293.5,286.5,292.5,673,,,
2009-05-12,290.0,292.7,288.5,290.05,5293,,,
2009-05-13,291.0,292.3,289.25,290.1,313,,,
2009-05-14,289.0,291.8,286.0,288.95,137,,,
2009-05-15,292.0,292.0,288.2,289.2,353,,,
2009-05-18,310.0,338.8,310.0,335.9,10,,,
2009-05-19,312.4,340.0,295.0,310.55,6621,,,
2009-05-20,314.4,318.0,305.1,308.05,531,,,
2009-05-21,311.3,317.4,305.4,306.7,2163,,,
2009-05-22,306.6,315.0,306.6,309.3,442,,,
2009-05-25,310.0,312.0,302.5,306.0,1223,,,
2009-05-26,310.0,311.0,299.0,300.6,4226,,,
2009-05-27,301.0,310.0,300.0,305.2,2136,,,
2009-05-28,302.1,307.0,300.1,301.55,685,,,
2009-05-29,304.9,315.0,297.5,303.0,37321,,,
2009-06-01,304.05,312.0,301.1,304.1,1671,,,
2009-06-02,306.0,345.0,303.2,334.5,10107,,,
2009-06-03,337.6,365.0,331.0,337.8,6720,,,
2009-06-04,337.5,355.0,336.0,345.15,6949,,,
2009-06-05,340.2,352.95,340.2,351.85,7269,,,
2009-06-08,355.0,360.0,353.6,356.8,4586,,,
2009-06-09,357.0,357.0,345.0,348.1,1941,,,
2009-06-10,354.8,355.0,342.5,344.0,953,,,
2009-06-11,344.7,344.7,339.0,339.5,864,,,
2009-06-12,338.5,338.8,325.1,327.7,1075,,,
2009-06-15,332.5,333.45,320.2,328.15,844,,,
2009-06-16,328.15,344.0,328.0,337.55,530,,,
2009-06-17,333.5,339.4,330.0,330.35,364,,,
2009-06-18,331.5,337.2,325.0,332.7,1187,,,
2009-06-19,336.5,348.0,331.1,339.3,853,,,
2009-06-22,339.4,348.8,330.25,331.9,467,,,
2009-06-23,326.0,333.8,322.5,327.2,794,,,
2009-06-24,329.5,347.9,329.5,343.75,3139,,,
2009-06-25,336.0,353.0,336.0,346.0,919,,,
2009-06-26,336.5,349.5,336.5,345.55,1076,,,
2009-06-29,341.0,354.9,341.0,347.0,503,,,
2009-06-30,352.0,352.0,337.5,343.35,1404,,,
2009-07-01,349.9,350.0,340.0,341.25,274,,,
2009-07-02,342.6,343.0,325.0,338.1,1274,,,
2009-07-03,339.9,340.0,335.0,338.35,306,,,
2009-07-06,342.5,344.7,335.0,336.95,896,,,
2009-07-07,333.3,339.6,325.0,330.1,890,,,
2009-07-08,326.3,332.0,325.3,329.65,407,,,
2009-07-09,330.0,336.9,326.1,335.55,610,,,
2009-07-10,332.2,335.0,327.0,327.7,160,,,
2009-07-13,328.0,328.45,320.2,326.7,466,,,
2009-07-14,334.8,336.0,330.0,335.7,349,,,
2009-07-15,344.7,344.7,336.0,339.55,150,,,
2009-07-16,341.5,354.9,330.0,331.5,1321,,,
2009-07-17,337.9,343.5,333.9,338.7,368,,,
2009-07-20,342.2,342.2,336.4,341.05,586,,,
2009-07-21,333.5,346.5,333.5,344.8,455,,,
2009-07-22,346.5,357.5,343.1,353.4,1902,,,
2009-07-23,357.9,364.0,353.0,362.05,2104,,,
2009-07-24,368.0,379.0,363.5,373.05,3597,,,
2009-07-27,374.0,375.0,365.2,374.05,1555,,,
2009-07-28,376.0,400.0,374.0,396.2,6953,,,
2009-07-29,373.5,439.9,373.5,418.5,16104,,,
2009-07-30,397.55,422.5,397.55,418.7,15211,,,
2009-07-31,419.7,424.5,395.0,416.3,10495,,,
2009-08-03,422.4,422.4,402.15,417.05,4216,,,
2009-08-04,413.0,414.0,399.0,403.6,28931,,,
2009-08-05,409.0,410.0,395.0,397.55,2851,,,
2009-08-06,389.2,400.0,380.0,396.7,2357,,,
2009-08-07,385.0,400.0,385.0,388.8,2166,,,
2009-08-10,389.2,390.0,377.9,383.65,3067,,,
2009-08-11,388.0,390.5,378.05,388.3,1978,,,
2009-08-12,387.0,387.5,378.6,384.0,782,,,
2009-08-13,387.25,388.5,379.0,384.15,2600,,,
2009-08-14,385.0,387.0,380.1,385.9,1152,,,
2009-08-17,460.0,460.0,379.5,383.2,3026,,,
2009-08-18,388.5,389.0,363.5,368.15,1425,,,
2009-08-19,383.5,384.8,375.0,377.25,1101,,,
2009-08-20,379.9,379.9,375.1,378.35,413,,,
2009-08-21,378.85,379.2,375.0,378.25,179,,,
2009-08-24,382.5,397.5,382.5,384.4,35793,,,
2009-08-25,389.9,389.9,382.7,385.05,296,,,
2009-08-26,389.5,399.8,376.0,377.45,3330,,,
2009-08-27,377.45,385.0,372.5,374.75,1511,,,
2009-08-28,375.0,381.4,369.0,372.55,1694,,,
2009-08-31,371.0,380.0,371.0,378.35,761,,,
2009-09-01,388.0,390.0,373.1,376.35,930,,,
2009-09-02,379.0,379.2,370.3,374.65,807,,,
2009-09-03,377.0,377.6,367.2,373.2,382,,,
2009-09-04,373.0,379.5,370.2,375.2,678,,,
2009-09-07,375.0,379.9,347.05,376.9,622,,,
2009-09-08,380.0,384.0,374.5,381.2,5810,,,
2009-09-09,382.0,383.8,377.8,380.4,1874,,,
2009-09-10,375.3,417.0,375.3,394.65,5523,,,
2009-09-11,397.5,399.8,388.2,390.15,8668,,,
2009-09-14,385.7,393.6,385.0,389.1,407,,,
2009-09-15,390.5,393.5,381.0,382.75,1808,,,
2009-09-16,389.0,393.0,382.8,391.3,3676,,,
2009-09-17,386.5,395.0,385.0,386.15,1377,,,
2009-09-18,391.8,392.5,375.6,383.7,1065,,,
2009-09-22,383.7,394.7,379.9,390.25,850,,,
2009-09-23,386.3,392.0,386.3,390.05,5987,,,
2009-09-24,390.2,394.7,390.0,391.4,1423,,,
2009-09-25,384.0,395.0,384.0,391.55,819,,,
2009-09-29,394.9,397.4,390.0,390.15,801,,,
2009-09-30,395.4,429.0,392.0,410.85,26256,,,
2009-10-01,414.0,417.5,403.1,410.1,4024,,,
2009-10-05,407.0,420.0,398.0,400.0,7633,,,
2009-10-06,403.1,412.0,400.0,409.2,1893,,,
2009-10-07,417.0,417.0,407.0,410.3,3016,,,
2009-10-08,410.0,416.5,402.2,409.8,2021,,,
2009-10-09,410.0,412.5,400.0,410.1,2214,,,
2009-10-12,406.0,419.0,406.0,410.3,975,,,
2009-10-14,410.0,418.9,410.0,412.55,530,,,
2009-10-15,411.1,414.5,411.1,413.45,681,,,
2009-10-16,415.2,415.2,410.1,411.2,342,,,
2009-10-17,418.45,422.0,414.0,419.45,753,,,
2009-10-20,417.9,438.9,417.5,432.1,3994,,,
2009-10-21,431.6,437.7,427.6,430.1,1258,,,
2009-10-22,420.0,437.0,420.0,432.9,1109,,,
2009-10-23,435.0,438.0,430.0,430.35,789,,,
2009-10-26,421.4,438.5,421.4,431.1,2087,,,
2009-10-27,426.4,430.85,421.0,423.4,1163,,,
2009-10-28,425.0,430.0,421.0,428.35,240,,,
2009-10-29,425.0,433.0,421.2,431.0,917,,,
2009-10-30,430.0,435.0,415.5,419.6,1160,,,
2009-11-03,410.0,419.0,400.1,410.15,687,,,
2009-11-04,424.5,424.5,410.0,410.1,754,,,
2009-11-05,415.0,418.8,410.0,415.0,771,,,
2009-11-06,422.5,424.5,410.0,414.2,823,,,
2009-11-09,418.7,424.5,412.0,416.85,648,,,
2009-11-10,418.0,419.6,410.0,416.25,1512,,,
2009-11-11,422.0,423.8,412.1,421.6,458,,,
2009-11-12,423.0,424.5,417.0,420.9,405,,,
2009-11-13,422.0,432.1,422.0,430.1,43844,,,
2009-11-16,431.0,432.5,425.5,426.3,157,,,
2009-11-17,428.0,431.0,424.1,428.65,1021,,,
2009-11-18,428.0,430.0,425.0,426.95,302,,,
2009-11-19,427.0,430.0,418.0,423.6,474,,,
2009-11-20,417.0,430.0,416.0,428.35,1218,,,
2009-11-23,414.0,437.5,414.0,425.2,396,,,
2009-11-24,421.0,432.5,421.0,430.7,5439,,,
2009-11-25,436.0,436.0,425.0,425.9,156,,,
2009-11-26,423.0,433.0,423.0,427.05,312,,,
2009-11-27,420.7,429.5,420.7,427.5,2071,,,
2009-11-30,427.5,434.5,426.1,433.0,900,,,
2009-12-01,432.0,436.0,428.1,434.1,346,,,
2009-12-02,435.1,435.1,427.0,431.25,392,,,
2009-12-03,430.0,434.0,430.0,431.75,250,,,
2009-12-04,427.7,434.85,424.2,432.6,385,,,
2009-12-07,428.6,434.8,427.2,430.0,288,,,
2009-12-08,427.1,432.3,426.8,429.85,797,,,
2009-12-09,428.2,432.5,427.5,430.75,774,,,
2009-12-10,425.0,433.5,425.0,431.75,107,,,
2009-12-11,431.0,437.7,431.0,434.1,641,,,
2009-12-14,430.6,434.7,422.1,428.0,351,,,
2009-12-15,432.8,437.0,430.3,434.85,1074,,,
2009-12-16,427.0,434.0,427.0,431.2,150,,,
2009-12-17,431.5,437.5,430.2,437.4,2083,,,
2009-12-18,437.5,438.5,433.1,435.05,950,,,
2009-12-21,432.2,433.7,425.0,428.45,155,,,
2009-12-22,424.5,436.9,424.5,436.45,907,,,
2009-12-23,430.0,451.5,427.3,440.55,1778,,,
2009-12-24,445.0,450.5,437.1,443.5,777,,,
2009-12-29,442.5,450.0,441.0,444.65,528,,,
2009-12-30,449.5,450.0,436.8,442.55,241,,,
2009-12-31,447.0,450.0,440.7,444.45,6866,,,
2010-01-04,458.5,470.0,445.0,449.3,654,,,
2010-01-05,450.0,455.0,449.35,451.6,3419,,,
2010-01-06,452.5,481.0,452.3,471.95,7928,,,
2010-01-07,480.0,492.5,455.0,469.75,2818,,,
2010-01-08,469.8,483.0,455.0,480.9,1635,,,
2010-01-11,487.4,528.0,482.5,507.75,5632,,,
2010-01-12,518.5,527.0,507.2,519.1,5000,,,
2010-01-13,507.2,523.0,505.15,513.95,1344,,,
2010-01-14,528.0,530.0,506.0,510.45,1840,,,
2010-01-15,518.0,518.0,500.0,503.2,807,,,
2010-01-18,500.0,512.7,499.0,501.05,667,,,
2010-01-19,505.0,506.0,492.0,493.7,985,,,
2010-01-20,509.0,509.0,493.8,499.0,672,,,
2010-01-21,494.0,505.0,494.0,498.7,558,,,
2010-01-22,494.3,570.0,492.6,507.4,1070,,,
2010-01-25,500.0,505.0,495.0,497.2,496,,,
2010-01-27,507.0,507.0,474.5,477.05,996,,,
2010-01-28,496.5,496.5,470.0,471.15,1308,,,
2010-01-29,469.0,484.9,465.0,481.2,1178,,,
2010-02-01,485.0,495.9,485.0,493.1,1277,,,
2010-02-02,508.5,530.0,500.0,518.15,2336,,,
2010-02-03,519.5,530.0,487.6,492.25,2572,,,
2010-02-04,495.0,499.8,465.1,486.95,8240,,,
2010-02-05,464.0,499.7,460.1,483.9,3217,,,
2010-02-06,499.0,503.0,491.2,492.6,183,,,
2010-02-08,515.0,528.9,496.0,501.7,1155,,,
2010-02-09,499.5,509.0,494.0,503.5,654,,,
2010-02-10,524.0,524.0,494.0,499.75,4709,,,
2010-02-11,493.9,519.9,478.85,497.0,463,,,
2010-02-15,497.0,507.7,487.1,493.3,427,,,
2010-02-16,490.0,510.0,488.0,497.1,219,,,
2010-02-17,506.0,522.0,496.0,500.9,702,,,
2010-02-18,503.0,513.9,486.5,492.8,1242,,,
2010-02-19,490.0,494.8,482.3,487.9,814,,,
2010-02-22,490.1,502.5,480.1,487.75,455,,,
2010-02-23,485.3,493.0,485.3,490.1,218,,,
2010-02-24,490.0,495.0,487.5,491.1,371,,,
2010-02-25,490.0,494.7,487.5,493.25,426,,,
2010-02-26,494.0,498.5,493.05,495.8,388,,,
2010-03-02,499.0,502.5,497.2,502.2,630,,,
2010-03-03,500.1,507.55,500.1,502.4,598,,,
2010-03-04,500.7,504.0,500.7,501.5,330,,,
2010-03-05,505.0,506.3,497.0,501.6,622,,,
2010-03-08,507.5,507.5,501.9,503.95,192,,,
2010-03-09,506.0,506.0,502.0,502.2,252,,,
2010-03-10,498.0,500.3,482.1,486.15,1195,,,
2010-03-11,490.0,578.45,487.5,527.85,2785,,,
2010-03-12,530.0,545.0,506.65,516.15,4922,,,
2010-03-15,518.0,540.0,483.15,499.2,3570,,,
2010-03-16,510.0,510.0,489.0,491.9,1862,,,
2010-03-17,505.0,505.0,496.0,501.6,1534,,,
2010-03-18,511.5,511.5,496.1,500.8,540,,,
2010-03-19,509.9,512.0,499.1,506.7,1292,,,
2010-03-22,507.0,532.0,500.6,502.5,895,,,
2010-03-23,495.2,509.0,495.15,503.8,452,,,
2010-03-25,500.0,506.7,500.0,503.75,311,,,
2010-03-26,503.5,528.0,498.0,515.35,1624,,,
2010-03-29,510.0,528.0,503.0,524.3,2014,,,
2010-03-30,527.0,538.0,515.1,530.7,1520,,,
2010-03-31,530.6,535.0,520.0,523.15,993,,,
2010-04-01,527.5,530.0,522.8,527.8,657,,,
2010-04-05,532.95,536.0,529.2,532.9,865,,,
2010-04-06,532.0,537.0,532.0,535.05,934,,,
2010-04-07,535.0,549.0,532.5,540.3,1071,,,
2010-04-08,540.0,558.0,533.0,551.9,2277,,,
2010-04-09,551.0,605.0,540.0,579.8,12819,,,
2010-04-12,590.0,590.0,558.2,563.6,2881,,,
2010-04-13,568.0,577.7,555.6,559.7,2009,,,
2010-04-15,564.0,569.9,561.1,564.15,1751,,,
2010-04-16,569.4,577.5,551.3,557.1,8163,,,
2010-04-19,550.1,569.8,541.0,565.25,2814,,,
2010-04-20,565.5,569.0,555.5,556.75,1841,,,
2010-04-21,560.0,560.0,538.0,543.9,3187,,,
2010-04-22,540.0,543.8,530.2,537.1,1506,,,
2010-04-23,531.7,538.5,531.7,534.4,982,,,
2010-04-26,532.5,539.2,530.5,535.5,783,,,
2010-04-27,530.1,542.0,530.1,540.8,711,,,
2010-04-28,538.0,544.8,535.4,542.7,698,,,
2010-04-29,543.0,561.9,535.65,553.15,1806,,,
2010-04-30,550.0,565.9,547.6,552.8,1227,,,
2010-05-03,547.3,555.9,542.8,546.25,330,,,
2010-05-04,550.0,552.0,537.5,540.45,492,,,
2010-05-05,530.5,543.8,530.5,540.95,605,,,
2010-05-06,540.0,544.8,536.1,542.0,1210,,,
2010-05-07,531.0,550.0,531.0,541.55,795,,,
2010-05-10,560.0,560.5,537.0,554.5,4534,,,
2010-05-11,562.0,563.5,545.0,547.65,871,,,
2010-05-12,551.8,555.9,547.1,548.55,408,,,
2010-05-13,553.4,553.5,538.9,543.15,617,,,
2010-05-14,542.55,549.9,542.55,546.15,281,,,
2010-05-17,535.0,558.0,526.5,551.75,1062,,,
2010-05-18,550.0,555.5,547.7,550.6,211,,,
2010-05-19,549.8,559.0,540.0,542.45,6147,,,
2010-05-20,554.9,564.9,545.1,547.4,379,,,
2010-05-21,540.1,554.5,532.1,542.15,3101,,,
2010-05-24,548.0,555.0,540.0,541.4,302,,,
2010-05-25,541.4,545.0,530.0,532.9,600,,,
2010-05-26,534.8,555.0,525.2,541.65,2390,,,
2010-05-27,545.0,545.0,536.5,538.4,441,,,
2010-05-28,545.0,549.7,535.0,543.1,329,,,
2010-05-31,549.0,549.0,530.1,536.25,511,,,
2010-06-01,542.9,542.9,536.25,540.45,298,,,
2010-06-02,544.9,575.0,527.5,551.85,1287,,,
2010-06-03,549.9,560.0,541.1,556.25,1091,,,
2010-06-04,548.2,558.0,548.2,554.75,319,,,
2010-06-07,550.0,554.5,541.2,552.15,245,,,
2010-06-08,565.0,566.0,550.0,553.25,3280,,,
2010-06-09,554.4,555.0,551.3,552.35,135,,,
2010-06-10,554.0,585.0,550.5,571.75,5444,,,
2010-06-11,572.0,580.0,560.0,575.35,1041,,,
2010-06-14,576.0,576.0,568.0,571.65,203,,,
2010-06-15,572.4,573.0,568.55,570.8,240,,,
2010-06-16,578.9,578.9,568.0,573.55,367,,,
2010-06-17,574.8,578.55,572.5,575.45,333,,,
2010-06-18,576.0,577.5,546.65,565.45,810,,,
2010-06-21,570.0,587.4,570.0,580.0,3409,,,
2010-06-22,576.5,579.4,571.4,574.65,397,,,
2010-06-23,577.5,578.9,570.0,573.05,259,,,
2010-06-24,568.0,581.5,568.0,574.45,75,,,
2010-06-25,570.0,574.0,566.7,571.1,192,,,
2010-06-28,568.9,574.3,568.9,572.35,162,,,
2010-06-29,568.2,584.4,564.0,572.6,3008,,,
2010-06-30,570.0,588.0,565.6,584.05,2097,,,
2010-07-01,582.0,585.0,573.2,574.1,447,,,
2010-07-02,573.6,578.9,570.2,573.05,131,,,
2010-07-05,579.0,579.5,572.05,574.05,165,,,
2010-07-06,574.0,577.25,571.0,574.5,195,,,
2010-07-07,576.0,576.0,570.6,575.4,130,,,
2010-07-08,570.2,579.9,570.2,572.7,311,,,
2010-07-09,575.0,579.0,571.0,574.5,1868,,,
2010-07-12,580.0,580.0,561.0,570.15,447,,,
2010-07-13,572.0,577.0,568.1,570.9,263,,,
2010-07-14,579.0,584.0,569.5,570.3,846,,,
2010-07-15,571.6,592.5,571.5,580.1,3311,,,
2010-07-16,583.85,589.0,581.1,587.8,1029,,,
2010-07-19,586.4,592.0,584.0,588.75,457,,,
2010-07-20,588.5,590.6,583.0,586.75,242,,,
2010-07-21,588.0,597.0,581.0,592.1,1284,,,
2010-07-22,591.1,600.0,575.0,590.55,2349,,,
2010-07-23,584.3,595.0,565.0,587.15,7835,,,
2010-07-26,590.0,594.9,565.0,579.9,2725,,,
2010-07-27,586.8,591.0,570.2,588.7,3837,,,
2010-07-28,586.0,589.8,576.1,577.4,732,,,
2010-07-29,580.5,581.7,571.0,574.2,495,,,
2010-07-30,568.4,587.0,568.3,570.85,697,,,
2010-08-02,566.5,578.5,564.5,567.55,2278,,,
2010-08-03,565.2,578.5,565.2,576.3,1701,,,
2010-08-04,578.9,578.9,572.7,573.65,2317,,,
2010-08-05,577.0,604.8,570.0,572.9,4366,,,
2010-08-06,575.0,584.3,570.1,571.35,1167,,,
2010-08-09,569.1,578.8,565.5,568.5,738,,,
2010-08-10,574.9,574.9,560.1,563.1,1090,,,
2010-08-11,560.35,567.6,551.65,556.5,4316,,,
2010-08-12,555.2,559.4,548.0,549.4,736,,,
2010-08-13,558.9,559.5,547.65,549.25,799,,,
2010-08-16,553.7,553.8,542.6,543.95,594,,,
2010-08-17,549.8,550.0,540.2,544.05,1205,,,
2010-08-18,538.6,545.1,538.6,543.85,2028,,,
2010-08-19,548.5,549.0,540.0,542.45,8905,,,
2010-08-20,548.0,548.0,537.6,542.6,758,,,
2010-08-23,542.5,570.0,542.5,561.95,4218,,,
2010-08-24,545.65,586.3,545.65,566.1,4862,,,
2010-08-25,569.9,579.95,565.0,567.85,2552,,,
2010-08-26,566.0,575.0,559.1,561.15,918,,,
2010-08-27,567.0,572.5,561.1,568.4,1639,,,
2010-08-30,572.4,572.5,556.5,560.55,864,,,
2010-08-31,557.9,570.0,546.5,556.8,2531,,,
2010-09-01,560.0,567.6,559.8,564.75,1284,,,
2010-09-02,567.0,568.25,560.0,562.1,1182,,,
2010-09-03,556.5,569.1,556.5,559.2,646,,,
2010-09-06,568.0,580.0,557.0,575.25,8784,,,
2010-09-07,573.0,581.5,565.0,575.8,3465,,,
2010-09-08,600.5,600.5,568.0,578.15,1693,,,
2010-09-09,580.0,587.5,575.0,584.85,3999,,,
2010-09-13,600.0,622.5,600.0,612.05,9941,,,
2010-09-14,616.1,617.9,597.5,611.6,4571,,,
2010-09-15,610.0,610.1,598.0,603.95,2166,,,
2010-09-16,607.5,625.0,599.4,613.25,3815,,,
2010-09-17,618.0,626.5,609.0,620.45,3372,,,
2010-09-20,624.8,625.0,615.0,615.85,674,,,
2010-09-21,618.8,622.5,614.5,621.05,2199,,,
2010-09-22,624.0,624.8,608.0,616.9,3735,,,
2010-09-23,620.0,620.0,612.5,617.5,1893,,,
2010-09-24,614.0,617.5,612.0,613.2,530,,,
2010-09-27,610.7,616.4,605.3,607.3,1187,,,
2010-09-28,600.1,620.0,597.5,613.3,3978,,,
2010-09-29,617.9,618.2,600.0,604.05,1189,,,
2010-09-30,609.0,609.6,599.0,607.95,1290,,,
2010-10-01,601.9,611.9,601.9,608.2,623,,,
2010-10-04,602.0,614.9,598.8,600.1,2015,,,
2010-10-05,599.5,601.0,598.0,599.15,1474,,,
2010-10-06,608.1,608.1,598.0,599.55,4979,,,
2010-10-07,601.0,604.0,596.7,598.75,346,,,
2010-10-08,598.0,600.0,593.1,594.85,243,,,
2010-10-11,597.0,601.1,595.05,600.55,1186,,,
2010-10-12,597.0,605.0,596.0,601.45,1128,,,
2010-10-13,601.45,605.1,600.0,604.3,612,,,
2010-10-14,605.0,609.0,603.0,607.0,327,,,
2010-10-15,606.5,611.0,600.2,605.05,368,,,
2010-10-18,609.7,617.0,605.1,611.95,2809,,,
2010-10-19,621.1,630.0,612.0,614.15,4195,,,
2010-10-20,650.0,699.9,612.3,619.95,3874,,,
2010-10-21,627.0,633.8,620.0,621.85,1098,,,
2010-10-22,623.9,625.0,618.0,622.6,604,,,
2010-10-25,620.0,623.0,615.0,619.65,906,,,
2010-10-26,619.65,627.2,619.65,624.75,11020,,,
2010-10-27,625.0,625.0,621.5,622.2,2380,,,
2010-10-28,621.0,625.7,615.25,624.95,687,,,
2010-10-29,624.8,624.8,615.55,617.75,655,,,
2010-11-01,617.75,624.8,617.75,623.05,552,,,
2010-11-02,620.0,624.9,613.1,615.65,840,,,
2010-11-03,628.0,630.0,591.05,619.9,25555,,,
2010-11-04,628.0,628.0,616.0,621.0,28392,,,
2010-11-05,627.5,627.5,620.1,622.45,214,,,
2010-11-08,625.0,625.0,619.0,621.9,16750,,,
2010-11-09,620.1,622.0,616.1,619.9,10929,,,
2010-11-10,620.0,620.0,615.1,618.25,826,,,
2010-11-11,613.55,621.5,613.55,616.95,715,,,
2010-11-12,618.0,620.0,611.5,618.9,4744,,,
2010-11-15,615.5,622.8,594.1,616.25,2599,,,
2010-11-16,615.0,615.0,601.25,606.85,1112,,,
2010-11-18,604.5,616.9,591.0,596.55,1531,,,
2010-11-19,600.0,604.5,585.0,587.9,1018,,,
2010-11-22,590.0,601.0,590.0,595.6,350,,,
2010-11-23,588.0,595.0,588.0,593.6,141,,,
2010-11-24,589.1,594.0,585.0,586.9,194,,,
2010-11-25,590.0,594.0,582.5,586.15,560,,,
2010-11-26,586.15,592.2,570.2,578.45,813,,,
2010-11-29,586.15,587.5,570.0,579.5,1605,,,
2010-11-30,577.0,585.5,576.2,580.05,369,,,
2010-12-01,580.3,589.9,576.4,584.4,338,,,
2010-12-02,584.4,593.8,580.4,586.5,141,,,
2010-12-03,595.0,688.0,587.0,598.0,1300,,,
2010-12-06,612.0,612.0,597.0,598.7,303,,,
2010-12-07,592.4,610.0,592.4,601.9,600,,,
2010-12-08,602.0,602.0,593.1,596.0,198,,,
2010-12-09,595.0,595.0,577.5,581.2,629,,,
2010-12-10,581.2,584.95,572.15,581.6,490,,,
2010-12-13,599.0,599.0,592.1,594.3,472,,,
2010-12-14,603.0,603.9,588.5,600.9,388,,,
2010-12-15,600.0,600.8,595.5,597.75,373,,,
2010-12-16,592.2,598.5,592.2,597.15,244,,,
2010-12-20,597.8,598.8,586.0,595.0,1242,,,
2010-12-21,599.9,603.0,593.0,593.35,205,,,
2010-12-22,598.8,599.9,595.0,597.7,270,,,
2010-12-23,598.0,601.9,591.0,595.3,6510,,,
2010-12-24,600.0,600.0,596.0,596.85,84,,,
2010-12-27,597.0,601.0,596.5,600.05,297,,,
2010-12-28,600.0,600.0,595.0,599.65,74,,,
2010-12-29,595.55,599.65,589.5,590.3,506,,,
2010-12-30,590.0,597.5,587.0,589.85,296,,,
2010-12-31,590.0,614.5,590.0,600.6,733,,,
2011-01-03,610.0,619.0,600.1,613.7,933,,,
2011-01-04,608.2,614.4,608.2,612.1,400,,,
2011-01-05,605.55,629.9,605.55,624.95,14872,,,
2011-01-06,626.0,626.0,608.0,611.65,269,,,
2011-01-07,619.8,619.8,601.0,605.5,405,,,
2011-01-10,596.8,604.9,595.1,598.85,17479,,,
2011-01-11,596.6,602.0,590.5,599.55,19534,,,
2011-01-12,600.15,607.9,600.15,604.35,4773,,,
2011-01-13,606.8,606.8,591.0,599.35,177,,,
2011-01-14,612.15,612.15,593.3,598.4,474,,,
2011-01-17,597.5,600.0,592.0,598.4,24266,,,
2011-01-18,599.8,600.0,590.0,590.6,376,,,
2011-01-19,591.0,591.5,586.0,587.25,191,,,
2011-01-20,586.5,594.5,585.5,590.1,1398,,,
2011-01-21,594.5,594.5,588.05,592.25,7000,,,
2011-01-24,599.0,599.0,592.3,597.1,170,,,
2011-01-25,599.4,710.0,592.1,594.9,1114,,,
2011-01-27,598.8,604.0,596.1,601.7,16661,,,
2011-01-28,598.5,604.5,598.0,600.0,4980,,,
2011-01-31,599.9,599.9,586.1,588.55,437,,,
2011-02-01,590.0,594.9,585.0,586.45,161,,,
2011-02-02,594.5,594.8,580.0,582.65,231,,,
2011-02-03,585.0,595.0,585.0,585.95,589,,,
2011-02-04,590.0,595.0,588.0,591.5,9938,,,
2011-02-07,588.2,593.4,588.2,590.0,540,,,
2011-02-08,591.2,591.2,585.0,587.35,1108,,,
2011-02-09,585.0,585.0,560.0,575.45,1243,,,
2011-02-10,581.15,584.4,566.35,578.6,2265,,,
2011-02-11,580.0,580.0,572.65,579.9,437,,,
2011-02-14,594.7,594.8,585.0,586.15,274,,,
2011-02-15,594.0,608.0,594.0,596.55,553,,,
2011-02-16,600.8,604.8,594.5,595.05,360,,,
2011-02-17,590.4,595.5,587.8,594.8,362,,,
2011-02-18,594.6,604.9,586.0,589.0,293,,,
2011-02-21,596.0,596.0,591.0,595.4,325,,,
2011-02-22,590.1,595.0,588.0,589.5,339,,,
2011-02-23,589.5,589.5,585.0,586.85,91,,,
2011-02-24,585.0,593.2,580.0,580.55,298,,,
2011-02-25,580.5,584.8,571.2,573.5,696,,,
2011-02-28,589.8,593.4,579.9,582.35,674,,,
2011-03-01,577.05,589.5,577.05,584.7,409,,,
2011-03-03,586.9,587.0,578.7,580.4,361,,,
2011-03-04,583.5,584.0,578.0,580.0,279,,,
2011-03-07,580.5,585.4,575.6,580.4,863,,,
2011-03-08,580.0,589.9,575.1,584.35,214,,,
2011-03-09,582.0,589.9,575.8,578.1,688,,,
2011-03-10,575.0,593.9,571.5,590.2,3835,,,
2011-03-11,588.0,592.0,585.0,591.15,279,,,
2011-03-14,591.9,591.9,588.1,590.55,130,,,
2011-03-15,589.5,589.5,582.2,584.9,263,,,
2011-03-16,588.0,589.5,586.0,586.2,93,,,
2011-03-17,580.6,587.5,580.6,586.5,156,,,
2011-03-18,585.0,592.8,584.1,591.8,542,,,
2011-03-21,598.6,598.6,588.0,589.95,121,,,
2011-03-22,592.0,596.9,592.0,595.0,223,,,
2011-03-23,594.5,610.0,594.1,607.4,407,,,
2011-03-24,602.4,608.9,600.5,602.7,5713,,,
2011-03-25,603.0,616.5,603.0,607.85,571,,,
2011-03-28,607.85,615.0,603.5,610.7,18508,,,
2011-03-29,610.7,625.0,610.7,616.3,1039,,,
2011-03-30,624.0,624.0,610.9,616.65,638,,,
2011-03-31,614.0,645.0,612.6,631.3,976,,,
2011-04-01,620.1,634.85,620.1,628.45,170,,,
2011-04-04,635.0,674.4,630.0,656.2,705,,,
2011-04-05,660.5,670.0,650.0,657.5,591,,,
2011-04-06,669.5,675.0,657.65,672.9,669,,,
2011-04-07,672.9,679.9,660.0,675.25,363,,,
2011-04-08,744.55,744.55,672.5,682.8,339,,,
2011-04-11,682.5,697.9,680.1,694.5,4040,,,
2011-04-13,694.4,704.7,690.0,694.05,16777,,,
2011-04-15,690.0,697.5,666.7,681.7,3810,,,
2011-04-18,675.0,681.8,655.0,655.85,1046,,,
2011-04-19,664.45,664.45,647.0,648.9,304,,,
2011-04-20,654.9,661.0,650.0,657.0,448,,,
2011-04-21,655.0,660.0,655.0,657.15,550,,,
2011-04-25,660.0,661.6,642.65,656.1,790,,,
2011-04-26,651.35,662.8,651.35,655.75,317,,,
2011-04-27,655.0,660.0,655.0,657.8,358,,,
2011-04-28,660.1,660.1,654.0,658.95,229,,,
2011-04-29,660.0,660.0,654.0,656.0,272,,,
2011-05-02,654.7,658.9,653.6,657.5,635,,,
2011-05-03,659.8,660.2,656.5,658.6,546,,,
2011-05-04,657.0,660.1,656.5,658.9,1201,,,
2011-05-05,656.4,662.2,656.4,656.95,266,,,
2011-05-06,663.0,663.0,651.5,654.8,27372,,,
2011-05-09,661.0,661.0,656.6,658.15,2798,,,
2011-05-10,655.55,660.0,655.0,657.3,170,,,
2011-05-11,659.9,670.0,656.0,664.6,4622,,,
2011-05-12,667.5,667.6,660.1,663.45,694,,,
2011-05-13,666.0,672.4,663.0,670.45,334,,,
2011-05-16,665.7,676.0,665.7,672.9,158,,,
2011-05-17,675.0,675.1,670.0,670.5,80,,,
2011-05-18,677.8,677.8,666.8,671.0,180,,,
2011-05-19,670.5,676.0,670.0,674.75,190,,,
2011-05-20,672.5,680.5,672.5,679.7,85,,,
2011-05-23,679.0,695.0,655.65,678.9,719,,,
2011-05-24,688.8,690.0,668.0,673.9,870,,,
2011-05-25,670.1,680.0,670.0,674.95,207,,,
2011-05-26,670.7,676.8,670.0,675.15,334,,,
2011-05-27,674.0,682.0,673.1,674.7,344,,,
2011-05-30,673.0,684.0,673.0,680.05,256,,,
2011-05-31,679.9,684.0,678.0,680.6,113,,,
2011-06-01,682.5,685.0,680.0,681.65,2916,,,
2011-06-02,681.65,705.0,681.65,701.0,1092,,,
2011-06-03,701.0,712.3,701.0,706.75,503,,,
2011-06-06,706.5,708.0,699.0,700.2,1089,,,
2011-06-07,703.0,704.0,699.1,699.9,594,,,
2011-06-08,698.9,700.0,693.2,696.5,414,,,
2011-06-09,704.9,705.0,694.0,700.4,598,,,
2011-06-10,700.0,701.8,696.3,698.45,144,,,
2011-06-13,694.2,700.0,694.2,698.8,185,,,
2011-06-14,700.0,702.5,696.0,698.0,503,,,
2011-06-15,695.5,701.0,695.5,699.95,331,,,
2011-06-16,700.0,700.0,695.1,697.2,247,,,
2011-06-17,702.0,702.0,681.5,697.15,983,,,
2011-06-20,692.8,698.7,680.0,684.85,2127,,,
2011-06-21,687.0,702.0,684.1,692.9,503,,,
2011-06-22,700.5,700.5,683.0,684.25,479,,,
2011-06-23,687.5,692.95,680.1,683.75,653,,,
2011-06-24,682.2,685.0,679.8,683.95,915,,,
2011-06-27,680.1,704.9,680.1,698.0,1980,,,
2011-06-28,698.0,704.0,685.1,691.25,340,,,
2011-06-29,699.9,700.0,687.2,695.2,476,,,
2011-06-30,695.65,699.3,692.55,694.7,6431,,,
2011-07-01,699.8,707.7,695.0,704.75,948,,,
2011-07-04,707.0,708.0,695.0,700.3,719,,,
2011-07-05,695.5,704.0,694.6,701.5,21767,,,
2011-07-06,701.9,721.5,696.5,716.1,1939,,,
2011-07-07,710.5,742.4,710.5,735.85,3623,,,
2011-07-08,725.1,741.0,707.5,729.3,5930,,,
2011-07-11,727.5,741.0,726.6,736.95,555,,,
2011-07-12,735.0,735.0,719.5,725.25,928,,,
2011-07-13,725.2,739.9,715.6,731.1,447,,,
2011-07-14,730.0,731.7,722.5,729.95,2281,,,
2011-07-15,730.0,730.0,718.1,722.85,3021,,,
2011-07-18,725.0,730.0,723.7,726.6,352,,,
2011-07-19,721.0,726.5,721.0,725.5,2852,,,
2011-07-20,734.9,734.9,723.0,723.8,1421,,,
2011-07-21,725.0,845.0,724.0,797.05,21904,,,
2011-07-22,819.8,845.0,788.0,796.3,13727,,,
2011-07-25,804.4,830.0,799.5,817.6,4637,,,
2011-07-26,817.6,845.0,817.6,825.0,4488,,,
2011-07-27,817.5,902.5,817.5,875.3,14139,,,
2011-07-28,889.9,895.0,845.5,850.4,6027,,,
2011-07-29,857.7,857.7,821.0,827.95,4699,,,
2011-08-01,850.0,851.4,820.5,826.5,1841,,,
2011-08-02,823.7,857.5,820.0,830.2,5388,,,
2011-08-03,815.0,842.0,812.0,828.6,1887,,,
2011-08-04,834.8,838.8,825.0,829.6,1411,,,
2011-08-05,811.0,825.0,791.1,799.1,3990,,,
2011-08-08,787.0,827.0,761.0,800.75,4554,,,
2011-08-09,791.8,822.0,771.2,819.8,2607,,,
2011-08-10,839.0,860.0,830.0,841.0,1688,,,
2011-08-11,845.1,848.7,813.9,819.95,1971,,,
2011-08-12,823.0,825.0,801.0,804.4,1281,,,
2011-08-16,814.5,826.0,790.2,797.45,1472,,,
2011-08-17,810.0,810.0,780.3,790.5,3193,,,
2011-08-18,783.1,799.9,775.1,788.6,1439,,,
2011-08-19,773.75,794.8,757.6,784.95,1661,,,
2011-08-22,793.5,796.9,780.0,788.05,1112,,,
2011-08-23,800.0,800.0,784.5,791.15,704,,,
2011-08-24,791.5,804.9,785.2,790.5,622,,,
2011-08-25,792.0,798.0,790.0,793.9,402,,,
2011-08-26,785.0,797.7,768.0,781.25,1543,,,
2011-08-29,780.0,800.0,780.0,787.85,1098,,,
2011-08-30,793.0,804.8,783.0,793.95,2133,,,
2011-09-02,790.05,810.0,790.05,802.3,1361,,,
2011-09-05,796.0,805.0,796.0,799.9,1503,,,
2011-09-06,794.6,826.5,793.0,818.2,1701,,,
2011-09-07,826.5,840.0,825.0,833.1,980,,,
2011-09-08,828.0,832.0,819.3,827.2,792,,,
2011-09-09,831.0,845.0,795.65,835.35,1969,,,
2011-09-12,834.85,852.0,830.35,843.75,1928,,,
2011-09-13,852.0,852.1,831.6,833.85,839,,,
2011-09-14,844.0,852.1,822.2,829.45,1043,,,
2011-09-15,839.0,839.0,825.5,827.6,496,,,
2011-09-16,830.1,831.9,820.0,826.65,593,,,
2011-09-19,830.0,890.1,825.0,834.6,10368,,,
2011-09-20,842.5,852.9,835.5,837.3,3828,,,
2011-09-21,838.0,855.0,836.5,844.45,3076,,,
2011-09-22,849.5,849.5,830.4,836.35,1845,,,
2011-09-23,819.1,836.0,815.0,817.5,3198,,,
2011-09-26,828.0,834.9,813.8,820.45,1767,,,
2011-09-27,825.0,833.2,820.0,823.75,2289,,,
2011-09-28,847.6,874.3,800.1,843.15,45481,,,
2011-09-29,826.2,871.0,826.2,856.5,17813,,,
2011-09-30,851.35,860.95,825.0,841.8,12253,,,
2011-10-03,839.95,850.0,819.0,826.25,10989,,,
2011-10-04,825.0,837.95,811.1,821.0,48930,,,
2011-10-05,822.1,827.95,780.1,786.4,11674,,,
2011-10-07,787.0,805.5,787.0,793.65,6931,,,
2011-10-10,797.0,801.0,731.75,794.5,11378,,,
2011-10-11,795.0,803.0,787.0,799.8,32894,,,
2011-10-12,803.0,805.0,795.0,803.65,7413,,,
2011-10-13,807.8,836.95,805.0,821.6,19357,,,
2011-10-14,859.0,936.7,850.0,883.1,586172,,,
2011-10-17,891.9,923.9,868.0,886.0,255973,,,
2011-10-18,885.0,897.0,825.0,834.55,288182,,,
2011-10-19,855.0,874.8,848.0,868.55,164551,,,
2011-10-20,856.2,868.0,842.1,851.1,42102,,,
2011-10-21,853.15,870.5,811.8,861.55,46182,,,
2011-10-24,869.95,881.9,862.1,869.5,23221,,,
2011-10-25,875.0,878.0,861.0,866.25,23635,,,
2011-10-26,854.0,888.8,854.0,871.45,6310,,,
2011-10-28,884.0,884.0,863.0,878.85,26871,,,
2011-10-31,866.05,923.0,866.05,882.9,97414,,,
2011-11-01,885.0,968.0,878.9,935.75,299794,,,
2011-11-02,928.0,975.0,928.0,969.1,420604,,,
2011-11-03,969.0,976.9,926.25,936.35,183643,,,
2011-11-04,945.0,948.15,905.2,911.0,63375,,,
2011-11-08,918.0,951.0,914.0,940.55,73059,,,
2011-11-09,925.0,964.9,921.0,929.05,68563,,,
2011-11-11,928.0,945.85,916.2,929.3,39851,,,
2011-11-14,940.8,950.9,919.0,923.45,27688,,,
2011-11-15,927.0,932.7,897.0,901.15,28319,,,
2011-11-16,900.0,919.0,876.3,908.3,29240,,,
2011-11-17,905.0,925.1,902.0,910.8,26799,,,
2011-11-18,902.0,909.9,885.0,896.9,25609,,,
2011-11-21,895.8,899.95,881.2,889.3,21762,,,
2011-11-22,900.85,900.85,875.0,883.35,32991,,,
2011-11-23,887.0,887.9,862.0,865.55,19064,,,
2011-11-24,865.35,895.0,848.0,884.25,19947,,,
2011-11-25,880.0,916.0,880.0,900.9,18353,,,
2011-11-28,918.0,918.0,894.0,897.55,21130,,,
2011-11-29,898.0,908.8,885.0,890.15,6864,,,
2011-11-30,881.0,900.0,880.0,888.05,6396,,,
2011-12-01,950.0,950.0,895.2,907.25,19566,,,
2011-12-02,901.2,907.65,882.0,896.55,28089,,,
2011-12-05,891.6,903.5,885.1,901.0,5531,,,
2011-12-07,901.0,912.0,890.0,892.7,24557,,,
2011-12-08,890.0,899.0,867.0,882.35,13814,,,
2011-12-09,872.0,890.0,870.0,872.95,5457,,,
2011-12-12,894.0,894.0,867.0,869.4,7516,,,
2011-12-13,869.4,877.8,862.8,865.15,8356,,,
2011-12-14,893.0,920.0,885.0,903.35,105585,,,
2011-12-15,881.05,907.9,876.3,901.4,17473,,,
2011-12-16,908.95,918.9,894.0,897.85,34163,,,
2011-12-19,896.85,896.85,876.0,880.45,26036,,,
2011-12-20,877.0,885.9,850.0,862.05,10702,,,
2011-12-21,864.2,878.0,852.15,861.25,14285,,,
2011-12-22,851.0,870.0,827.25,865.3,7135,,,
2011-12-23,870.0,878.95,850.0,858.9,7484,,,
2011-12-26,838.2,868.4,838.2,855.05,225454,,,
2011-12-27,859.0,872.0,855.0,855.5,13075,,,
2011-12-28,850.3,866.0,850.3,864.25,18770,,,
2011-12-29,864.0,887.0,859.55,866.0,270705,,,
2011-12-30,875.75,894.0,863.15,885.9,21472,,,
2012-01-02,890.95,894.95,855.05,864.95,26153,,,
2012-01-03,870.0,874.5,856.4,858.25,9160,,,
2012-01-04,865.0,881.0,861.0,879.5,42567,,,
2012-01-05,880.0,880.0,863.0,867.5,6887,,,
2012-01-06,882.4,884.9,852.2,859.05,5914,,,
2012-01-07,853.0,868.0,851.0,854.2,1709,,,
2012-01-09,861.05,922.0,861.05,894.6,72246,,,
2012-01-10,891.5,925.0,889.95,913.15,48687,,,
2012-01-11,913.0,948.35,909.0,922.05,37647,,,
2012-01-12,920.0,944.0,920.0,928.7,20673,,,
2012-01-13,935.1,940.0,912.1,920.2,58578,,,
2012-01-16,940.0,940.0,915.0,920.7,6628,,,
2012-01-17,923.5,930.0,923.5,928.0,33730,,,
2012-01-18,922.8,960.0,918.0,923.15,17485,,,
2012-01-19,939.95,939.95,908.0,911.5,5072,,,
2012-01-20,923.0,926.95,886.05,894.85,5977,,,
2012-01-23,897.0,900.0,880.0,892.75,7037,,,
2012-01-24,899.7,910.0,886.0,894.7,4295,,,
2012-01-25,896.05,915.0,893.7,900.75,8505,,,
2012-01-27,908.2,911.35,899.0,905.65,5929,,,
2012-01-30,903.0,909.9,895.4,899.95,7150,,,
2012-01-31,905.0,907.95,895.9,903.8,3385,,,
2012-02-01,902.0,924.0,896.35,911.85,13392,,,
2012-02-02,917.3,926.9,899.0,910.35,14238,,,
2012-02-03,905.0,924.9,905.0,917.5,6855,,,
2012-02-06,922.0,932.0,918.0,920.3,7887,,,
2012-02-07,929.0,945.0,912.0,921.65,21937,,,
2012-02-08,922.0,935.0,922.0,931.9,4333,,,
2012-02-09,920.0,940.0,902.5,918.3,5211,,,
2012-02-10,921.0,950.0,920.95,931.05,14788,,,
2012-02-13,930.0,942.0,928.2,931.2,7804,,,
2012-02-14,940.0,978.0,925.6,955.55,61599,,,
2012-02-15,959.0,1002.0,959.0,980.85,52734,,,
2012-02-16,985.95,999.0,980.0,983.25,15852,,,
2012-02-17,995.0,999.95,935.3,943.6,22995,,,
2012-02-21,965.0,970.0,936.0,940.15,30335,,,
2012-02-22,949.9,949.9,920.1,930.1,25872,,,
2012-02-23,921.0,939.9,920.75,933.4,4478,,,
2012-02-24,933.0,942.5,916.0,933.65,144095,,,
2012-02-27,921.0,934.95,916.1,929.65,8177,,,
2012-02-28,929.0,940.95,921.1,931.0,4988,,,
2012-02-29,950.0,950.0,916.2,931.2,10335,,,
2012-03-01,930.0,943.0,925.0,931.05,6629,,,
2012-03-02,939.0,948.0,932.0,937.65,5058,,,
2012-03-03,938.0,940.0,925.0,931.75,920,,,
2012-03-05,925.05,974.9,925.05,949.0,16702,,,
2012-03-06,950.0,954.75,940.0,946.2,9683,,,
2012-03-07,940.05,946.0,940.0,943.0,3345,,,
2012-03-09,950.0,954.9,940.0,943.35,7413,,,
2012-03-12,948.0,951.0,930.0,935.95,10231,,,
2012-03-13,942.35,948.0,932.5,935.4,6902,,,
2012-03-14,931.05,946.0,922.05,924.9,7455,,,
2012-03-15,934.8,939.0,921.3,924.85,20034,,,
2012-03-16,915.5,935.95,915.5,930.4,3027,,,
2012-03-19,925.0,947.95,915.0,921.5,6490,,,
2012-03-20,922.0,935.0,922.0,931.95,3961,,,
2012-03-21,930.0,945.0,923.0,939.25,15361,,,
2012-03-22,944.75,959.0,938.0,944.45,9086,,,
2012-03-23,948.95,954.9,940.0,947.85,3800,,,
2012-03-26,942.0,946.85,936.3,940.15,6572,,,
2012-03-27,940.0,955.0,940.0,949.75,2764,,,
2012-03-28,941.0,956.0,940.0,946.95,2267,,,
2012-03-29,940.0,970.0,940.0,954.05,15908,,,
2012-03-30,960.0,1004.0,950.0,983.2,15776,,,
2012-04-02,999.0,1020.0,980.0,983.45,76534,,,
2012-04-03,985.0,1080.0,984.0,1055.5,53092,,,
2012-04-04,1064.0,1150.3,1040.05,1076.9,76261,,,
2012-04-09,1064.95,1094.0,1046.0,1064.8,14023,,,
2012-04-10,1074.9,1075.05,1042.25,1046.85,8881,,,
2012-04-11,1030.2,1115.0,1020.3,1070.3,29052,,,
2012-04-12,1080.3,1086.0,1051.2,1057.75,68468,,,
2012-04-13,1078.0,1080.0,1051.15,1060.0,69975,,,
2012-04-16,1074.85,1080.55,1060.15,1068.3,10431,,,
2012-04-17,1077.05,1089.9,1042.05,1058.7,15215,,,
2012-04-18,1073.95,1075.0,1051.0,1072.05,56060,,,
2012-04-19,1072.05,1078.0,1060.4,1069.7,27327,,,
2012-04-20,1072.0,1076.0,1051.1,1055.4,28900,,,
2012-04-23,1037.2,1067.0,1027.0,1031.75,15899,,,
2012-04-24,1024.0,1039.0,1020.0,1028.3,2756,,,
2012-04-25,1021.1,1050.0,1020.05,1045.4,3507,,,
2012-04-26,1047.85,1075.0,1041.65,1067.6,12632,,,
2012-04-27,1074.95,1075.0,1040.0,1042.0,11835,,,
2012-04-28,1041.1,1049.05,1030.3,1034.4,802,,,
2012-04-30,1060.0,1060.0,1036.0,1040.75,19519,,,
2012-05-02,1041.0,1045.0,1031.05,1038.6,4573,,,
2012-05-03,1030.1,1038.0,1020.0,1022.3,6272,,,
2012-05-04,1023.0,1023.0,998.1,1011.2,37919,,,
2012-05-07,1001.0,1035.0,996.0,1028.7,4047,,,
2012-05-08,1038.85,1045.0,1020.6,1037.7,2311,,,
2012-05-09,1027.0,1054.8,1027.0,1049.5,5440,,,
2012-05-10,1059.0,1074.9,1042.55,1066.05,24794,,,
2012-05-11,1060.2,1079.75,1051.05,1075.2,23385,,,
2012-05-14,1074.95,1074.95,1055.05,1064.8,13502,,,
2012-05-15,1051.05,1075.0,1051.05,1068.8,5909,,,
2012-05-16,1067.3,1075.0,1056.05,1066.9,52284,,,
2012-05-17,1070.0,1073.8,1056.3,1063.95,2117,,,
2012-05-18,1063.0,1073.45,1045.0,1052.8,5097,,,
2012-05-21,1051.0,1059.9,1036.05,1051.05,4641,,,
2012-05-22,1074.95,1075.0,1045.3,1064.1,20141,,,
2012-05-23,1060.0,1075.0,1039.9,1069.0,12683,,,
2012-05-24,1079.0,1099.0,1060.0,1074.95,29887,,,
2012-05-25,1070.0,1076.75,1069.65,1072.95,32936,,,
2012-05-28,1088.8,1088.8,1062.0,1069.95,2237,,,
2012-05-29,1070.0,1075.0,1051.0,1054.7,2161,,,
2012-05-30,1063.3,1075.0,1054.7,1065.5,2616,,,
2012-05-31,1063.95,1068.35,1055.0,1063.15,1011,,,
2012-06-01,1073.9,1075.0,1055.3,1063.8,7571,,,
2012-06-04,1069.9,1069.9,1045.0,1050.4,62423,,,
2012-06-05,1074.95,1074.95,1052.0,1055.0,23562,,,
2012-06-06,1050.0,1074.0,1050.0,1064.1,10656,,,
2012-06-07,1064.95,1074.0,1052.0,1068.2,60745,,,
2012-06-08,1068.0,1077.9,1067.0,1074.95,31763,,,
2012-06-11,1074.95,1075.0,1058.0,1074.75,7057,,,
2012-06-12,1096.0,1097.8,1060.45,1074.0,7853,,,
2012-06-13,1074.9,1074.95,1060.0,1061.0,1970,,,
2012-06-14,1057.05,1065.9,957.0,1058.35,8735,,,
2012-06-15,1079.0,1079.0,1044.0,1075.2,14557,,,
2012-06-18,1109.95,1109.95,1070.0,1073.9,38859,,,
2012-06-19,1060.0,1074.95,1060.0,1071.4,879,,,
2012-06-20,1060.0,1079.5,1060.0,1074.75,1709,,,
2012-06-21,1074.75,1080.0,1064.45,1076.5,4585,,,
2012-06-22,1076.5,1077.65,1061.05,1074.85,12561,,,
2012-06-25,1078.0,1078.0,1070.0,1074.85,2271,,,
2012-06-26,1074.0,1077.6,1070.0,1070.85,823,,,
2012-06-27,1079.8,1079.8,1060.0,1064.9,1342,,,
2012-06-28,1070.0,1073.8,1050.0,1057.9,2168,,,
2012-06-29,1065.0,1075.8,1064.95,1073.4,7078,,,
2012-07-02,1099.0,1099.0,1062.4,1070.6,1803,,,
2012-07-03,1080.0,1080.0,1065.0,1070.4,2660,,,
2012-07-04,1073.9,1078.0,1071.2,1074.9,2529,,,
2012-07-05,1075.0,1111.05,1052.55,1061.2,15300,,,
2012-07-06,1068.05,1075.0,1060.0,1074.5,4249,,,
2012-07-09,1070.5,1079.0,1068.7,1074.2,2665,,,
2012-07-10,1074.2,1075.0,1060.7,1063.7,4203,,,
2012-07-11,1074.95,1074.95,1060.0,1061.55,3295,,,
2012-07-12,1064.55,1073.95,1063.25,1067.15,1834,,,
2012-07-13,1070.0,1071.0,1010.05,1055.7,56036,,,
2012-07-16,1055.7,1070.0,1045.35,1052.6,6061,,,
2012-07-17,1052.0,1068.45,1032.25,1039.25,6409,,,
2012-07-18,1040.0,1048.85,1016.55,1027.85,9458,,,
2012-07-19,1019.7,1021.8,985.0,995.25,51880,,,
2012-07-20,999.85,1000.0,983.25,993.7,5312,,,
2012-07-23,990.0,992.85,975.0,976.35,7080,,,
2012-07-24,975.05,981.2,966.05,971.0,83693,,,
2012-07-25,958.0,971.05,950.1,954.75,5639,,,
2012-07-26,956.05,964.9,950.0,956.2,51151,,,
2012-07-27,961.95,962.0,890.0,927.8,11076,,,
2012-07-30,945.0,945.0,918.5,921.9,20790,,,
2012-07-31,930.05,933.95,883.05,899.7,13569,,,
2012-08-01,904.95,922.0,889.0,899.45,59629,,,
2012-08-02,895.35,936.95,895.0,921.95,17642,,,
2012-08-03,924.9,953.0,903.6,920.4,10250,,,
2012-08-06,921.1,930.0,918.0,919.8,69587,,,
2012-08-07,924.0,929.0,899.0,900.35,59498,,,
2012-08-08,904.65,920.0,904.65,908.2,10526,,,
2012-08-09,900.25,916.75,870.1,881.8,26199,,,
2012-08-10,885.0,893.75,870.1,883.85,11585,,,
2012-08-13,887.0,887.95,872.0,874.25,10964,,,
2012-08-14,888.0,909.0,854.1,899.3,63023,,,
2012-08-16,899.3,905.3,892.1,900.1,10491,,,
2012-08-17,900.1,912.0,900.0,905.5,162636,,,
2012-08-21,911.7,921.25,900.3,916.65,20007,,,
2012-08-22,906.0,930.6,906.0,918.9,50386,,,
2012-08-23,922.0,930.0,919.0,920.95,79878,,,
2012-08-24,921.0,927.55,916.0,918.95,2381,,,
2012-08-27,914.55,922.95,901.0,903.25,6583,,,
2012-08-28,900.3,914.0,900.25,910.8,7424,,,
2012-08-29,910.5,911.0,904.0,909.7,7291,,,
2012-08-30,904.2,911.15,901.0,909.45,5357,,,
2012-08-31,901.0,937.0,901.0,920.0,64276,,,
2012-09-03,936.5,936.5,916.0,923.8,2496,,,
2012-09-04,927.0,935.0,920.8,928.45,6988,,,
2012-09-05,932.8,933.8,917.6,920.7,2422,,,
2012-09-06,924.9,929.0,920.3,925.05,8332,,,
2012-09-07,930.25,942.6,930.25,933.4,6022,,,
2012-09-08,926.0,933.3,926.0,930.05,225,,,
2012-09-10,947.0,947.0,910.0,911.1,14169,,,
2012-09-11,929.95,932.7,915.65,921.2,15244,,,
2012-09-12,925.0,933.0,918.0,929.7,4695,,,
2012-09-13,924.5,932.95,923.0,929.4,67257,,,
2012-09-14,929.95,933.0,915.0,927.3,9802,,,
2012-09-17,935.0,935.0,915.0,924.4,10300,,,
2012-09-18,924.4,929.75,921.0,924.05,5984,,,
2012-09-20,924.6,925.0,915.0,915.75,48250,,,
2012-09-21,918.0,935.0,915.0,917.45,9606,,,
2012-09-24,928.0,933.0,915.0,916.1,7264,,,
2012-09-25,925.5,928.9,914.4,921.65,29424,,,
2012-09-26,920.0,965.0,920.0,944.75,85039,,,
2012-09-27,946.15,961.9,946.0,953.4,23278,,,
2012-09-28,953.0,968.0,953.0,960.55,17072,,,
2012-10-01,956.55,978.3,956.55,966.35,10556,,,
2012-10-03,955.05,975.95,952.6,956.15,15520,,,
2012-10-04,959.95,960.0,926.0,930.55,65253,,,
2012-10-05,939.9,939.95,926.0,928.55,7547,,,
2012-10-08,928.55,938.65,927.0,933.65,20936,,,
2012-10-09,925.0,972.5,925.0,953.5,12707,,,
2012-10-10,950.5,963.0,941.0,944.3,37873,,,
2012-10-11,945.95,951.0,942.95,949.65,82775,,,
2012-10-12,951.1,976.0,940.0,943.15,30493,,,
2012-10-15,943.15,947.0,927.0,935.8,18979,,,
2012-10-16,944.0,954.0,936.0,950.4,60066,,,
2012-10-17,955.0,955.0,936.15,948.75,41274,,,
2012-10-18,949.75,950.0,927.1,935.6,64687,,,
2012-10-19,935.0,975.0,927.2,970.95,94998,,,
2012-10-22,968.8,980.0,952.0,965.25,27657,,,
2012-10-23,965.0,967.9,951.0,956.8,29994,,,
2012-10-25,956.8,961.0,948.2,949.25,3272,,,
2012-10-26,945.05,950.0,932.1,937.05,3089,,,
2012-10-29,939.8,960.0,920.25,928.8,6815,,,
2012-10-30,931.95,943.25,921.35,938.8,4456,,,
2012-10-31,940.0,954.35,930.05,950.1,7504,,,
2012-11-01,941.35,954.0,931.9,937.35,32770,,,
2012-11-02,945.6,948.0,930.0,932.15,6476,,,
2012-11-05,933.0,940.0,910.1,934.15,19452,,,
2012-11-06,939.95,940.0,930.1,932.25,6235,,,
2012-11-07,931.3,936.9,930.5,931.55,3570,,,
2012-11-08,930.0,948.0,930.0,932.85,9381,,,
2012-11-09,936.95,936.95,930.0,931.35,5595,,,
2012-11-12,939.7,939.7,923.0,930.15,5275,,,
2012-11-13,930.0,948.0,927.3,938.3,2131,,,
2012-11-15,929.0,936.0,921.0,922.85,4876,,,
2012-11-16,920.05,932.6,920.05,929.45,25402,,,
2012-11-19,932.0,936.9,920.1,933.5,9975,,,
2012-11-20,931.3,938.45,926.0,933.0,71279,,,
2012-11-21,935.0,935.3,916.0,922.05,36123,,,
2012-11-22,922.1,927.5,915.5,917.2,5603,,,
2012-11-23,917.1,934.8,913.95,930.25,12126,,,
2012-11-26,925.2,935.0,920.1,931.75,8481,,,
2012-11-27,930.0,939.0,927.0,930.05,26079,,,
2012-11-29,934.9,969.95,930.15,961.05,15198,,,
2012-11-30,962.1,971.95,942.25,960.4,9839,,,
2012-12-03,960.5,1100.55,960.0,1065.7,363582,,,
2012-12-04,1070.0,1075.0,1001.1,1020.5,82567,,,
2012-12-05,1022.1,1032.75,1012.25,1029.25,39528,,,
2012-12-06,1029.2,1034.0,1014.95,1021.0,13104,,,
2012-12-07,1025.0,1059.0,1010.25,1024.55,24503,,,
2012-12-10,1024.5,1035.0,1012.0,1030.05,16055,,,
2012-12-11,1034.95,1075.0,1016.0,1026.8,63899,,,
2012-12-12,1030.0,1068.0,1030.0,1059.2,34602,,,
2012-12-13,1058.85,1064.9,1041.05,1044.55,17044,,,
2012-12-14,1047.9,1056.65,1031.0,1038.3,45220,,,
2012-12-17,1038.25,1043.0,1026.0,1029.45,8143,,,
2012-12-18,1029.45,1049.0,1026.5,1039.35,24843,,,
2012-12-19,1049.0,1049.0,1032.05,1037.2,17051,,,
2012-12-20,1032.0,1041.0,1031.0,1039.5,4243,,,
2012-12-21,1049.0,1049.0,1020.25,1035.75,6897,,,
2012-12-24,1033.0,1049.0,1033.0,1038.8,5934,,,
2012-12-26,1054.0,1150.0,1030.0,1039.85,117184,,,
2012-12-27,1044.9,1049.0,1037.05,1040.4,4549,,,
2012-12-28,1040.0,1063.0,1030.0,1047.45,10215,,,
2012-12-31,1050.0,1105.9,1037.0,1083.05,54362,,,
2013-01-01,1071.15,1098.0,1060.5,1069.7,10694,,,
2013-01-02,1075.05,1075.05,1056.0,1062.75,7434,,,
2013-01-03,1050.35,1065.45,1040.95,1047.95,6288,,,
2013-01-04,1040.05,1058.95,1036.05,1049.25,5094,,,
2013-01-07,1050.0,1050.0,1035.05,1045.45,13122,,,
2013-01-08,1045.4,1065.0,1042.1,1044.25,4857,,,
2013-01-09,1040.7,1049.9,1037.0,1043.95,11254,,,
2013-01-10,1048.95,1050.3,1025.0,1030.55,27281,,,
2013-01-11,1034.95,1035.0,1000.95,1015.15,49853,,,
2013-01-14,1015.0,1049.9,1012.05,1030.3,11397,,,
2013-01-15,1031.15,1048.05,1022.4,1034.2,4633,,,
2013-01-16,1034.45,1036.95,981.25,1001.75,8244,,,
2013-01-17,1000.0,1029.0,989.7,1019.35,23579,,,
2013-01-18,1029.25,1033.0,1000.1,1004.4,7360,,,
2013-01-21,1011.9,1014.8,1002.0,1004.55,6675,,,
2013-01-22,1005.05,1035.0,1002.0,1026.4,6183,,,
2013-01-23,1020.05,1050.3,1014.25,1041.1,20176,,,
2013-01-24,1035.0,1040.0,1004.95,1012.65,21842,,,
2013-01-25,1022.05,1023.15,1000.3,1003.4,8595,,,
2013-01-28,1015.4,1027.75,1000.0,1006.8,6021,,,
2013-01-29,1010.0,1014.9,995.05,1000.5,4426,,,
2013-01-30,995.0,1008.75,990.0,997.55,3727,,,
2013-01-31,997.1,1009.0,995.0,1005.9,4191,,,
2013-02-01,1006.05,1011.9,990.0,995.55,2680,,,
2013-02-04,995.0,1010.0,995.0,1005.3,4868,,,
2013-02-05,1008.95,1009.0,980.9,1003.85,7784,,,
2013-02-06,1000.05,1003.65,975.1,980.05,11083,,,
2013-02-07,980.05,980.05,956.0,964.15,61582,,,
2013-02-08,960.95,980.0,957.55,961.05,4263,,,
2013-02-11,960.05,961.15,942.0,943.45,5621,,,
2013-02-12,942.25,954.45,933.15,938.95,3561,,,
2013-02-13,950.05,978.0,939.95,966.4,6674,,,
2013-02-14,963.5,980.0,942.0,967.1,5233,,,
2013-02-15,965.05,965.05,951.25,956.8,54532,,,
2013-02-18,956.0,963.95,952.15,956.4,267713,,,
2013-02-19,967.2,974.1,957.2,962.1,8768,,,
2013-02-20,956.15,978.2,956.15,969.05,10933,,,
2013-02-21,972.05,992.3,966.3,988.3,9639,,,
2013-02-22,984.0,988.95,970.1,973.85,4035,,,
2013-02-25,979.0,980.0,956.05,963.3,3636,,,
2013-02-26,960.1,971.0,960.05,965.2,3555,,,
2013-02-27,960.0,976.0,960.0,974.15,2321,,,
2013-02-28,973.05,978.0,950.0,966.2,6841,,,
2013-03-01,950.0,974.0,935.0,942.2,5164,,,
2013-03-04,948.3,980.0,920.0,952.35,5023,,,
2013-03-05,967.95,968.0,935.0,951.5,20763,,,
2013-03-06,950.0,955.0,938.0,941.85,6413,,,
2013-03-07,945.9,945.9,930.05,933.1,4596,,,
2013-03-08,934.8,942.0,921.0,922.7,8132,,,
2013-03-11,924.95,934.0,923.55,929.55,9063,,,
2013-03-12,930.0,940.0,920.0,929.0,82692,,,
2013-03-13,927.5,928.9,916.0,917.5,3171,,,
2013-03-14,920.05,920.3,900.0,902.05,61280,,,
2013-03-15,902.05,932.0,893.05,900.85,69105,,,
2013-03-18,899.05,912.0,893.3,910.0,42284,,,
2013-03-19,909.95,914.0,901.6,908.55,8497,,,
2013-03-20,902.0,909.75,896.0,899.75,10711,,,
2013-03-21,899.75,910.0,899.75,905.4,7562,,,
2013-03-22,891.4,910.05,891.4,905.05,35377,,,
2013-03-25,911.95,915.0,890.9,908.25,24538,,,
2013-03-26,900.0,913.0,890.0,894.1,3038,,,
2013-03-28,892.0,909.95,877.8,884.35,11413,,,
2013-04-01,895.0,920.0,884.0,910.3,12918,,,
2013-04-02,895.0,943.9,895.0,929.25,136848,,,
2013-04-03,924.0,962.7,921.0,946.0,22611,,,
2013-04-04,942.9,955.0,936.0,941.0,12866,,,
2013-04-05,941.4,944.9,932.0,941.25,2405,,,
2013-04-08,922.6,942.8,907.6,929.25,3924,,,
2013-04-09,937.0,947.65,913.05,924.45,2652,,,
2013-04-10,913.0,936.0,913.0,919.25,2929,,,
2013-04-11,924.95,934.0,907.6,925.5,2311,,,
2013-04-12,926.9,935.0,915.55,919.65,5924,,,
2013-04-15,910.0,933.0,905.0,928.65,38735,,,
2013-04-16,919.0,935.1,910.0,929.35,2181,,,
2013-04-17,920.0,938.0,920.0,925.45,8301,,,
2013-04-18,926.0,926.05,895.0,899.7,31217,,,
2013-04-22,901.0,914.95,890.0,898.5,22922,,,
2013-04-23,900.1,913.0,890.0,895.8,16163,,,
2013-04-25,888.0,906.0,888.0,903.05,25360,,,
2013-04-26,903.05,905.0,895.0,900.05,25400,,,
2013-04-29,891.55,901.95,891.05,896.3,64494,,,
2013-04-30,891.05,900.0,890.1,893.5,14175,,,
2013-05-02,892.05,918.5,891.1,901.95,67156,,,
2013-05-03,895.0,918.7,891.5,899.9,250962,,,
2013-05-06,905.0,966.9,902.05,956.05,72043,,,
2013-05-07,956.3,1010.0,950.0,998.65,159504,,,
2013-05-08,999.0,1005.0,988.2,1001.05,85739,,,
2013-05-09,1008.0,1008.0,967.0,977.05,46617,,,
2013-05-10,997.5,997.6,967.0,968.9,8576,,,
2013-05-11,974.95,977.75,961.7,970.1,174,,,
2013-05-13,970.0,970.0,954.2,957.55,12723,,,
2013-05-14,957.1,960.0,949.5,957.3,17879,,,
2013-05-15,951.3,974.7,951.3,967.05,28057,,,
2013-05-16,969.7,969.7,954.35,963.8,9571,,,
2013-05-17,964.05,980.0,964.05,975.45,20438,,,
2013-05-20,975.0,999.55,963.7,969.75,42035,,,
2013-05-21,971.55,979.45,966.5,969.2,25160,,,
2013-05-22,965.1,974.85,958.0,960.15,9906,,,
2013-05-23,960.95,961.0,914.0,932.65,10208,,,
2013-05-24,932.65,942.75,914.9,918.7,38038,,,
2013-05-27,919.0,933.75,919.0,923.1,33476,,,
2013-05-28,929.95,950.0,925.5,936.9,6059,,,
2013-05-29,939.9,945.95,921.15,924.3,10068,,,
2013-05-30,918.0,950.0,918.0,938.5,14787,,,
2013-05-31,931.95,960.0,931.95,941.6,20163,,,
2013-06-03,1129.9,1129.9,1129.9,1129.9,46569,,,
2013-06-04,1135.75,1169.9,1135.75,1158.95,302935,,,
2013-06-05,1157.0,1159.7,1150.1,1151.15,107290,,,
2013-06-06,1150.0,1164.0,1150.0,1160.5,35688,,,
2013-06-07,1162.1,1165.0,1158.0,1160.55,60347,,,
2013-06-10,1168.0,1168.2,1159.95,1165.0,76984,,,
2013-06-11,1165.0,1168.0,1161.05,1165.0,48924,,,
2013-06-12,1161.0,1167.95,1161.0,1166.5,34306,,,
2013-06-13,1165.0,1168.0,1158.2,1160.8,56783,,,
2013-06-14,1160.0,1165.0,1151.0,1155.05,452882,,,
2013-06-17,1150.0,1155.0,1140.25,1149.55,80670,,,
2013-06-18,1149.55,1151.0,1141.0,1143.9,45663,,,
2013-06-19,1149.9,1150.0,1141.0,1143.4,25944,,,
2013-06-20,1143.05,1149.85,1141.0,1142.9,43366,,,
2013-06-21,1140.25,1141.5,1135.1,1136.9,35308,,,
2013-06-24,1135.0,1136.0,1119.9,1129.25,42339,,,
2013-06-25,1124.6,1129.25,1112.55,1115.0,21876,,,
2013-06-26,1105.0,1117.65,1105.0,1112.25,33320,,,
2013-06-27,1112.0,1125.0,1095.0,1098.8,91229,,,
2013-06-28,1098.8,1117.0,1096.0,1109.9,8216,,,
2013-07-01,1116.9,1116.9,1100.0,1105.25,196624,,,
2013-07-02,1101.0,1106.6,1100.0,1104.85,42560,,,
2013-07-03,1101.0,1114.8,1101.0,1112.7,257738,,,
2013-07-04,1116.0,1135.0,1110.5,1129.4,274813,,,
2013-07-05,1139.95,1159.0,1136.0,1155.25,77583,,,
2013-07-08,1155.0,1166.9,1150.15,1151.85,53631,,,
2013-07-09,1155.0,1163.9,1151.9,1161.95,21395,,,
2013-07-10,1153.05,1166.0,1153.05,1163.8,300759,,,
2013-07-11,1168.0,1169.9,1164.0,1166.45,65528,,,
2013-07-12,1165.1,1176.0,1165.1,1174.9,61622,,,
2013-07-15,1170.0,1177.0,1170.0,1175.2,87200,,,
2013-07-16,1175.0,1180.8,1175.0,1178.95,122092,,,
2013-07-17,1180.0,1185.0,1179.0,1181.8,164526,,,
2013-07-18,1185.0,1189.9,1180.55,1184.25,210659,,,
2013-07-19,1191.0,1191.0,1180.9,1183.3,84727,,,
2013-07-22,1194.0,1194.0,1183.05,1186.6,86348,,,
2013-07-23,1189.0,1191.5,1186.0,1187.0,304058,,,
2013-07-24,1184.5,1189.9,1183.4,1184.0,292976,,,
2013-07-25,1183.1,1185.5,1181.25,1184.5,74352,,,
2013-07-26,1184.0,1186.0,1182.5,1184.8,95219,,,
2013-07-29,1184.8,1185.8,1183.0,1185.2,132357,,,
2013-07-30,1184.0,1187.9,1184.0,1187.2,36730,,,
2013-07-31,1188.0,1188.0,1182.15,1183.0,367354,,,
2013-08-01,1183.0,1185.9,1178.05,1180.1,159032,,,
2013-08-02,1176.0,1180.0,1168.0,1170.7,268684,,,
2013-08-05,1169.5,1180.0,976.5,1149.35,195904,,,
2013-08-06,1070.0,1160.0,1070.0,1152.6,34241,,,
2013-08-07,1153.9,1166.0,1112.0,1138.6,12069,,,
2013-08-08,1137.95,1145.0,1125.0,1135.85,2514,,,
2013-08-12,1156.55,1156.55,1110.0,1130.1,13637,,,
2013-08-13,1122.8,1156.0,1119.95,1146.95,12212,,,
2013-08-14,1158.5,1159.9,1142.8,1154.0,6416,,,
2013-08-16,1151.0,1174.95,1120.0,1163.25,25338,,,
2013-08-19,1169.0,1175.0,1135.05,1153.95,18788,,,
2013-08-20,1145.1,1178.0,1133.05,1161.3,19219,,,
2013-08-21,1143.0,1166.45,1141.1,1148.2,8079,,,
2013-08-22,1149.9,1170.0,1115.05,1161.0,16037,,,
2013-08-23,1163.0,1164.9,1121.05,1156.4,22198,,,
2013-08-26,1150.0,1164.9,1128.0,1130.9,2393,,,
2013-08-27,1125.0,1145.0,1113.0,1119.85,12449,,,
2013-08-28,1101.0,1126.55,1085.0,1113.95,31288,,,
2013-08-29,1118.0,1135.0,1108.0,1132.85,38273,,,
2013-08-30,1130.0,1130.5,1105.05,1112.55,100854,,,
2013-09-02,1112.7,1114.05,1081.05,1093.25,5303,,,
2013-09-03,1090.05,1095.55,1075.05,1079.2,3104,,,
2013-09-04,1088.05,1149.0,1075.25,1079.95,60481,,,
2013-09-05,1076.0,1109.0,1055.05,1083.15,11929,,,
2013-09-06,1080.0,1094.9,1072.0,1077.8,1265,,,
2013-09-10,1065.25,1108.0,1065.25,1098.35,4319,,,
2013-09-11,1091.0,1125.0,1091.0,1110.35,3132,,,
2013-09-12,1106.05,1129.9,1099.85,1110.85,3124,,,
2013-09-13,1117.15,1128.85,1099.95,1108.25,1166,,,
2013-09-16,1128.25,1144.9,1085.4,1129.45,10501,,,
2013-09-17,1124.0,1140.0,1112.3,1134.45,7672,,,
2013-09-18,1139.95,1148.0,1125.0,1144.05,8414,,,
2013-09-19,1150.0,1207.05,1131.0,1182.15,21925,,,
2013-09-20,1165.15,1295.0,1159.0,1241.65,25914,,,
2013-09-23,1241.65,1265.0,1200.0,1206.85,7140,,,
2013-09-24,1206.9,1220.0,1200.0,1214.4,10011,,,
2013-09-25,1206.0,1213.95,1203.05,1209.55,21654,,,
2013-09-26,1208.85,1209.0,1181.4,1197.85,6351,,,
2013-09-27,1195.95,1200.15,1172.6,1179.45,1808,,,
2013-09-30,1175.05,1185.15,1160.05,1178.25,691,,,
2013-10-01,1159.0,1194.25,1140.0,1168.3,5497,,,
2013-10-03,1161.0,1195.95,1130.0,1176.05,3373,,,
2013-10-04,1169.9,1174.9,1155.0,1159.95,1357,,,
2013-10-07,1160.05,1179.6,1145.5,1160.6,2317,,,
2013-10-08,1200.0,1200.0,1156.0,1160.1,1985,,,
2013-10-09,1160.25,1180.0,1150.0,1160.55,15622,,,
2013-10-10,1154.05,1180.05,1154.05,1160.6,11125,,,
2013-10-11,1162.05,1178.05,1157.25,1167.25,3636,,,
2013-10-14,1168.0,1170.0,1155.0,1165.2,1715,,,
2013-10-15,1161.05,1170.05,1155.0,1162.3,4462,,,
2013-10-17,1163.0,1174.0,1155.0,1157.7,1156,,,
2013-10-18,1160.0,1210.0,1138.2,1163.3,16425,,,
2013-10-21,1196.0,1210.0,1164.0,1170.2,19564,,,
2013-10-22,1165.0,1190.7,1165.0,1176.75,3588,,,
2013-10-23,1112.0,1182.95,1112.0,1173.2,6819,,,
2013-10-24,1173.2,1191.0,1160.0,1180.05,23430,,,
2013-10-25,1181.15,1181.15,1160.0,1168.1,13729,,,
2013-10-28,1162.25,1173.0,1145.0,1149.65,4463,,,
2013-10-29,1147.95,1147.95,1121.1,1131.55,5422,,,
2013-10-30,1136.05,1144.85,1121.45,1130.55,5959,,,
2013-10-31,1121.0,1130.0,1112.0,1119.4,5192,,,
2013-11-01,1118.95,1124.4,1101.0,1118.35,5181,,,
2013-11-03,1115.3,1150.0,1115.3,1137.65,2754,,,
2013-11-05,1174.9,1174.9,1081.15,1121.9,44007,,,
2013-11-06,1112.3,1125.0,1098.0,1109.6,27147,,,
2013-11-07,1092.0,1119.75,1092.0,1104.8,9301,,,
2013-11-08,1100.0,1111.1,1091.05,1098.65,4907,,,
2013-11-11,1090.05,1094.9,1077.25,1086.6,4755,,,
2013-11-12,1083.55,1086.0,1077.5,1079.35,13197,,,
2013-11-13,1099.95,1099.95,1075.0,1080.45,11852,,,
2013-11-14,1080.0,1085.0,1066.0,1072.5,22853,,,
2013-11-18,1095.0,1095.0,1050.5,1060.25,35851,,,
2013-11-19,1064.5,1079.0,1050.0,1052.6,12615,,,
2013-11-20,1070.0,1070.0,1031.3,1058.95,148045,,,
2013-11-21,1065.0,1083.95,1043.7,1050.6,21055,,,
2013-11-22,1050.05,1065.0,1035.0,1038.05,10347,,,
2013-11-25,1052.75,1059.9,1040.55,1054.0,17453,,,
2013-11-26,1054.0,1054.0,906.4,1030.4,7299,,,
2013-11-27,1011.0,1048.9,1010.0,1038.9,23728,,,
2013-11-28,1033.05,1050.0,1025.0,1044.5,25142,,,
2013-11-29,1034.0,1063.6,1034.0,1059.7,28365,,,
2013-12-02,1045.3,1077.8,1045.3,1070.05,32829,,,
2013-12-03,1072.0,1072.0,1052.05,1058.85,13090,,,
2013-12-04,1055.6,1068.0,1051.8,1058.8,11305,,,
2013-12-05,1067.95,1071.85,1057.0,1060.05,67932,,,
2013-12-06,1060.05,1060.05,1040.0,1048.45,4856,,,
2013-12-09,1045.0,1080.0,1040.0,1069.45,16751,,,
2013-12-10,1075.0,1089.9,1061.05,1079.55,37929,,,
2013-12-11,1077.8,1080.4,1046.55,1061.3,15842,,,
2013-12-12,1053.0,1059.4,1018.1,1047.75,87061,,,
2013-12-13,1038.0,1054.75,1036.5,1040.0,12863,,,
2013-12-16,1058.0,1099.0,1042.6,1068.15,17912,,,
2013-12-17,1064.7,1088.4,1064.7,1083.35,4203,,,
2013-12-18,1075.05,1099.0,1070.35,1091.85,16291,,,
2013-12-19,1066.0,1093.0,1066.0,1081.6,2614,,,
2013-12-20,1087.9,1139.4,1065.0,1117.1,14516,,,
2013-12-23,1117.0,1140.0,1101.85,1115.9,5850,,,
2013-12-24,1110.0,1146.95,1110.0,1143.8,6003,,,
2013-12-26,1140.0,1150.65,1125.0,1127.95,11448,,,
2013-12-27,1144.5,1150.0,1120.8,1144.1,3036,,,
2013-12-30,1145.0,1160.0,1130.0,1145.9,4430,,,
2013-12-31,1149.0,1259.0,1136.3,1200.85,28843,,,
2014-01-01,1181.35,1198.8,1170.0,1181.4,17564,,,
2014-01-02,1170.25,1182.9,1130.0,1140.1,4609,,,
2014-01-03,1147.0,1154.9,1112.2,1121.2,7240,,,
2014-01-06,1120.05,1123.4,1105.55,1116.95,3939,,,
2014-01-07,1108.0,1119.3,1105.35,1106.6,2286,,,
2014-01-08,1134.0,1134.0,1103.0,1107.25,2936,,,
2014-01-09,1105.0,1141.0,1095.7,1112.5,6850,,,
2014-01-10,1112.5,1128.0,1102.8,1108.45,4789,,,
2014-01-13,1093.1,1124.65,1093.1,1102.65,2358,,,
2014-01-14,1101.0,1104.75,1080.0,1096.4,5951,,,
2014-01-15,1090.05,1154.45,1090.05,1136.8,12557,,,
2014-01-16,1140.0,1140.0,1105.05,1114.05,1658,,,
2014-01-17,1128.0,1128.0,1095.0,1099.1,1862,,,
2014-01-20,1099.0,1119.0,1093.6,1116.95,2405,,,
2014-01-21,1110.0,1114.75,1091.0,1098.45,2564,,,
2014-01-22,1090.4,1114.0,1085.0,1100.35,4510,,,
2014-01-23,1100.05,1109.95,1099.0,1102.8,3982,,,
2014-01-24,1092.0,1108.0,1092.0,1103.7,86703,,,
2014-01-27,1114.3,1114.3,1073.0,1101.7,11891,,,
2014-01-28,1091.0,1107.55,1091.0,1100.25,7577,,,
2014-01-29,1099.0,1116.0,1097.35,1103.35,7123,,,
2014-01-30,1098.0,1111.85,1081.3,1100.8,14927,,,
2014-01-31,1118.2,1118.2,1095.05,1105.4,10091,,,
2014-02-03,1113.1,1113.1,1081.0,1102.55,7121,,,
2014-02-04,1090.35,1099.9,1080.0,1090.35,7079,,,
2014-02-05,1108.0,1108.0,1062.0,1081.25,8514,,,
2014-02-06,1099.85,1099.85,1071.35,1075.4,2672,,,
2014-02-07,1084.35,1091.0,1075.25,1083.9,3515,,,
2014-02-10,1083.9,1105.25,1080.05,1089.95,8486,,,
2014-02-11,1079.1,1121.0,1079.1,1115.15,7040,,,
2014-02-12,1115.15,1125.5,1091.0,1096.05,1949,,,
2014-02-13,1086.1,1185.0,1086.1,1119.85,27115,,,
2014-02-14,1111.0,1139.95,1095.0,1112.55,4900,,,
2014-02-17,1096.1,1120.0,1093.05,1114.5,6485,,,
2014-02-18,1129.8,1129.8,1091.1,1094.6,6952,,,
2014-02-19,1092.0,1108.0,1090.0,1092.6,4512,,,
2014-02-20,1082.0,1093.45,1050.05,1087.5,6758,,,
2014-02-21,1070.0,1100.0,1066.25,1092.4,14324,,,
2014-02-24,1100.0,1129.95,1084.0,1088.0,25492,,,
2014-02-25,1085.25,1105.0,1080.0,1096.95,9945,,,
2014-02-26,1100.0,1118.0,1081.0,1087.35,29774,,,
2014-02-28,1085.0,1128.8,1085.0,1122.75,12985,,,
2014-03-03,1140.0,1180.0,1117.95,1148.1,45502,,,
2014-03-04,1150.0,1165.0,1150.0,1152.5,5218,,,
2014-03-05,1156.05,1175.0,1155.05,1171.5,20476,,,
2014-03-06,1180.0,1182.0,1157.0,1176.9,15804,,,
2014-03-07,1179.2,1203.0,1178.0,1188.4,21620,,,
2014-03-10,1187.0,1208.0,1179.0,1199.75,28067,,,
2014-03-11,1171.5,1199.75,1164.0,1172.3,6871,,,
2014-03-12,1150.05,1188.0,1150.05,1173.5,14096,,,
2014-03-13,1161.0,1179.95,1161.0,1171.0,5332,,,
2014-03-14,1164.65,1174.95,1164.6,1171.15,55062,,,
2014-03-18,1187.8,1187.8,1165.0,1176.0,94429,,,
2014-03-19,1168.55,1178.05,1168.5,1171.65,1953,,,
2014-03-20,1171.0,1174.75,1169.95,1170.5,2175,,,
2014-03-21,1175.0,1176.0,1170.0,1172.05,2081,,,
2014-03-22,1170.0,1173.5,1162.35,1166.9,270,,,
2014-03-24,1190.0,1190.0,1170.0,1171.05,2321,,,
2014-03-25,1170.3,1212.15,1170.0,1196.1,8806,,,
2014-03-26,1208.0,1210.0,1172.15,1193.65,10444,,,
2014-03-27,1209.0,1209.0,1172.25,1180.65,1693,,,
2014-03-28,1207.0,1244.9,1189.35,1202.05,28800,,,
2014-03-31,1205.0,1247.95,1205.0,1229.95,9739,,,
2014-04-01,1240.0,1240.0,1202.35,1209.6,15615,,,
2014-04-02,1225.0,1230.0,1200.0,1221.2,6456,,,
2014-04-03,1224.95,1249.0,1212.7,1228.85,31795,,,
2014-04-04,1222.1,1239.7,1207.05,1220.2,5391,,,
2014-04-07,1240.0,1240.0,1207.55,1211.45,5224,,,
2014-04-09,1209.0,1228.0,1208.1,1210.5,35323,,,
2014-04-10,1228.0,1234.0,1206.85,1231.1,100843,,,
2014-04-11,1218.8,1249.8,1216.8,1220.5,3561,,,
2014-04-15,1235.0,1235.0,1207.15,1216.4,5126,,,
2014-04-16,1226.35,1234.9,1210.0,1217.2,3500,,,
2014-04-17,1229.65,1281.05,1225.0,1246.3,31999,,,
2014-04-21,1221.0,1280.0,1221.0,1242.55,9099,,,
2014-04-22,1254.8,1264.95,1213.45,1239.45,12763,,,
2014-04-23,1250.0,1264.9,1215.0,1218.85,13500,,,
2014-04-25,1229.0,1252.0,1218.0,1249.1,8554,,,
2014-04-28,1252.0,1284.0,1236.35,1277.25,24367,,,
2014-04-29,1277.25,1309.95,1274.45,1302.55,16572,,,
2014-04-30,1309.0,1309.0,1280.05,1298.3,12943,,,
2014-05-02,1309.0,1315.0,1271.0,1281.2,7019,,,
2014-05-05,1290.0,1297.7,1275.0,1282.05,22232,,,
2014-05-06,1282.0,1285.5,1247.4,1269.15,20580,,,
2014-05-07,1284.9,1287.95,1262.0,1279.35,19359,,,
2014-05-08,1284.25,1284.25,1250.0,1263.4,17056,,,
2014-05-09,1278.3,1285.0,1251.6,1277.0,9995,,,
2014-05-12,1277.0,1309.45,1266.6,1304.75,9421,,,
2014-05-13,1265.1,1333.65,1265.1,1328.3,11236,,,
2014-05-14,1330.0,1393.0,1321.1,1341.65,13548,,,
2014-05-15,1340.0,1374.45,1340.0,1352.9,7574,,,
2014-05-16,1357.0,1360.1,1326.0,1341.1,14689,,,
2014-05-19,1345.0,1380.0,1331.75,1372.35,17575,,,
2014-05-20,1350.0,1378.0,1350.0,1373.6,6807,,,
2014-05-21,1370.0,1378.4,1345.95,1364.85,15189,,,
2014-05-22,1369.65,1385.1,1360.25,1374.1,17954,,,
2014-05-23,1386.0,1390.0,1370.0,1387.85,11795,,,
2014-05-26,1400.0,1400.0,1381.0,1394.25,6913,,,
2014-05-27,1401.25,1401.5,1350.0,1359.3,2409,,,
2014-05-28,1399.75,1434.0,1355.6,1383.2,24825,,,
2014-05-29,1399.9,1419.85,1385.0,1408.0,4202,,,
2014-05-30,1394.15,1417.85,1391.0,1406.85,6610,,,
2014-06-02,1432.0,1434.0,1401.0,1422.25,7609,,,
2014-06-03,1426.0,1426.0,1396.0,1415.2,3712,,,
2014-06-04,1430.1,1430.1,1375.0,1390.65,4336,,,
2014-06-05,1395.0,1430.0,1394.0,1422.65,19566,,,
2014-06-06,1420.0,1425.0,1382.85,1397.0,7444,,,
2014-06-09,1411.0,1429.0,1395.0,1399.05,9440,,,
2014-06-10,1408.0,1410.0,1375.85,1406.7,5455,,,
2014-06-11,1413.0,1446.15,1382.95,1424.3,5797,,,
2014-06-12,1434.0,1609.0,1424.3,1562.45,99419,,,
2014-06-13,1575.0,1597.6,1535.5,1577.25,48888,,,
2014-06-16,1580.0,1594.9,1550.05,1585.55,7511,,,
2014-06-17,1588.0,1689.0,1562.3,1649.35,14038,,,
2014-06-18,1690.0,1820.0,1656.0,1760.1,58531,,,
2014-06-19,1784.0,1800.0,1680.0,1697.75,40453,,,
2014-06-20,1740.0,1740.0,1680.0,1709.35,33432,,,
2014-06-23,1692.3,1825.0,1686.6,1756.75,34933,,,
2014-06-24,1792.0,1792.0,1740.05,1775.35,21812,,,
2014-06-25,1770.0,1825.0,1765.0,1811.35,26038,,,
2014-06-26,1822.0,1840.0,1795.0,1813.1,17152,,,
2014-06-27,1813.0,1825.05,1786.0,1792.25,9896,,,
2014-06-30,1804.0,1805.05,1745.65,1791.7,10057,,,
2014-07-01,1775.05,1795.7,1750.0,1754.8,44567,,,
2014-07-02,1777.0,1777.0,1720.0,1743.8,49920,,,
2014-07-03,1735.0,1837.85,1735.0,1816.35,13576,,,
2014-07-04,1820.0,1935.0,1815.0,1909.7,49996,,,
2014-07-07,1925.0,2005.0,1915.0,1998.8,29094,,,
2014-07-08,1998.0,2099.9,1866.6,1951.05,78008,,,
2014-07-09,1964.8,2094.3,1865.5,1911.35,54132,,,
2014-07-10,1931.5,2060.5,1875.3,1917.75,37137,,,
2014-07-11,1974.0,1984.8,1920.0,1936.55,63713,,,
2014-07-14,1940.0,1969.05,1806.05,1839.35,15783,,,
2014-07-15,1850.0,1850.0,1751.7,1762.05,29659,,,
2014-07-16,1775.0,1848.0,1760.0,1843.8,20925,,,
2014-07-17,1849.9,1986.0,1846.15,1966.75,31488,,,
2014-07-18,1973.85,2004.0,1910.1,1989.2,33710,,,
2014-07-21,1940.0,1950.0,1888.7,1920.9,58201,,,
2014-07-22,1913.0,1931.0,1880.0,1906.5,49473,,,
2014-07-23,1900.1,1928.85,1885.0,1887.5,5851,,,
2014-07-24,1868.65,1910.0,1844.6,1858.4,15378,,,
2014-07-25,1865.0,1885.0,1858.0,1881.5,5039,,,
2014-07-28,1888.0,1910.0,1810.0,1821.3,12215,,,
2014-07-30,1845.0,1845.0,1720.0,1773.55,34464,,,
2014-07-31,1745.0,1819.25,1732.0,1764.05,18599,,,
2014-08-01,1748.1,1798.0,1730.0,1775.45,8479,,,
2014-08-04,1800.0,1800.0,1755.0,1791.9,15692,,,
2014-08-05,1780.25,1865.0,1780.25,1858.45,458755,,,
2014-08-06,1865.0,1922.0,1830.0,1915.0,43294,,,
2014-08-07,1931.35,1960.25,1908.0,1922.55,27742,,,
2014-08-08,1925.0,2000.0,1910.05,1943.0,51130,,,
2014-08-11,1945.65,1995.0,1900.0,1911.0,15970,,,
2014-08-12,1943.45,1943.6,1891.6,1928.95,6579,,,
2014-08-13,1941.0,1943.45,1860.2,1887.35,3713,,,
2014-08-14,1870.0,1925.0,1853.95,1901.65,7678,,,
2014-08-18,1900.0,1916.7,1822.05,1838.75,27894,,,
2014-08-19,1838.6,1899.0,1837.0,1876.0,7873,,,
2014-08-20,1851.3,1899.0,1851.3,1875.8,2968,,,
2014-08-21,1893.8,1899.0,1875.0,1893.15,2872,,,
2014-08-22,1893.15,1915.85,1845.0,1855.05,4543,,,
2014-08-25,1856.0,1868.0,1829.0,1841.55,7145,,,
2014-08-26,1868.0,1895.0,1845.25,1874.5,4650,,,
2014-08-27,1944.0,1944.0,1870.0,1887.75,5039,,,
2014-08-28,1900.0,1909.9,1865.0,1895.25,83616,,,
2014-09-01,1895.25,1905.0,1890.0,1900.15,6402,,,
2014-09-02,1890.1,1905.0,1839.95,1860.3,26460,,,
2014-09-03,1895.0,2018.0,1875.0,1960.65,46430,,,
2014-09-04,1977.3,1989.9,1935.5,1968.45,16324,,,
2014-09-05,1952.6,1973.45,1930.0,1945.75,16096,,,
2014-09-08,1979.95,1991.0,1948.0,1982.95,15785,,,
2014-09-09,1989.95,1990.0,1940.5,1957.9,23762,,,
2014-09-10,1949.95,1990.0,1921.0,1964.1,15715,,,
2014-09-11,1988.95,1988.95,1939.0,1964.1,14501,,,
2014-09-12,1964.0,1984.9,1950.0,1975.55,8044,,,
2014-09-15,1960.0,1989.95,1951.3,1957.7,49629,,,
2014-09-16,1990.0,1990.0,1915.05,1937.7,8769,,,
2014-09-17,1922.35,1970.0,1922.35,1935.55,16112,,,
2014-09-18,1920.0,1985.0,1920.0,1978.45,7610,,,
2014-09-19,1984.85,2179.0,1965.7,2116.3,66894,,,
2014-09-22,2133.0,2169.4,2133.0,2155.4,34808,,,
2014-09-23,2160.0,2258.0,2136.0,2176.05,147981,,,
2014-09-24,2175.0,2210.1,2055.0,2098.95,93222,,,
2014-09-25,2106.0,2199.9,2051.05,2090.75,20866,,,
2014-09-26,2097.95,2109.9,1945.0,1999.65,36917,,,
2014-09-29,2000.0,2060.0,2000.0,2031.9,32698,,,
2014-09-30,2035.95,2057.9,1984.7,2015.55,16515,,,
2014-10-01,2019.4,2033.85,1967.7,1985.95,27096,,,
2014-10-07,2015.0,2015.55,1880.0,1898.45,62730,,,
2014-10-08,1905.0,1905.0,1859.05,1869.1,35318,,,
2014-10-09,1890.0,1958.0,1870.8,1898.7,22313,,,
2014-10-10,1905.0,1905.0,1821.7,1827.2,32710,,,
2014-10-13,1830.05,1833.0,1764.1,1772.25,23936,,,
2014-10-14,1780.0,1823.9,1775.0,1780.15,25604,,,
2014-10-16,1780.2,1830.0,1775.0,1808.05,16402,,,
2014-10-17,1814.0,1839.5,1770.0,1828.55,14961,,,
2014-10-20,1830.0,1860.0,1784.95,1821.5,19794,,,
2014-10-21,1812.1,1819.95,1755.05,1810.0,21129,,,
2014-10-22,1800.0,1844.0,1796.55,1815.7,55589,,,
2014-10-23,1835.0,1863.0,1834.6,1857.55,5935,,,
2014-10-27,1840.45,1865.95,1830.0,1840.2,7840,,,
2014-10-28,1846.0,1869.0,1810.2,1816.0,152511,,,
2014-10-29,1810.0,1836.6,1808.0,1815.85,48693,,,
2014-10-30,1822.0,1822.0,1804.1,1816.1,9386,,,
2014-10-31,1822.0,1835.0,1808.0,1823.3,13585,,,
2014-11-03,1829.0,1834.05,1806.55,1813.8,22815,,,
2014-11-05,1814.0,1825.0,1808.0,1814.15,11350,,,
2014-11-07,1812.0,1908.0,1806.0,1890.85,101145,,,
2014-11-10,1890.85,1949.0,1888.1,1915.05,73135,,,
2014-11-11,1925.0,1945.0,1920.0,1921.2,86345,,,
2014-11-12,1922.0,1970.0,1855.0,1894.6,19315,,,
2014-11-13,1901.0,1934.6,1900.0,1911.8,11801,,,
2014-11-14,1911.0,1985.9,1900.0,1954.55,28840,,,
2014-11-17,1948.0,1948.0,1874.75,1937.55,12530,,,
2014-11-18,1938.0,1954.15,1889.95,1913.8,11349,,,
2014-11-19,1908.9,1909.0,1875.0,1890.75,21303,,,
2014-11-20,1891.0,1918.0,1871.0,1888.45,12396,,,
2014-11-21,1877.0,1900.0,1877.0,1890.0,16024,,,
2014-11-24,1895.0,1897.8,1846.0,1856.75,23832,,,
2014-11-25,1868.0,1888.0,1842.55,1852.8,44234,,,
2014-11-26,1842.0,1905.0,1842.0,1870.05,63605,,,
2014-11-27,1855.2,1899.0,1855.2,1893.4,13438,,,
2014-11-28,1875.0,1949.0,1851.0,1930.35,27923,,,
2014-12-01,1924.5,1924.5,1876.0,1886.85,27887,,,
2014-12-02,1875.05,1919.0,1875.05,1903.75,10680,,,
2014-12-03,1892.1,1909.9,1885.55,1894.35,18369,,,
2014-12-04,1901.0,1909.0,1881.1,1902.1,14261,,,
2014-12-05,1892.2,1974.35,1881.1,1906.6,45592,,,
2014-12-08,1918.0,1939.95,1887.0,1908.4,17551,,,
2014-12-09,1897.05,1939.4,1864.0,1899.45,12867,,,
2014-12-10,1885.0,1925.0,1874.6,1917.4,259828,,,
2014-12-11,1905.0,1919.95,1879.95,1909.95,211702,,,
2014-12-12,1892.95,1919.0,1869.0,1875.2,55056,,,
2014-12-15,1872.0,1892.0,1846.1,1854.65,6355,,,
2014-12-16,1843.0,1865.9,1791.6,1809.95,8551,,,
2014-12-17,1798.0,1847.3,1798.0,1810.65,9033,,,
2014-12-18,1800.9,1848.9,1800.9,1813.05,7249,,,
2014-12-19,1823.0,1887.0,1823.0,1875.8,9415,,,
2014-12-22,1860.05,1915.0,1851.0,1893.25,16803,,,
2014-12-23,1886.0,1963.0,1886.0,1952.1,20743,,,
2014-12-24,1940.0,1976.0,1894.2,1963.75,8398,,,
2014-12-26,1946.0,1969.0,1915.45,1948.15,6135,,,
2014-12-29,1936.0,1984.7,1911.2,1927.95,44656,,,
2014-12-30,1915.1,1939.8,1912.9,1918.85,8775,,,
2014-12-31,1907.0,1936.0,1890.0,1899.1,10758,,,
2015-01-01,1935.2,1949.0,1893.05,1925.75,7358,,,
2015-01-02,1916.4,1955.1,1916.4,1938.75,5719,,,
2015-01-05,1920.4,1975.0,1920.4,1964.5,6808,,,
2015-01-06,1945.8,1959.75,1860.0,1881.0,25466,,,
2015-01-07,1866.1,1973.0,1866.1,1962.0,13042,,,
2015-01-08,1952.0,1990.0,1952.0,1971.25,43362,,,
2015-01-09,1970.0,1978.0,1929.0,1949.95,19994,,,
2015-01-12,1960.0,1970.0,1930.0,1938.45,9181,,,
2015-01-13,1935.0,1950.0,1891.65,1903.75,10551,,,
2015-01-14,1910.0,1955.0,1910.0,1933.7,9993,,,
2015-01-15,1936.1,1967.0,1936.1,1944.95,3648,,,
2015-01-16,1939.0,1995.0,1932.45,1980.65,36199,,,
2015-01-19,1974.1,2091.0,1957.05,2023.2,143907,,,
2015-01-20,2041.0,2065.1,1975.0,1990.5,35402,,,
2015-01-21,2014.0,2050.0,1990.25,2044.75,23209,,,
2015-01-22,2050.0,2122.9,2026.0,2105.2,29467,,,
2015-01-23,2110.0,2129.0,2065.0,2100.45,16461,,,
2015-01-27,2110.0,2150.05,2091.65,2117.05,26844,,,
2015-01-28,2123.95,2138.35,2100.0,2109.95,34990,,,
2015-01-29,2100.1,2116.9,2029.4,2047.7,20588,,,
2015-01-30,2054.0,2120.4,2054.0,2099.55,24349,,,
2015-02-02,2093.0,2137.0,2061.0,2086.15,8671,,,
2015-02-03,2093.0,2138.0,2089.15,2118.5,6348,,,
2015-02-04,2150.0,2150.0,2087.0,2129.8,4425,,,
2015-02-05,2123.0,2125.05,2092.15,2099.95,62449,,,
2015-02-06,2106.85,2107.0,2029.95,2041.0,7908,,,
2015-02-09,2040.0,2048.0,2000.0,2019.2,17647,,,
2015-02-10,2000.0,2045.05,1985.0,2017.95,12298,,,
2015-02-11,2022.1,2064.0,2011.0,2045.3,24451,,,
2015-02-12,2050.0,2100.0,2024.8,2098.75,8053,,,
2015-02-13,2100.0,2150.0,2082.0,2102.2,12812,,,
2015-02-16,2109.0,2162.05,2030.3,2125.95,14200,,,
2015-02-18,2123.25,2129.85,2070.3,2099.05,36288,,,
2015-02-19,2092.0,2139.0,2032.5,2133.0,22759,,,
2015-02-20,2133.0,2133.0,2096.05,2113.1,18807,,,
2015-02-23,2113.1,2113.1,2030.05,2069.6,16515,,,
2015-02-24,2076.0,2087.0,2021.1,2025.2,22235,,,
2015-02-25,2030.0,2096.35,2019.0,2086.6,29748,,,
2015-02-26,2086.6,2105.0,2049.0,2088.95,30500,,,
2015-02-27,2096.0,2099.0,2054.0,2070.35,18000,,,
2015-02-28,2130.0,2130.0,2058.0,2100.1,34354,,,
2015-03-02,2107.0,2125.0,2080.1,2117.0,20326,,,
2015-03-03,2124.0,2172.0,2103.85,2151.85,20247,,,
2015-03-04,2159.0,2175.5,2120.0,2153.15,62672,,,
2015-03-05,2172.05,2172.05,2102.0,2118.4,9108,,,
2015-03-09,2125.0,2130.0,2101.1,2109.05,86525,,,
2015-03-10,2115.95,2125.2,2055.0,2073.05,22770,,,
2015-03-11,2074.0,2074.0,2023.8,2038.15,37646,,,
2015-03-12,2040.0,2094.0,2040.0,2085.1,10906,,,
2015-03-13,2092.0,2120.0,2035.0,2057.1,8608,,,
2015-03-16,2064.0,2092.2,2017.55,2084.1,4516,,,
2015-03-17,2098.0,2098.0,2016.65,2038.55,70528,,,
2015-03-18,2038.4,2038.5,1992.0,1998.65,76153,,,
2015-03-19,2040.0,2055.0,1995.05,2015.3,8873,,,
2015-03-20,2048.75,2048.75,1968.7,1992.2,14336,,,
2015-03-23,2044.0,2063.25,1978.0,2020.45,12239,,,
2015-03-24,2074.95,2074.95,2004.55,2029.35,67179,,,
2015-03-25,2010.0,2059.95,1973.7,2018.65,31609,,,
2015-03-26,2000.0,2039.0,1980.0,2026.1,69154,,,
2015-03-27,2059.95,2059.95,2002.2,2022.05,13375,,,
2015-03-30,2049.9,2054.85,2015.1,2044.7,17297,,,
2015-03-31,2044.65,2045.9,2002.05,2010.2,9611,,,
2015-04-01,2049.0,2052.45,2000.0,2030.7,3928,,,
2015-04-06,2030.7,2075.0,2011.0,2056.55,6584,,,
2015-04-07,2078.95,2078.95,2032.35,2049.1,25278,,,
2015-04-08,2052.0,2115.0,2035.55,2109.75,9247,,,
2015-04-09,2125.2,2194.7,2095.5,2163.65,127906,,,
2015-04-10,2180.0,2350.0,2115.0,2227.4,82834,,,
2015-04-13,2310.0,2348.0,2265.0,2295.35,52917,,,
2015-04-15,2290.0,2340.0,2268.0,2294.2,20524,,,
2015-04-16,2301.95,2367.45,2300.45,2348.55,44284,,,
2015-04-17,2357.0,2371.3,2160.6,2192.5,109213,,,
2015-04-20,2155.0,2155.0,2030.6,2049.9,39333,,,
2015-04-21,2050.0,2050.0,1960.05,1973.55,30131,,,
2015-04-22,1964.0,2028.0,1964.0,2006.65,25057,,,
2015-04-23,2010.0,2015.95,1990.15,1996.1,17956,,,
2015-04-24,2125.0,2340.0,1876.25,1895.25,412329,,,
2015-04-27,1895.25,2005.0,1780.0,1968.4,114930,,,
2015-04-28,1980.0,1999.65,1913.65,1945.05,30446,,,
2015-04-29,2048.8,2072.6,1953.0,1981.1,90742,,,
2015-04-30,1975.0,1999.0,1924.0,1979.4,32151,,,
2015-05-04,2010.0,2025.0,1945.05,2002.1,84655,,,
2015-05-05,2003.0,2024.0,1980.0,2001.05,20050,,,
2015-05-06,2011.0,2011.0,1952.0,2000.85,23169,,,
2015-05-07,1995.0,2009.95,1952.0,1966.55,13430,,,
2015-05-08,1976.0,2119.75,1975.95,2008.0,72028,,,
2015-05-11,2008.0,2110.0,2007.9,2095.1,42808,,,
2015-05-12,2118.5,2197.0,2110.0,2160.1,147913,,,
2015-05-13,2137.0,2194.0,2063.0,2095.85,29338,,,
2015-05-14,2096.6,2160.05,2073.0,2094.6,22111,,,
2015-05-15,2100.0,2150.0,2051.0,2072.6,26871,,,
2015-05-18,2080.0,2114.55,2079.9,2092.35,11400,,,
2015-05-19,2100.0,2124.5,2078.0,2107.1,14907,,,
2015-05-20,2105.0,2124.0,2051.2,2068.7,15664,,,
2015-05-21,2099.95,2099.95,2036.6,2060.2,12427,,,
2015-05-22,2085.0,2110.0,2041.1,2093.5,27254,,,
2015-05-25,2061.5,2100.0,2044.85,2068.75,18080,,,
2015-05-26,2090.0,2096.85,2055.7,2081.05,16583,,,
2015-05-27,2100.0,2100.0,2055.1,2090.9,15264,,,
2015-05-28,2071.55,2100.0,2025.0,2040.2,11859,,,
2015-05-29,2058.1,2157.95,2046.0,2101.1,204988,,,
2015-06-01,2060.0,2093.7,2020.0,2047.35,36650,,,
2015-06-02,2065.85,2065.85,2027.85,2043.25,9590,,,
2015-06-03,2065.0,2065.0,2002.05,2027.3,13302,,,
2015-06-04,2026.95,2045.0,1980.0,2008.8,10343,,,
2015-06-05,1998.0,2010.6,1970.0,1982.65,10722,,,
2015-06-08,1987.0,2005.05,1966.6,1998.0,12451,,,
2015-06-09,1998.0,1998.0,1953.95,1965.55,11310,,,
2015-06-10,1967.0,1990.0,1940.0,1946.05,68717,,,
2015-06-11,1950.0,1958.0,1901.0,1908.25,14748,,,
2015-06-12,1900.0,1930.8,1890.0,1924.95,7331,,,
2015-06-15,1969.0,1969.0,1895.05,1909.8,45729,,,
2015-06-16,1925.0,1948.0,1888.15,1905.65,10444,,,
2015-06-17,1924.7,1934.1,1900.0,1910.2,36249,,,
2015-06-18,1919.8,1930.0,1900.0,1919.45,18321,,,
2015-06-19,1930.0,1939.95,1885.0,1897.3,14212,,,
2015-06-22,1956.0,1997.0,1931.0,1953.45,81382,,,
2015-06-23,1958.0,1979.8,1948.0,1974.25,15248,,,
2015-06-24,1974.95,1988.0,1965.0,1984.2,7704,,,
2015-06-25,1987.95,1987.95,1960.0,1969.3,3053,,,
2015-06-26,1964.25,2020.0,1962.0,2007.95,14055,,,
2015-06-29,1990.0,1990.0,1945.4,1954.05,9087,,,
2015-06-30,1941.05,1977.95,1925.0,1935.55,9242,,,
2015-07-01,1959.9,2000.0,1950.1,1989.5,11406,,,
2015-07-02,1989.0,2002.0,1980.0,1989.8,6142,,,
2015-07-03,1989.95,2015.05,1989.95,2002.0,234330,,,
2015-07-06,1990.0,2001.0,1982.4,1991.9,7862,,,
2015-07-07,2001.0,2020.0,1990.0,2000.3,18515,,,
2015-07-08,1990.0,2000.0,1976.0,1989.5,27679,,,
2015-07-09,1999.65,1999.65,1962.9,1969.85,156418,,,
2015-07-10,1981.7,1984.05,1945.0,1960.95,14432,,,
2015-07-13,1961.25,1970.0,1951.0,1954.75,4653,,,
2015-07-14,1965.0,1985.0,1958.7,1972.35,6480,,,
2015-07-15,1984.95,2022.0,1974.0,2005.05,16394,,,
2015-07-16,1999.0,2021.0,1920.0,1973.0,16988,,,
2015-07-17,1968.0,1999.0,1967.95,1973.05,18772,,,
2015-07-20,2000.0,2020.0,1981.2,2001.45,31060,,,
2015-07-21,1992.0,2010.0,1950.7,1993.85,15479,,,
2015-07-22,1995.0,2005.0,1974.0,2002.55,5244,,,
2015-07-23,2002.0,2007.95,1955.0,1964.9,7433,,,
2015-07-24,1964.0,1974.8,1950.1,1953.75,11099,,,
2015-07-27,1954.0,1990.0,1906.0,1966.85,23066,,,
2015-07-28,1966.9,1968.6,1920.1,1949.55,10342,,,
2015-07-29,1949.6,1987.0,1940.0,1977.4,11701,,,
2015-07-30,1986.95,1999.0,1975.0,1984.45,7908,,,
2015-07-31,1994.0,2058.5,1993.95,2041.3,31889,,,
2015-08-03,1961.1,2051.05,1961.1,1999.95,36200,,,
2015-08-04,2009.7,2010.0,1956.65,1986.0,19304,,,
2015-08-05,2000.0,2048.0,1990.05,2004.15,22624,,,
2015-08-06,2003.0,2025.0,1992.05,2010.7,43614,,,
2015-08-07,2024.95,2024.95,1910.0,1924.45,36534,,,
2015-08-10,1950.0,1955.0,1881.0,1917.4,25240,,,
2015-08-11,1947.95,1949.05,1920.0,1923.2,7349,,,
2015-08-12,1930.0,1930.0,1901.0,1907.95,7760,,,
2015-08-13,1943.8,1943.8,1886.1,1908.1,46514,,,
2015-08-14,1929.0,1975.0,1905.0,1937.1,31783,,,
2015-08-17,1969.95,1969.95,1895.05,1927.1,13076,,,
2015-08-18,1927.0,1944.0,1911.75,1937.95,60717,,,
2015-08-19,1937.0,1954.0,1911.0,1924.3,6378,,,
2015-08-20,1924.05,1987.95,1920.0,1979.15,14434,,,
2015-08-21,1979.95,1990.0,1950.0,1984.9,9387,,,
2015-08-24,1901.5,1960.0,1761.05,1809.8,31173,,,
2015-08-25,1819.0,1940.0,1800.0,1899.2,30708,,,
2015-08-26,1870.0,1929.8,1793.75,1832.4,18101,,,
2015-08-27,1850.0,1925.0,1850.0,1885.1,12138,,,
2015-08-28,1870.0,1910.0,1861.0,1880.65,10057,,,
2015-08-31,1909.9,1990.45,1866.8,1935.75,15328,,,
2015-09-01,1974.45,1974.45,1830.0,1859.55,30056,,,
2015-09-02,1889.95,1895.15,1846.0,1867.4,24873,,,
2015-09-03,1920.0,1920.0,1840.3,1873.5,15615,,,
2015-09-04,1899.7,1899.75,1818.0,1832.45,25224,,,
2015-09-07,1859.9,1865.05,1770.0,1787.95,21486,,,
2015-09-08,1827.9,1828.85,1790.0,1796.1,10289,,,
2015-09-09,1826.0,1854.95,1779.7,1817.6,16128,,,
2015-09-10,1817.0,1834.45,1777.0,1785.1,22593,,,
2015-09-11,1834.0,1848.0,1796.0,1833.25,11159,,,
2015-09-14,1830.0,1903.95,1818.05,1893.4,22806,,,
2015-09-15,1893.0,1937.3,1824.0,1833.65,18097,,,
2015-09-16,1864.75,1864.75,1789.0,1795.15,17766,,,
2015-09-18,1799.0,2033.0,1799.0,1923.05,527631,,,
2015-09-21,1869.0,1869.0,1834.95,1842.65,44631,,,
2015-09-22,1865.0,1865.0,1819.9,1828.5,18597,,,
2015-09-23,1829.0,1839.0,1799.0,1807.05,16935,,,
2015-09-24,1827.75,1828.9,1790.5,1811.65,19788,,,
2015-09-28,1829.7,1829.7,1789.95,1797.5,16760,,,
2015-09-29,1794.0,1825.0,1776.05,1817.5,37365,,,
2015-09-30,1827.95,1860.0,1815.0,1833.25,20152,,,
2015-10-01,1865.0,1870.25,1831.0,1862.9,8150,,,
2015-10-05,1875.0,1915.0,1862.95,1903.3,15113,,,
2015-10-06,1919.0,1930.0,1859.0,1899.25,58915,,,
2015-10-07,1924.0,1980.0,1876.6,1975.35,29281,,,
2015-10-08,1990.0,1990.0,1932.45,1975.7,5560,,,
2015-10-09,1979.95,1985.9,1936.3,1971.1,6269,,,
2015-10-12,1971.1,1994.0,1949.95,1978.55,5875,,,
2015-10-13,1976.0,1999.6,1976.0,1985.35,7521,,,
2015-10-14,1985.3,2000.0,1970.0,1986.95,7090,,,
2015-10-15,1999.95,1999.95,1969.0,1986.65,5469,,,
2015-10-16,1998.95,2015.0,1958.0,1987.45,14675,,,
2015-10-19,2011.0,2019.9,1990.0,2003.0,16671,,,
2015-10-20,2008.95,2025.0,1980.35,2001.95,12338,,,
2015-10-21,2000.0,2040.0,1980.55,2027.6,18622,,,
2015-10-23,2029.95,2039.9,1995.0,2000.5,28956,,,
2015-10-26,1999.95,2009.0,1990.0,2000.9,3048,,,
2015-10-27,1965.1,2010.0,1965.1,2007.75,7588,,,
2015-10-28,1998.85,1999.2,1953.0,1957.1,8257,,,
2015-10-29,1974.95,1985.0,1926.0,1971.35,22312,,,
2015-10-30,1988.95,1999.0,1942.1,1961.5,6646,,,
2015-11-02,1961.0,1979.95,1920.0,1932.85,8258,,,
2015-11-03,1943.0,1943.0,1905.0,1921.15,8357,,,
2015-11-04,1921.05,1933.0,1912.0,1926.35,120269,,,
2015-11-05,1916.0,1921.2,1900.0,1906.7,4950,,,
2015-11-06,1918.95,1920.0,1880.1,1915.75,5380,,,
2015-11-09,1881.5,1924.95,1875.0,1915.45,4184,,,
2015-11-10,1915.0,1935.0,1905.0,1918.15,5717,,,
2015-11-11,1934.95,1940.0,1915.35,1931.95,559,,,
2015-11-13,1905.35,1935.0,1900.0,1929.75,3526,,,
2015-11-16,1929.0,1935.0,1905.0,1926.75,2705,,,
2015-11-17,1865.0,1947.0,1865.0,1941.95,10336,,,
2015-11-18,1932.3,1967.0,1925.05,1950.55,17012,,,
2015-11-19,1949.95,1957.75,1911.05,1921.85,9918,,,
2015-11-20,1939.9,1995.0,1930.0,1986.8,19766,,,
2015-11-23,1986.8,1999.05,1924.0,1929.25,12033,,,
2015-11-24,1959.45,1970.0,1908.0,1918.05,8362,,,
2015-11-26,1949.0,1950.0,1914.5,1944.15,13473,,,
2015-11-27,1944.15,2024.75,1935.0,2008.45,31633,,,
2015-11-30,2029.85,2036.85,1977.8,1988.05,10650,,,
2015-12-01,1988.05,2005.0,1955.5,1966.95,2644,,,
2015-12-02,1962.35,1990.0,1930.0,1941.7,4346,,,
2015-12-03,1925.0,1963.95,1901.3,1927.05,9014,,,
2015-12-04,1904.0,2010.0,1904.0,1955.2,11020,,,
2015-12-07,1950.0,1968.75,1948.0,1953.25,3228,,,
2015-12-08,1931.0,1975.0,1902.15,1913.5,14712,,,
2015-12-09,1925.05,1931.4,1850.1,1882.25,16246,,,
2015-12-10,1948.95,1948.95,1870.0,1916.95,16376,,,
2015-12-11,1920.0,1936.95,1895.0,1908.8,4824,,,
2015-12-14,1919.95,1932.95,1880.0,1896.4,13389,,,
2015-12-15,1915.0,1919.0,1897.0,1908.6,7798,,,
2015-12-16,1892.2,1921.9,1881.1,1888.45,7845,,,
2015-12-17,1890.05,1948.0,1873.25,1931.1,14682,,,
2015-12-18,1911.95,1985.0,1911.0,1948.8,19931,,,
2015-12-21,1948.8,1958.0,1909.0,1913.15,4602,,,
2015-12-22,1913.15,1939.0,1910.0,1920.6,10487,,,
2015-12-23,1930.0,1930.0,1882.4,1894.9,11433,,,
2015-12-24,1925.05,1925.05,1891.0,1901.05,1919,,,
2015-12-28,1920.0,1925.65,1876.0,1899.0,10293,,,
2015-12-29,1900.05,1935.0,1900.05,1924.9,6699,,,
2015-12-30,1924.9,1969.0,1910.2,1964.55,10494,,,
2015-12-31,1959.95,1975.0,1920.0,1967.3,10868,,,
2016-01-01,1945.0,1971.95,1940.05,1948.5,2662,,,
2016-01-04,1950.05,1968.0,1919.0,1961.7,3962,,,
2016-01-05,1960.0,1989.0,1940.05,1981.1,5174,,,
2016-01-06,1994.25,1999.0,1959.0,1975.95,5747,,,
2016-01-07,1975.0,1978.0,1939.05,1969.3,5829,,,
2016-01-08,1989.95,1991.6,1955.05,1980.85,3528,,,
2016-01-11,1989.95,1989.95,1911.0,1924.15,4119,,,
2016-01-12,1939.95,1943.85,1860.0,1877.8,10026,,,
2016-01-13,1914.95,1939.0,1869.95,1917.85,30334,,,
2016-01-14,1890.0,1908.7,1889.95,1902.7,28035,,,
2016-01-15,1900.05,1919.75,1841.0,1861.1,4023,,,
2016-01-18,1898.95,1898.95,1795.0,1801.6,8322,,,
2016-01-19,1813.75,1834.7,1788.0,1822.75,3672,,,
2016-01-20,1843.95,1950.0,1791.05,1837.2,10428,,,
2016-01-21,1825.1,1875.0,1821.1,1855.0,4174,,,
2016-01-22,1856.65,1865.0,1779.95,1799.25,18928,,,
2016-01-25,1823.75,1830.0,1775.25,1789.5,8179,,,
2016-01-27,1818.0,1818.0,1762.1,1771.55,8777,,,
2016-01-28,1787.0,1800.0,1761.25,1764.1,4095,,,
2016-01-29,1771.0,1854.0,1764.2,1839.2,10808,,,
2016-02-01,1860.0,1860.0,1819.95,1833.6,3319,,,
2016-02-02,1875.0,1885.0,1804.9,1874.65,4114,,,
2016-02-03,1879.95,1916.0,1835.05,1871.5,7256,,,
2016-02-04,1850.0,1908.0,1830.0,1842.6,4249,,,
2016-02-05,1888.0,1888.0,1834.0,1863.6,3396,,,
2016-02-08,1874.95,1875.0,1841.0,1855.9,8425,,,
2016-02-09,1859.95,1859.95,1800.8,1828.75,4195,,,
2016-02-10,1848.7,1850.0,1810.0,1840.3,6533,,,
2016-02-11,1857.9,1857.9,1805.0,1831.9,10669,,,
2016-02-12,1805.05,1842.9,1790.0,1808.3,4064,,,
2016-02-15,1810.0,1830.2,1800.0,1821.5,4163,,,
2016-02-16,1830.0,1838.0,1800.0,1811.7,2446,,,
2016-02-17,1834.8,1845.0,1798.0,1837.8,20363,,,
2016-02-18,1837.0,1845.0,1785.1,1801.0,11259,,,
2016-02-19,1824.9,1825.0,1793.5,1816.05,14651,,,
2016-02-22,1816.0,1824.9,1800.0,1810.35,8276,,,
2016-02-23,1814.9,1833.65,1800.0,1815.95,25861,,,
2016-02-24,1815.0,1820.0,1795.8,1801.85,40318,,,
2016-02-25,1819.95,1819.95,1785.2,1790.9,3784,,,
2016-02-26,1790.9,1828.0,1774.0,1806.15,6915,,,
2016-02-29,1798.95,1802.95,1771.05,1782.55,4121,,,
2016-03-01,1809.8,1820.0,1785.0,1802.2,3677,,,
2016-03-02,1814.0,1820.0,1775.0,1798.4,19737,,,
2016-03-03,1819.7,1819.7,1793.0,1804.6,5293,,,
2016-03-04,1810.0,1810.0,1793.0,1805.3,50354,,,
2016-03-08,1813.8,1815.0,1795.05,1799.9,8139,,,
2016-03-09,1809.95,1809.95,1786.0,1798.9,3435,,,
2016-03-10,1770.0,1804.0,1770.0,1796.5,11190,,,
2016-03-11,1815.8,1815.8,1786.0,1792.8,4456,,,
2016-03-14,1800.0,1800.0,1785.0,1797.2,10568,,,
2016-03-15,1797.0,1797.95,1770.05,1774.2,13898,,,
2016-03-16,1779.0,1813.0,1779.0,1795.9,11933,,,
2016-03-17,1795.0,1815.0,1785.05,1801.15,23020,,,
2016-03-18,1780.05,1810.0,1778.0,1800.5,5724,,,
2016-03-21,1781.95,1815.0,1780.1,1791.2,6294,,,
2016-03-22,1807.8,1807.8,1790.1,1792.95,10037,,,
2016-03-23,1799.95,1804.95,1790.0,1799.7,13025,,,
2016-03-28,1800.1,1805.0,1772.8,1796.3,11379,,,
2016-03-29,1796.3,1799.0,1774.0,1784.9,9261,,,
2016-03-30,1791.0,1806.2,1788.0,1800.2,44196,,,
2016-03-31,1800.0,1807.9,1790.05,1798.9,26208,,,
2016-04-01,1807.0,1807.0,1770.0,1779.8,9189,,,
2016-04-04,1798.85,1805.0,1794.8,1799.35,30028,,,
2016-04-05,1799.9,1814.9,1767.15,1803.55,12056,,,
2016-04-06,1810.0,1843.95,1802.0,1830.1,9032,,,
2016-04-07,1830.0,1917.95,1830.0,1905.7,24458,,,
2016-04-08,1910.0,1969.0,1910.0,1941.2,24636,,,
2016-04-11,1935.0,1944.0,1846.0,1859.2,14999,,,
2016-04-12,1871.5,1920.0,1852.5,1893.8,9648,,,
2016-04-13,1907.7,1948.0,1906.95,1930.1,21721,,,
2016-04-18,1947.95,1989.85,1930.0,1975.8,18856,,,
2016-04-20,2027.95,2244.4,2027.95,2135.95,266319,,,
2016-04-21,2135.0,2167.95,2030.0,2062.35,63696,,,
2016-04-22,2063.0,2110.0,2010.15,2029.2,37290,,,
2016-04-25,2058.95,2058.95,1967.95,1976.95,35479,,,
2016-04-26,1998.0,2015.0,1966.65,1999.45,32637,,,
2016-04-27,2005.1,2014.95,1974.95,1989.95,13670,,,
2016-04-28,1977.0,1997.0,1959.5,1976.25,7093,,,
2016-04-29,1992.75,1995.0,1933.25,1951.85,17198,,,
2016-05-02,1967.8,2002.5,1943.0,1994.8,20682,,,
2016-05-03,2000.0,2020.0,1970.0,2001.0,13076,,,
2016-05-04,2001.0,2009.0,1985.0,1997.5,16634,,,
2016-05-05,1998.2,2005.25,1974.0,1991.25,15407,,,
2016-05-06,1999.75,2024.0,1970.15,2000.2,19853,,,
2016-05-09,2019.95,2021.0,2000.0,2018.65,12416,,,
2016-05-10,2020.0,2033.9,2011.8,2023.95,61408,,,
2016-05-11,2013.95,2105.0,2003.0,2092.85,36073,,,
2016-05-12,2090.0,2109.9,2070.0,2096.9,11495,,,
2016-05-13,2098.0,2100.0,2075.0,2095.15,8381,,,
2016-05-16,2093.2,2102.9,2080.05,2091.1,2867,,,
2016-05-17,2091.15,2109.0,2070.1,2079.85,5625,,,
2016-05-18,2099.95,2099.95,2067.0,2073.65,5606,,,
2016-05-19,2079.9,2097.6,2042.5,2064.25,8201,,,
2016-05-20,2065.0,2095.2,2020.1,2088.85,5333,,,
2016-05-23,2097.95,2097.95,2060.6,2085.85,6692,,,
2016-05-24,2089.95,2129.0,2072.4,2107.3,12687,,,
2016-05-25,2109.95,2138.0,2097.7,2107.35,9870,,,
2016-05-26,2097.95,2150.0,2097.9,2144.9,23290,,,
2016-05-27,2133.0,2160.0,2124.0,2137.15,7908,,,
2016-05-30,2120.0,2228.0,2120.0,2180.65,21263,,,
2016-05-31,2172.55,2246.0,2172.55,2236.5,35780,,,
2016-06-01,2236.0,2250.0,2160.15,2223.35,24478,,,
2016-06-02,2230.0,2270.0,2201.1,2223.9,28947,,,
2016-06-03,2205.1,2314.7,2205.1,2246.1,45866,,,
2016-06-06,2247.3,2285.0,2231.0,2280.65,7055,,,
2016-06-07,2241.05,2306.0,2241.05,2256.9,21653,,,
2016-06-08,2280.0,2284.4,2226.35,2240.9,16207,,,
2016-06-09,2244.0,2259.8,2162.05,2200.95,8844,,,
2016-06-10,2220.0,2300.0,2203.3,2242.15,41421,,,
2016-06-13,2202.1,2249.0,2195.0,2209.9,29173,,,
2016-06-14,2210.0,2233.9,2181.4,2187.0,21482,,,
2016-06-15,2190.0,2224.15,2185.1,2216.4,8765,,,
2016-06-16,2216.0,2216.0,2142.0,2163.95,81129,,,
2016-06-17,2178.1,2221.9,2124.0,2140.35,23165,,,
2016-06-20,2139.45,2180.0,2099.0,2153.1,10050,,,
2016-06-21,2187.95,2193.95,2105.1,2147.2,26835,,,
2016-06-22,2147.0,2159.0,2111.3,2129.35,9190,,,
2016-06-23,2120.0,2140.2,2066.6,2082.8,11066,,,
2016-06-24,2058.9,2127.85,1811.55,2094.5,41616,,,
2016-06-27,2089.85,2110.0,2045.1,2053.1,15549,,,
2016-06-28,2053.15,2077.0,2021.05,2029.4,8402,,,
2016-06-29,2033.0,2044.05,2003.15,2018.95,29485,,,
2016-06-30,2039.95,2045.0,2005.25,2015.1,17205,,,
2016-07-01,2020.0,2075.0,2014.0,2040.55,19327,,,
2016-07-04,2070.0,2070.0,1996.15,2001.95,19701,,,
2016-07-05,2019.95,2047.25,2007.05,2023.35,64942,,,
2016-07-07,2039.65,2039.65,2005.0,2009.8,15232,,,
2016-07-08,2033.15,2033.15,1982.25,1987.2,14384,,,
2016-07-11,2020.0,2025.0,1991.55,1995.95,8218,,,
2016-07-12,2010.0,2055.95,1993.55,2046.1,63538,,,
2016-07-13,2049.0,2088.0,2049.0,2074.9,13130,,,
2016-07-14,2074.5,2110.0,2059.65,2098.9,7530,,,
2016-07-15,2100.0,2117.8,2064.55,2103.05,11729,,,
2016-07-18,2115.0,2120.0,2080.0,2084.05,5152,,,
2016-07-19,2089.0,2109.0,2081.1,2094.65,25265,,,
2016-07-20,2065.05,2108.95,2025.6,2087.85,52682,,,
2016-07-21,2097.0,2111.95,2060.3,2093.65,4221,,,
2016-07-22,2100.0,2102.95,2060.7,2070.3,13356,,,
2016-07-25,2092.95,2092.95,2048.0,2052.7,54990,,,
2016-07-26,2069.85,2070.0,2025.0,2032.3,30297,,,
2016-07-27,2037.05,2052.0,2020.0,2026.7,3778,,,
2016-07-28,2029.9,2069.0,2018.0,2024.3,8155,,,
2016-07-29,2025.05,2060.0,2011.0,2025.65,24388,,,
2016-08-01,2039.9,2152.0,2011.05,2138.05,53295,,,
2016-08-02,2150.0,2178.0,2091.7,2105.55,11772,,,
2016-08-03,2104.35,2130.05,2072.0,2083.8,4720,,,
2016-08-04,2083.15,2109.65,2052.65,2067.95,3614,,,
2016-08-05,2075.0,2121.0,2073.8,2101.6,10493,,,
2016-08-08,2101.0,2140.0,2101.0,2122.85,7250,,,
2016-08-09,2122.0,2139.75,2097.1,2101.85,9318,,,
2016-08-10,2101.0,2132.95,2069.9,2116.95,5567,,,
2016-08-11,2096.0,2116.0,2070.0,2091.35,10622,,,
2016-08-12,2115.95,2139.0,2092.0,2124.55,8509,,,
2016-08-16,2124.0,2170.0,2110.05,2148.85,8406,,,
2016-08-17,2149.0,2162.85,2130.1,2154.0,3517,,,
2016-08-18,2157.35,2175.0,2115.0,2129.2,7932,,,
2016-08-19,2131.0,2148.0,2115.5,2124.4,3423,,,
2016-08-22,2115.0,2139.8,2095.0,2118.8,8718,,,
2016-08-23,2118.0,2138.5,2080.55,2091.15,4670,,,
2016-08-24,2091.0,2125.0,2068.1,2098.6,3953,,,
2016-08-25,2101.25,2148.75,2085.0,2094.2,16476,,,
2016-08-26,2125.0,2235.0,2103.45,2143.9,114634,,,
2016-08-29,2156.0,2214.3,2100.3,2180.4,22475,,,
2016-08-30,2180.95,2202.0,2155.0,2183.95,14706,,,
2016-08-31,2160.0,2210.0,2160.0,2197.35,17332,,,
2016-09-01,2175.5,2225.1,2175.0,2182.1,5826,,,
2016-09-02,2195.0,2200.0,2160.05,2184.45,4929,,,
2016-09-06,2223.8,2223.8,2180.0,2204.55,18877,,,
2016-09-07,2199.25,2215.0,2182.05,2202.9,14837,,,
2016-09-08,2210.0,2239.05,2180.0,2220.65,36882,,,
2016-09-09,2237.85,2237.85,2188.0,2193.85,6014,,,
2016-09-12,2145.25,2199.0,2145.0,2193.6,21004,,,
2016-09-14,2193.0,2193.6,2163.05,2167.45,35663,,,
2016-09-15,2156.1,2190.3,2156.1,2180.95,6511,,,
2016-09-16,2190.0,2199.05,2120.0,2127.3,19191,,,
2016-09-19,2112.2,2190.0,2112.2,2166.4,31906,,,
2016-09-20,2165.0,2214.6,2148.3,2200.9,22813,,,
2016-09-21,2189.0,2225.0,2187.0,2201.4,24750,,,
2016-09-22,2199.95,2218.2,2173.45,2194.7,21914,,,
2016-09-23,2195.75,2218.7,2186.05,2200.9,12216,,,
2016-09-26,2205.0,2214.95,2170.15,2178.9,5761,,,
2016-09-27,2185.0,2204.8,2161.0,2194.8,7520,,,
2016-09-28,2194.85,2200.0,2173.9,2193.0,5122,,,
2016-09-29,2193.0,2199.95,2105.65,2187.05,10642,,,
2016-09-30,2163.0,2272.0,2163.0,2229.7,57612,,,
2016-10-03,2229.0,2418.05,2229.0,2380.8,37560,,,
2016-10-04,2376.0,2500.0,2329.05,2457.6,27410,,,
2016-10-05,2457.0,2475.0,2410.1,2440.35,7287,,,
2016-10-06,2455.45,2486.0,2401.0,2451.6,6985,,,
2016-10-07,2451.0,2467.75,2403.0,2411.45,5007,,,
2016-10-10,2444.0,2445.95,2400.0,2408.65,6888,,,
2016-10-13,2448.0,2448.0,2351.0,2365.8,9556,,,
2016-10-14,2368.8,2418.4,2325.55,2345.1,12410,,,
2016-10-17,2349.05,2378.0,2280.1,2301.3,9460,,,
2016-10-18,2302.0,2324.95,2280.0,2281.6,6029,,,
2016-10-19,2288.8,2297.8,2265.95,2277.95,7003,,,
2016-10-20,2263.1,2295.0,2231.8,2244.45,11373,,,
2016-10-21,2245.0,2257.65,2215.0,2237.0,10685,,,
2016-10-24,2222.05,2267.0,2222.05,2252.9,7337,,,
2016-10-25,2258.85,2267.9,2230.0,2242.85,5975,,,
2016-10-26,2242.0,2258.95,2215.0,2238.85,4702,,,
2016-10-27,2241.9,2260.7,2178.0,2200.45,40211,,,
2016-10-28,2215.1,2215.1,2178.0,2195.55,12112,,,
2016-10-30,2260.0,2260.0,2213.9,2236.65,1843,,,
2016-11-01,2270.05,2270.05,2206.05,2234.15,36930,,,
2016-11-02,2209.9,2224.95,2190.0,2205.55,19703,,,
2016-11-03,2211.05,2225.0,2200.0,2217.05,15347,,,
2016-11-04,2224.85,2230.0,2201.0,2212.5,51357,,,
2016-11-07,2215.0,2215.0,2175.5,2186.85,5273,,,
2016-11-08,2200.95,2215.9,2190.0,2206.85,9355,,,
2016-11-09,2169.95,2225.0,2099.85,2217.2,9273,,,
2016-11-10,2222.0,2270.55,2186.0,2213.15,8065,,,
2016-11-11,2201.2,2206.0,2120.0,2160.75,40989,,,
2016-11-15,2160.75,2160.75,2061.9,2155.35,5799,,,
2016-11-16,2158.85,2188.9,2120.0,2173.35,24569,,,
2016-11-17,2173.0,2200.0,2145.9,2170.5,11311,,,
2016-11-18,2163.05,2249.95,2156.0,2245.25,7956,,,
2016-11-21,2258.25,2258.25,2177.0,2199.8,23926,,,
2016-11-22,2198.4,2328.0,2182.05,2312.6,26990,,,
2016-11-23,2310.0,2334.9,2270.0,2299.05,33191,,,
2016-11-24,2309.95,2309.95,2250.0,2271.5,29996,,,
2016-11-25,2279.95,2297.5,2255.05,2278.05,21529,,,
2016-11-28,2315.0,2315.0,2236.0,2262.45,28861,,,
2016-11-29,2272.15,2273.1,2181.05,2203.0,44734,,,
2016-11-30,2185.05,2247.0,2185.05,2236.0,30970,,,
2016-12-01,2240.0,2286.5,2210.0,2240.75,8168,,,
2016-12-02,2212.0,2264.6,2197.05,2242.45,11835,,,
2016-12-05,2257.35,2257.35,2188.0,2197.35,7988,,,
2016-12-06,2210.05,2223.7,2185.0,2214.0,30952,,,
2016-12-07,2247.0,2247.0,2198.0,2226.4,4173,,,
2016-12-08,2248.0,2265.0,2223.8,2251.75,7543,,,
2016-12-09,2246.85,2251.45,2202.65,2237.0,2796,,,
2016-12-12,2221.3,2242.8,2205.1,2220.0,1356,,,
2016-12-13,2220.0,2220.0,2195.1,2200.4,54695,,,
2016-12-14,2212.1,2219.95,2166.5,2180.5,5351,,,
2016-12-15,2160.0,2200.0,2156.05,2180.65,12724,,,
2016-12-16,2187.4,2299.0,2173.05,2251.4,7300,,,
2016-12-19,2251.4,2266.45,2175.0,2186.0,4870,,,
2016-12-20,2196.95,2218.0,2156.0,2182.7,4693,,,
2016-12-21,2214.95,2235.0,2172.1,2180.4,3803,,,
2016-12-22,2193.3,2196.5,2145.0,2152.8,6363,,,
2016-12-23,2161.7,2185.0,2131.2,2141.35,4138,,,
2016-12-26,2150.0,2170.0,2131.2,2162.45,2422,,,
2016-12-27,2152.0,2247.7,2152.0,2219.75,29184,,,
2016-12-28,2200.0,2215.2,2184.0,2198.25,8118,,,
2016-12-29,2200.0,2229.9,2197.05,2203.1,2342,,,
2016-12-30,2218.35,2233.0,2190.0,2203.0,3469,,,
2017-01-02,2200.35,2220.0,2190.0,2205.4,1735,,,
2017-01-03,2213.9,2293.0,2213.9,2274.5,10003,,,
2017-01-04,2269.95,2289.85,2224.0,2237.3,4665,,,
2017-01-05,2236.95,2250.8,2211.0,2235.9,4765,,,
2017-01-06,2236.7,2280.0,2222.2,2234.35,6357,,,
2017-01-09,2254.0,2254.0,2206.65,2216.8,2942,,,
2017-01-10,2201.65,2239.7,2201.65,2229.95,3181,,,
2017-01-11,2249.95,2249.95,2191.55,2209.95,11476,,,
2017-01-12,2200.25,2219.55,2170.0,2175.2,13667,,,
2017-01-13,2178.05,2184.0,2146.0,2152.7,33850,,,
2017-01-16,2164.0,2190.0,2158.15,2161.05,8362,,,
2017-01-17,2163.35,2173.0,2140.1,2146.9,4281,,,
2017-01-18,2156.05,2179.0,2144.1,2170.05,5544,,,
2017-01-19,2169.85,2189.95,2152.25,2168.05,3158,,,
2017-01-20,2187.7,2187.7,2144.0,2149.55,5276,,,
2017-01-23,2146.05,2160.3,2113.0,2117.15,30306,,,
2017-01-24,2120.0,2142.5,2115.0,2120.4,4503,,,
2017-01-25,2120.0,2163.75,2108.0,2113.55,15333,,,
2017-01-27,2116.0,2135.95,2085.0,2097.4,9700,,,
2017-01-30,2100.05,2115.0,2075.0,2087.05,5326,,,
2017-01-31,2095.05,2103.3,2050.1,2071.0,14686,,,
2017-02-01,2089.8,2089.8,2025.0,2054.15,8821,,,
2017-02-02,2060.0,2074.95,1991.1,1998.35,294177,,,
2017-02-03,2010.0,2038.0,2005.05,2029.95,34726,,,
2017-02-06,2025.0,2100.0,2003.0,2089.25,14316,,,
2017-02-07,2097.95,2097.95,2062.0,2075.65,11619,,,
2017-02-08,2080.0,2080.0,2034.0,2047.9,8611,,,
2017-02-09,2077.95,2080.0,2053.05,2059.8,4073,,,
2017-02-10,2089.9,2090.0,2052.0,2069.55,13005,,,
2017-02-13,2119.0,2121.0,2055.0,2078.05,15657,,,
2017-02-14,2085.0,2087.65,2060.0,2069.95,8550,,,
2017-02-15,2065.2,2074.05,2041.0,2051.35,8156,,,
2017-02-16,2067.9,2073.95,2040.1,2060.4,4678,,,
2017-02-17,2065.15,2074.95,2030.65,2057.85,3204,,,
2017-02-20,2079.9,2079.9,2043.0,2058.0,3132,,,
2017-02-21,2069.7,2069.9,2052.0,2055.5,2504,,,
2017-02-22,2060.0,2067.55,2011.7,2031.85,17908,,,
2017-02-23,2020.25,2040.0,2020.25,2036.0,8888,,,
2017-02-27,2040.0,2040.0,2020.1,2029.1,6082,,,
2017-02-28,2040.0,2040.0,2010.5,2013.4,15734,,,
2017-03-01,2019.0,2025.2,1998.35,2002.35,10266,,,
2017-03-02,2021.7,2030.0,1999.0,2009.5,13062,,,
2017-03-03,2019.95,2019.95,1995.0,2003.6,4957,,,
2017-03-06,2004.0,2014.55,1991.6,1997.5,4025,,,
2017-03-07,2004.0,2020.0,1995.0,2015.9,13423,,,
2017-03-08,2017.05,2020.0,1991.0,1997.35,6979,,,
2017-03-09,1996.0,2006.4,1980.0,1984.5,4772,,,
2017-03-10,1990.15,1999.0,1965.1,1975.65,6400,,,
2017-03-14,2050.0,2050.0,1945.05,1978.1,21280,,,
2017-03-15,1983.75,1997.9,1962.0,1967.7,62770,,,
2017-03-16,1972.55,1977.0,1965.05,1969.15,42948,,,
2017-03-17,1982.0,1982.0,1858.75,1877.45,831999,,,
2017-03-20,1895.0,1914.95,1877.0,1897.95,138339,,,
2017-03-21,1899.7,1907.95,1875.3,1891.0,182463,,,
2017-03-22,1889.0,1889.0,1875.0,1885.65,25098,,,
2017-03-23,1885.0,1917.9,1880.1,1893.45,58290,,,
2017-03-24,1887.5,1906.3,1875.0,1886.15,32169,,,
2017-03-27,1890.0,1908.5,1890.0,1903.25,106930,,,
2017-03-28,1901.6,1925.0,1890.0,1915.9,25181,,,
2017-03-29,1917.8,1918.3,1900.65,1905.8,173839,,,
2017-03-30,1905.0,1939.8,1891.1,1904.3,104165,,,
2017-03-31,1904.3,1914.0,1899.0,1904.5,66682,,,
2017-04-03,1905.0,1946.9,1901.4,1937.6,17703,,,
2017-04-05,1939.95,1980.0,1930.65,1970.65,46105,,,
2017-04-06,1968.0,1988.0,1961.4,1976.55,51666,,,
2017-04-07,1984.0,2000.05,1950.05,1960.95,69354,,,
2017-04-10,1979.5,1995.9,1960.0,1983.65,35411,,,
2017-04-11,1989.95,2010.0,1980.05,1999.3,51679,,,
2017-04-12,1983.05,2000.0,1983.05,1999.0,53866,,,
2017-04-13,1991.9,2004.6,1988.15,1999.1,71046,,,
2017-04-17,2018.95,2018.95,1990.0,1994.7,8636,,,
2017-04-18,2014.95,2014.95,1980.0,1990.25,17494,,,
2017-04-19,1997.5,1999.7,1982.85,1990.3,30760,,,
2017-04-20,1999.8,2017.95,1935.25,1953.85,73458,,,
2017-04-21,1954.0,1957.0,1903.5,1911.45,46203,,,
2017-04-24,1915.0,1926.5,1908.0,1911.65,12151,,,
2017-04-25,1915.0,1924.85,1896.05,1910.75,36884,,,
2017-04-26,1910.0,1933.65,1906.05,1921.5,32499,,,
2017-04-27,1921.5,1958.1,1920.0,1951.05,25686,,,
2017-04-28,1940.0,1980.0,1939.0,1967.05,28916,,,
2017-05-02,1970.0,1972.35,1913.0,1938.35,33590,,,
2017-05-03,1930.0,1935.0,1909.95,1914.05,52608,,,
2017-05-04,1920.0,1920.0,1907.05,1909.95,75777,,,
2017-05-05,1911.3,1926.45,1888.2,1893.5,70959,,,
2017-05-08,1916.4,1916.4,1889.55,1893.65,41769,,,
2017-05-09,1908.0,1908.0,1884.85,1887.65,44921,,,
2017-05-10,1890.0,1905.0,1885.25,1889.55,18655,,,
2017-05-11,1904.3,1904.3,1874.7,1878.6,149561,,,
2017-05-12,1872.0,1897.15,1872.0,1877.7,51734,,,
2017-05-15,1880.05,1885.0,1869.0,1873.55,33231,,,
2017-05-16,1884.5,1884.5,1860.0,1867.15,18829,,,
2017-05-17,1879.7,1879.7,1860.3,1872.1,20547,,,
2017-05-18,1873.95,1874.0,1865.0,1870.25,28157,,,
2017-05-19,1876.0,1927.0,1862.15,1909.4,31527,,,
2017-05-22,1915.9,1923.95,1905.0,1909.35,30232,,,
2017-05-23,1917.5,1917.5,1871.6,1876.5,42593,,,
2017-05-24,1885.05,1886.9,1861.15,1863.9,34570,,,
2017-05-25,1861.0,1893.7,1861.0,1874.2,5383,,,
2017-05-26,1865.0,1909.7,1865.0,1889.45,75587,,,
2017-05-29,1894.45,1894.45,1855.0,1863.15,9879,,,
2017-05-30,1894.0,1894.0,1842.3,1849.8,79385,,,
2017-05-31,1855.05,1869.0,1846.0,1859.4,73080,,,
2017-06-01,1864.65,1925.0,1855.0,1871.2,57681,,,
2017-06-02,1899.85,1912.95,1873.2,1906.5,10489,,,
2017-06-05,1925.0,1925.0,1890.05,1909.55,10866,,,
2017-06-06,1901.05,1914.45,1880.0,1904.8,19453,,,
2017-06-07,1900.0,1905.0,1891.2,1901.8,9327,,,
2017-06-08,1915.0,1915.0,1854.2,1871.6,28713,,,
2017-06-09,1883.75,1884.0,1852.0,1864.0,100781,,,
2017-06-12,1882.0,1882.0,1865.0,1869.7,7171,,,
2017-06-13,1873.35,1885.9,1866.0,1870.15,24311,,,
2017-06-14,1866.1,1880.0,1862.0,1865.35,85196,,,
2017-06-15,1865.35,1869.7,1850.0,1867.4,12478,,,
2017-06-16,1875.15,1891.45,1862.05,1884.5,135708,,,
2017-06-19,1884.0,1906.7,1872.1,1900.55,8958,,,
2017-06-20,1901.5,1906.0,1887.8,1900.45,9344,,,
2017-06-21,1899.9,1930.0,1895.4,1920.05,37951,,,
2017-06-22,1927.95,1932.0,1910.05,1920.75,11056,,,
2017-06-23,1902.15,1922.0,1900.0,1919.35,15301,,,
2017-06-27,1902.05,1934.9,1902.05,1920.75,31577,,,
2017-06-28,1918.0,1934.95,1916.55,1926.2,6272,,,
2017-06-29,1900.0,1970.0,1900.0,1950.25,53535,,,
2017-06-30,1950.0,1956.6,1923.45,1944.0,19260,,,
2017-07-03,1950.0,1995.0,1950.0,1977.95,52528,,,
2017-07-04,1980.0,2002.0,1979.0,1989.65,44941,,,
2017-07-05,1995.0,1999.95,1975.45,1990.65,31957,,,
2017-07-06,1990.0,1990.4,1981.25,1985.6,43578,,,
2017-07-07,1985.6,1996.0,1975.2,1984.4,51914,,,
2017-07-10,1985.5,2000.0,1960.0,1967.3,1467,,,
2017-07-11,1973.0,1975.25,1945.0,1950.2,36011,,,
2017-07-12,1950.0,1961.7,1944.0,1950.6,14166,,,
2017-07-13,1950.05,1978.3,1945.2,1949.9,10954,,,
2017-07-14,1949.8,1964.0,1935.4,1956.55,16218,,,
2017-07-17,1964.95,1975.0,1949.9,1964.6,14000,,,
2017-07-18,1964.0,1990.0,1950.0,1956.05,24687,,,
2017-07-19,1967.7,1970.0,1923.0,1936.4,38287,,,
2017-07-20,1955.0,1955.0,1920.0,1925.15,28698,,,
2017-07-21,1925.95,1925.95,1905.0,1913.5,5345,,,
2017-07-24,1914.0,1925.95,1901.0,1910.2,19591,,,
2017-07-25,1909.95,1909.95,1880.5,1885.0,23254,,,
2017-07-26,1898.0,1898.0,1839.05,1859.95,43837,,,
2017-07-27,1874.85,1900.0,1858.0,1895.75,63848,,,
2017-07-28,1899.45,1900.0,1860.35,1872.45,9966,,,
2017-07-31,1900.0,1900.0,1855.3,1857.8,7283,,,
2017-08-01,1883.0,1883.0,1836.0,1845.25,25408,,,
2017-08-02,1845.0,1850.0,1840.0,1844.15,14808,,,
2017-08-03,1848.0,1858.4,1839.95,1843.35,13496,,,
2017-08-04,1840.0,1858.0,1838.0,1853.9,24414,,,
2017-08-07,1850.0,1860.0,1840.0,1850.5,7631,,,
2017-08-08,1859.75,1870.0,1846.6,1861.35,7706,,,
2017-08-09,1857.0,1861.0,1836.0,1840.05,16977,,,
2017-08-10,1856.95,1856.95,1811.0,1816.1,11674,,,
2017-08-11,1805.0,1831.55,1785.25,1828.05,10464,,,
2017-08-14,1825.0,1853.55,1818.0,1844.65,6658,,,
2017-08-16,1840.0,1856.0,1830.1,1846.3,14987,,,
2017-08-17,1831.6,1850.0,1816.2,1823.15,5121,,,
2017-08-18,1821.15,1844.15,1810.5,1829.75,7760,,,
2017-08-21,1830.0,1859.35,1821.8,1843.0,4307,,,
2017-08-22,1850.0,1867.95,1830.1,1845.3,8818,,,
2017-08-23,1830.15,1870.0,1830.15,1865.3,4870,,,
2017-08-24,1865.35,1875.0,1845.2,1858.4,2820,,,
2017-08-28,1840.0,1890.3,1840.0,1886.25,8989,,,
2017-08-29,1868.55,1889.9,1868.55,1883.4,3796,,,
2017-08-30,1878.0,1889.95,1875.0,1875.15,55609,,,
2017-08-31,1875.0,1897.0,1855.55,1892.05,16544,,,
2017-09-01,1892.05,1909.0,1883.05,1905.5,9424,,,
2017-09-04,1905.5,1908.95,1875.15,1903.2,5815,,,
2017-09-05,1886.65,1906.7,1876.9,1902.6,7622,,,
2017-09-06,1906.6,1906.6,1880.05,1901.55,8253,,,
2017-09-07,1900.0,1913.0,1890.0,1907.75,9220,,,
2017-09-08,1910.0,1920.0,1893.2,1916.95,10242,,,
2017-09-11,1916.35,1918.0,1888.25,1911.45,6030,,,
2017-09-12,1917.7,1919.0,1888.0,1893.6,13705,,,
2017-09-13,1908.9,1910.0,1858.9,1869.35,37226,,,
2017-09-14,1870.0,1895.0,1863.05,1874.5,8162,,,
2017-09-15,1880.45,1901.0,1865.05,1893.7,32545,,,
2017-09-18,1895.0,1908.9,1870.5,1882.0,7162,,,
2017-09-19,1875.05,1902.75,1860.0,1871.5,16122,,,
2017-09-20,1879.4,1892.9,1860.0,1869.45,13171,,,
2017-09-21,1865.05,1879.4,1845.25,1849.65,18336,,,
2017-09-22,1840.0,1866.0,1835.0,1846.5,16668,,,
2017-09-25,1857.9,1857.9,1802.65,1816.05,5250,,,
2017-09-26,1818.0,1833.0,1805.4,1815.9,29923,,,
2017-09-27,1830.0,1839.7,1800.0,1803.25,55495,,,
2017-09-28,1829.95,1829.95,1789.55,1808.9,4570,,,
2017-09-29,1807.95,1834.0,1800.0,1820.7,8170,,,
2017-10-03,1828.0,1828.05,1791.55,1799.95,18569,,,
2017-10-04,1800.0,1805.75,1782.2,1794.8,9145,,,
2017-10-05,1794.8,1801.05,1769.0,1775.15,12081,,,
2017-10-06,1778.0,1792.75,1770.0,1778.55,10834,,,
2017-10-09,1778.55,1792.0,1770.15,1776.3,20687,,,
2017-10-10,1781.0,1790.0,1776.3,1782.5,11818,,,
2017-10-11,1780.0,1810.0,1778.5,1791.85,17395,,,
2017-10-12,1809.95,1822.1,1795.0,1816.2,6848,,,
2017-10-13,1827.95,1829.95,1805.0,1823.25,4598,,,
2017-10-16,1824.0,1869.0,1811.0,1851.2,11026,,,
2017-10-17,1855.0,1874.05,1855.0,1867.15,8935,,,
2017-10-18,1873.95,1873.95,1772.0,1791.35,48922,,,
2017-10-19,1818.0,1825.0,1800.0,1815.0,2516,,,
2017-10-23,1805.0,1823.0,1766.0,1774.9,33286,,,
2017-10-24,1786.0,1793.85,1770.0,1775.4,45808,,,
2017-10-25,1784.0,1798.0,1770.1,1782.85,14949,,,
2017-10-26,1784.8,1833.1,1780.0,1816.85,26637,,,
2017-10-27,1816.85,1833.0,1801.1,1812.7,11446,,,
2017-10-30,1821.95,1830.0,1813.5,1825.55,17997,,,
2017-10-31,1825.0,1829.95,1792.5,1799.45,25657,,,
2017-11-01,1799.45,1825.25,1796.2,1816.7,32585,,,
2017-11-02,1825.0,1825.0,1799.95,1800.05,20554,,,
2017-11-03,1815.0,1815.0,1785.0,1792.95,19853,,,
2017-11-06,1799.0,1808.85,1785.0,1806.75,29011,,,
2017-11-07,1815.9,1815.9,1791.25,1797.25,15749,,,
2017-11-08,1790.1,1807.5,1786.3,1798.35,50033,,,
2017-11-09,1786.05,1812.95,1775.15,1785.85,52646,,,
2017-11-10,1781.0,1804.9,1778.0,1793.5,167483,,,
2017-11-13,1793.5,1800.0,1780.15,1794.5,12185,,,
2017-11-14,1794.55,1808.0,1784.0,1804.75,22608,,,
2017-11-15,1804.85,1806.0,1791.0,1800.15,18868,,,
2017-11-16,1809.0,1823.0,1800.05,1820.65,16462,,,
2017-11-17,1825.0,1858.3,1821.0,1850.15,31137,,,
2017-11-20,1850.0,1865.0,1840.0,1850.55,12112,,,
2017-11-21,1855.0,1855.0,1840.0,1852.6,10389,,,
2017-11-22,1825.0,1840.0,1822.0,1839.75,10283,,,
2017-11-23,1840.0,1872.0,1831.15,1866.65,27134,,,
2017-11-24,1870.0,1879.95,1850.0,1865.15,15447,,,
2017-11-27,1865.15,1889.95,1850.0,1857.35,20875,,,
2017-11-28,1869.95,1869.95,1859.0,1864.85,8990,,,
2017-11-29,1864.85,1870.0,1845.0,1850.15,14853,,,
2017-11-30,1851.5,1887.5,1841.05,1873.25,27252,,,
2017-12-01,1874.6,1874.6,1815.05,1835.45,32076,,,
2017-12-04,1846.95,1846.95,1808.0,1813.35,13346,,,
2017-12-05,1830.0,1830.0,1801.4,1803.65,11413,,,
2017-12-06,1809.1,1819.0,1761.0,1767.55,43376,,,
2017-12-07,1775.05,1800.0,1775.0,1785.15,13825,,,
2017-12-08,1787.95,1816.7,1769.05,1786.1,18015,,,
2017-12-11,1794.9,1794.9,1770.05,1779.85,41472,,,
2017-12-12,1789.95,1789.95,1763.0,1770.0,71398,,,
2017-12-13,1765.1,1792.1,1765.1,1788.0,23811,,,
2017-12-14,1798.0,1804.75,1788.0,1799.75,24220,,,
2017-12-15,1809.95,1839.0,1775.0,1815.75,17406,,,
2017-12-18,1827.0,1849.5,1779.95,1840.15,20585,,,
2017-12-19,1852.0,1872.0,1840.3,1866.0,15177,,,
2017-12-20,1866.0,1870.0,1846.0,1860.3,13596,,,
2017-12-21,1865.0,1867.95,1850.0,1862.6,9672,,,
2017-12-22,1862.65,1883.95,1852.3,1872.55,23378,,,
2017-12-26,1883.0,1883.0,1852.5,1859.15,9175,,,
2017-12-27,1852.3,1872.55,1851.15,1868.2,14319,,,
2017-12-28,1876.05,1880.0,1852.1,1864.95,4321,,,
2017-12-29,1855.2,1880.0,1855.2,1874.55,4453,,,
2018-01-01,1874.0,1900.0,1872.0,1895.05,7843,,,
2018-01-02,1900.0,1909.95,1872.0,1886.6,14696,,,
2018-01-03,1889.95,1900.0,1850.25,1855.6,24476,,,
2018-01-04,1855.05,1920.0,1855.05,1895.35,18136,,,
2018-01-05,1907.0,1928.0,1905.25,1919.25,30002,,,
2018-01-08,1920.0,1951.0,1915.95,1923.35,21919,,,
2018-01-09,1910.0,1950.0,1910.0,1938.7,7552,,,
2018-01-10,1938.7,1948.0,1919.9,1933.1,8346,,,
2018-01-11,1935.95,1935.95,1920.0,1930.95,9353,,,
2018-01-12,1940.0,1949.95,1922.0,1940.1,14208,,,
2018-01-15,1944.0,1960.5,1940.9,1950.7,16079,,,
2018-01-16,1950.7,1960.0,1920.0,1956.65,14007,,,
2018-01-17,1959.9,1970.0,1937.3,1963.65,15587,,,
2018-01-18,1963.65,1970.0,1935.0,1960.3,17090,,,
2018-01-19,1966.5,1989.6,1946.25,1965.2,13931,,,
2018-01-22,2000.0,2009.9,1976.0,1995.1,20907,,,
2018-01-23,2000.0,2000.0,1965.25,1977.55,12549,,,
2018-01-24,1968.0,1978.7,1951.0,1973.7,10485,,,
2018-01-25,1961.1,1990.0,1959.0,1980.75,6496,,,
2018-01-29,1989.9,2013.0,1975.1,2005.2,26226,,,
2018-01-30,2005.2,2005.2,1930.0,1953.25,15455,,,
2018-01-31,1930.05,1949.45,1922.75,1938.55,7538,,,
2018-02-01,1924.0,1983.9,1924.0,1978.5,9284,,,
2018-02-02,1978.55,1987.9,1920.0,1953.3,40127,,,
2018-02-05,1920.1,1975.7,1920.0,1958.35,21150,,,
2018-02-06,1915.0,1950.0,1915.0,1939.6,11584,,,
2018-02-07,1969.9,1969.9,1935.0,1943.75,54430,,,
2018-02-08,1926.05,1990.0,1926.05,1980.7,26331,,,
2018-02-09,1977.0,1977.0,1929.9,1945.1,5298,,,
2018-02-12,1963.0,1979.95,1949.9,1970.55,8382,,,
2018-02-14,2010.0,2023.0,1991.0,2004.95,48530,,,
2018-02-15,2018.95,2018.95,1962.65,1997.95,8637,,,
2018-02-16,1992.0,2010.0,1973.0,2001.6,26634,,,
2018-02-19,2001.5,2001.5,1955.05,1976.05,7241,,,
2018-02-20,1992.0,1992.0,1965.35,1974.85,3743,,,
2018-02-21,1980.7,1980.7,1919.0,1921.45,32046,,,
2018-02-22,1925.05,1925.05,1916.35,1920.1,18328,,,
2018-02-23,1920.1,1926.9,1919.1,1921.7,16890,,,
2018-02-26,1929.9,1945.8,1918.95,1920.35,13738,,,
2018-02-27,1940.0,1940.0,1919.95,1920.45,8341,,,
2018-02-28,1937.0,1940.0,1920.0,1927.15,6195,,,
2018-03-01,1927.2,1950.0,1922.0,1939.5,14260,,,
2018-03-05,1939.55,1956.0,1920.0,1950.05,3505,,,
2018-03-06,1931.0,1965.0,1931.0,1961.8,8340,,,
2018-03-07,1959.0,1965.0,1935.55,1960.4,12762,,,
2018-03-08,1955.0,1960.0,1921.6,1936.4,4832,,,
2018-03-09,1936.4,1968.0,1926.45,1961.8,11444,,,
2018-03-12,1968.0,1968.0,1932.05,1952.7,6687,,,
2018-03-13,1940.0,1964.95,1925.05,1954.1,17083,,,
2018-03-14,1964.9,1965.0,1932.3,1956.7,10094,,,
2018-03-15,1946.1,1964.1,1935.0,1960.9,4138,,,
2018-03-16,1964.0,1964.0,1924.15,1950.25,14868,,,
2018-03-19,1950.65,1964.0,1949.85,1950.15,5199,,,
2018-03-20,1959.0,1968.8,1939.4,1961.25,12648,,,
2018-03-21,1950.15,1959.95,1939.95,1952.35,26578,,,
2018-03-22,1959.75,1959.75,1939.9,1951.55,3691,,,
2018-03-23,1949.0,1949.0,1910.0,1929.75,6554,,,
2018-03-26,1929.0,1929.0,1882.55,1906.1,6370,,,
2018-03-27,1901.0,1911.05,1870.0,1888.05,6643,,,
2018-03-28,1871.45,1894.5,1870.0,1884.45,4106,,,
2018-04-02,1899.95,1899.95,1845.05,1853.85,8739,,,
2018-04-03,1863.7,1863.7,1833.3,1841.35,13659,,,
2018-04-04,1853.0,1888.0,1844.05,1870.4,38343,,,
2018-04-05,1894.0,1916.0,1870.0,1905.2,11238,,,
2018-04-06,1928.7,1934.0,1900.0,1908.35,12417,,,
2018-04-09,1905.0,1911.75,1896.0,1902.5,45955,,,
2018-04-10,1917.65,1925.0,1900.0,1911.9,2236,,,
2018-04-11,1903.05,1914.75,1885.0,1905.55,8192,,,
2018-04-12,1905.3,1916.0,1895.05,1907.9,4132,,,
2018-04-13,1900.0,1945.0,1900.0,1920.2,13758,,,
2018-04-16,1927.0,1960.0,1922.0,1950.1,18082,,,
2018-04-17,1985.0,1990.0,1951.4,1971.6,82864,,,
2018-04-18,1973.0,1980.55,1930.15,1942.1,40573,,,
2018-04-19,1969.6,1977.95,1941.8,1970.2,33791,,,
2018-04-20,1979.0,1979.0,1922.0,1938.75,4754,,,
2018-04-23,1957.8,1962.35,1920.0,1958.8,22691,,,
2018-04-24,1947.95,1955.0,1924.4,1935.35,16915,,,
2018-04-25,1935.0,1952.8,1935.0,1947.75,51166,,,
2018-04-26,1950.1,1952.15,1885.25,1902.5,5733,,,
2018-04-27,1915.0,1929.75,1892.0,1900.05,5515,,,
2018-04-30,1900.0,1923.0,1866.0,1878.35,14031,,,
2018-05-02,1897.9,1897.9,1850.0,1855.6,9132,,,
2018-05-03,1854.0,1854.0,1803.0,1813.9,10440,,,
2018-05-04,1806.05,1811.0,1792.6,1797.85,7536,,,
2018-05-07,1797.8,1828.0,1797.8,1802.0,6317,,,
2018-05-08,1814.95,1814.95,1770.2,1778.55,10217,,,
2018-05-09,1780.0,1800.05,1778.0,1780.95,7016,,,
2018-05-10,1781.0,1796.0,1772.05,1776.75,3947,,,
2018-05-11,1785.0,1810.1,1774.55,1781.25,8330,,,
2018-05-14,1799.1,1799.1,1770.0,1775.45,6426,,,
2018-05-15,1785.05,1789.95,1715.0,1737.7,13549,,,
2018-05-16,1719.7,1729.8,1697.2,1702.95,17861,,,
2018-05-17,1719.6,1719.6,1701.3,1704.15,5440,,,
2018-05-18,1709.9,1710.0,1684.0,1687.8,7092,,,
2018-05-21,1690.0,1706.2,1630.7,1641.6,13799,,,
2018-05-22,1640.0,1640.0,1608.6,1630.9,8499,,,
2018-05-23,1629.6,1649.0,1618.5,1634.9,5271,,,
2018-05-24,1630.15,1650.0,1611.25,1641.1,4324,,,
2018-05-25,1635.25,1662.4,1623.5,1642.2,3854,,,
2018-05-28,1658.7,1712.0,1644.0,1710.1,5348,,,
2018-05-29,1710.1,1711.25,1664.05,1684.75,5019,,,
2018-05-30,1685.0,2021.7,1667.35,1864.3,769097,,,
2018-05-31,1872.0,1872.0,1702.0,1715.05,120546,,,
2018-06-01,1720.0,1799.0,1689.95,1780.2,95384,,,
2018-06-04,1780.2,1822.0,1751.9,1806.2,30675,,,
2018-06-05,1806.2,1835.0,1794.0,1820.05,20461,,,
2018-06-06,1800.0,1859.0,1800.0,1843.3,25375,,,
2018-06-07,1825.2,1869.7,1815.2,1841.15,42793,,,
2018-06-08,1850.0,1868.0,1825.0,1850.0,163034,,,
2018-06-11,1841.0,1850.0,1756.2,1768.35,27511,,,
2018-06-12,1755.05,1780.0,1751.0,1773.05,13354,,,
2018-06-13,1770.1,1786.0,1760.9,1772.8,10109,,,
2018-06-14,1770.0,1780.75,1751.0,1772.2,11366,,,
2018-06-15,1784.5,1794.25,1755.0,1779.1,17216,,,
2018-06-18,1789.9,1789.9,1762.1,1769.8,7977,,,
2018-06-19,1767.5,1773.5,1756.0,1760.9,6895,,,
2018-06-20,1769.65,1769.9,1740.05,1749.35,12858,,,
2018-06-21,1749.6,1774.0,1737.6,1766.9,4535,,,
2018-06-22,1766.0,1782.85,1765.25,1777.3,3776,,,
2018-06-25,1787.95,1808.1,1773.8,1792.1,4834,,,
2018-06-26,1800.0,1800.0,1780.0,1780.5,2767,,,
2018-06-27,1779.65,1791.9,1770.1,1788.9,8772,,,
2018-06-28,1786.65,1798.0,1773.25,1789.25,4786,,,
2018-06-29,1788.1,1805.0,1773.0,1799.6,1553,,,
2018-07-02,1799.6,1805.35,1785.0,1802.45,6683,,,
2018-07-03,1806.0,1806.0,1733.0,1763.4,44718,,,
2018-07-04,1766.3,1788.95,1756.9,1782.1,2770,,,
2018-07-05,1789.0,1810.0,1773.4,1792.95,4653,,,
2018-07-06,1800.0,1809.0,1795.85,1807.05,9089,,,
2018-07-09,1809.0,1839.95,1800.05,1813.85,5830,,,
2018-07-10,1844.0,1844.0,1789.9,1797.4,7499,,,
2018-07-11,1800.0,1821.2,1780.0,1792.95,5419,,,
2018-07-12,1809.95,1809.95,1751.15,1760.75,8414,,,
2018-07-13,1799.0,1799.0,1756.0,1768.1,7010,,,
2018-07-16,1766.0,1791.95,1749.0,1752.4,17154,,,
2018-07-17,1766.45,1825.0,1745.3,1781.65,22185,,,
2018-07-18,1789.8,1812.0,1746.6,1755.8,20547,,,
2018-07-19,1769.85,1788.7,1759.95,1780.2,31660,,,
2018-07-20,1790.0,1800.0,1748.0,1785.75,15770,,,
2018-07-23,1798.3,1808.95,1759.05,1796.25,11723,,,
2018-07-24,1810.0,1820.0,1772.65,1792.4,9701,,,
2018-07-25,1779.0,1816.3,1779.0,1804.55,2715,,,
2018-07-26,1815.0,1819.0,1794.75,1812.6,13855,,,
2018-07-27,1790.1,1809.0,1760.0,1800.5,18002,,,
2018-07-30,1819.95,1819.95,1780.0,1786.7,10161,,,
2018-07-31,1782.1,1806.0,1759.95,1789.1,4931,,,
2018-08-01,1795.45,1797.95,1760.6,1772.7,10421,,,
2018-08-02,1775.5,1777.5,1750.0,1754.75,4921,,,
2018-08-03,1760.2,1769.9,1738.0,1740.25,14675,,,
2018-08-06,1761.0,1764.0,1738.05,1751.45,3965,,,
2018-08-07,1764.0,1766.0,1751.55,1757.15,12780,,,
2018-08-08,1768.0,1778.0,1744.0,1771.4,16336,,,
2018-08-09,1770.0,1774.0,1760.25,1770.8,5284,,,
2018-08-10,1773.2,1773.2,1755.0,1767.3,2145,,,
2018-08-13,1750.1,1795.0,1750.0,1781.15,7735,,,
2018-08-14,1794.95,1815.0,1763.05,1805.85,13493,,,
2018-08-16,1809.95,1812.0,1792.0,1801.25,10841,,,
2018-08-17,1807.9,1807.9,1794.55,1800.25,26141,,,
2018-08-20,1800.0,1805.7,1793.2,1799.45,6242,,,
2018-08-21,1806.0,1806.0,1790.0,1802.75,3406,,,
2018-08-23,1810.0,1810.0,1760.0,1766.4,3597,,,
2018-08-24,1779.7,1779.7,1735.6,1741.8,4359,,,
2018-08-27,1767.85,1775.0,1746.6,1755.25,2945,,,
2018-08-28,1765.0,1768.0,1745.0,1766.45,2977,,,
2018-08-29,1789.0,1820.0,1710.0,1736.8,35881,,,
2018-08-30,1738.0,1772.0,1710.55,1745.45,15100,,,
2018-08-31,1755.0,1814.0,1751.5,1765.25,12306,,,
2018-09-03,1780.0,1785.95,1750.0,1759.7,5694,,,
2018-09-04,1768.0,1787.55,1756.0,1761.8,6240,,,
2018-09-05,1769.8,1779.0,1751.05,1768.8,5670,,,
2018-09-06,1756.05,1779.0,1755.2,1774.65,6183,,,
2018-09-07,1778.0,1778.0,1755.55,1762.6,6597,,,
2018-09-10,1757.7,1767.6,1750.0,1751.6,5020,,,
2018-09-11,1751.6,1757.9,1735.0,1739.55,4665,,,
2018-09-12,1739.55,1756.3,1730.0,1737.4,12122,,,
2018-09-14,1758.0,1758.0,1732.15,1748.3,26681,,,
2018-09-17,1765.0,1780.05,1727.0,1747.0,6343,,,
2018-09-18,1746.0,1762.2,1731.2,1742.5,5953,,,
2018-09-19,1742.5,1777.0,1742.5,1765.8,6218,,,
2018-09-21,1776.0,1777.0,1701.0,1715.4,41207,,,
2018-09-24,1725.4,1760.0,1707.0,1747.95,6164,,,
2018-09-25,1760.0,1770.0,1701.0,1726.55,7541,,,
2018-09-26,1711.0,1776.95,1711.0,1750.0,10196,,,
2018-09-27,1737.2,1759.7,1735.05,1749.95,10157,,,
2018-09-28,1759.95,1785.0,1735.0,1756.15,17886,,,
2018-10-01,1722.0,1740.05,1699.1,1709.4,12126,,,
2018-10-03,1700.0,1706.0,1692.0,1695.45,7220,,,
2018-10-04,1690.0,1690.2,1601.0,1622.15,20076,,,
2018-10-05,1619.9,1636.25,1601.1,1626.1,18484,,,
2018-10-08,1626.1,1630.0,1601.5,1615.7,9246,,,
2018-10-09,1624.8,1624.8,1600.0,1612.6,8049,,,
2018-10-10,1625.95,1625.95,1610.0,1613.3,21183,,,
2018-10-11,1613.8,1632.05,1594.15,1621.3,5509,,,
2018-10-12,1621.3,1643.45,1611.85,1623.85,5188,,,
2018-10-15,1624.0,1647.35,1610.0,1620.0,6832,,,
2018-10-16,1650.0,1650.0,1549.0,1571.4,67341,,,
2018-10-17,1596.0,1650.0,1551.0,1573.25,43960,,,
2018-10-19,1570.0,1574.4,1452.2,1470.2,61037,,,
2018-10-22,1490.0,1525.95,1389.55,1404.4,37293,,,
2018-10-23,1405.0,1425.0,1347.0,1355.3,33880,,,
2018-10-24,1374.0,1389.95,1347.0,1355.25,26361,,,
2018-10-25,1359.8,1375.0,1341.2,1360.5,77388,,,
2018-10-26,1365.0,1402.2,1335.0,1376.05,31411,,,
2018-10-29,1381.1,1410.0,1364.85,1400.6,13788,,,
2018-10-30,1419.0,1449.0,1393.55,1419.4,16722,,,
2018-10-31,1438.85,1453.5,1392.85,1442.7,41405,,,
2018-11-01,1450.0,1489.4,1435.4,1458.25,5977,,,
2018-11-02,1458.25,1525.0,1458.25,1502.5,8807,,,
2018-11-05,1524.0,1524.0,1490.0,1499.75,6845,,,
2018-11-06,1519.95,1519.95,1483.45,1493.4,9040,,,
2018-11-07,1507.0,1547.75,1496.35,1532.7,5255,,,
2018-11-09,1550.0,1550.0,1490.0,1500.15,12778,,,
2018-11-12,1512.2,1512.2,1495.0,1500.25,6104,,,
2018-11-13,1510.0,1515.0,1478.0,1503.25,4520,,,
2018-11-14,1494.1,1513.65,1490.45,1495.3,4287,,,
2018-11-15,1496.0,1500.0,1478.6,1488.25,2301,,,
2018-11-16,1499.95,1506.65,1480.1,1500.55,13060,,,
2018-11-19,1503.0,1510.0,1490.5,1499.15,12461,,,
2018-11-20,1507.75,1507.75,1490.1,1496.5,7766,,,
2018-11-21,1509.75,1509.75,1471.15,1486.55,1962,,,
2018-11-22,1490.1,1501.8,1490.0,1495.75,12385,,,
2018-11-26,1500.0,1504.8,1485.1,1491.5,13845,,,
2018-11-27,1491.0,1499.9,1466.05,1477.6,7199,,,
2018-11-28,1486.0,1500.5,1483.8,1498.9,8303,,,
2018-11-29,1496.6,1509.95,1478.0,1486.2,12012,,,
2018-11-30,1479.0,1508.0,1465.05,1500.35,17948,,,
2018-12-03,1509.0,1509.0,1488.0,1499.65,8240,,,
2018-12-04,1500.0,1570.0,1492.15,1543.6,12602,,,
2018-12-05,1543.6,1566.75,1535.0,1542.45,5058,,,
2018-12-06,1521.4,1560.0,1521.4,1533.9,13887,,,
2018-12-07,1530.75,1560.0,1525.05,1554.0,4269,,,
2018-12-10,1552.95,1552.95,1477.9,1491.1,8134,,,
2018-12-11,1481.45,1510.0,1464.8,1499.25,10696,,,
2018-12-12,1515.95,1530.0,1500.0,1523.75,16520,,,
2018-12-13,1541.95,1554.6,1525.05,1546.3,13663,,,
2018-12-14,1547.0,1596.5,1540.05,1571.8,13225,,,
2018-12-17,1598.95,1608.0,1582.8,1603.35,3227,,,
2018-12-18,1603.35,1608.0,1583.8,1599.45,3813,,,
2018-12-19,1580.1,1636.0,1580.1,1632.7,6250,,,
2018-12-20,1636.0,1649.7,1591.55,1629.5,7407,,,
2018-12-21,1629.95,1629.95,1593.1,1604.3,2610,,,
2018-12-24,1624.9,1629.7,1581.0,1604.05,2861,,,
2018-12-26,1610.0,1640.0,1548.05,1619.1,3954,,,
2018-12-27,1630.0,1642.45,1606.55,1615.65,2689,,,
2018-12-28,1638.0,1638.0,1603.0,1608.65,7992,,,
2018-12-31,1623.95,1625.0,1603.05,1613.55,4023,,,
2019-01-01,1601.0,1624.9,1601.0,1619.4,1390,,,
2019-01-02,1617.0,1633.0,1610.05,1625.0,10263,,,
2019-01-03,1623.15,1648.4,1620.1,1638.0,5612,,,
2019-01-04,1639.75,1639.75,1608.9,1626.4,1522,,,
2019-01-07,1644.0,1648.95,1630.05,1639.8,6337,,,
2019-01-08,1638.75,1650.0,1611.35,1628.0,6163,,,
2019-01-09,1624.9,1646.35,1624.55,1637.65,2107,,,
2019-01-10,1646.95,1659.95,1639.75,1649.1,28809,,,
2019-01-11,1654.95,1669.95,1638.15,1649.3,9797,,,
2019-01-14,1659.95,1659.95,1625.0,1627.25,3304,,,
2019-01-15,1634.65,1662.2,1628.3,1648.2,3930,,,
2019-01-16,1660.0,1660.0,1625.1,1647.8,6478,,,
2019-01-17,1647.75,1664.4,1630.0,1654.6,38109,,,
2019-01-18,1659.95,1669.9,1651.65,1663.9,6527,,,
2019-01-21,1664.0,1667.25,1630.0,1633.6,1487,,,
2019-01-22,1612.1,1666.0,1612.05,1660.85,3084,,,
2019-01-23,1668.9,1668.9,1625.0,1646.45,3488,,,
2019-01-24,1660.0,1660.0,1643.0,1647.65,5887,,,
2019-01-25,1655.0,1665.0,1636.0,1646.45,3679,,,
2019-01-28,1650.0,1651.0,1609.55,1646.45,4510,,,
2019-01-29,1646.4,1664.9,1630.25,1660.3,6808,,,
2019-01-30,1669.95,1669.95,1640.15,1662.85,1597,,,
2019-01-31,1650.0,1659.9,1637.95,1648.65,2859,,,
2019-02-01,1665.0,1675.0,1649.0,1659.85,9488,,,
2019-02-04,1664.0,1664.0,1630.0,1635.55,2149,,,
2019-02-05,1648.4,1648.4,1630.0,1640.8,3923,,,
2019-02-06,1640.8,1659.85,1634.05,1656.55,6363,,,
2019-02-07,1659.8,1659.8,1645.45,1654.15,3326,,,
2019-02-08,1659.9,1665.0,1632.65,1641.0,3485,,,
2019-02-11,1649.95,1649.95,1550.0,1556.65,10370,,,
2019-02-12,1560.65,1647.8,1560.65,1629.9,18905,,,
2019-02-13,1625.2,1645.0,1599.45,1630.7,9062,,,
2019-02-14,1630.3,1651.95,1618.0,1631.55,6831,,,
2019-02-15,1631.55,1631.55,1609.7,1624.95,4157,,,
2019-02-18,1635.0,1635.0,1550.0,1562.35,3728,,,
2019-02-19,1531.65,1578.95,1510.35,1571.45,13560,,,
2019-02-20,1543.55,1580.0,1543.55,1564.35,5670,,,
2019-02-21,1564.7,1565.05,1550.0,1556.8,3821,,,
2019-02-22,1570.0,1570.0,1524.0,1537.45,3648,,,
2019-02-25,1525.0,1550.4,1524.0,1531.65,8545,,,
2019-02-26,1531.65,1554.55,1471.0,1476.1,48820,,,
2019-02-27,1490.0,1500.0,1477.45,1495.05,11710,,,
2019-02-28,1510.0,1510.0,1440.35,1458.0,19412,,,
2019-03-01,1459.0,1477.0,1459.0,1471.75,14232,,,
2019-03-05,1485.0,1496.0,1470.6,1477.75,27981,,,
2019-03-06,1481.05,1522.8,1481.05,1509.45,19025,,,
2019-03-07,1510.1,1526.05,1490.45,1499.35,13567,,,
2019-03-08,1513.1,1513.1,1423.65,1434.65,35611,,,
2019-03-11,1446.15,1458.55,1426.35,1443.3,17536,,,
2019-03-12,1449.0,1500.0,1442.45,1481.7,26581,,,
2019-03-13,1490.0,1497.55,1470.0,1475.7,14954,,,
2019-03-14,1480.0,1480.0,1460.1,1464.9,14474,,,
2019-03-15,1470.0,1475.0,1431.55,1438.75,412621,,,
2019-03-18,1449.0,1473.0,1449.0,1467.25,14860,,,
2019-03-19,1471.9,1525.0,1469.15,1485.1,31841,,,
2019-03-20,1495.0,1501.4,1471.05,1480.95,17751,,,
2019-03-22,1475.0,1493.5,1473.0,1485.35,13156,,,
2019-03-25,1492.0,1492.0,1470.0,1475.7,7259,,,
2019-03-26,1483.0,1485.0,1468.05,1480.1,16329,,,
2019-03-27,1490.0,1529.35,1452.0,1481.1,28303,,,
2019-03-28,1472.0,1478.95,1440.5,1447.8,41181,,,
2019-03-29,1445.05,1467.8,1445.05,1461.5,8363,,,
2019-04-01,1455.0,1466.25,1450.7,1462.5,68866,,,
2019-04-02,1453.05,1454.55,1440.0,1441.25,13431,,,
2019-04-03,1441.25,1447.95,1422.0,1425.9,8926,,,
2019-04-04,1434.0,1445.0,1415.0,1439.65,11711,,,
2019-04-05,1436.6,1460.0,1434.0,1452.75,4285,,,
2019-04-08,1468.95,1470.0,1453.25,1466.9,11433,,,
2019-04-09,1475.0,1475.1,1436.3,1445.65,7429,,,
2019-04-10,1445.65,1495.0,1445.6,1485.55,7556,,,
2019-04-11,1490.0,1525.35,1490.0,1522.5,18864,,,
2019-04-12,1522.5,1545.7,1515.2,1540.55,11223,,,
2019-04-15,1545.0,1574.0,1535.35,1568.85,12250,,,
2019-04-16,1570.55,1620.0,1568.85,1615.55,28590,,,
2019-04-18,1551.3,1590.0,1484.55,1496.45,48186,,,
2019-04-22,1489.4,1489.4,1446.5,1478.3,13933,,,
2019-04-23,1481.6,1492.75,1467.0,1473.5,6271,,,
2019-04-24,1479.95,1483.2,1450.0,1460.65,9534,,,
2019-04-25,1470.0,1470.0,1451.0,1458.9,3860,,,
2019-04-26,1460.9,1464.95,1440.2,1443.1,11679,,,
2019-04-30,1454.95,1454.95,1421.25,1433.55,9433,,,
2019-05-02,1426.1,1449.0,1417.3,1431.5,5706,,,
2019-05-03,1431.5,1450.0,1431.5,1441.55,5494,,,
2019-05-06,1419.9,1444.85,1419.9,1434.55,3090,,,
2019-05-07,1450.0,1450.0,1429.0,1441.5,6367,,,
2019-05-08,1435.7,1439.95,1402.25,1420.15,4385,,,
2019-05-09,1420.0,1420.0,1399.25,1401.75,10803,,,
2019-05-10,1417.8,1417.8,1399.5,1402.65,2093,,,
2019-05-13,1419.0,1419.0,1400.0,1401.25,2654,,,
2019-05-14,1405.0,1412.25,1380.0,1389.35,8351,,,
2019-05-15,1410.95,1410.95,1381.05,1386.15,6199,,,
2019-05-16,1400.0,1400.0,1357.1,1359.5,9579,,,
2019-05-17,1368.0,1400.0,1362.4,1393.7,5476,,,
2019-05-20,1419.85,1420.0,1399.65,1403.95,5357,,,
2019-05-21,1417.0,1435.0,1397.45,1432.9,8589,,,
2019-05-22,1439.95,1439.95,1417.6,1428.1,3848,,,
2019-05-23,1449.95,1455.0,1421.0,1434.4,14097,,,
2019-05-24,1454.95,1456.9,1435.0,1452.65,13471,,,
2019-05-27,1460.0,1493.3,1445.0,1488.2,13103,,,
2019-05-28,1494.0,1500.0,1440.1,1455.0,30045,,,
2019-05-29,1447.0,1489.15,1440.0,1482.6,14331,,,
2019-05-30,1482.0,1482.0,1448.05,1463.75,7016,,,
2019-05-31,1469.95,1484.55,1446.75,1457.95,8989,,,
2019-06-03,1469.5,1512.0,1455.65,1499.65,22431,,,
2019-06-04,1507.9,1507.9,1482.1,1499.6,6538,,,
2019-06-06,1482.05,1510.0,1475.35,1498.3,5669,,,
2019-06-07,1509.95,1515.0,1489.95,1504.0,6489,,,
2019-06-10,1504.0,1532.95,1493.75,1522.65,14872,,,
2019-06-11,1512.0,1526.1,1475.3,1484.2,9632,,,
2019-06-12,1485.0,1485.0,1462.35,1470.15,7045,,,
2019-06-13,1473.05,1473.9,1425.0,1427.15,8579,,,
2019-06-14,1428.0,1428.2,1397.35,1409.9,21917,,,
2019-06-17,1410.0,1436.8,1400.0,1403.65,5570,,,
2019-06-18,1400.25,1419.75,1400.2,1414.75,6227,,,
2019-06-19,1414.75,1420.0,1400.25,1410.85,8479,,,
2019-06-20,1437.0,1437.0,1405.0,1413.8,9335,,,
2019-06-21,1429.9,1432.45,1383.15,1405.55,15799,,,
2019-06-24,1406.0,1406.95,1372.0,1383.55,6486,,,
2019-06-25,1389.95,1430.0,1371.8,1422.1,17072,,,
2019-06-26,1420.0,1483.3,1408.15,1475.6,9781,,,
2019-06-27,1470.0,1497.0,1468.0,1487.45,4707,,,
2019-06-28,1495.0,1495.0,1471.0,1487.75,18044,,,
2019-07-01,1493.95,1496.2,1444.95,1468.05,11906,,,
2019-07-02,1450.0,1498.9,1450.0,1458.2,14229,,,
2019-07-03,1460.0,1464.15,1427.1,1430.3,15157,,,
2019-07-04,1439.8,1451.95,1421.5,1425.25,4567,,,
2019-07-05,1434.0,1444.95,1423.55,1432.5,4345,,,
2019-07-08,1445.0,1488.0,1417.0,1435.85,3401,,,
2019-07-09,1450.0,1450.0,1420.2,1432.7,3878,,,
2019-07-10,1432.7,1460.0,1432.25,1444.85,3412,,,
2019-07-11,1448.3,1450.8,1435.0,1436.35,2581,,,
2019-07-12,1435.0,1475.0,1420.05,1438.75,10712,,,
2019-07-15,1440.0,1440.0,1375.05,1381.05,13909,,,
2019-07-16,1382.0,1410.0,1382.0,1400.95,3476,,,
2019-07-17,1414.65,1418.2,1381.05,1385.3,4466,,,
2019-07-18,1409.9,1429.9,1386.4,1395.5,8423,,,
2019-07-19,1410.0,1410.0,1343.55,1350.3,168194,,,
2019-07-22,1360.0,1390.35,1340.0,1373.65,5520,,,
2019-07-23,1385.0,1408.9,1344.0,1362.55,10561,,,
2019-07-24,1348.0,1380.0,1340.0,1373.7,12881,,,
2019-07-25,1360.05,1376.05,1354.0,1361.85,2012,,,
2019-07-26,1361.0,1372.55,1350.05,1357.6,3204,,,
2019-07-29,1374.0,1374.0,1344.0,1346.6,4624,,,
2019-07-30,1347.0,1363.0,1300.25,1316.45,13545,,,
2019-07-31,1310.0,1310.0,1263.1,1299.7,11266,,,
2019-08-01,1309.0,1309.0,1255.2,1261.2,12754,,,
2019-08-02,1291.0,1291.0,1205.0,1237.15,25067,,,
2019-08-05,1234.0,1234.0,1175.5,1180.05,25599,,,
2019-08-06,1198.0,1205.7,1166.5,1174.75,34003,,,
2019-08-07,1192.3,1198.0,1173.25,1178.95,19023,,,
2019-08-08,1180.0,1185.0,1151.0,1174.35,20685,,,
2019-08-09,1182.3,1185.8,1135.55,1144.9,33241,,,
2019-08-13,1151.0,1195.0,1151.0,1182.65,33639,,,
2019-08-14,1189.15,1265.0,1153.15,1256.4,20778,,,
2019-08-16,1257.0,1276.0,1227.5,1260.0,19406,,,
2019-08-19,1279.95,1279.95,1233.2,1263.9,16015,,,
2019-08-20,1263.55,1285.0,1247.85,1275.35,164739,,,
2019-08-21,1280.0,1280.0,1228.75,1248.45,11133,,,
2019-08-22,1249.0,1267.65,1243.3,1251.1,10975,,,
2019-08-23,1255.0,1310.0,1246.65,1254.45,69618,,,
2019-08-26,1270.0,1294.9,1253.05,1289.6,7539,,,
2019-08-27,1284.3,1300.0,1270.0,1277.25,12112,,,
2019-08-28,1300.0,1304.0,1280.6,1291.05,6427,,,
2019-08-29,1295.0,1296.0,1260.25,1279.65,3816,,,
2019-08-30,1289.85,1293.0,1272.0,1284.4,16498,,,
2019-09-03,1299.95,1299.95,1275.0,1279.15,6919,,,
2019-09-04,1295.0,1301.2,1255.0,1289.7,14532,,,
2019-09-05,1290.0,1305.0,1254.3,1267.5,10484,,,
2019-09-06,1266.25,1290.0,1264.8,1285.45,9628,,,
2019-09-09,1292.85,1300.0,1272.6,1290.95,20277,,,
2019-09-11,1298.0,1300.05,1275.0,1285.0,10043,,,
2019-09-12,1288.9,1289.25,1254.25,1263.2,5523,,,
2019-09-13,1265.0,1277.95,1248.8,1255.05,7910,,,
2019-09-16,1262.0,1277.45,1248.5,1257.5,9369,,,
2019-09-17,1248.5,1274.0,1248.0,1253.7,5008,,,
2019-09-18,1252.0,1278.0,1252.0,1269.85,90755,,,
2019-09-19,1274.9,1299.0,1266.1,1294.55,8603,,,
2019-09-20,1290.0,1312.0,1272.0,1290.6,29815,,,
2019-09-23,1319.9,1334.85,1296.65,1322.85,52436,,,
2019-09-24,1322.85,1364.0,1301.1,1319.9,41441,,,
2019-09-25,1321.0,1344.0,1310.0,1325.2,25952,,,
2019-09-26,1330.6,1379.15,1330.6,1357.25,29609,,,
2019-09-27,1365.0,1365.0,1350.05,1360.35,7665,,,
2019-09-30,1365.0,1375.0,1353.0,1370.0,21336,1077.0,19.81,2532.0
2019-10-01,1371.0,1409.75,1340.3,1348.85,19918,3269.0,6.09,14712.0
2019-10-03,1349.05,1350.0,1291.2,1312.55,69721,2122.0,32.86,63395.0
2019-10-04,1330.0,1330.0,1305.0,1322.35,14573,1310.0,11.12,11353.0
2019-10-07,1320.0,1320.0,1295.0,1304.05,7540,1028.0,7.33,5371.0
2019-10-09,1309.0,1309.0,1272.8,1288.0,11660,1678.0,6.95,8332.0
2019-10-10,1288.0,1295.0,1276.4,1289.45,6357,1630.0,3.9,4521.0
2019-10-11,1294.4,1306.45,1284.95,1295.55,62007,667.0,92.96,60074.0
2019-10-14,1310.0,1314.7,1282.65,1287.25,20151,1856.0,10.86,15833.0
2019-10-15,1290.0,1345.0,1256.3,1330.0,15833,3730.0,4.24,8728.0
2019-10-16,1325.0,1325.0,1286.25,1302.55,7354,1312.0,5.61,3569.0
2019-10-17,1305.0,1329.9,1305.0,1324.8,5785,1070.0,5.41,3787.0
2019-10-18,1338.0,1381.0,1338.0,1372.8,25335,2608.0,9.71,14318.0
2019-10-22,1374.9,1399.0,1355.35,1360.8,84159,2261.0,37.22,80391.0
2019-10-23,1380.0,1403.8,1345.0,1397.35,13604,2186.0,6.22,9903.0
2019-10-24,1418.0,1418.0,1345.8,1360.3,44698,2405.0,18.59,35444.0
2019-10-25,1360.3,1378.45,1360.3,1375.4,6520,544.0,11.99,4400.0
2019-10-27,1389.9,1399.0,1372.5,1393.45,2283,353.0,6.47,1857.0
2019-10-29,1399.0,1399.0,1371.2,1392.75,6021,779.0,7.73,3633.0
2019-10-30,1390.3,1408.0,1378.25,1404.55,8901,1140.0,7.81,6475.0
2019-10-31,1405.0,1471.5,1405.0,1462.6,23490,2946.0,7.97,17587.0
2019-11-01,1471.5,1520.0,1457.8,1502.3,17999,2446.0,7.36,13056.0
2019-11-04,1503.0,1537.6,1496.3,1509.3,12452,1693.0,7.35,9289.0
2019-11-05,1527.0,1527.0,1481.85,1498.7,17118,1628.0,10.51,13959.0
2019-11-06,1487.1,1505.0,1487.1,1500.0,120060,6148.0,19.53,110098.0
2019-11-07,1487.05,1508.25,1468.7,1495.6,49045,4072.0,12.04,42505.0
2019-11-08,1481.0,1492.85,1424.4,1442.3,8900,1730.0,5.14,5101.0
2019-11-11,1440.0,1440.85,1402.3,1424.4,10158,1738.0,5.84,7228.0
2019-11-13,1416.95,1438.0,1395.1,1406.65,15518,3687.0,4.21,10475.0
2019-11-14,1406.0,1425.0,1375.0,1422.45,42356,1824.0,23.22,33792.0
2019-11-15,1430.0,1490.7,1410.05,1481.1,20768,3083.0,6.74,13105.0
2019-11-18,1485.0,1514.2,1456.55,1503.25,265323,6250.0,42.45,245340.0
2019-11-19,1512.0,1527.0,1490.05,1513.95,13569,1908.0,7.11,9373.0
2019-11-20,1524.2,1524.2,1500.0,1519.65,9736,1667.0,5.84,7089.0
2019-11-21,1515.0,1520.0,1500.0,1515.05,12368,1599.0,7.73,9763.0
2019-11-22,1514.7,1525.0,1505.0,1515.5,10407,2414.0,4.31,7967.0
2019-11-25,1520.0,1549.0,1500.0,1509.95,26936,3067.0,8.78,11976.0
2019-11-26,1511.5,1532.0,1506.75,1511.0,124130,6668.0,18.62,74213.0
2019-11-27,1510.1,1550.0,1510.1,1545.7,18185,1687.0,10.78,14402.0
2019-11-28,1548.0,1582.0,1529.3,1572.65,16075,1827.0,8.8,10856.0
2019-11-29,1566.3,1609.0,1555.55,1595.95,17501,2606.0,6.72,11836.0
2019-12-02,1587.0,1635.0,1587.0,1621.75,18971,3486.0,5.44,12689.0
2019-12-03,1624.95,1650.0,1620.0,1645.65,15928,2892.0,5.51,10138.0
2019-12-04,1645.65,1674.0,1606.55,1667.65,17324,3082.0,5.62,11437.0
2019-12-05,1652.0,1661.0,1621.0,1633.85,10906,2687.0,4.06,6418.0
2019-12-06,1639.9,1658.05,1630.0,1644.65,9243,1515.0,6.1,6694.0
2019-12-09,1641.55,1669.0,1622.15,1662.85,7493,1764.0,4.25,5009.0
2019-12-10,1651.35,1699.0,1632.65,1682.05,21010,2034.0,10.33,17292.0
2019-12-11,1685.0,1698.0,1640.1,1665.3,21808,2781.0,7.84,11963.0
2019-12-12,1656.85,1729.45,1642.1,1703.1,53112,5721.0,9.28,32730.0
2019-12-13,1703.0,1728.95,1685.05,1716.55,20734,2812.0,7.37,14516.0
2019-12-16,1717.55,1746.75,1717.0,1723.9,16858,2609.0,6.46,7833.0
2019-12-17,1721.0,1796.0,1721.0,1778.75,20540,3579.0,5.74,12237.0
2019-12-18,1779.8,1779.8,1751.1,1771.05,11040,1877.0,5.88,6392.0
2019-12-19,1765.4,1800.0,1746.15,1789.8,11513,2204.0,5.22,6729.0
2019-12-20,1809.0,1810.0,1790.0,1801.8,38009,6159.0,6.17,19659.0
2019-12-23,1805.0,2068.0,1800.0,1987.7,339157,30916.0,10.97,82579.0
2019-12-24,1926.0,1953.75,1845.0,1871.1,174739,15400.0,11.35,31680.0
2019-12-26,1880.0,1907.0,1810.0,1844.65,57941,5902.0,9.82,13225.0
2019-12-27,1853.3,1875.0,1812.0,1823.95,33131,3597.0,9.21,11005.0
2019-12-30,1826.55,1846.0,1782.0,1819.9,33938,3720.0,9.12,11297.0
2019-12-31,1820.2,1975.0,1810.2,1907.6,396704,27268.0,14.55,63632.0
2020-01-01,1900.0,1978.7,1872.05,1947.85,199897,15066.0,13.27,33376.0
2020-01-02,1947.85,1955.75,1918.0,1928.9,35794,4374.0,8.18,8013.0
2020-01-03,1932.0,1932.0,1885.45,1891.45,28412,3481.0,8.16,10005.0
2020-01-06,1881.75,1883.15,1802.3,1815.0,27473,4014.0,6.84,13484.0
2020-01-07,1815.0,1861.0,1815.0,1835.35,22069,2944.0,7.5,8430.0
2020-01-08,1824.0,1824.05,1781.4,1805.8,20941,2605.0,8.04,12021.0
2020-01-09,1825.0,1870.8,1812.0,1827.45,11103,1690.0,6.57,4756.0
2020-01-10,1817.05,1888.95,1817.05,1830.5,24896,3532.0,7.05,9294.0
2020-01-13,1835.25,1845.0,1815.5,1824.7,17435,2467.0,7.07,11267.0
2020-01-14,1836.0,1840.0,1800.0,1803.9,14108,3300.0,4.28,9192.0
2020-01-15,1805.0,1848.95,1804.05,1810.4,17789,3060.0,5.81,7481.0
2020-01-16,1816.0,1840.0,1816.0,1834.35,20355,2213.0,9.2,10975.0
2020-01-17,1834.0,1845.0,1810.0,1820.6,12225,2234.0,5.47,6587.0
2020-01-20,1822.0,1867.0,1805.0,1814.6,25654,3524.0,7.28,12347.0
2020-01-21,1810.0,1826.95,1783.0,1787.85,13874,3864.0,3.59,8803.0
2020-01-22,1800.0,1839.8,1795.0,1809.9,26339,3558.0,7.4,11905.0
2020-01-23,1800.0,1825.0,1790.0,1797.85,10557,1758.0,6.01,5084.0
2020-01-24,1797.85,1819.9,1785.1,1801.05,6824,1211.0,5.64,3634.0
2020-01-27,1802.0,1820.9,1782.0,1789.85,11231,1931.0,5.82,6178.0
2020-01-28,1800.0,1806.8,1750.0,1758.3,9292,2041.0,4.55,6283.0
2020-01-29,1760.05,1774.8,1711.0,1742.6,29260,7764.0,3.77,18242.0
2020-01-30,1742.6,1742.8,1663.15,1700.7,43126,7627.0,5.65,26093.0
2020-01-31,1701.0,1733.0,1677.55,1702.65,16874,3540.0,4.77,11035.0
2020-02-01,1702.2,1770.0,1699.7,1701.95,12743,2206.0,5.78,5860.0
2020-02-03,1702.2,1711.75,1677.05,1699.05,40715,3374.0,12.07,34046.0
2020-02-04,1700.0,1740.8,1683.75,1699.95,20899,4169.0,5.01,14781.0
2020-02-05,1722.0,1733.95,1688.1,1695.35,51040,5146.0,9.92,36802.0
2020-02-06,1686.0,1702.75,1685.0,1690.45,29695,1544.0,19.23,26725.0
2020-02-07,1690.5,1698.0,1665.2,1680.15,9916,1793.0,5.53,5977.0
2020-02-10,1670.05,1692.55,1652.8,1667.25,12098,2507.0,4.83,8258.0
2020-02-11,1667.0,1677.4,1610.0,1621.9,17479,3412.0,5.12,10625.0
2020-02-12,1622.0,1625.0,1584.6,1608.75,55089,2607.0,21.13,46209.0
2020-02-13,1614.95,1632.0,1590.0,1594.75,39015,2462.0,15.85,27708.0
2020-02-14,1595.0,1620.05,1548.65,1585.3,14027,1931.0,7.26,7459.0
2020-02-17,1587.45,1616.3,1580.0,1582.25,42323,4254.0,9.95,36056.0
2020-02-18,1590.45,1597.55,1540.0,1585.5,40921,5563.0,7.36,29780.0
2020-02-19,1588.6,1663.7,1588.6,1636.4,60922,3611.0,16.87,46040.0
2020-02-20,1640.0,1700.0,1634.75,1672.7,103477,3864.0,26.78,90919.0
2020-02-24,1698.0,1698.0,1650.1,1665.8,31656,2591.0,12.22,24685.0
2020-02-25,1679.9,1695.0,1628.6,1640.15,14962,2078.0,7.2,9842.0
2020-02-26,1600.0,1646.35,1550.0,1569.25,52409,5788.0,9.05,32278.0
2020-02-27,1579.95,1610.0,1546.0,1550.65,37845,3793.0,9.98,18564.0
2020-02-28,1525.0,1538.0,1472.0,1519.1,28864,3641.0,7.93,18498.0
2020-03-02,1528.0,1559.95,1511.15,1525.95,27160,5375.0,5.05,19379.0
2020-03-03,1531.85,1569.0,1512.65,1530.05,19819,2816.0,7.04,12332.0
2020-03-04,1531.0,1538.0,1486.55,1509.65,14405,2684.0,5.37,8604.0
2020-03-05,1520.0,1570.0,1515.0,1564.05,10989,1439.0,7.64,5930.0
2020-03-06,1520.0,1555.0,1516.2,1540.2,12889,2070.0,6.23,7877.0
2020-03-09,1505.0,1520.0,1485.0,1505.6,20673,3733.0,5.54,12631.0
2020-03-11,1505.6,1519.9,1420.0,1437.05,20862,4481.0,4.66,9515.0
2020-03-12,1410.0,1534.45,1368.3,1425.35,49568,7489.0,6.62,29856.0
2020-03-13,1380.0,1499.95,1320.65,1485.8,48697,10336.0,4.71,37467.0
2020-03-16,1469.5,1469.5,1355.0,1371.3,22677,3591.0,6.31,13953.0
2020-03-17,1370.0,1399.75,1340.85,1362.6,16924,2238.0,7.56,10117.0
2020-03-18,1341.0,1391.0,1305.2,1316.65,33310,2439.0,13.66,27254.0
2020-03-19,1290.0,1297.3,1216.1,1225.95,37442,7857.0,4.77,25538.0
2020-03-20,1240.0,1308.15,1152.4,1227.35,48810,4494.0,10.86,32107.0
2020-03-23,1052.7,1299.0,1052.7,1155.95,23760,2946.0,8.07,16023.0
2020-03-24,1250.0,1294.7,1225.65,1240.7,21917,8468.0,2.59,14287.0
2020-03-25,1230.0,1270.0,1162.0,1232.3,26473,6138.0,4.31,18859.0
2020-03-26,1244.0,1450.0,1202.3,1399.6,56693,8935.0,6.35,27552.0
2020-03-27,1451.65,1477.0,1250.0,1274.35,65633,10788.0,6.08,26399.0
2020-03-30,1274.95,1330.0,1255.0,1274.15,14568,1947.0,7.48,8939.0
2020-03-31,1276.0,1319.95,1247.0,1254.3,19499,2187.0,8.92,12596.0
2020-04-01,1257.05,1265.55,1205.0,1209.55,15915,2007.0,7.93,11679.0
2020-04-03,1233.75,1233.75,1160.5,1170.25,145590,3882.0,37.5,136360.0
2020-04-07,1186.15,1243.0,1186.15,1219.45,213746,8051.0,26.55,197148.0
2020-04-08,1230.0,1275.0,1202.15,1211.4,84943,6472.0,13.12,70182.0
2020-04-09,1249.95,1309.0,1226.15,1300.6,26182,3298.0,7.94,15642.0
2020-04-13,1339.0,1479.9,1290.05,1437.45,139292,12421.0,11.21,34373.0
2020-04-15,1445.0,1475.0,1359.05,1393.55,36006,5236.0,6.88,17033.0
2020-04-16,1403.0,1429.9,1357.0,1400.15,20103,4399.0,4.57,9804.0
2020-04-17,1429.0,1449.95,1401.25,1420.75,48967,3125.0,15.67,36873.0
2020-04-20,1450.1,1450.1,1405.0,1420.15,13231,2003.0,6.61,6763.0
2020-04-21,1420.15,1474.75,1360.0,1407.0,47377,7815.0,6.06,18494.0
2020-04-22,1400.0,1430.0,1376.15,1422.4,31538,3557.0,8.87,16944.0
2020-04-23,1430.0,1494.95,1423.0,1484.2,37497,4442.0,8.44,22002.0
2020-04-24,1484.2,1484.2,1408.0,1411.5,15347,2582.0,5.94,6787.0
2020-04-27,1423.85,1449.35,1380.0,1387.8,22809,4666.0,4.89,15110.0
2020-04-28,1418.95,1463.0,1400.9,1456.5,15705,2330.0,6.74,8984.0
2020-04-29,1458.0,1488.0,1410.3,1419.75,41452,5985.0,6.93,22757.0
2020-04-30,1447.95,1474.9,1427.65,1465.8,32550,3774.0,8.62,23281.0
2020-05-04,1447.0,1483.95,1414.05,1434.2,38996,6528.0,5.97,20048.0
2020-05-05,1464.9,1475.0,1428.8,1441.8,22194,2524.0,8.79,15774.0
2020-05-06,1442.0,1470.0,1424.0,1447.2,17827,2270.0,7.85,12910.0
2020-05-07,1446.8,1471.95,1432.0,1454.25,10315,2666.0,3.87,6560.0
2020-05-08,1454.3,1499.0,1452.05,1491.6,24218,4231.0,5.72,14594.0
2020-05-11,1510.0,1567.35,1510.0,1524.35,34812,3957.0,8.8,11733.0
2020-05-12,1513.0,1525.0,1458.4,1463.75,11997,1903.0,6.3,6031.0
2020-05-13,1512.0,1515.9,1475.0,1483.5,8349,1162.0,7.19,3738.0
2020-05-14,1483.0,1510.0,1457.0,1501.6,12817,2560.0,5.01,6662.0
2020-05-15,1509.15,1509.15,1470.0,1476.05,5631,869.0,6.48,2816.0
2020-05-18,1489.85,1489.85,1405.65,1415.0,8487,1836.0,4.62,4400.0
2020-05-19,1430.0,1449.0,1420.05,1427.7,5478,795.0,6.89,2626.0
2020-05-20,1435.0,1473.55,1435.0,1446.25,15543,2983.0,5.21,11960.0
2020-05-21,1454.9,1490.0,1435.5,1452.2,20242,5462.0,3.71,13519.0
2020-05-22,1445.05,1467.1,1437.05,1444.4,3267,761.0,4.29,1255.0
2020-05-26,1446.2,1464.0,1429.45,1444.75,4485,928.0,4.83,1844.0
2020-05-27,1454.7,1454.7,1414.4,1427.15,11269,1967.0,5.73,6343.0
2020-05-28,1445.15,1458.0,1430.1,1440.0,5518,937.0,5.89,2999.0
2020-05-29,1433.0,1459.9,1357.0,1386.25,56797,5321.0,10.67,46123.0
2020-06-01,1389.95,1428.0,1389.9,1409.5,28578,2765.0,10.34,18322.0
2020-06-02,1410.0,1464.8,1410.0,1445.6,26314,2674.0,9.84,19453.0
2020-06-03,1450.0,1469.15,1413.75,1417.6,57132,8681.0,6.58,43454.0
2020-06-04,1424.7,1476.0,1420.4,1466.8,261969,3721.0,70.4,244353.0
2020-06-05,1489.0,1500.0,1470.0,1490.05,30670,3171.0,9.67,19280.0
2020-06-08,1481.0,1510.0,1480.0,1488.45,13909,1784.0,7.8,8780.0
2020-06-09,1498.0,1498.0,1433.3,1446.15,22585,4813.0,4.69,14005.0
2020-06-10,1440.05,1485.7,1440.05,1480.1,24793,2636.0,9.41,17627.0
2020-06-11,1482.4,1490.0,1443.8,1476.15,11554,2215.0,5.22,6266.0
2020-06-12,1430.0,1470.0,1430.0,1453.5,15254,1791.0,8.52,8214.0
2020-06-15,1460.0,1469.85,1432.0,1455.8,12370,2156.0,5.74,6601.0
2020-06-16,1470.0,1477.15,1431.45,1436.15,15650,2023.0,7.74,10352.0
2020-06-17,1439.0,1455.0,1423.15,1426.1,20605,1804.0,11.42,12874.0
2020-06-18,1435.5,1469.0,1418.8,1452.0,32603,2851.0,11.44,22155.0
2020-06-19,1469.8,1499.0,1452.45,1493.45,22850,2712.0,8.43,13939.0
2020-06-22,1496.0,1503.0,1463.65,1476.7,19956,4781.0,4.17,12412.0
2020-06-23,1484.1,1487.0,1454.7,1468.15,17473,5746.0,3.04,11829.0
2020-06-24,1468.7,1589.65,1459.95,1543.3,81901,8880.0,9.22,46879.0
2020-06-25,1550.0,1608.6,1485.05,1599.75,66597,7905.0,8.42,32523.0
2020-06-26,1602.0,1630.0,1575.55,1605.9,86879,3241.0,26.81,72265.0
2020-06-29,1613.8,1665.5,1606.05,1635.9,26922,3954.0,6.81,12224.0
2020-06-30,1648.7,1650.0,1613.0,1618.85,15815,2669.0,5.93,8335.0
2020-07-01,1645.9,1696.45,1611.05,1660.4,43969,4504.0,9.76,28900.0
2020-07-02,1663.0,1697.95,1663.0,1682.7,16580,2681.0,6.18,8852.0
2020-07-03,1690.0,1739.95,1685.0,1703.6,17888,2669.0,6.7,9166.0
2020-07-06,1703.6,1735.0,1697.55,1730.5,14012,2107.0,6.65,7734.0
2020-07-07,1725.0,1739.95,1711.4,1731.3,20489,2774.0,7.39,14229.0
2020-07-08,1739.9,1743.9,1715.05,1731.15,18356,3752.0,4.89,11702.0
2020-07-09,1731.55,1794.45,1731.55,1767.35,32057,6874.0,4.66,19532.0
2020-07-10,1769.9,1799.9,1745.0,1781.8,17059,2979.0,5.73,9401.0
2020-07-13,1776.1,1809.7,1756.95,1786.55,18366,2581.0,7.12,11999.0
2020-07-14,1785.7,1785.7,1712.0,1725.85,11400,1729.0,6.59,6701.0
2020-07-15,1743.8,1767.0,1730.0,1731.7,11159,1565.0,7.13,5561.0
2020-07-16,1731.7,1749.0,1708.0,1732.5,17818,2431.0,7.33,15195.0
2020-07-17,1741.2,1748.75,1724.4,1735.45,16262,1185.0,13.72,14129.0
2020-07-20,1722.0,1746.05,1714.15,1730.65,10258,1832.0,5.6,6471.0
2020-07-21,1747.0,1747.95,1700.05,1710.55,51998,4333.0,12.0,44138.0
2020-07-22,1710.55,1780.0,1689.2,1723.65,66109,4594.0,14.39,36771.0
2020-07-23,1748.8,1799.0,1732.0,1751.05,46876,3479.0,13.47,27978.0
2020-07-24,1730.0,1747.95,1700.55,1730.9,48589,7471.0,6.5,29946.0
2020-07-27,1731.15,1753.65,1710.3,1730.05,34909,4547.0,7.68,24150.0
2020-07-28,1728.7,1739.95,1690.0,1694.9,32841,3317.0,9.9,22368.0
2020-07-29,1700.0,1713.95,1661.0,1674.85,41036,2662.0,15.42,27920.0
2020-07-30,1677.75,1727.95,1665.0,1671.7,16801,3102.0,5.42,9138.0
2020-07-31,1671.7,1700.0,1650.0,1673.8,14279,2448.0,5.83,8892.0
2020-08-03,1698.95,1738.5,1564.0,1726.55,23989,3983.0,6.02,15526.0
2020-08-04,1750.0,1850.0,1726.65,1746.95,116101,11173.0,10.39,21033.0
2020-08-05,1760.0,1769.7,1700.0,1707.4,14971,2284.0,6.55,8454.0
2020-08-06,1715.95,1729.0,1700.0,1711.9,10489,1798.0,5.83,5350.0
2020-08-07,1710.0,1749.0,1710.0,1730.2,45638,2235.0,20.42,38942.0
2020-08-10,1748.5,1765.0,1735.55,1744.6,33239,2717.0,12.23,26511.0
2020-08-11,1768.0,1768.0,1710.0,1733.25,16841,3300.0,5.1,8138.0
2020-08-12,1733.3,1750.0,1716.65,1730.05,15664,3152.0,4.97,11089.0
2020-08-13,1730.05,1778.0,1730.0,1746.4,32572,3665.0,8.89,24845.0
2020-08-14,1750.0,1766.0,1706.0,1722.6,21429,2486.0,8.62,15725.0
2020-08-17,1723.3,1740.0,1710.05,1718.55,6121,1188.0,5.15,3761.0
2020-08-18,1727.15,1730.0,1710.0,1726.85,46231,6886.0,6.71,40465.0
2020-08-19,1727.0,1779.0,1727.0,1749.35,71378,6061.0,11.78,55698.0
2020-08-20,1749.8,1800.0,1740.05,1795.65,90531,6981.0,12.97,68830.0
2020-08-21,1800.0,1839.1,1780.0,1788.2,32436,4282.0,7.57,18206.0
2020-08-24,1810.0,1859.75,1802.75,1838.9,53439,6942.0,7.7,24982.0
2020-08-25,1848.0,1900.0,1815.0,1837.35,55332,9046.0,6.12,28128.0
2020-08-26,1821.9,1908.0,1821.9,1874.95,51033,7088.0,7.2,28162.0
2020-08-27,1896.55,1911.0,1840.0,1849.2,32872,4859.0,6.77,18821.0
2020-08-28,1842.0,1886.4,1842.0,1867.7,41432,5915.0,7.0,28050.0
2020-08-31,1867.8,1875.0,1705.65,1750.65,42834,6700.0,6.39,28740.0
2020-09-01,1766.5,1860.0,1766.5,1816.3,51421,9679.0,5.31,27586.0
2020-09-02,1826.05,1872.0,1791.75,1822.65,24105,3357.0,7.18,12395.0
2020-09-03,1823.0,1848.45,1809.0,1811.65,15783,2360.0,6.69,9356.0
2020-09-04,1798.4,1834.0,1735.55,1760.15,57000,5273.0,10.81,37006.0
2020-09-07,1760.25,1799.0,1739.0,1792.25,36771,3776.0,9.74,27256.0
2020-09-08,1779.95,1833.95,1771.2,1789.35,88868,3577.0,24.84,73996.0
2020-09-09,1804.95,1827.0,1750.0,1768.95,63276,9289.0,6.81,39331.0
2020-09-10,1779.2,1812.5,1768.0,1781.0,55558,5669.0,9.8,40949.0
2020-09-11,1798.4,1811.4,1780.2,1790.55,40161,4841.0,8.3,22284.0
2020-09-14,1793.0,1848.75,1770.0,1773.4,53613,8759.0,6.12,35090.0
2020-09-15,1776.35,1860.0,1776.35,1823.85,75183,8134.0,9.24,43487.0
2020-09-16,1849.0,1849.95,1804.8,1822.2,19000,5084.0,3.74,12654.0
2020-09-17,1820.7,1825.85,1758.0,1767.25,24441,4803.0,5.09,17058.0
2020-09-18,1792.7,1838.4,1705.0,1725.35,310169,15880.0,19.53,260207.0
2020-09-21,1739.0,1769.0,1716.55,1740.15,13693,3247.0,4.22,7015.0
2020-09-22,1742.0,1790.0,1720.0,1781.2,24398,3248.0,7.51,10681.0
2020-09-23,1790.0,1790.0,1741.0,1750.3,5047,1370.0,3.68,2104.0
2020-09-24,1750.0,1760.0,1700.0,1714.45,10305,2277.0,4.53,5834.0
2020-09-25,1722.75,1759.85,1700.0,1709.45,24770,3999.0,6.19,11182.0
2020-09-28,1730.0,1758.0,1712.3,1750.35,20085,3907.0,5.14,11688.0
2020-09-29,1750.35,1784.25,1726.05,1772.95,38705,2391.0,16.19,15908.0
2020-09-30,1780.0,1793.75,1760.0,1780.3,15259,2370.0,6.44,8540.0
2020-10-01,1788.7,1824.95,1786.65,1799.55,10289,2180.0,4.72,6385.0
2020-10-05,1799.55,1810.0,1732.6,1751.35,10358,1986.0,5.22,5058.0
2020-10-06,1760.0,1771.0,1717.4,1736.7,13366,2077.0,6.44,5441.0
2020-10-07,1745.0,1771.45,1709.0,1732.0,10607,1779.0,5.96,5233.0
2020-10-08,1749.0,1774.95,1749.0,1756.95,11028,1790.0,6.16,6393.0
2020-10-09,1770.0,1774.5,1741.95,1758.75,6829,1583.0,4.31,2531.0
2020-10-12,1760.0,1770.95,1735.05,1744.25,2807,687.0,4.09,1547.0
2020-10-13,1745.0,1745.05,1690.0,1727.55,90310,4530.0,19.94,73516.0
2020-10-14,1730.0,1754.95,1709.0,1746.25,29087,3570.0,8.15,10916.0
2020-10-15,1760.0,1763.75,1732.3,1742.0,6780,1746.0,3.88,3731.0
2020-10-16,1748.0,1790.0,1736.25,1787.65,32957,4238.0,7.78,21481.0
2020-10-19,1790.0,1875.0,1787.8,1863.15,48633,4979.0,9.77,20328.0
2020-10-20,1863.15,1893.95,1844.0,1870.8,19280,4220.0,4.57,6783.0
2020-10-21,1874.0,1879.95,1819.6,1834.85,56530,4463.0,12.67,40793.0
2020-10-22,1825.0,1947.5,1825.0,1930.6,84607,7589.0,11.15,60072.0
2020-10-23,1930.0,1975.0,1914.95,1946.75,67146,5508.0,12.19,29746.0
2020-10-26,1946.75,1946.75,1914.05,1924.6,13457,2769.0,4.86,6459.0
2020-10-27,1919.95,1955.0,1916.35,1949.75,48268,3797.0,12.71,26312.0
2020-10-28,1950.0,1960.0,1910.0,1950.0,18753,2422.0,7.74,11373.0
2020-10-29,1950.0,2069.0,1931.8,2062.05,197371,18955.0,10.41,83023.0
2020-10-30,2051.3,2123.9,2035.0,2064.8,74036,8113.0,9.13,19818.0
2020-11-02,2075.0,2124.0,2013.95,2050.35,96970,7286.0,13.31,57525.0
2020-11-03,2051.0,2070.0,1982.7,2006.2,25181,2732.0,9.22,15171.0
2020-11-04,2012.75,2039.45,1945.0,1954.75,30365,3713.0,8.18,6386.0
2020-11-05,1961.0,2010.0,1961.0,1998.25,28019,2773.0,10.1,18993.0
2020-11-06,1990.1,2033.0,1920.1,1996.8,36185,3360.0,10.77,21012.0
2020-11-09,2006.65,2019.0,1940.05,1959.7,15918,2439.0,6.53,6713.0
2020-11-10,1961.0,1988.4,1950.0,1965.1,28614,1686.0,16.97,21315.0
2020-11-11,1960.45,1961.8,1907.05,1922.6,20464,3583.0,5.71,12270.0
2020-11-12,1939.95,1965.0,1922.6,1951.45,34569,8385.0,4.12,25401.0
2020-11-13,1925.0,1984.0,1911.0,1964.1,20035,2402.0,8.34,11654.0
2020-11-14,1988.0,1990.05,1965.0,1977.25,3207,548.0,5.85,2310.0
2020-11-17,1980.1,2028.0,1980.0,2022.6,43700,3305.0,13.22,35597.0
2020-11-18,2015.0,2054.7,1982.65,2046.55,65175,5737.0,11.36,47663.0
2020-11-19,2045.8,2065.0,1988.1,2027.2,80189,4555.0,17.6,59645.0
2020-11-20,2027.2,2037.5,1991.0,2000.65,43539,3592.0,12.12,35380.0
2020-11-23,2001.0,2041.0,1976.65,1990.35,45942,4614.0,9.96,36204.0
2020-11-24,1992.05,2020.0,1983.25,2002.6,55072,2823.0,19.51,48399.0
2020-11-25,2009.85,2015.0,1980.0,1999.95,51611,2419.0,21.34,41624.0
2020-11-26,1987.3,2020.0,1972.0,1985.15,37758,1518.0,24.87,32007.0
2020-11-27,1982.8,1998.35,1966.0,1975.2,57559,2005.0,28.71,50063.0
2020-12-01,1993.7,2010.0,1961.15,2000.35,33907,5381.0,6.3,20050.0
2020-12-02,2014.9,2014.9,1960.0,1978.7,33528,3084.0,10.87,13827.0
2020-12-03,1979.8,1993.95,1945.25,1955.4,18168,2897.0,6.27,9875.0
2020-12-04,1956.05,1965.15,1936.0,1939.65,14660,2412.0,6.08,9491.0
2020-12-07,1950.0,1975.0,1941.65,1970.15,26563,3912.0,6.79,15994.0
2020-12-08,1974.0,2000.0,1967.05,1982.25,31016,3513.0,8.83,19603.0
2020-12-09,1995.0,1996.0,1964.9,1971.8,23097,1962.0,11.77,14390.0
2020-12-10,1979.0,1987.05,1930.6,1940.25,12349,1630.0,7.58,4949.0
2020-12-11,1940.25,1964.9,1920.05,1929.15,25387,2502.0,10.15,14699.0
2020-12-14,1946.85,1946.85,1907.15,1919.5,21838,3218.0,6.79,12772.0
2020-12-15,1929.05,1929.1,1892.0,1896.5,17718,2418.0,7.33,8648.0
2020-12-16,1905.85,1915.0,1889.2,1899.6,18679,2275.0,8.21,12012.0
2020-12-17,1909.1,1915.0,1890.75,1896.6,11170,2539.0,4.4,7716.0
2020-12-18,1896.6,1910.0,1890.0,1898.05,13521,2789.0,4.85,9720.0
2020-12-21,1907.55,1929.0,1870.0,1898.65,35158,5882.0,5.98,21171.0
2020-12-22,1890.0,1900.0,1871.0,1890.15,21387,3356.0,6.37,15670.0
2020-12-23,1890.05,1930.5,1890.05,1896.35,18305,2229.0,8.21,6406.0
2020-12-24,1914.0,1922.0,1894.65,1897.05,10263,995.0,10.31,7334.0
2020-12-28,1920.0,1928.0,1902.0,1904.35,10007,1359.0,7.36,5208.0
2020-12-29,1925.0,1930.0,1892.5,1898.2,13192,1670.0,7.9,8863.0
2020-12-30,1907.7,1922.65,1895.0,1918.65,7494,1275.0,5.88,4193.0
2020-12-31,1918.65,1950.7,1906.25,1921.55,36559,4000.0,9.14,24380.0
2021-01-01,1933.0,1960.0,1905.0,1915.5,27639,2898.0,9.54,11598.0
2021-01-04,1928.8,1952.0,1918.0,1941.55,24481,3517.0,6.96,12949.0
2021-01-05,1941.55,1944.7,1922.05,1934.4,12640,2741.0,4.61,9031.0
2021-01-06,1944.1,1949.95,1900.0,1913.75,34330,3962.0,8.66,25832.0
2021-01-07,1935.0,1960.0,1920.0,1946.35,37382,3097.0,12.07,26452.0
2021-01-08,1964.0,1972.0,1940.0,1956.35,19095,3382.0,5.65,12093.0
2021-01-11,1961.0,1984.9,1939.85,1950.0,32628,6352.0,5.14,17483.0
2021-01-12,1959.95,1959.95,1922.25,1933.8,14481,2728.0,5.31,7230.0
2021-01-13,1931.1,1948.4,1918.05,1927.85,25603,3566.0,7.18,8803.0
2021-01-14,1927.85,1946.0,1925.0,1939.25,26248,1427.0,18.39,22887.0
2021-01-15,1945.0,1945.0,1910.0,1917.65,28014,5901.0,4.75,19556.0
2021-01-18,1920.0,1930.0,1890.0,1907.05,15776,3180.0,4.96,8377.0
2021-01-19,1915.0,1929.0,1907.0,1920.6,16421,4591.0,3.58,10954.0
2021-01-20,1928.2,1960.0,1921.0,1926.1,34962,6404.0,5.46,22513.0
2021-01-21,1935.0,1970.0,1910.0,1916.2,16212,3178.0,5.1,9349.0
2021-01-22,1910.0,1938.95,1906.55,1920.6,13004,2327.0,5.59,8650.0
2021-01-25,1922.45,1935.0,1890.65,1913.65,8851,2164.0,4.09,3983.0
2021-01-27,1915.0,1929.95,1869.5,1899.75,30260,4321.0,7.0,15802.0
2021-01-28,1871.05,1930.0,1871.05,1900.25,16260,2990.0,5.44,9044.0
2021-01-29,1909.8,1924.0,1886.0,1901.5,10438,2115.0,4.94,6535.0
2021-02-01,1881.05,1930.0,1881.05,1919.7,17235,7324.0,2.35,9707.0
2021-02-02,1920.0,1956.0,1917.35,1935.85,14368,2579.0,5.57,7237.0
2021-02-03,1949.0,1968.45,1918.0,1923.7,28800,3832.0,7.52,10305.0
2021-02-04,1937.8,1940.0,1908.3,1921.7,75077,2456.0,30.57,67482.0
2021-02-05,1931.0,1952.8,1911.65,1921.05,11274,2427.0,4.65,5499.0
2021-02-08,1930.7,1959.0,1930.0,1945.9,14474,3814.0,3.79,7825.0
2021-02-09,1959.95,1989.9,1940.0,1947.7,41374,3004.0,13.77,24362.0
2021-02-10,1958.0,1960.0,1915.2,1920.0,41331,2431.0,17.0,36082.0
2021-02-11,1928.0,1934.85,1884.05,1900.65,16669,2753.0,6.05,9444.0
2021-02-12,1921.05,1989.0,1920.0,1945.55,152603,12195.0,12.51,79408.0
2021-02-15,1994.0,2037.4,1984.5,2020.8,94399,8269.0,11.42,42003.0
2021-02-16,2031.0,2049.0,2000.1,2007.85,47660,4927.0,9.67,25833.0
2021-02-17,2015.0,2017.9,1949.0,1960.65,11433,1889.0,6.05,5824.0
2021-02-18,1960.05,1980.0,1911.25,1923.35,17392,2106.0,8.26,9273.0
2021-02-19,1928.8,1970.0,1920.0,1957.4,29150,3990.0,7.31,13305.0
2021-02-22,1956.0,1967.2,1911.3,1928.45,13097,2652.0,4.94,4899.0
2021-02-23,1935.0,1938.1,1901.1,1922.05,18224,6167.0,2.96,9896.0
2021-02-24,1935.0,1960.0,1930.05,1951.35,8723,1343.0,6.5,5723.0
2021-02-25,1958.0,1980.0,1951.35,1966.7,24540,3113.0,7.88,6854.0
2021-02-26,1948.8,1964.95,1925.0,1946.8,13097,2908.0,4.5,7378.0
2021-03-01,1950.0,1958.0,1919.05,1924.95,11148,2405.0,4.64,5967.0
2021-03-02,1940.0,1945.75,1915.0,1922.6,31008,2350.0,13.19,25562.0
2021-03-03,1932.7,1935.0,1912.0,1922.55,83423,2430.0,34.33,68307.0
2021-03-04,1925.0,1934.0,1900.0,1905.15,20998,3060.0,6.86,12681.0
2021-03-05,1905.15,1924.5,1869.95,1885.25,27206,3408.0,7.98,19991.0
2021-03-08,1885.25,1928.7,1842.35,1909.65,216147,7591.0,28.47,189642.0
2021-03-09,1928.0,1953.3,1902.2,1925.15,61794,8769.0,7.05,24473.0
2021-03-10,1890.0,1948.0,1890.0,1919.85,29496,4194.0,7.03,17689.0
2021-03-12,1929.45,1940.0,1900.0,1912.95,14261,2712.0,5.26,9845.0
2021-03-15,1920.0,1937.55,1898.0,1904.25,9520,1730.0,5.5,4891.0
2021-03-16,1913.8,1935.0,1907.0,1921.4,67177,2530.0,26.55,60399.0
2021-03-17,1925.0,1925.0,1892.0,1915.6,61374,2135.0,28.75,54856.0
2021-03-18,1918.0,1937.35,1889.2,1910.35,8332,2207.0,3.78,4137.0
2021-03-19,1900.35,1967.8,1869.05,1943.65,41234,7342.0,5.62,16612.0
2021-03-22,1960.0,1967.1,1915.25,1958.3,13845,2003.0,6.91,6580.0
2021-03-23,1969.9,2034.0,1934.95,1952.3,42226,5526.0,7.64,11293.0
2021-03-24,1957.75,2039.0,1925.5,1937.15,59032,8321.0,7.09,9180.0
2021-03-25,1939.95,1947.3,1892.0,1922.8,13192,2192.0,6.02,4824.0
2021-03-26,1927.0,1945.0,1872.0,1883.2,22125,3793.0,5.83,10366.0
2021-03-30,1890.0,1898.05,1871.2,1888.7,19071,3033.0,6.29,10805.0
2021-03-31,1881.9,1901.0,1822.6,1839.0,29013,5465.0,5.31,20137.0
2021-04-01,1848.7,1869.85,1781.3,1788.95,63031,6140.0,10.27,39847.0
2021-04-05,1810.0,1857.2,1766.0,1778.2,42436,7414.0,5.72,19410.0
2021-04-06,1787.6,1815.0,1741.0,1750.95,61040,8636.0,7.07,31577.0
2021-04-07,1760.0,1880.0,1754.6,1835.4,95127,11824.0,8.05,20478.0
2021-04-08,1852.0,1864.5,1796.15,1805.2,42854,7465.0,5.74,21722.0
2021-04-09,1812.0,1849.95,1812.0,1842.45,20090,3345.0,6.01,9414.0
2021-04-12,1847.0,1847.0,1759.25,1812.65,23909,3389.0,7.05,11807.0
2021-04-13,1848.0,1859.8,1807.05,1854.3,15114,3440.0,4.39,6681.0
2021-04-15,1853.3,1917.0,1839.3,1899.25,54941,8310.0,6.61,26607.0
2021-04-16,1917.0,1917.0,1849.0,1864.5,13716,2864.0,4.79,6311.0
2021-04-19,1884.0,1923.7,1825.05,1860.65,57401,6730.0,8.53,14551.0
2021-04-20,1889.0,1905.25,1811.0,1827.05,39192,5794.0,6.76,10363.0
2021-04-22,1829.8,1874.0,1815.0,1855.35,18040,3510.0,5.14,7085.0
2021-04-23,1858.8,1898.6,1840.55,1890.8,30473,4287.0,7.11,14411.0
2021-04-26,1891.0,1894.1,1864.0,1870.9,12554,1935.0,6.49,4710.0
2021-04-27,1870.0,1900.0,1861.5,1874.2,15073,3864.0,3.9,7605.0
2021-04-28,1890.0,1897.95,1865.0,1886.85,14362,2309.0,6.22,9619.0
2021-04-29,1855.0,1894.0,1835.1,1847.9,17178,2724.0,6.31,9045.0
2021-04-30,1824.0,1875.5,1824.0,1859.05,28472,5143.0,5.54,13735.0
2021-05-03,1838.0,1900.0,1838.0,1894.2,18016,3572.0,5.04,9872.0
2021-05-04,1902.0,1924.7,1895.0,1903.05,19772,3625.0,5.45,11279.0
2021-05-05,1900.0,1900.0,1878.0,1889.0,10426,2160.0,4.83,7037.0
2021-05-06,1905.0,1905.0,1875.0,1883.7,19525,1331.0,14.67,17125.0
2021-05-07,1871.35,1884.05,1846.35,1853.2,11371,1974.0,5.76,5974.0
2021-05-10,1853.2,1908.0,1853.15,1897.5,29926,4425.0,6.76,22123.0
2021-05-11,1898.0,1912.0,1887.45,1906.9,9535,1775.0,5.37,5692.0
2021-05-12,1910.0,1946.9,1896.5,1919.85,20621,3765.0,5.48,10281.0
2021-05-14,1939.3,1955.0,1881.75,1900.6,21459,3145.0,6.82,7096.0
2021-05-17,1901.1,1931.95,1900.6,1916.85,9258,1808.0,5.12,5840.0
2021-05-18,1919.7,1950.0,1918.1,1940.65,26514,3539.0,7.49,16201.0
2021-05-19,1933.5,1944.0,1921.95,1930.85,9440,1790.0,5.27,5200.0
2021-05-20,1935.0,1936.35,1895.05,1910.4,9376,1871.0,5.01,4655.0
2021-05-21,1911.0,1920.0,1895.0,1902.75,12430,2417.0,5.14,5639.0
2021-05-24,1906.0,1944.0,1900.1,1920.55,24787,3202.0,7.74,16797.0
2021-05-25,1919.0,1937.2,1900.0,1910.25,56499,3263.0,17.32,48503.0
2021-05-26,1915.0,1918.0,1894.05,1906.8,43565,3345.0,13.02,34413.0
2021-05-27,1912.0,1950.0,1903.95,1942.5,25508,2847.0,8.96,16092.0
2021-05-28,1945.35,1972.05,1915.0,1922.65,15148,2800.0,5.41,5230.0
2021-05-31,1940.0,1959.95,1930.0,1938.75,10181,1480.0,6.88,5779.0
2021-06-01,1945.0,1965.0,1934.85,1950.35,12629,1762.0,7.17,8843.0
2021-06-02,1959.0,2015.0,1941.0,2000.15,136101,5076.0,26.81,120317.0
2021-06-03,2030.0,2169.0,2025.0,2042.8,363241,29707.0,12.23,75200.0
2021-06-04,2052.0,2080.45,2009.0,2018.55,47212,5308.0,8.89,15452.0
2021-06-07,2030.0,2045.7,1976.35,2038.65,37665,5106.0,7.38,14459.0
2021-06-08,2045.8,2185.75,2040.5,2160.05,166311,15165.0,10.97,59891.0
2021-06-09,2189.0,2485.0,2165.15,2353.25,390844,33211.0,11.77,78150.0
2021-06-10,2344.0,2378.95,2285.6,2307.4,130490,14440.0,9.04,30976.0
2021-06-11,2312.25,2421.1,2292.4,2401.6,162571,16155.0,10.06,47646.0
2021-06-14,2366.2,2390.0,2236.0,2376.0,132909,11483.0,11.57,49967.0
2021-06-15,2399.0,2517.95,2373.0,2472.95,141917,14614.0,9.71,29408.0
2021-06-16,2472.95,2565.0,2401.6,2442.3,128072,13095.0,9.78,21723.0
2021-06-17,2430.85,2485.3,2419.85,2457.65,53718,7931.0,6.77,11622.0
2021-06-18,2461.0,2598.0,2461.0,2564.85,147163,15284.0,9.63,28067.0
2021-06-21,2592.0,2779.0,2575.0,2746.5,422438,33599.0,12.57,74634.0
2021-06-22,2754.55,2898.85,2754.55,2844.6,172090,18590.0,9.26,47871.0
2021-06-23,2885.0,2969.95,2776.0,2882.3,94712,9301.0,10.18,31716.0
2021-06-24,2890.0,2928.7,2777.7,2804.5,37695,6606.0,5.71,19175.0
2021-06-25,2822.9,2836.9,2625.0,2648.15,63537,8797.0,7.22,37546.0
2021-06-28,2654.6,2695.6,2564.4,2579.4,38111,5113.0,7.45,19075.0
2021-06-29,2595.4,2649.95,2513.6,2571.9,37343,5925.0,6.3,14469.0
2021-06-30,2587.9,2614.0,2516.8,2539.35,24964,3797.0,6.57,12738.0
2021-07-01,2542.0,2590.0,2530.25,2573.9,16025,2653.0,6.04,7784.0
2021-07-02,2590.0,2680.4,2575.0,2674.75,47507,6497.0,7.31,25809.0
2021-07-05,2698.0,2743.0,2675.0,2693.15,16831,3514.0,4.79,9833.0
2021-07-06,2724.0,2760.0,2700.0,2716.2,24675,3074.0,8.03,15425.0
2021-07-07,2724.1,2750.0,2625.25,2662.45,17709,3368.0,5.26,9454.0
2021-07-08,2681.8,2694.95,2572.4,2624.85,13625,2908.0,4.69,7185.0
2021-07-09,2630.0,2674.9,2593.05,2638.4,11445,1790.0,6.39,7598.0
2021-07-12,2670.0,2710.0,2642.0,2649.95,10891,2652.0,4.11,7082.0
2021-07-13,2680.0,2800.0,2625.0,2729.05,48139,5906.0,8.15,21215.0
2021-07-14,2749.0,2859.95,2635.25,2675.5,117922,16955.0,6.95,74715.0
2021-07-15,2669.0,2715.0,2653.0,2695.7,45166,7771.0,5.81,32279.0
2021-07-16,2717.0,2778.7,2695.0,2750.5,35820,6451.0,5.55,19729.0
2021-07-19,2750.0,3210.0,2739.0,3100.7,1029256,88561.0,11.62,104740.0
2021-07-20,3199.0,3330.0,2906.1,3004.15,708940,67015.0,10.58,68030.0
2021-07-22,3049.85,3239.9,3029.65,3138.7,502143,52800.0,9.51,57039.0
2021-07-23,3166.3,3227.0,2982.0,3053.55,245698,29296.0,8.39,54637.0
2021-07-26,3079.7,3095.65,2980.0,3019.45,89209,11045.0,8.08,15653.0
2021-07-27,3039.35,3067.45,2920.05,2948.65,57188,9134.0,6.26,21932.0
2021-07-28,2960.0,2982.7,2820.0,2858.6,136071,13216.0,10.3,62652.0
2021-07-29,2880.6,2920.95,2802.25,2831.35,57965,9132.0,6.35,16081.0
2021-07-30,2848.2,2861.15,2751.2,2787.65,75463,12018.0,6.28,39018.0
2021-08-02,2805.2,3020.2,2805.2,2996.8,209175,23372.0,8.95,35176.0
2021-08-03,2990.0,3062.3,2950.0,3017.55,80094,9811.0,8.16,20061.0
2021-08-04,3032.55,3051.7,2841.1,2895.75,162151,17315.0,9.36,75905.0
2021-08-05,2910.0,2910.0,2795.0,2811.05,114083,8501.0,13.42,80992.0
2021-08-06,2811.05,2878.0,2785.0,2845.1,58285,7645.0,7.62,17186.0
2021-08-09,2869.25,2875.0,2752.0,2768.2,41616,6692.0,6.22,17050.0
2021-08-10,2780.0,2796.45,2655.05,2667.35,106145,11935.0,8.89,61482.0
2021-08-11,2684.0,2729.2,2560.0,2576.85,110754,14263.0,7.77,48892.0
2021-08-12,2597.25,2636.85,2560.0,2568.7,70515,10949.0,6.44,30355.0
2021-08-13,2576.6,2596.6,2530.0,2543.6,60356,7457.0,8.09,22359.0
2021-08-16,2480.0,2560.0,2425.2,2515.3,383808,19844.0,19.34,270827.0
2021-08-17,2559.0,2750.0,2521.35,2663.35,339762,29831.0,11.39,42757.0
2021-08-18,2674.6,2740.0,2666.15,2689.55,93874,9522.0,9.86,17768.0
2021-08-20,2604.0,2680.45,2604.0,2632.05,38463,5493.0,7.0,10314.0
2021-08-23,2660.0,2689.9,2502.0,2554.5,43301,6601.0,6.56,14738.0
2021-08-24,2575.25,2630.0,2500.0,2596.25,36715,5600.0,6.56,7861.0
2021-08-25,2595.0,2767.0,2590.0,2746.05,123278,17092.0,7.21,32155.0
2021-08-26,2787.3,2860.0,2701.3,2736.5,120651,14299.0,8.44,27192.0
2021-08-27,2745.0,2840.0,2701.0,2795.4,86713,11855.0,7.31,27591.0
2021-08-30,2834.85,2879.95,2750.0,2769.8,51262,8357.0,6.13,16245.0
2021-08-31,2782.75,2815.0,2702.65,2729.9,43117,7205.0,5.98,16296.0
2021-09-01,2742.0,2774.95,2715.9,2743.1,36099,6785.0,5.32,10622.0
2021-09-02,2740.0,2850.0,2737.35,2828.15,84981,14909.0,5.7,41923.0
2021-09-03,2852.25,2885.0,2790.0,2813.1,41764,6168.0,6.77,13512.0
2021-09-06,2820.0,2864.95,2775.0,2791.85,33788,5360.0,6.3,11564.0
2021-09-07,2810.0,2829.05,2751.0,2795.3,21302,4558.0,4.67,5810.0
2021-09-08,2805.25,2806.8,2763.75,2795.35,20978,4509.0,4.65,6463.0
2021-09-09,2799.2,2850.0,2798.4,2821.35,31849,5322.0,5.98,10453.0
2021-09-13,2821.35,2848.0,2796.85,2816.75,27288,5552.0,4.91,9754.0
2021-09-14,2841.7,2844.25,2780.65,2797.1,29012,6237.0,4.65,13465.0
2021-09-15,2819.8,2855.0,2775.0,2789.8,27281,5734.0,4.76,9803.0
2021-09-16,2815.0,2869.0,2770.0,2819.2,41556,7750.0,5.36,12498.0
2021-09-17,2800.2,2956.0,2800.2,2912.2,218143,25745.0,8.47,66916.0
2021-09-20,2954.9,2960.0,2801.25,2878.45,53637,8854.0,6.06,16387.0
2021-09-21,2920.0,2920.0,2808.75,2877.2,27604,5949.0,4.64,7416.0
2021-09-22,2897.25,2950.0,2840.05,2915.75,29755,5277.0,5.64,12363.0
2021-09-23,2915.8,2968.25,2875.0,2890.95,37739,6833.0,5.52,14770.0
2021-09-24,2894.9,2926.25,2841.0,2862.4,23162,4751.0,4.88,9839.0
2021-09-27,2866.0,2884.95,2780.0,2786.85,32453,7531.0,4.31,15211.0
2021-09-28,2789.4,2792.95,2706.0,2723.1,41083,11881.0,3.46,21085.0
2021-09-29,2710.0,2749.0,2703.45,2713.05,14328,3517.0,4.07,5803.0
2021-09-30,2717.9,2772.7,2687.1,2718.3,27193,7201.0,3.78,7480.0
2021-10-01,2703.25,2790.15,2702.25,2753.1,36550,5331.0,6.86,18244.0
2021-10-04,2755.0,2920.0,2755.0,2847.2,46095,8195.0,5.62,23675.0
2021-10-05,2843.0,2895.2,2811.95,2869.85,23626,4648.0,5.08,9279.0
2021-10-06,2870.0,2935.15,2822.6,2890.0,69227,6997.0,9.89,39589.0
2021-10-07,2880.05,2925.0,2830.0,2911.2,22524,4254.0,5.29,9527.0
2021-10-08,2920.0,2935.2,2862.65,2926.45,21662,4006.0,5.41,8952.0
2021-10-11,2925.0,3016.6,2883.0,2998.6,71403,8940.0,7.99,37500.0
2021-10-12,3020.9,3069.0,2962.65,3014.25,42670,8289.0,5.15,19022.0
2021-10-13,3020.0,3035.05,2930.95,2950.1,30719,6612.0,4.65,14214.0
2021-10-14,2979.55,3009.5,2921.95,2978.9,16782,4619.0,3.63,7347.0
2021-10-18,3000.0,3045.0,2960.0,2977.0,34198,6606.0,5.18,20451.0
2021-10-19,2987.7,3020.0,2910.0,2936.55,22937,5499.0,4.17,9472.0
2021-10-20,2936.55,2976.0,2801.0,2925.05,23980,7276.0,3.3,8288.0
2021-10-21,2922.4,2922.45,2736.0,2810.3,177247,19181.0,9.24,111468.0
2021-10-22,2810.3,2867.55,2782.0,2819.55,18032,4497.0,4.01,5704.0
2021-10-25,2819.6,2947.45,2760.0,2887.4,33517,8175.0,4.1,9697.0
2021-10-26,2928.0,2928.0,2820.0,2839.75,27287,4236.0,6.44,10172.0
2021-10-27,2852.0,2905.0,2799.0,2819.2,14009,3630.0,3.86,5328.0
2021-10-28,2833.3,2889.2,2772.0,2794.3,9467,2721.0,3.48,3415.0
2021-10-29,2789.0,2819.85,2743.25,2802.0,13560,3894.0,3.48,5312.0
2021-11-01,2809.0,2825.0,2790.0,2801.85,7061,2082.0,3.39,3821.0
2021-11-02,2801.85,2869.0,2801.85,2829.5,13969,3529.0,3.96,6223.0
2021-11-03,2829.5,2875.0,2793.75,2820.8,11733,3424.0,3.43,5569.0
2021-11-04,2833.5,2910.0,2830.0,2880.65,8235,3424.0,2.41,5569.0
2021-11-08,2895.1,3019.0,2881.05,2931.35,61472,9318.0,6.6,33899.0
2021-11-09,2960.0,2998.7,2931.35,2953.6,26452,4633.0,5.71,10272.0
2021-11-10,2949.0,3000.0,2861.75,2871.4,39366,6013.0,6.55,13303.0
2021-11-11,2960.0,3225.0,2928.1,3142.65,746882,67767.0,11.02,141063.0
2021-11-12,3140.0,3275.0,3100.0,3175.35,309193,34478.0,8.97,53042.0
2021-11-15,3235.0,3305.05,3200.0,3228.15,148096,20299.0,7.3,39785.0
2021-11-16,3262.0,3386.0,3230.0,3291.25,186554,23577.0,7.91,47381.0
2021-11-17,3299.95,3498.0,3278.55,3392.65,205558,26559.0,7.74,40210.0
2021-11-18,3432.0,3482.15,3152.3,3232.7,108748,19474.0,5.58,27893.0
2021-11-22,3249.8,3334.9,3131.0,3202.4,94514,22548.0,4.19,14107.0
2021-11-23,3195.0,3311.95,3155.0,3248.1,45931,10339.0,4.44,9809.0
2021-11-24,3264.35,3328.35,3182.95,3216.3,35008,9794.0,3.57,8739.0
2021-11-25,3239.6,3248.65,3110.0,3136.05,33521,6811.0,4.92,10628.0
2021-11-26,3131.7,3214.95,3091.4,3131.4,48324,11431.0,4.23,18176.0
2021-11-29,3084.4,3120.0,2948.05,3026.05,208841,14275.0,14.63,163289.0
2021-11-30,3050.0,3218.0,3050.0,3115.85,98023,19460.0,5.04,37046.0
2021-12-01,3120.0,3199.8,3097.0,3109.75,33369,7158.0,4.66,10424.0
2021-12-02,3124.95,3160.8,3080.0,3100.55,24134,6155.0,3.92,9209.0
2021-12-03,3115.0,3143.95,2983.6,3008.9,48873,9587.0,5.1,20391.0
2021-12-06,3015.0,3047.3,2862.4,2906.75,260853,13023.0,20.03,185222.0
2021-12-07,2999.35,3099.8,2953.05,3056.95,120189,18435.0,6.52,37676.0
2021-12-08,3130.1,3140.0,3050.0,3066.65,138290,11717.0,11.8,95168.0
2021-12-09,3042.4,3115.0,3031.25,3054.65,37497,7085.0,5.29,11331.0
2021-12-10,3098.0,3140.65,3051.0,3066.65,44408,7115.0,6.24,13678.0
2021-12-13,3100.0,3148.0,3058.7,3099.9,128505,7685.0,16.72,101103.0
2021-12-14,3065.0,3074.75,3013.05,3025.25,24869,4996.0,4.98,11088.0
2021-12-15,3042.0,3089.0,3020.0,3025.75,48082,7026.0,6.84,24918.0
2021-12-16,3058.0,3080.0,2998.45,3028.85,18643,3286.0,5.67,5524.0
2021-12-17,3033.0,3045.55,2990.0,3000.35,24984,3957.0,6.31,12381.0
2021-12-20,2985.0,2985.05,2862.0,2905.1,19941,4909.0,4.06,8156.0
2021-12-21,2913.0,2990.0,2913.0,2977.2,15596,3388.0,4.6,5828.0
2021-12-22,3030.0,3096.0,2981.4,3017.4,43065,8481.0,5.08,18676.0
2021-12-23,3070.0,3085.35,3019.0,3028.3,30139,5206.0,5.79,17375.0
2021-12-24,3048.0,3048.0,2973.95,2998.75,12206,2841.0,4.3,4083.0
2021-12-27,2998.75,2999.0,2960.0,2966.0,10261,2364.0,4.34,4669.0
2021-12-28,2990.0,2995.0,2941.1,2958.65,18231,3031.0,6.01,10189.0
2021-12-29,2974.0,2993.25,2915.05,2940.95,60678,2892.0,20.98,52606.0
2021-12-30,2948.0,2963.95,2903.0,2912.9,10633,2538.0,4.19,4772.0
2021-12-31,2927.5,2936.45,2878.0,2884.45,57010,5580.0,10.22,43897.0
2022-01-03,2890.0,2921.55,2874.05,2879.75,22036,3575.0,6.16,10454.0
2022-01-04,2898.0,2920.0,2857.6,2880.3,168434,4907.0,34.33,154522.0
2022-01-05,2888.0,2943.95,2871.4,2884.8,109289,7692.0,14.21,71113.0
2022-01-06,2875.0,2899.6,2848.9,2871.6,21320,4180.0,5.1,11869.0
2022-01-07,2865.0,2925.0,2831.1,2846.65,53137,9728.0,5.46,24070.0
2022-01-10,2860.0,2860.0,2820.0,2832.1,18577,4395.0,4.23,6885.0
2022-01-11,2832.1,2895.0,2830.5,2882.55,30809,8046.0,3.83,14656.0
2022-01-12,2923.0,2949.0,2900.0,2942.1,33101,6305.0,5.25,17228.0
2022-01-13,2960.0,2971.0,2911.15,2944.65,19950,4721.0,4.23,10063.0
2022-01-14,2959.4,2998.95,2932.0,2982.85,32140,5022.0,6.4,18769.0
2022-01-17,2985.0,3014.95,2942.0,3001.75,37991,5364.0,7.08,21706.0
2022-01-18,3035.0,3043.45,2972.0,2994.55,48825,6437.0,7.59,29176.0
2022-01-19,2992.4,2995.0,2927.5,2952.15,55670,4248.0,13.1,45817.0
2022-01-20,2966.95,3050.0,2842.0,2925.05,60160,7892.0,7.62,21904.0
2022-01-21,2840.0,2879.85,2796.15,2834.5,66719,6424.0,10.39,50586.0
2022-01-24,2840.0,2840.0,2701.4,2779.55,37301,10522.0,3.55,15688.0
2022-01-25,2750.0,2819.0,2710.0,2797.05,17220,5083.0,3.39,7161.0
2022-01-27,2706.0,2779.0,2706.0,2748.55,18543,4240.0,4.37,7903.0
2022-01-28,2749.0,2790.0,2730.05,2775.05,19212,4789.0,4.01,7371.0
2022-01-31,2800.0,2886.8,2771.2,2793.0,27658,6647.0,4.16,11268.0
2022-02-01,2807.0,2835.0,2737.0,2781.55,20295,4728.0,4.29,6914.0
2022-02-02,2800.0,2840.0,2775.15,2811.55,21336,6055.0,3.52,9866.0
2022-02-03,2810.0,2874.9,2785.0,2867.6,18202,3764.0,4.84,7996.0
2022-02-04,2874.0,2874.0,2780.0,2798.3,15371,4243.0,3.62,6174.0
2022-02-07,2805.8,2824.35,2742.65,2761.9,10859,3023.0,3.59,4526.0
2022-02-08,2764.0,2784.7,2705.0,2712.4,14081,3597.0,3.91,5477.0
2022-02-09,2726.0,2750.9,2700.1,2728.65,38401,5477.0,7.01,26237.0
2022-02-10,2730.0,2781.55,2720.0,2763.3,10388,3260.0,3.19,3211.0
2022-02-11,2755.0,2771.2,2725.55,2744.15,7970,2672.0,2.98,3092.0
2022-02-14,2633.25,2757.9,2633.25,2726.5,59154,4170.0,14.19,49215.0
2022-02-15,2730.0,2736.05,2650.0,2713.3,15664,4499.0,3.48,5928.0
2022-02-16,2910.0,2926.0,2751.25,2832.1,415412,40420.0,10.28,92550.0
2022-02-17,2816.0,2860.0,2811.05,2844.2,22209,5439.0,4.08,5143.0
2022-02-18,2816.0,2922.2,2816.0,2869.25,64041,12387.0,5.17,17749.0
2022-02-21,2825.0,2857.45,2750.25,2785.15,19562,4617.0,4.24,6023.0
2022-02-22,2700.0,2800.0,2700.0,2771.85,21094,4857.0,4.34,7725.0
2022-02-23,2758.05,2817.0,2719.3,2740.4,23077,3985.0,5.79,12183.0
2022-02-24,2692.0,2723.25,2540.0,2600.95,26249,5553.0,4.73,11254.0
2022-02-25,2610.0,2748.95,2610.0,2713.0,19894,4034.0,4.93,9088.0
2022-02-28,2675.0,2974.7,2653.6,2878.15,45675,8463.0,5.4,15303.0
2022-03-02,2835.0,2875.0,2765.0,2784.45,31948,6729.0,4.75,13030.0
2022-03-03,2805.0,2835.9,2751.0,2792.4,55438,11370.0,4.88,25693.0
2022-03-04,2802.4,2807.1,2730.1,2752.6,36960,7553.0,4.89,14407.0
2022-03-07,2727.6,2750.0,2613.25,2636.4,45871,11338.0,4.05,19192.0
2022-03-08,2664.95,2750.0,2657.5,2692.0,33349,8666.0,3.85,7642.0
2022-03-09,2703.0,2769.95,2703.0,2735.2,23377,4855.0,4.82,10739.0
2022-03-10,2780.0,2855.0,2775.0,2788.9,23768,5759.0,4.13,7871.0
2022-03-11,2788.9,2884.5,2758.55,2776.95,47235,10711.0,4.41,12571.0
2022-03-14,2780.05,2948.8,2751.7,2813.3,27279,6730.0,4.05,6078.0
2022-03-15,2827.4,2851.1,2760.0,2784.4,15176,3970.0,3.82,5244.0
2022-03-16,2820.0,2847.65,2820.0,2838.2,10196,2759.0,3.7,4234.0
2022-03-17,2850.0,2899.9,2850.0,2873.55,14616,3843.0,3.8,6100.0
2022-03-21,2879.0,3050.0,2859.35,3025.8,89694,13307.0,6.74,25924.0
2022-03-22,3038.0,3099.95,2889.0,3077.55,86424,16523.0,5.23,20344.0
2022-03-23,3080.0,3138.0,3010.0,3052.9,48020,10580.0,4.54,12022.0
2022-03-24,3028.3,3100.0,2996.6,3059.2,49975,9771.0,5.11,19220.0
2022-03-25,3059.2,3098.0,3030.0,3085.55,25446,6175.0,4.12,11328.0
2022-03-28,3100.0,3226.0,3008.05,3205.9,115666,14628.0,7.91,38733.0
2022-03-29,3210.0,3335.75,3150.1,3312.25,80017,13019.0,6.15,27713.0
2022-03-30,3290.0,3397.9,3220.4,3385.8,128910,15053.0,8.56,60741.0
2022-03-31,3350.0,3452.0,3157.05,3298.25,135760,15491.0,8.76,41411.0
2022-04-01,3268.3,3366.05,3231.0,3300.95,44308,7315.0,6.06,13327.0
2022-04-04,3344.6,3350.0,3274.9,3286.3,33671,7105.0,4.74,11955.0
2022-04-05,3285.0,3370.0,3216.5,3344.55,60804,9437.0,6.44,22094.0
2022-04-06,3300.0,3389.0,3284.9,3336.5,36934,7201.0,5.13,17338.0
2022-04-07,3300.0,3350.0,3262.2,3322.25,32918,6899.0,4.77,13633.0
2022-04-08,3329.85,3400.0,3272.0,3289.35,63707,11181.0,5.7,19990.0
2022-04-11,3311.0,3489.0,3311.0,3455.0,69566,10853.0,6.41,27611.0
2022-04-12,3510.0,3574.75,3371.0,3430.5,78136,13438.0,5.81,17923.0
2022-04-13,3469.45,3485.35,3329.0,3348.05,35367,7259.0,4.87,14343.0
2022-04-18,3345.0,3360.0,3180.0,3190.1,50366,9325.0,5.4,24620.0
2022-04-19,3207.3,3270.0,3033.65,3055.3,29568,7323.0,4.04,12892.0
2022-04-20,3060.0,3098.35,2972.5,3028.8,40160,8744.0,4.59,12682.0
2022-04-21,3043.95,3350.0,3043.6,3254.45,194611,13210.0,14.73,138502.0
2022-04-22,3380.0,3446.0,3290.05,3372.55,332876,35565.0,9.36,47754.0
2022-04-25,3341.9,3395.0,3250.0,3337.4,43302,8048.0,5.38,9459.0
2022-04-26,3346.0,3410.0,3287.2,3327.5,43348,8541.0,5.08,18928.0
2022-04-27,3315.0,3367.0,3310.5,3343.9,29213,5065.0,5.77,11730.0
2022-04-28,3375.0,3669.0,3348.4,3588.7,402087,45254.0,8.89,71063.0
2022-04-29,3575.0,3785.0,3550.0,3684.45,343633,38065.0,9.03,75157.0
2022-05-02,3684.45,3863.55,3632.4,3672.75,278873,31063.0,8.98,65485.0
2022-05-04,3670.0,3734.0,3451.0,3476.9,104573,18358.0,5.7,29335.0
2022-05-05,3490.0,3570.0,3394.4,3413.65,75453,14418.0,5.23,24746.0
2022-05-06,3400.0,3400.0,3180.0,3210.35,96947,16575.0,5.85,35887.0
2022-05-09,3210.35,3299.8,3114.75,3231.9,79618,15367.0,5.18,10710.0
2022-05-10,3200.0,3271.6,3159.0,3238.9,32668,7093.0,4.61,7820.0
2022-05-11,3230.0,3307.1,3075.85,3194.75,41637,9882.0,4.21,9781.0
2022-05-12,3174.35,3239.0,3070.25,3161.4,79958,9378.0,8.53,49104.0
2022-05-13,3178.0,3312.0,3178.0,3269.2,55211,8373.0,6.59,33452.0
2022-05-16,3325.0,3800.0,3313.2,3673.3,346949,40636.0,8.54,75891.0
2022-05-17,3598.0,3649.7,3511.4,3594.5,100802,16897.0,5.97,18574.0
2022-05-18,3637.0,3768.0,3575.0,3742.2,122913,19749.0,6.22,28846.0
2022-05-19,3700.0,3700.0,3577.65,3659.1,68729,11490.0,5.98,21945.0
2022-05-20,3787.7,3800.0,3723.35,3771.05,89696,13945.0,6.43,27841.0
2022-05-23,3710.0,3796.7,3610.0,3645.6,66691,11852.0,5.63,17464.0
2022-05-24,3635.0,3750.6,3575.0,3723.1,46587,10966.0,4.25,11018.0
2022-05-25,3723.1,3789.95,3509.0,3558.85,36917,8419.0,4.38,10534.0
2022-05-26,3565.0,3671.4,3510.0,3598.85,31553,7557.0,4.18,5116.0
2022-05-27,3620.0,3689.0,3550.0,3586.95,24146,6460.0,3.74,6900.0
2022-05-30,3657.9,3669.95,3590.0,3609.7,34535,6227.0,5.55,20520.0
2022-05-31,3625.0,3719.9,3345.0,3406.55,85170,13419.0,6.35,36765.0
2022-06-01,3407.0,3573.7,3407.0,3549.9,83159,16521.0,5.03,31730.0
2022-06-02,3568.0,3610.95,3494.8,3587.55,54278,12450.0,4.36,23171.0
2022-06-03,3640.0,3678.0,3496.55,3511.9,23831,6759.0,3.53,8123.0
2022-06-06,3513.0,3578.4,3456.05,3535.95,29142,7511.0,3.88,5670.0
2022-06-07,3530.0,3555.95,3491.0,3523.9,12558,3574.0,3.51,3243.0
2022-06-08,3560.0,3589.55,3452.6,3477.3,18954,5162.0,3.67,4977.0
2022-06-09,3494.7,3511.7,3410.0,3426.45,16437,4503.0,3.65,6077.0
2022-06-10,3418.0,3496.45,3404.75,3451.15,23340,5237.0,4.46,3619.0
2022-06-13,3405.45,3522.35,3381.65,3458.8,31455,7534.0,4.18,5189.0
2022-06-14,3429.3,3540.0,3285.0,3313.55,59997,11671.0,5.14,25757.0
2022-06-15,3300.0,3316.45,3179.95,3191.0,153780,8807.0,17.46,122273.0
2022-06-16,3235.65,3276.75,3181.85,3199.3,139962,10105.0,13.85,102623.0
2022-06-17,3199.0,3199.0,3057.15,3110.9,51798,12288.0,4.22,19867.0
2022-06-20,3110.9,3115.05,2961.2,3056.9,51029,12089.0,4.22,13920.0
2022-06-21,3118.95,3138.5,3000.4,3030.95,39978,9811.0,4.07,12708.0
2022-06-22,3010.0,3235.5,3005.1,3204.85,134503,22132.0,6.08,19307.0
2022-06-23,3199.0,3264.35,3152.25,3178.9,38912,7952.0,4.89,6385.0
2022-06-24,3198.0,3227.1,3156.65,3186.2,22533,5819.0,3.87,8969.0
2022-06-27,3247.95,3248.95,3180.0,3209.45,12298,3172.0,3.88,3356.0
2022-06-28,3215.9,3244.0,3185.65,3224.85,12913,3635.0,3.55,5739.0
2022-06-29,3200.0,3230.5,3190.65,3208.9,15607,4424.0,3.53,8194.0
2022-06-30,3218.7,3306.0,3205.0,3286.7,35644,7242.0,4.92,10216.0
2022-07-01,3281.2,3398.0,3264.1,3287.55,42577,9329.0,4.56,8534.0
2022-07-04,3288.55,3326.05,3230.85,3299.1,13892,3991.0,3.48,5266.0
2022-07-05,3315.4,3362.75,3299.15,3337.85,12553,3129.0,4.01,3876.0
2022-07-06,3346.1,3389.5,3304.6,3364.95,12301,3534.0,3.48,4272.0
2022-07-07,3370.0,3443.4,3355.05,3435.35,29136,6550.0,4.45,9999.0
2022-07-08,3475.0,3475.0,3301.15,3324.7,39812,7672.0,5.19,17537.0
2022-07-11,3310.0,3314.2,3261.0,3274.75,14649,3978.0,3.68,5607.0
2022-07-12,3280.0,3311.9,3233.15,3263.15,20032,5011.0,4.0,5340.0
2022-07-13,3278.35,3297.95,3261.0,3280.4,9023,2314.0,3.9,3229.0
2022-07-14,3260.05,3325.0,3248.7,3306.8,15467,3534.0,4.38,4459.0
2022-07-15,3306.0,3375.0,3237.55,3287.15,26985,5555.0,4.86,6211.0
2022-07-18,3314.95,3319.95,3180.0,3227.35,50413,7870.0,6.41,25505.0
2022-07-19,3228.0,3270.0,3140.0,3215.3,50869,8412.0,6.05,17083.0
2022-07-20,3235.5,3284.4,3192.2,3241.25,85006,6785.0,12.53,58552.0
2022-07-21,3250.0,3370.5,3250.0,3301.1,60392,8547.0,7.07,22726.0
2022-07-22,3335.0,3337.0,3220.35,3296.95,54267,9355.0,5.8,18861.0
2022-07-25,3296.95,3348.0,3234.0,3279.05,41459,6802.0,6.1,13073.0
2022-07-26,3277.8,3277.8,3162.65,3172.75,45778,7182.0,6.37,30140.0
2022-07-27,3194.0,3194.0,3142.0,3150.0,31622,6311.0,5.01,15048.0
2022-07-28,3176.0,3199.85,3125.0,3140.85,82061,5643.0,14.54,65371.0
2022-07-29,3167.45,3198.35,3112.1,3127.35,44117,8329.0,5.3,24847.0
2022-08-01,3127.4,3159.25,3121.15,3144.4,23041,4665.0,4.94,9060.0
2022-08-02,3143.8,3245.15,3138.45,3197.85,185273,9157.0,20.23,142837.0
2022-08-03,3215.9,3238.25,3170.0,3181.5,42257,5709.0,7.4,28954.0
2022-08-04,3181.5,3226.05,3161.5,3185.4,56129,8700.0,6.45,26311.0
2022-08-05,3198.5,3211.7,3162.3,3193.8,281736,8242.0,34.18,252610.0
2022-08-08,3215.75,3256.9,3182.75,3212.65,76103,,,
2022-08-10,3235.0,3283.7,3176.0,3266.4,35657,6126.0,5.82,15558.0
2022-08-11,3284.0,3379.8,3283.8,3305.3,93467,11756.0,7.95,57200.0
2022-08-12,3319.0,3325.95,3240.1,3254.65,19715,4452.0,4.43,10510.0
2022-08-16,3250.0,3298.4,3228.05,3281.45,19786,4699.0,4.21,7282.0
2022-08-17,3271.0,3288.8,3213.05,3223.25,34303,7908.0,4.34,20651.0
2022-08-18,3222.75,3309.5,3172.55,3278.15,61081,12324.0,4.96,34240.0
2022-08-19,3290.0,3340.9,3254.0,3271.8,50989,11579.0,4.4,25397.0
2022-08-22,3310.0,3434.9,3291.65,3352.3,213194,26028.0,8.19,86861.0
2022-08-23,3377.9,3599.8,3374.0,3441.85,390439,37579.0,10.39,69171.0
2022-08-24,3451.05,3524.15,3442.05,3464.25,90219,10345.0,8.72,41723.0
2022-08-25,3511.0,3544.2,3352.3,3392.35,51416,6517.0,7.89,19584.0
2022-08-26,3430.0,3434.75,3330.0,3352.9,44929,6684.0,6.72,17002.0
2022-08-29,3252.0,3347.1,3252.0,3304.35,49164,7672.0,6.41,20927.0
2022-08-30,3323.95,3355.1,3270.0,3283.4,43097,5199.0,8.29,25620.0
2022-09-01,3288.0,3310.0,3255.0,3267.25,30735,5807.0,5.29,15392.0
2022-09-02,3242.0,3297.95,3200.15,3248.65,114530,9244.0,12.39,87142.0
2022-09-05,3275.0,3313.0,3248.0,3253.95,24581,4056.0,6.06,11241.0
2022-09-06,3279.85,3287.95,3219.0,3227.25,139117,6243.0,22.28,121456.0
2022-09-07,3222.9,3235.0,3196.55,3217.3,25465,4142.0,6.15,14959.0
2022-09-08,3233.4,3244.0,3210.0,3223.45,20501,3656.0,5.61,12487.0
2022-09-09,3239.0,3258.0,3200.0,3203.7,22370,3988.0,5.61,12733.0
2022-09-12,3219.75,3239.75,3180.0,3190.75,68213,6134.0,11.12,57027.0
2022-09-13,3206.7,3215.0,3195.0,3202.45,33465,6432.0,5.2,24455.0
2022-09-14,3200.0,3206.35,3180.5,3197.75,42295,6188.0,6.84,26439.0
2022-09-15,3213.75,3227.5,3192.0,3203.3,18836,3615.0,5.21,9686.0
2022-09-16,3210.0,3225.0,3155.0,3182.05,51132,9486.0,5.39,28445.0
2022-09-19,3183.0,3240.0,3182.05,3227.15,21305,4407.0,4.83,9531.0
2022-09-20,3240.0,3255.0,3195.0,3206.05,28828,5521.0,5.22,12148.0
2022-09-21,3218.0,3228.0,3170.0,3180.15,12136,2504.0,4.85,5581.0
2022-09-22,3190.0,3265.0,3150.1,3256.05,23207,4462.0,5.2,13091.0
2022-09-23,3230.0,3300.0,3183.3,3286.05,67012,10573.0,6.34,39318.0
2022-09-26,3274.9,3274.9,3152.1,3166.0,38776,7484.0,5.18,21063.0
2022-09-27,3177.9,3197.65,3093.0,3100.05,128071,4360.0,29.37,113608.0
2022-09-28,3099.0,3099.0,3051.1,3075.0,24304,4410.0,5.51,16025.0
2022-09-29,3124.85,3198.8,3072.85,3164.25,16258,4077.0,3.99,5291.0
2022-09-30,3155.5,3296.0,3076.0,3264.65,57634,13650.0,4.22,28577.0
2022-10-03,3233.0,3255.3,3174.6,3213.25,12708,3413.0,3.72,5378.0
2022-10-04,3229.35,3249.8,3185.5,3195.55,13947,4619.0,3.02,6386.0
2022-10-06,3190.0,3230.35,3190.0,3218.3,10916,3475.0,3.14,4910.0
2022-10-07,3222.9,3243.9,3163.0,3169.1,15044,3327.0,4.52,7392.0
2022-10-10,3140.0,3224.0,3100.1,3133.7,59998,11525.0,5.21,29198.0
2022-10-11,3135.0,3183.65,3110.0,3145.7,18541,5121.0,3.62,9052.0
2022-10-12,3161.45,3168.25,3076.15,3091.5,26603,4346.0,6.12,16702.0
2022-10-13,3100.0,3124.75,3066.05,3094.4,17073,3404.0,5.02,8861.0
2022-10-14,3119.5,3159.6,3105.05,3143.45,14380,4235.0,3.4,5792.0
2022-10-17,3139.95,3143.45,3070.0,3075.5,31044,4843.0,6.41,19328.0
2022-10-18,3090.9,3097.95,3030.0,3040.35,179155,6640.0,26.98,166318.0
2022-10-19,3046.8,3073.8,3022.0,3050.85,35936,6820.0,5.27,16707.0
2022-10-20,3050.0,3087.9,2925.0,2955.35,98921,13797.0,7.17,53045.0
2022-10-21,2961.0,2999.0,2910.0,2926.75,30668,4640.0,6.61,19328.0
2022-10-24,2959.0,2975.0,2949.7,2967.75,6192,1089.0,5.69,4159.0
2022-10-25,2968.15,3013.4,2956.1,2986.5,22264,4934.0,4.51,10360.0
2022-10-27,3000.0,3090.0,2986.5,3003.75,35145,8567.0,4.1,15188.0
2022-10-28,3008.5,3023.8,2960.1,2971.7,27612,5627.0,4.91,16616.0
2022-10-31,2986.6,3049.0,2959.5,2997.8,25134,6946.0,3.62,10014.0
2022-11-01,3012.8,3082.0,3000.6,3009.8,31102,7341.0,4.24,12620.0
2022-11-02,3021.0,3049.45,2992.0,3003.4,18718,3893.0,4.81,9032.0
2022-11-03,3018.45,3033.95,2951.0,2954.0,35452,5395.0,6.57,22162.0
2022-11-04,2954.4,2967.75,2913.25,2921.4,28122,5128.0,5.48,16026.0
2022-11-07,2936.05,2947.95,2867.5,2881.25,32298,6347.0,5.09,17706.0
2022-11-09,2898.35,2904.55,2800.0,2819.65,54130,6808.0,7.95,40083.0
2022-11-10,2815.0,2995.0,2808.0,2947.8,129116,19637.0,6.58,38481.0
2022-11-11,2993.2,3035.8,2961.4,2983.55,113547,9761.0,11.63,80209.0
2022-11-14,2985.0,3056.9,2950.0,3006.45,46203,6721.0,6.87,27543.0
2022-11-15,3007.3,3042.55,2980.0,3020.95,33305,6721.0,4.96,27543.0
2022-11-16,3012.2,3040.0,2984.35,2993.7,30421,4382.0,6.94,19927.0
2022-11-17,2990.0,2996.0,2945.0,2952.2,19026,3386.0,5.62,12969.0
2022-11-18,2950.0,3017.1,2941.2,2985.9,33184,5855.0,5.67,20900.0
2022-11-21,2978.2,3045.9,2958.85,2991.35,49034,9331.0,5.25,27303.0
2022-11-22,2998.0,3016.55,2961.15,2981.85,29624,4129.0,7.17,20784.0
2022-11-23,2980.0,3029.0,2980.0,2988.1,18027,5154.0,3.5,8387.0
2022-11-24,2998.25,3012.8,2970.0,2974.9,14090,3435.0,4.1,9102.0
2022-11-25,2988.95,3022.95,2966.05,2981.2,17358,3528.0,4.92,10078.0
2022-11-28,2981.2,3003.5,2960.0,2969.25,69991,11178.0,6.26,55375.0
2022-11-29,2967.5,2991.0,2915.45,2938.1,14548,4376.0,3.32,8428.0
2022-11-30,2944.95,2950.0,2915.0,2925.3,66364,4480.0,14.81,58587.0
2022-12-01,2939.95,2963.95,2900.1,2915.0,35290,6300.0,5.6,21764.0
2022-12-02,2930.0,2955.0,2915.05,2927.75,100138,4795.0,20.88,88031.0
2022-12-05,2954.0,2954.0,2841.0,2859.85,62810,8319.0,7.55,35128.0
2022-12-06,2859.85,2873.25,2821.0,2838.15,38989,6532.0,5.97,23591.0
2022-12-07,2847.1,2853.75,2812.55,2826.85,86680,9827.0,8.82,62587.0
2022-12-08,2841.7,2915.0,2826.8,2870.0,55062,8494.0,6.48,23101.0
2022-12-09,2880.0,2883.9,2754.95,2816.25,52603,7321.0,7.19,33993.0
2022-12-12,2820.1,2884.45,2795.0,2805.15,28144,6940.0,4.06,10375.0
2022-12-13,2839.95,2850.0,2818.0,2834.85,20609,4166.0,4.95,9858.0
2022-12-14,2840.5,2875.8,2840.5,2864.45,13990,2812.0,4.98,6916.0
2022-12-15,2860.0,2894.95,2823.55,2828.9,17826,4984.0,3.58,6966.0
2022-12-16,2854.9,2856.5,2811.0,2829.85,18476,3969.0,4.66,9301.0
2022-12-19,2844.0,2844.0,2805.0,2818.85,45104,5249.0,8.59,34852.0
2022-12-20,2820.0,2827.0,2787.0,2805.05,48884,3307.0,14.78,39783.0
2022-12-21,2824.8,2835.0,2802.0,2819.1,10538,2289.0,4.6,4905.0
2022-12-22,2830.0,2830.0,2763.0,2782.0,19544,4456.0,4.39,9140.0
2022-12-23,2762.15,2799.0,2725.0,2779.85,22546,5290.0,4.26,9397.0
2022-12-26,2790.0,2807.45,2755.0,2775.9,11781,2758.0,4.27,5144.0
2022-12-27,2791.0,2837.3,2762.0,2798.3,14213,5562.0,2.56,5665.0
2022-12-28,2804.6,2870.05,2793.8,2855.35,18994,5772.0,3.29,8024.0
2022-12-29,2777.0,3055.25,2777.0,2996.75,168861,24177.0,6.98,53987.0
2022-12-30,3012.5,3099.15,2962.0,3067.3,52027,11255.0,4.62,19978.0
2023-01-02,3034.0,3049.0,2975.1,2986.2,28563,6668.0,4.28,6815.0
2023-01-03,2987.0,3010.0,2941.0,2951.65,24352,4993.0,4.88,11926.0
2023-01-04,2951.65,2975.0,2892.0,2950.4,27574,5979.0,4.61,12326.0
2023-01-05,2950.4,2979.85,2930.0,2947.9,10257,3424.0,3.0,4742.0
2023-01-06,2947.9,2960.0,2910.05,2941.2,7537,2531.0,2.98,2836.0
2023-01-09,2955.0,2979.4,2922.0,2948.95,19183,5637.0,3.4,12465.0
2023-01-10,2955.0,3035.5,2935.05,3026.4,32364,7265.0,4.45,13777.0
2023-01-11,3022.0,3051.0,2988.85,3024.8,16660,4932.0,3.38,7220.0
2023-01-12,3025.0,3073.1,3012.25,3044.5,30599,7032.0,4.35,8193.0
2023-01-13,3035.15,3050.0,3010.0,3033.9,6104,2417.0,2.53,2593.0
2023-01-16,3033.9,3069.95,3024.0,3029.45,9000,2463.0,3.65,4657.0
2023-01-17,3030.5,3036.85,2998.0,3008.0,8228,2262.0,3.64,4145.0
2023-01-18,3023.05,3023.05,2950.1,3000.8,12110,2953.0,4.1,6638.0
2023-01-19,2995.0,3021.95,2980.0,2992.9,5559,2065.0,2.69,2933.0
2023-01-20,3001.25,3019.8,2980.0,3002.6,6575,2172.0,3.03,3665.0
2023-01-23,2991.0,2998.0,2961.1,2984.25,7686,2226.0,3.45,4510.0
2023-01-24,2990.75,3009.95,2966.35,2991.55,4685,1700.0,2.76,2087.0
2023-01-25,2991.55,2991.55,2951.0,2968.75,10684,3088.0,3.46,7474.0
2023-01-27,2973.45,3091.4,2973.45,3035.35,64947,11608.0,5.6,40017.0
2023-01-30,3020.0,3089.9,2988.15,3046.25,17503,4655.0,3.76,9223.0
2023-01-31,3046.25,3170.0,3016.05,3147.0,43945,12409.0,3.54,28214.0
2023-02-01,3147.0,3160.0,3055.05,3088.05,22505,6124.0,3.67,10321.0
2023-02-02,3088.0,3128.85,3054.0,3102.95,17738,4835.0,3.67,10546.0
2023-02-03,3130.0,3137.0,3081.65,3127.0,17983,4802.0,3.74,9606.0
2023-02-06,3135.0,3168.4,3120.0,3148.1,15398,4026.0,3.82,7348.0
2023-02-07,3148.1,3200.0,3116.75,3184.7,18088,4260.0,4.25,10714.0
2023-02-08,3190.0,3195.0,3109.6,3154.4,23946,5792.0,4.13,15294.0
2023-02-09,3168.95,3175.2,3124.55,3144.9,16817,3647.0,4.61,11438.0
2023-02-10,3144.9,3222.0,3131.25,3174.95,43692,7109.0,6.15,21460.0
2023-02-13,3175.0,3245.0,3145.0,3169.35,45190,7507.0,6.02,22788.0
2023-02-14,3154.8,3165.55,3116.75,3126.15,11321,3413.0,3.32,4692.0
2023-02-15,3129.4,3160.0,3120.65,3155.45,11308,3073.0,3.68,3401.0
2023-02-16,3150.0,3172.1,3117.0,3133.5,20520,5201.0,3.95,8314.0
2023-02-17,3150.0,3217.9,3100.05,3140.9,38349,5592.0,6.86,9765.0
2023-02-20,3170.0,3240.0,3157.7,3230.7,53828,6990.0,7.7,18552.0
2023-02-21,3243.0,3295.0,3231.0,3281.9,45000,6420.0,7.01,18312.0
2023-02-22,3280.0,3280.0,3168.85,3190.45,14760,3397.0,4.35,5531.0
2023-02-23,3193.35,3222.05,3145.0,3206.05,13683,3040.0,4.5,5852.0
2023-02-24,3208.0,3227.0,3180.0,3218.2,9968,2577.0,3.87,4473.0
2023-02-27,3218.25,3360.4,3150.0,3341.65,52289,10031.0,5.21,21975.0
2023-02-28,3341.65,3480.0,3288.0,3387.2,72055,9511.0,7.58,46562.0
2023-03-01,3400.0,3448.9,3388.1,3429.25,32301,5746.0,5.62,19236.0
2023-03-02,3430.05,3495.55,3406.05,3482.85,42230,7080.0,5.96,21746.0
2023-03-03,3482.85,3496.0,3371.0,3392.65,31323,6202.0,5.05,16246.0
2023-03-06,3395.85,3430.0,3303.0,3315.75,28703,6017.0,4.77,12918.0
2023-03-08,3329.0,3414.95,3303.8,3385.75,26071,6758.0,3.86,12798.0
2023-03-09,3385.75,3385.75,3306.7,3328.1,14042,3387.0,4.15,7022.0
2023-03-10,3328.7,3381.65,3279.25,3309.55,18496,5976.0,3.1,5255.0
2023-03-13,3365.0,3365.0,3236.85,3248.45,15530,5123.0,3.03,5637.0
2023-03-14,3293.95,3293.95,3186.0,3249.9,18787,4537.0,4.14,8944.0
2023-03-15,3250.0,3278.55,3190.0,3206.85,20321,7829.0,2.6,8484.0
2023-03-16,3207.25,3263.0,3070.0,3097.4,30380,8964.0,3.39,16111.0
2023-03-17,3105.0,3128.6,2971.5,2997.75,29823,7593.0,3.93,15558.0
2023-03-20,2992.0,3075.0,2984.55,3065.3,37923,7815.0,4.85,22363.0
2023-03-21,3075.0,3129.85,3032.85,3093.05,30024,8292.0,3.62,13879.0
2023-03-22,3110.0,3135.0,3078.05,3097.15,12492,4476.0,2.79,6468.0
2023-03-23,3087.25,3145.9,3081.65,3126.05,10389,2967.0,3.5,3342.0
2023-03-24,3120.0,3129.0,3025.7,3048.75,16727,6140.0,2.72,8383.0
2023-03-27,3047.0,3115.0,3019.3,3106.9,21051,5132.0,4.1,12857.0
2023-03-28,3088.3,3120.0,3065.0,3114.05,14417,3221.0,4.48,6682.0
2023-03-29,3124.0,3310.0,3102.05,3262.85,39405,7926.0,4.97,15239.0
2023-03-31,3175.0,3264.55,3175.0,3218.6,42941,12510.0,3.43,13245.0
2023-04-03,3238.6,3238.6,3202.75,3213.85,9300,2376.0,3.91,4674.0
2023-04-05,3237.0,3298.95,3208.55,3274.45,14220,3814.0,3.73,4680.0
2023-04-06,3290.0,3347.95,3255.35,3324.4,14945,3081.0,4.85,7220.0
2023-04-10,3362.95,3418.0,3307.5,3411.15,63168,5346.0,11.82,49982.0
2023-04-11,3381.0,3461.0,3366.1,3438.0,57822,4935.0,11.72,43759.0
2023-04-12,3418.0,3482.35,3410.15,3474.2,52586,4251.0,12.37,41922.0
2023-04-13,3485.0,3521.55,3446.45,3500.85,21733,3904.0,5.57,10674.0
2023-04-17,3500.85,3592.9,3469.0,3524.55,172804,8449.0,20.45,144212.0
2023-04-18,3530.9,3581.1,3350.0,3390.45,106537,17354.0,6.14,26347.0
2023-04-19,3401.95,3439.7,3315.05,3354.95,60058,11243.0,5.34,22992.0
2023-04-20,3355.05,3360.45,3301.0,3307.35,13790,3051.0,4.52,4717.0
2023-04-21,3335.05,3347.95,3241.1,3266.6,33435,5241.0,6.38,17930.0
2023-04-24,3300.0,3384.8,3280.95,3370.75,79561,4892.0,16.26,63339.0
2023-04-25,3365.0,3410.5,3340.0,3401.95,18233,2838.0,6.42,10479.0
2023-04-26,3385.0,3484.0,3385.0,3471.55,31857,4873.0,6.54,19001.0
2023-04-27,3471.55,3609.0,3431.75,3568.4,70984,8992.0,7.89,38823.0
2023-04-28,3560.0,3627.95,3361.6,3599.2,71822,13583.0,5.29,30915.0
2023-05-02,3599.0,3602.35,3494.5,3520.6,45177,9573.0,4.72,20574.0
2023-05-03,3520.65,3640.0,3492.05,3622.9,66262,12116.0,5.47,38146.0
2023-05-04,3622.9,3622.9,3579.0,3593.65,30606,6367.0,4.81,19893.0
2023-05-05,3580.0,3580.05,3480.1,3508.3,15087,3789.0,3.98,6892.0
2023-05-08,3530.0,3544.95,3464.05,3497.75,21263,5379.0,3.95,8195.0
2023-05-09,3497.0,3537.0,3470.0,3477.1,21606,6643.0,3.25,12821.0
2023-05-10,3494.5,3534.9,3470.15,3520.2,37083,6913.0,5.36,23918.0
2023-05-11,3502.05,3560.0,3499.0,3542.85,21951,5236.0,4.19,13739.0
2023-05-12,3550.0,3615.0,3536.15,3589.95,37518,7680.0,4.89,22656.0
2023-05-15,3574.8,3624.0,3557.65,3599.9,22833,4598.0,4.97,13846.0
2023-05-16,3579.0,3610.0,3525.0,3537.25,14854,3397.0,4.37,8074.0
2023-05-17,3537.25,3600.0,3510.0,3578.35,12740,3306.0,3.85,5094.0
2023-05-18,3574.05,3620.0,3556.4,3568.4,8498,2652.0,3.2,5050.0
2023-05-19,3551.0,3565.0,3501.75,3548.7,8310,2056.0,4.04,3970.0
2023-05-22,3540.0,3690.0,3535.05,3597.45,45467,9657.0,4.71,16666.0
2023-05-23,3586.0,3600.0,3550.9,3565.45,8994,2241.0,4.01,5067.0
2023-05-24,3550.0,3605.5,3550.0,3584.95,11555,2874.0,4.02,6583.0
2023-05-25,3599.95,3599.95,3559.0,3583.75,7228,1915.0,3.77,3964.0
2023-05-26,3601.7,3720.0,3583.75,3701.65,46889,9595.0,4.89,25970.0
2023-05-29,3708.7,3768.0,3690.0,3718.55,23741,5227.0,4.54,10998.0
2023-05-30,3684.7,3730.0,3675.0,3703.2,25509,5190.0,4.92,16662.0
2023-05-31,3703.2,3850.0,3698.9,3798.7,91735,11686.0,7.85,71504.0
2023-06-01,3790.95,3875.95,3770.0,3822.55,21949,6153.0,3.57,10581.0
2023-06-02,3845.9,3900.0,3755.0,3771.9,23679,6802.0,3.48,10760.0
2023-06-05,3804.0,3850.0,3760.45,3806.5,19903,5273.0,3.77,10819.0
2023-06-06,3783.7,3875.0,3751.6,3768.35,18687,5131.0,3.64,8366.0
2023-06-07,3768.35,4000.0,3765.0,3993.2,166052,20661.0,8.04,75736.0
2023-06-08,3993.2,3993.2,3840.0,3863.1,35516,7072.0,5.02,13214.0
2023-06-09,3873.0,3985.0,3873.0,3929.95,38612,7182.0,5.38,14169.0
2023-06-12,3949.5,4027.6,3880.0,4009.8,49080,6468.0,7.59,24671.0
2023-06-13,4009.8,4009.8,3921.05,3933.65,25661,5644.0,4.55,12742.0
2023-06-14,3940.0,3964.5,3880.45,3947.05,18714,4528.0,4.13,7649.0
2023-06-15,3966.8,3967.45,3891.15,3906.3,8988,2426.0,3.7,3914.0
2023-06-16,3925.85,3925.85,3861.0,3884.4,16968,2799.0,6.06,10934.0
2023-06-19,3881.0,3981.85,3825.0,3920.25,33933,8976.0,3.78,11285.0
2023-06-20,3920.25,3979.85,3891.4,3950.85,18532,3448.0,5.37,8998.0
2023-06-21,3975.0,3979.0,3900.0,3906.65,17788,4214.0,4.22,9126.0
2023-06-22,3926.2,3942.65,3806.5,3827.05,16083,4378.0,3.67,7278.0
2023-06-23,3810.05,3817.15,3769.0,3783.2,7465,2124.0,3.51,3209.0
2023-06-26,3771.0,3916.9,3705.65,3882.0,38423,9804.0,3.92,13313.0
2023-06-27,3897.9,3914.0,3851.2,3870.1,8038,2578.0,3.12,2904.0
2023-06-28,3874.95,3885.0,3806.25,3834.9,24062,7830.0,3.07,10042.0
2023-06-30,3846.0,3925.0,3832.15,3902.95,24909,4803.0,5.19,15218.0
2023-07-03,3911.55,3922.5,3852.0,3863.0,10805,3054.0,3.54,5088.0
2023-07-04,3872.05,3903.85,3868.55,3896.85,11063,3507.0,3.15,5664.0
2023-07-05,3917.4,3984.95,3870.05,3900.3,27844,5771.0,4.82,10096.0
2023-07-06,3900.0,3937.25,3850.0,3867.75,14937,6275.0,2.38,7301.0
2023-07-07,3867.0,3878.65,3810.0,3824.15,10901,2764.0,3.94,4471.0
2023-07-10,3843.3,3911.0,3787.05,3824.25,87619,8679.0,10.1,72937.0
2023-07-11,3831.0,3855.6,3802.0,3821.2,8614,2199.0,3.92,4453.0
2023-07-12,3830.0,3867.75,3772.0,3827.4,15310,5017.0,3.05,5788.0
2023-07-13,3850.0,3870.0,3817.0,3860.75,17100,3909.0,4.37,10207.0
2023-07-14,3869.0,3910.75,3821.55,3835.15,16320,5040.0,3.24,7810.0
2023-07-17,3850.0,3919.0,3850.0,3880.3,21175,5099.0,4.15,7459.0
2023-07-18,3890.0,3936.0,3866.75,3912.0,19599,5073.0,3.86,10283.0
2023-07-19,3940.0,3983.0,3851.5,3867.4,46872,8235.0,5.69,21113.0
2023-07-20,3939.95,3952.45,3892.0,3902.9,19380,4630.0,4.19,9141.0
2023-07-21,3871.0,3930.0,3871.0,3900.3,9514,3076.0,3.09,5400.0
2023-07-24,3918.95,3918.95,3802.0,3830.7,13372,3154.0,4.24,7791.0
2023-07-25,3849.0,3849.0,3781.0,3790.75,10646,2986.0,3.57,6923.0
2023-07-26,3799.05,3869.4,3799.05,3824.6,6346,2002.0,3.17,2051.0
2023-07-27,3824.0,3884.0,3824.0,3863.05,16735,4051.0,4.13,10534.0
2023-07-28,3875.0,3882.35,3832.0,3844.65,13321,3681.0,3.62,9020.0
2023-07-31,3863.0,3942.0,3831.95,3915.5,31206,6027.0,5.18,22246.0
2023-08-01,3936.1,3959.85,3872.0,3884.35,12302,3176.0,3.87,6520.0
2023-08-02,3900.0,3911.95,3851.3,3872.95,17577,5474.0,3.21,10471.0
2023-08-03,3851.0,3872.0,3800.0,3823.6,11119,2947.0,3.77,6400.0
2023-08-04,3849.65,3871.6,3800.0,3815.25,9252,2704.0,3.42,3353.0
2023-08-07,3833.9,3870.0,3777.0,3838.5,17782,4375.0,4.06,9098.0
2023-08-08,3858.7,3884.0,3830.0,3865.4,12250,2410.0,5.08,7648.0
2023-08-09,3845.05,3890.0,3810.2,3847.95,9409,2754.0,3.42,5158.0
2023-08-10,3847.85,3919.0,3832.1,3899.25,31382,3170.0,9.9,24047.0
2023-08-11,3900.1,4040.0,3875.0,3937.05,125448,14583.0,8.6,90497.0
2023-08-14,3944.0,3944.0,3716.05,3820.25,39673,10398.0,3.82,18146.0
2023-08-16,3780.0,3909.9,3780.0,3887.15,17065,5195.0,3.28,8202.0
2023-08-17,3887.05,3899.9,3857.75,3871.5,8069,2120.0,3.81,3430.0
2023-08-18,3875.4,3890.75,3805.0,3815.75,12274,3825.0,3.21,5363.0
2023-08-21,3835.8,3997.95,3814.55,3955.95,63720,15688.0,4.06,21253.0
2023-08-22,3955.9,4064.95,3920.15,4023.5,46937,8901.0,5.27,19301.0
2023-08-23,4050.0,4075.0,4000.0,4029.25,19166,3785.0,5.06,8532.0
2023-08-24,4049.35,4069.9,3950.0,4004.2,12986,2710.0,4.79,5583.0
2023-08-25,4004.2,4004.2,3904.2,3937.95,18556,4496.0,4.13,10223.0
2023-08-28,3948.75,3948.75,3856.0,3883.9,11709,3308.0,3.54,5092.0
2023-08-29,3904.0,3904.0,3844.0,3876.2,11199,2894.0,3.87,4182.0
2023-08-30,3895.55,3945.3,3831.4,3917.6,19935,4469.0,4.46,10484.0
2023-08-31,3917.6,3998.7,3874.0,3970.65,33454,7948.0,4.21,19502.0
2023-09-01,3970.95,3973.0,3895.0,3929.05,28574,4047.0,7.06,18194.0
2023-09-04,3953.25,3972.0,3876.35,3884.15,22929,6489.0,3.53,12994.0
2023-09-05,3900.0,3930.0,3825.25,3845.9,69305,6203.0,11.17,56507.0
2023-09-06,3875.8,3875.8,3828.0,3837.05,10300,3339.0,3.08,4488.0
2023-09-07,3853.0,3932.65,3808.1,3876.25,40948,12429.0,3.29,24599.0
2023-09-08,3889.0,3909.0,3836.25,3897.15,18818,5125.0,3.67,11012.0
2023-09-11,3920.0,3939.85,3854.4,3925.85,32247,9167.0,3.52,18726.0
2023-09-12,3940.0,3940.0,3821.5,3856.0,120103,4374.0,27.46,110115.0
2023-09-13,3876.3,3923.85,3806.8,3845.55,14159,3966.0,3.57,5609.0
2023-09-14,3850.05,3888.0,3850.05,3871.05,7411,2266.0,3.27,4233.0
2023-09-15,3880.0,3909.55,3856.05,3873.55,16286,4304.0,3.78,10501.0
2023-09-18,3869.95,3875.1,3837.0,3850.8,6986,2161.0,3.23,3984.0
2023-09-20,3869.8,3869.8,3822.0,3834.65,6269,1946.0,3.22,3673.0
2023-09-21,3825.0,3865.0,3809.45,3833.9,14192,2316.0,6.13,9670.0
2023-09-22,3853.05,3887.8,3825.25,3854.5,29345,4739.0,6.19,22448.0
2023-09-25,3855.0,3899.8,3831.65,3888.1,7691,1946.0,3.95,4893.0
2023-09-26,3890.05,3928.0,3849.45,3873.65,42903,7380.0,5.81,35980.0
2023-09-27,3873.65,3874.9,3833.7,3861.15,9968,2621.0,3.8,5236.0
2023-09-28,3860.0,3919.0,3837.9,3895.7,41267,10196.0,4.05,24411.0
2023-09-29,3900.0,3960.0,3852.65,3924.15,29815,10837.0,2.75,17689.0
2023-10-03,3920.0,3929.2,3885.2,3906.2,56672,4868.0,11.64,50303.0
2023-10-04,3882.8,3905.5,3849.0,3871.15,82782,7637.0,10.84,69550.0
2023-10-05,3871.15,3879.8,3845.0,3856.0,27751,3635.0,7.63,21431.0
2023-10-06,3875.0,3875.0,3835.5,3842.95,6978,2385.0,2.93,4450.0
2023-10-09,3845.0,3972.05,3815.0,3897.6,193426,18929.0,10.22,143367.0
2023-10-10,3900.05,4143.9,3900.0,4070.65,147547,28105.0,5.25,48623.0
2023-10-11,4102.95,4144.0,3950.0,3974.2,49375,10002.0,4.94,22347.0
2023-10-12,3998.0,4048.0,3931.0,3998.95,39130,7915.0,4.94,18261.0
2023-10-13,3999.95,4000.0,3866.0,3880.9,79260,7388.0,10.73,65290.0
2023-10-16,3917.4,3939.0,3870.0,3882.55,113988,8058.0,14.15,97756.0
2023-10-17,3895.5,3939.8,3840.0,3876.1,30422,6238.0,4.88,18524.0
2023-10-18,3855.0,4084.0,3847.2,4052.25,107124,14241.0,7.52,67974.0
2023-10-19,4053.0,4200.0,4015.4,4141.5,183896,18572.0,9.9,121315.0
2023-10-20,4148.8,4284.3,4142.0,4194.2,76240,12775.0,5.97,31073.0
2023-10-23,4199.7,4265.65,3915.6,4025.05,43736,9890.0,4.42,16740.0
2023-10-25,4025.1,4045.05,3907.0,3928.95,31620,10371.0,3.05,13496.0
2023-10-26,3900.0,3964.7,3820.0,3862.95,41009,14967.0,2.74,18452.0
2023-10-27,3840.05,3997.0,3825.0,3910.6,39891,10345.0,3.86,21079.0
2023-10-30,3907.5,4038.0,3890.0,3980.6,25771,6598.0,3.91,9624.0
2023-10-31,4000.0,4145.0,3982.95,4097.05,56880,12122.0,4.69,26788.0
2023-11-01,4097.05,4188.0,3985.0,4162.55,48277,12491.0,3.86,15945.0
2023-11-02,4162.55,4182.45,4029.0,4081.85,42376,8623.0,4.91,19906.0
2023-11-03,4079.95,4212.0,4054.0,4199.5,85040,10599.0,8.02,51703.0
2023-11-06,4202.0,4400.0,4192.6,4383.55,166079,16134.0,10.29,108906.0
2023-11-07,4393.0,4454.95,4246.8,4350.35,198517,19136.0,10.37,121213.0
2023-11-08,4350.35,4445.65,4221.0,4243.65,54953,11562.0,4.75,19667.0
2023-11-09,4244.0,4375.0,4151.0,4182.05,65435,12592.0,5.2,17750.0
2023-11-10,4203.0,4235.1,4065.05,4099.85,91446,11518.0,7.94,61024.0
2023-11-12,4167.95,4230.0,4130.7,4192.7,7383,1616.0,4.57,3145.0
2023-11-13,4168.0,4218.2,4130.0,4146.35,27046,5749.0,4.7,11481.0
2023-11-15,4167.1,4238.0,4130.0,4162.15,29994,6550.0,4.58,13075.0
2023-11-16,4175.5,4275.95,4174.95,4218.5,60955,10151.0,6.0,30991.0
2023-11-17,4239.05,4289.85,4194.25,4234.75,22902,5615.0,4.08,6437.0
2023-11-20,4242.0,4248.3,4207.0,4232.7,12908,2856.0,4.52,4678.0
2023-11-21,4245.0,4375.0,4225.0,4246.4,42991,10179.0,4.22,12358.0
2023-11-22,4246.4,4355.0,4240.5,4328.15,38925,8730.0,4.46,15794.0
2023-11-23,4335.0,4393.95,4260.0,4321.3,35988,8664.0,4.15,10364.0
2023-11-24,4339.0,4366.0,4285.0,4305.9,15936,3903.0,4.08,5276.0
2023-11-28,4387.9,4399.0,4300.15,4315.2,22091,5682.0,3.89,8847.0
2023-11-29,4345.5,4355.9,4272.85,4290.2,20438,5762.0,3.55,9429.0
2023-11-30,4304.25,4328.3,4239.05,4275.25,39421,10741.0,3.67,20448.0
2023-12-01,4292.95,4317.45,4208.0,4220.5,25548,6952.0,3.67,12137.0
2023-12-04,4309.0,4424.35,4221.0,4233.35,59304,11801.0,5.03,25747.0
2023-12-05,4233.35,4286.45,4201.0,4231.9,28873,6196.0,4.66,13918.0
2023-12-06,4250.0,4299.95,4231.1,4280.75,22342,6668.0,3.35,10777.0
2023-12-07,4302.15,4302.15,4226.1,4256.2,14407,4015.0,3.59,7024.0
2023-12-08,4277.45,4277.45,4226.1,4235.1,17499,3157.0,5.54,10295.0
2023-12-11,4258.0,4265.0,4210.0,4238.8,19268,4167.0,4.62,8689.0
2023-12-12,4238.8,4250.0,4176.0,4220.7,18751,4187.0,4.48,8923.0
2023-12-13,4241.8,4241.8,4103.65,4121.2,30314,7290.0,4.16,16424.0
2023-12-14,4142.0,4319.5,4142.0,4242.5,59365,11451.0,5.18,34106.0
2023-12-15,4275.0,4294.5,4239.95,4273.5,17519,5224.0,3.35,7414.0
2023-12-18,4273.5,4273.5,4205.05,4245.25,21486,4136.0,5.19,11730.0
2023-12-19,4250.0,4267.65,4234.35,4256.3,6585,2145.0,3.07,3337.0
2023-12-20,4270.0,4285.0,4200.0,4257.7,16230,5319.0,3.05,9069.0
2023-12-21,4223.4,4296.0,4210.0,4273.2,12800,4067.0,3.15,6223.0
2023-12-22,4280.0,4375.0,4265.05,4353.55,30666,8238.0,3.72,13124.0
2023-12-26,4375.0,4425.5,4344.05,4391.15,19215,4559.0,4.21,7912.0
2023-12-27,4410.0,4410.0,4290.55,4320.15,29187,4507.0,6.48,20849.0
2023-12-28,4325.0,4335.0,4251.1,4264.3,17456,5225.0,3.34,8332.0
2023-12-29,4264.3,4387.25,4250.0,4336.75,22068,5355.0,4.12,10371.0
2024-01-01,4329.65,4336.0,4260.1,4270.65,18474,4893.0,3.78,10708.0
2024-01-02,4291.0,4291.0,4209.1,4220.1,15342,3857.0,3.98,7868.0
2024-01-03,4220.1,4241.15,4141.0,4150.2,26366,6275.0,4.2,17130.0
2024-01-04,4170.95,4178.8,4080.0,4150.05,24518,6959.0,3.52,14676.0
2024-01-05,4166.65,4198.0,4105.0,4120.75,29348,6684.0,4.39,16441.0
2024-01-08,4138.0,4138.0,4056.8,4072.35,21454,5175.0,4.15,10158.0
2024-01-09,4076.0,4119.4,4060.0,4089.25,24229,4745.0,5.11,14010.0
2024-01-10,4100.0,4177.3,4065.0,4115.15,14663,4398.0,3.33,4710.0
2024-01-11,4118.0,4135.0,4092.15,4107.55,9540,2642.0,3.61,5153.0
2024-01-12,4099.0,4106.5,4076.2,4090.15,11383,3796.0,3.0,6690.0
2024-01-15,4139.95,4139.95,4070.0,4090.65,22238,6214.0,3.58,11399.0
2024-01-16,4090.65,4098.15,4058.05,4067.95,9283,2768.0,3.35,6504.0
2024-01-17,4067.95,4109.0,4009.55,4102.25,19595,6884.0,2.85,10072.0
2024-01-18,4102.25,4129.0,4071.5,4102.0,6457,2584.0,2.5,2766.0
2024-01-19,4090.1,4113.5,4045.0,4074.05,9915,2436.0,4.07,5791.0
2024-01-20,4061.8,4093.9,4025.0,4039.7,10725,2445.0,4.39,4209.0
2024-01-23,4039.7,4049.95,3900.0,3938.05,34085,7432.0,4.59,25190.0
2024-01-24,3957.0,3957.0,3816.2,3876.45,59229,16618.0,3.56,36856.0
2024-01-25,3876.45,3876.5,3660.7,3817.25,73002,17728.0,4.12,32886.0
2024-01-29,3889.9,3906.5,3824.25,3889.95,27387,9086.0,3.01,17569.0
2024-01-30,3900.0,4080.8,3900.0,4015.6,69205,19362.0,3.57,31206.0
2024-01-31,4011.0,4100.0,4000.05,4095.35,31827,10833.0,2.94,20208.0
2024-02-01,4090.05,4174.95,4031.0,4147.6,26341,8090.0,3.26,11151.0
2024-02-02,4165.0,4185.0,4060.35,4175.65,31068,8446.0,3.68,16016.0
2024-02-05,4170.0,4190.0,4085.75,4182.25,36459,9171.0,3.98,23306.0
2024-02-06,4200.0,4279.0,4182.4,4272.95,30360,9921.0,3.06,18386.0
2024-02-07,4273.0,4380.0,4272.95,4371.65,35714,7579.0,4.71,22530.0
2024-02-08,4370.05,4650.0,4356.15,4495.9,148235,27963.0,5.3,60499.0
2024-02-09,4491.55,4575.0,4350.1,4543.45,26138,7432.0,3.52,9795.0
2024-02-12,4543.45,4572.5,4451.2,4531.05,23727,6949.0,3.41,11441.0
2024-02-13,4503.9,4594.55,4431.35,4453.7,26928,7225.0,3.73,11063.0
2024-02-14,4412.45,4549.95,4385.1,4503.8,25274,7949.0,3.18,8270.0
2024-02-15,4538.45,4608.95,4510.0,4591.1,22846,5918.0,3.86,11907.0
2024-02-16,4650.0,4833.45,4575.05,4609.2,225854,22208.0,10.17,26232.0
2024-02-19,4875.0,5199.85,4725.15,5026.5,688069,90867.0,7.57,71249.0
2024-02-20,5100.0,5250.0,5000.3,5050.55,316130,48113.0,6.57,44803.0
2024-02-21,5035.0,5136.0,4950.1,5063.8,79599,14844.0,5.36,25245.0
2024-02-22,5063.8,5089.9,4953.7,4984.6,31634,7425.0,4.26,11304.0
2024-02-23,4984.6,4984.6,4895.0,4905.25,34500,7220.0,4.78,17574.0
2024-02-26,4905.25,4962.8,4867.15,4898.15,22243,6080.0,3.66,9213.0
2024-02-27,4931.0,4951.75,4875.1,4892.7,23137,4733.0,4.89,12932.0
2024-02-28,4924.75,4925.0,4830.9,4870.15,12138,3787.0,3.21,5410.0
2024-02-29,4872.8,5170.0,4786.0,5017.15,49038,7745.0,6.33,31755.0
2024-03-01,5059.35,5090.15,4883.0,4901.6,36319,7522.0,4.83,16387.0
2024-03-02,4935.3,4968.0,4890.0,4939.7,1652,506.0,3.26,980.0
2024-03-04,4939.95,5070.0,4911.0,5014.1,42811,8955.0,4.78,14207.0
2024-03-05,5001.25,5019.95,4831.5,4859.9,51128,8270.0,6.18,22897.0
2024-03-06,4859.85,4915.05,4764.0,4896.55,37738,7212.0,5.23,17873.0
2024-03-07,4896.6,4991.0,4867.25,4927.85,35963,6722.0,5.35,17338.0
2024-03-11,4945.0,5034.0,4911.75,4924.75,38944,7389.0,5.27,21958.0
2024-03-12,4950.0,5010.9,4854.65,4984.3,44066,7480.0,5.89,19364.0
2024-03-13,4980.05,4980.05,4825.0,4883.8,41039,10670.0,3.85,15990.0
2024-03-14,4883.8,4999.0,4828.05,4985.65,30218,6585.0,4.59,16514.0
2024-03-15,4980.7,5048.95,4934.25,4976.8,26133,7188.0,3.64,11198.0
2024-03-18,5020.0,5250.0,4996.95,5223.55,74915,13747.0,5.45,26048.0
2024-03-19,5223.55,5250.0,4962.25,4982.85,73963,16235.0,4.56,23895.0
2024-03-20,4950.0,5090.0,4900.0,4994.5,43473,10604.0,4.1,9777.0
2024-03-21,5009.4,5055.0,4957.0,4976.7,10811,4081.0,2.65,4663.0
2024-03-22,5001.55,5049.95,4985.1,5006.0,19970,5632.0,3.55,9398.0
2024-03-26,5040.0,5268.5,4992.65,5119.65,71972,15535.0,4.63,25842.0
2024-03-27,5150.0,5154.95,4960.1,4979.2,36070,8516.0,4.24,20028.0
2024-03-28,4980.0,5078.0,4955.15,5068.0,18143,5872.0,3.09,7409.0
2024-04-01,5075.95,5093.25,4881.0,4956.4,134044,14289.0,9.38,71001.0
2024-04-02,4980.0,5066.05,4881.1,4896.5,92281,11983.0,7.7,48947.0
2024-04-03,4920.0,4949.5,4790.0,4807.45,76994,11226.0,6.86,48778.0
2024-04-04,4850.0,4870.0,4822.15,4844.95,19893,4214.0,4.72,12220.0
2024-04-05,4844.95,4905.45,4820.0,4894.95,23348,5952.0,3.92,10776.0
2024-04-08,4906.5,4938.0,4890.0,4895.05,14399,3266.0,4.41,8790.0
2024-04-09,4920.0,4938.95,4879.0,4893.95,16485,3124.0,5.28,10951.0
2024-04-10,4899.0,4926.1,4810.0,4825.2,33831,4966.0,6.81,24030.0
2024-04-12,4831.95,4950.0,4799.2,4843.0,56710,9279.0,6.11,30746.0
2024-04-15,4839.85,4875.0,4703.55,4835.6,22881,5022.0,4.56,7037.0
2024-04-16,4855.0,4877.8,4653.25,4680.8,125060,23491.0,5.32,33991.0
2024-04-18,4602.0,4675.0,4512.0,4531.95,112296,17516.0,6.41,59974.0
2024-04-19,4464.0,4495.9,4337.0,4344.65,79058,15927.0,4.96,38757.0
2024-04-22,4388.0,4440.25,4285.0,4309.95,67233,10320.0,6.51,45674.0
2024-04-23,4344.0,4344.0,4159.0,4194.1,77290,13375.0,5.78,51123.0
2024-04-24,4185.1,4209.2,4135.0,4144.95,55614,12824.0,4.34,28339.0
2024-04-25,4141.0,4365.0,4130.05,4354.05,147799,20506.0,7.21,45971.0
2024-04-26,4451.95,4623.0,4430.05,4472.1,198586,30241.0,6.57,57107.0
2024-04-29,4415.0,4469.85,4384.55,4417.55,34031,6708.0,5.07,12677.0
2024-04-30,4437.9,4448.85,4322.0,4356.35,40388,9134.0,4.42,19884.0
2024-05-02,4400.0,4400.0,4310.0,4317.4,23434,5374.0,4.36,10906.0
2024-05-03,4345.0,4419.9,4300.15,4366.6,30547,7809.0,3.91,11324.0
2024-05-06,4380.0,4380.05,4280.0,4295.25,21645,5002.0,4.33,11590.0
2024-05-07,4290.0,4299.9,4230.3,4283.05,25121,5558.0,4.52,11306.0
2024-05-08,4300.0,4345.8,4297.3,4311.95,20858,3741.0,5.58,12469.0
2024-05-09,4337.05,4357.0,4271.15,4302.4,18626,6017.0,3.1,8679.0
2024-05-10,4286.0,4375.0,4267.2,4357.95,16109,5863.0,2.75,7704.0
2024-05-13,4101.2,4341.0,4101.2,4258.55,47498,12599.0,3.77,22168.0
2024-05-14,4302.0,4374.9,4290.95,4331.9,16454,4627.0,3.56,7029.0
2024-05-15,4335.0,4385.0,4335.0,4368.0,9261,3083.0,3.0,4484.0
2024-05-16,4378.0,4398.45,4327.1,4373.4,7265,2740.0,2.65,2993.0
2024-05-17,4393.3,4393.3,4335.1,4366.5,12993,4345.0,2.99,6132.0
2024-05-18,4330.0,4464.0,4316.05,4435.9,9805,1271.0,7.71,4630.0
2024-05-21,4464.0,4476.7,4350.05,4422.85,21703,6857.0,3.17,8875.0
2024-05-22,4440.0,4457.9,4365.5,4431.3,13516,5062.0,2.67,5981.0
2024-05-23,4425.35,4462.55,4335.0,4344.8,20862,5564.0,3.75,13539.0
2024-05-24,4357.55,4406.3,4302.0,4316.3,24579,6309.0,3.9,12430.0
2024-05-27,4320.0,4347.45,4223.65,4241.6,25440,5055.0,5.03,15757.0
2024-05-28,4275.95,4275.95,4140.05,4192.65,17447,5522.0,3.16,8808.0
2024-05-29,4205.2,4219.9,4152.55,4194.4,29375,5089.0,5.77,17863.0
2024-05-30,4205.0,4211.1,4070.0,4145.05,44186,10988.0,4.02,30162.0
2024-05-31,4145.5,4150.0,4100.0,4104.15,42255,6454.0,6.55,27557.0
2024-06-03,4249.5,4275.0,4032.0,4043.95,51395,10366.0,4.96,31718.0
2024-06-04,4104.6,4111.0,3880.0,4069.3,60677,15028.0,4.04,34448.0
2024-06-05,4094.1,4210.0,4001.35,4187.3,30301,8220.0,3.69,14919.0
2024-06-06,4200.0,4247.4,4009.35,4050.15,59898,10169.0,5.89,35598.0
2024-06-07,4077.0,4122.65,4035.15,4067.6,64568,18271.0,3.53,35114.0
2024-06-10,4121.95,4138.25,4082.05,4121.15,27020,6881.0,3.93,14594.0
2024-06-11,4125.0,4152.6,4098.3,4114.3,27704,7698.0,3.6,13698.0
2024-06-12,4139.5,4161.0,4082.2,4127.55,36798,9840.0,3.74,21883.0
2024-06-13,4160.0,4170.65,4129.45,4152.35,15093,4445.0,3.4,7908.0
2024-06-14,4150.7,4165.0,4101.0,4111.25,25506,6131.0,4.16,16676.0
2024-06-18,4111.25,4130.95,4086.1,4091.8,43523,7007.0,6.21,31988.0
2024-06-19,4096.35,4163.7,4072.05,4110.2,32053,9282.0,3.45,16316.0
2024-06-20,4119.95,4165.0,4110.2,4156.8,24045,5495.0,4.38,14398.0
2024-06-21,4170.0,4242.0,4125.0,4203.9,69995,12842.0,5.45,39764.0
2024-06-24,4225.0,4237.95,4193.7,4219.2,29249,8555.0,3.42,17544.0
2024-06-25,4219.2,4298.0,4175.75,4203.7,50141,10389.0,4.83,22611.0
2024-06-26,4235.0,4237.0,4138.0,4153.05,20468,6261.0,3.27,11256.0
2024-06-27,4156.9,4195.85,4060.0,4070.05,43983,13451.0,3.27,26940.0
2024-06-28,4106.65,4305.0,4102.5,4251.9,108957,24058.0,4.53,42267.0
2024-07-01,4285.0,4468.0,4275.0,4435.7,142380,22052.0,6.46,50736.0
2024-07-02,4460.5,4463.15,4314.25,4359.0,46385,10124.0,4.58,21410.0
2024-07-03,4377.55,4377.85,4272.15,4285.9,40201,7136.0,5.63,25195.0
2024-07-04,4285.9,4385.0,4273.0,4316.1,25199,6299.0,4.0,10895.0
2024-07-05,4316.1,4325.0,4240.0,4269.0,43395,8572.0,5.06,18802.0
2024-07-08,4284.0,4287.3,4215.0,4257.05,23401,6220.0,3.76,12144.0
2024-07-09,4271.1,4370.0,4243.1,4355.15,43689,8432.0,5.18,21969.0
2024-07-10,4375.0,4375.8,4275.9,4304.85,22681,6589.0,3.44,10518.0
2024-07-11,4311.1,4326.0,4261.9,4285.55,64870,3634.0,17.85,57392.0
2024-07-12,4285.55,4354.25,4262.2,4329.45,228992,12049.0,19.01,199676.0
2024-07-15,4350.0,4607.85,4350.0,4517.9,255319,39644.0,6.44,81611.0
2024-07-16,4580.0,4599.95,4422.15,4460.65,140867,19904.0,7.08,46421.0
2024-07-18,4431.0,4447.95,4289.5,4304.3,119799,34648.0,3.46,57077.0
2024-07-19,4315.0,4351.5,4225.0,4271.05,57254,13991.0,4.09,28101.0
2024-07-22,4260.0,4347.8,4247.9,4291.7,29738,9093.0,3.27,13942.0
2024-07-23,4310.95,4338.05,4131.0,4269.3,44851,11676.0,3.84,19597.0
2024-07-24,4278.7,4324.2,4227.6,4251.2,25129,7590.0,3.31,11390.0
2024-07-25,4251.2,4285.0,4216.0,4264.5,56586,4883.0,11.59,48072.0
2024-07-26,4279.95,4308.7,4219.35,4226.85,38351,8352.0,4.59,21662.0
2024-07-29,4248.0,4354.95,4248.0,4327.8,68636,8575.0,8.0,51090.0
2024-07-30,4360.0,4428.35,4351.05,4384.75,43984,10893.0,4.04,19532.0
2024-07-31,4400.0,4424.0,4371.25,4382.6,38608,10424.0,3.7,20180.0
2024-08-01,4420.0,4420.0,4301.05,4340.8,24202,7345.0,3.3,10913.0
2024-08-02,4330.0,4344.45,4272.5,4311.35,31046,8506.0,3.65,16602.0
2024-08-05,4300.0,4300.0,4200.0,4217.0,77669,8750.0,8.88,63238.0
2024-08-06,4217.65,4295.15,4150.0,4165.55,22399,6545.0,3.42,11987.0
2024-08-07,4186.4,4350.0,4147.7,4243.85,78856,20730.0,3.8,44212.0
2024-08-08,4241.0,4502.0,4236.3,4471.55,105398,21297.0,4.95,51930.0
2024-08-09,4490.0,4491.55,4400.0,4415.85,36612,9466.0,3.87,12097.0
2024-08-12,4415.8,4467.45,4375.55,4459.65,31598,7621.0,4.15,19654.0
2024-08-13,4498.0,4595.0,4463.55,4537.4,76356,21275.0,3.59,34894.0
2024-08-14,4529.0,4545.95,4402.55,4438.1,26708,6787.0,3.94,11328.0
2024-08-16,4440.0,4522.0,4440.0,4507.05,33076,6377.0,5.19,23801.0
2024-08-19,4509.35,4649.0,4494.2,4600.3,41409,7979.0,5.19,23597.0
2024-08-20,4630.2,4682.8,4554.05,4588.1,42754,12167.0,3.51,17003.0
2024-08-21,4600.0,4673.6,4560.0,4595.0,21244,5345.0,3.97,10794.0
2024-08-22,4570.0,4608.65,4508.25,4521.95,26459,5978.0,4.43,15906.0
2024-08-23,4500.45,4575.5,4500.45,4546.95,13863,4525.0,3.06,7405.0
2024-08-26,4555.0,4650.0,4476.0,4498.15,32437,6976.0,4.65,13029.0
2024-08-27,4540.15,4604.95,4505.2,4522.8,33285,6957.0,4.78,16504.0
2024-08-28,4560.0,4560.0,4482.0,4538.05,14469,3962.0,3.65,7299.0
2024-08-29,4542.0,4542.0,4470.0,4496.6,13818,4342.0,3.18,7400.0
2024-08-30,4496.6,4532.95,4450.0,4461.75,19050,4986.0,3.82,11694.0
2024-09-02,4500.0,4576.95,4456.35,4536.6,23275,6087.0,3.82,11844.0
2024-09-03,4550.0,4649.0,4536.6,4640.55,41314,8888.0,4.65,23080.0
2024-09-04,4649.95,4676.0,4580.0,4614.6,36495,8467.0,4.31,12682.0
2024-09-05,4638.7,4659.4,4585.0,4589.25,16722,5331.0,3.14,10265.0
2024-09-06,4590.8,4747.95,4562.25,4613.5,56938,14040.0,4.06,23366.0
2024-09-09,4613.55,4620.65,4505.7,4564.65,18439,6340.0,2.91,9942.0
2024-09-10,4596.75,4675.0,4580.45,4605.6,13923,5035.0,2.77,7187.0
2024-09-11,4627.15,4740.0,4595.0,4642.7,39402,8377.0,4.7,17832.0
2024-09-12,4649.9,4681.6,4609.0,4674.1,13589,4495.0,3.02,7476.0
2024-09-13,4685.0,4766.0,4627.45,4666.55,34432,7126.0,4.83,20079.0
2024-09-16,4666.55,4756.55,4630.2,4728.65,34104,3879.0,8.79,24254.0
2024-09-17,4728.65,4766.55,4690.0,4737.9,19682,6161.0,3.19,8517.0
2024-09-18,4759.95,4770.1,4676.6,4684.25,27306,4880.0,5.6,15033.0
2024-09-19,4685.0,4748.95,4619.5,4646.9,31580,9218.0,3.43,20378.0
2024-09-20,4646.9,4689.9,4603.8,4634.0,31033,8134.0,3.82,18671.0
2024-09-23,4613.5,4716.95,4613.5,4643.8,14850,5258.0,2.82,8198.0
2024-09-24,4630.0,4670.35,4604.6,4635.2,27453,6720.0,4.09,15689.0
2024-09-25,4636.0,4650.0,4526.5,4546.6,17217,4739.0,3.63,11058.0
2024-09-26,4546.6,4619.2,4534.35,4588.3,14319,5115.0,2.8,6288.0
2024-09-27,4600.0,4600.0,4545.0,4559.95,21468,7198.0,2.98,13429.0
2024-09-30,4600.0,4680.0,4561.0,4662.5,25884,6966.0,3.72,10023.0
2024-10-01,4688.0,4688.0,4612.55,4644.5,19767,6760.0,2.92,12943.0
2024-10-03,4610.0,4628.85,4470.05,4494.95,60188,8150.0,7.39,45880.0
2024-10-04,4480.0,4489.95,4376.85,4399.0,82178,12538.0,6.55,63706.0
2024-10-07,4399.0,4444.7,4277.1,4289.6,106553,22208.0,4.8,77326.0
2024-10-08,4289.35,4497.45,4260.0,4471.15,96623,8921.0,10.83,76805.0
2024-10-09,4506.6,4596.95,4485.0,4516.1,23362,8294.0,2.82,10108.0
2024-10-10,4509.35,4554.2,4461.85,4498.55,9937,3770.0,2.64,4814.0
2024-10-11,4525.0,4739.9,4474.9,4711.85,70029,13503.0,5.19,23110.0
2024-10-14,4747.0,4775.0,4630.05,4727.05,48126,11878.0,4.05,23408.0
2024-10-15,4745.8,4764.0,4658.5,4695.5,27157,7165.0,3.79,16640.0
2024-10-16,4705.0,4848.0,4620.0,4788.7,57904,12082.0,4.79,28605.0
2024-10-17,5051.45,5180.0,4699.95,4765.05,981962,108623.0,9.04,100497.0
2024-10-18,4740.0,4769.0,4665.1,4702.05,73782,13269.0,5.56,34285.0
2024-10-21,4705.0,5020.0,4705.0,4896.6,363730,50160.0,7.25,65837.0
2024-10-22,4886.05,4945.6,4805.75,4879.3,90867,18080.0,5.03,36281.0
2024-10-23,4788.0,4955.0,4751.85,4926.85,57848,12743.0,4.54,21001.0
2024-10-24,4881.75,5119.45,4855.0,5084.05,181631,28135.0,6.46,85665.0
2024-10-25,5117.95,5147.95,4950.2,5080.0,71234,14563.0,4.89,36483.0
2024-10-28,5100.0,5250.0,5025.05,5125.8,119033,22678.0,5.25,40110.0
2024-10-29,5185.4,5240.0,5140.0,5203.5,46284,9750.0,4.75,13786.0
2024-10-30,5200.0,5435.0,5180.05,5372.3,137063,24386.0,5.62,49008.0
2024-10-31,5385.0,5500.0,5310.05,5474.75,77237,16980.0,4.55,26644.0
2024-11-01,5508.0,5525.0,5431.5,5462.1,11480,2711.0,4.23,4772.0
2024-11-04,5499.0,5634.95,5411.45,5493.4,81974,18988.0,4.32,35244.0
2024-11-05,5475.05,5475.05,5285.0,5343.1,69121,21236.0,3.25,24471.0
2024-11-06,5315.0,5600.0,5315.0,5504.5,72480,18222.0,3.98,24540.0
2024-11-07,5500.2,5551.0,5451.6,5507.05,40939,9322.0,4.39,21816.0
2024-11-08,5507.0,5600.0,5400.0,5491.25,33272,8320.0,4.0,12012.0
2024-11-11,5501.0,5613.05,5441.05,5531.75,49644,16190.0,3.07,20711.0
2024-11-12,5530.05,5600.0,5421.1,5460.95,35217,11372.0,3.1,12951.0
2024-11-13,5411.55,5456.9,5232.5,5269.65,38572,11809.0,3.27,15342.0
2024-11-14,5235.0,5342.7,5171.1,5190.6,34018,12718.0,2.67,16334.0
2024-11-18,5190.0,5363.75,5111.0,5283.55,24195,9554.0,2.53,8944.0
2024-11-19,5353.25,5353.25,5230.0,5268.9,17886,5563.0,3.22,7891.0
2024-11-21,5196.3,5600.0,5196.0,5589.5,252601,39669.0,6.37,37689.0
2024-11-22,5589.5,5685.0,5366.2,5483.8,80406,23616.0,3.4,17746.0
2024-11-25,5519.7,5618.75,5231.5,5282.6,94493,26500.0,3.57,45178.0
2024-11-26,5335.0,5467.9,5301.0,5372.4,58727,16304.0,3.6,20244.0
2024-11-27,5353.25,5362.85,5254.2,5282.8,18972,5937.0,3.2,8161.0
2024-11-28,5275.0,5327.15,5249.95,5273.25,34676,8070.0,4.3,17910.0
2024-11-29,5307.55,5477.7,5274.0,5364.0,55353,14911.0,3.71,17808.0
2024-12-02,5299.95,5375.95,5255.5,5281.05,29024,8195.0,3.54,14112.0
2024-12-03,5335.0,5345.0,5225.0,5243.65,36953,9888.0,3.74,18368.0
2024-12-04,5243.0,5423.9,5235.0,5368.9,62554,14119.0,4.43,22001.0
2024-12-05,5346.4,5415.0,5311.0,5369.85,22562,6888.0,3.28,7360.0
2024-12-06,5380.45,5398.2,5201.0,5310.25,19490,5632.0,3.46,6094.0
2024-12-09,5288.05,5344.95,5163.05,5284.45,48312,13064.0,3.7,15139.0
2024-12-10,5272.45,5447.95,5263.65,5421.05,76186,18520.0,4.11,28149.0
2024-12-11,5456.25,5492.9,5397.0,5448.25,31998,7197.0,4.45,14299.0
2024-12-12,5450.0,5570.0,5424.65,5526.65,39522,8216.0,4.81,17006.0
2024-12-13,5562.6,5896.75,5504.4,5817.75,494747,70985.0,6.97,97216.0
2024-12-16,5890.0,5909.95,5739.2,5791.95,101368,17139.0,5.91,31633.0
2024-12-17,5829.0,5854.65,5737.8,5785.2,46543,13062.0,3.56,16875.0
2024-12-18,5740.0,5890.0,5740.0,5869.4,50725,12380.0,4.1,16380.0
2024-12-19,5789.3,5830.45,5750.0,5804.65,24637,7727.0,3.19,7241.0
2024-12-20,5856.3,5912.0,5537.0,5752.5,69441,16056.0,4.32,28568.0
2024-12-23,5690.0,5729.5,5569.35,5695.05,33754,8867.0,3.81,10566.0
2024-12-24,5662.0,5762.85,5595.0,5730.25,44297,9634.0,4.6,23156.0
2024-12-26,5690.0,5694.95,5550.0,5575.85,29052,10302.0,2.82,8850.0
2024-12-27,5603.15,5608.2,5460.1,5586.05,24623,11130.0,2.21,9610.0
2024-12-30,5586.05,6099.9,5523.0,5992.45,103280,23253.0,4.44,44874.0
2024-12-31,5962.05,6950.0,5812.2,6653.1,306527,59153.0,5.18,44583.0
2025-01-01,6402.7,6649.0,6315.25,6408.65,254169,49144.0,5.17,37338.0
2025-01-02,6351.0,6423.75,6151.0,6186.3,90916,18706.0,4.86,29587.0
2025-01-03,6177.0,6280.0,6081.55,6108.15,64838,13403.0,4.84,22927.0
2025-01-06,6108.1,6275.0,5876.8,5934.55,93576,22632.0,4.13,28636.0
2025-01-07,6034.95,6127.25,5871.0,5905.6,64435,18379.0,3.51,19495.0
2025-01-08,5931.2,5934.5,5733.0,5770.6,33015,9850.0,3.35,13060.0
2025-01-09,5807.45,5827.5,5640.0,5673.7,42131,13006.0,3.24,14340.0
2025-01-10,5699.0,5860.0,5620.0,5675.65,78317,24144.0,3.24,21177.0
2025-01-13,5670.05,5935.0,5607.1,5806.35,221854,40752.0,5.44,29125.0
2025-01-14,5762.0,6025.0,5762.0,5886.9,96508,21934.0,4.4,24018.0
2025-01-15,5919.0,5973.9,5755.25,5778.15,43805,12106.0,3.62,16269.0
2025-01-16,5839.35,5839.95,5685.0,5698.15,35551,10302.0,3.45,17842.0
2025-01-17,5698.9,5748.05,5533.0,5582.9,31894,8665.0,3.68,12830.0
2025-01-20,5624.95,5699.0,5480.0,5491.15,43138,14592.0,2.96,16781.0
2025-01-21,5500.0,5529.6,5347.6,5410.25,35780,11332.0,3.16,11186.0
2025-01-22,5400.0,5590.0,5312.0,5343.25,54236,17049.0,3.18,10674.0
2025-01-23,5350.8,5408.4,5266.0,5291.15,62778,12332.0,5.09,32934.0
2025-01-24,5325.55,5499.9,5228.8,5322.4,69898,19333.0,3.62,22473.0
2025-01-27,5322.4,5339.95,5005.55,5130.05,42361,14558.0,2.91,14150.0
2025-01-28,5085.0,5160.0,4859.8,5064.55,45534,14347.0,3.17,14043.0
2025-01-29,5060.0,5500.0,5060.0,5419.9,49507,17439.0,2.84,12897.0
2025-01-30,5415.0,5415.0,5170.05,5271.05,58938,14231.0,4.14,13153.0
2025-01-31,5280.0,5474.9,5255.0,5433.3,17402,7134.0,2.44,4702.0
2025-02-01,5468.6,5476.15,5283.05,5452.9,9273,3979.0,2.33,2206.0
2025-02-03,5465.8,5530.0,5315.05,5400.6,40316,13337.0,3.02,22263.0
2025-02-04,5421.0,5445.9,5342.7,5401.05,14865,5663.0,2.62,7539.0
2025-02-05,5375.0,5435.95,5255.0,5296.65,46669,13922.0,3.35,24195.0
2025-02-06,5264.85,5367.5,5140.1,5154.2,35051,11616.0,3.02,16442.0
2025-02-07,5187.7,5303.95,5137.15,5227.65,24354,9846.0,2.47,8708.0
2025-02-10,5274.55,5338.0,5076.05,5109.15,33552,12362.0,2.71,11128.0
2025-02-11,5070.0,5426.85,4615.0,5349.2,488923,103767.0,4.71,49499.0
2025-02-12,5259.5,5284.8,5035.85,5054.8,129105,38023.0,3.4,19928.0
2025-02-13,5049.7,5218.0,5011.1,5096.7,67318,22637.0,2.97,12631.0
2025-02-14,5100.0,5192.15,5031.9,5123.45,31051,9258.0,3.35,6094.0
2025-02-17,5052.7,5074.55,4822.05,4944.85,75858,24775.0,3.06,21898.0
2025-02-18,4995.15,5110.9,4834.55,4874.55,52337,16040.0,3.26,11217.0
2025-02-19,4834.0,4838.95,4690.0,4706.7,55341,13026.0,4.25,19760.0
2025-02-20,4709.0,4730.0,4551.0,4661.25,65230,16517.0,3.95,22203.0
2025-02-21,4661.0,4772.5,4588.3,4650.1,47777,14634.0,3.26,13782.0
2025-02-24,4575.0,4630.0,4542.05,4568.4,28137,10256.0,2.74,13881.0
2025-02-25,4598.0,4663.5,4468.05,4494.95,49310,14897.0,3.31,19503.0
2025-02-27,4499.9,4779.0,4499.9,4577.95,110944,28974.0,3.83,22863.0
2025-02-28,4494.95,4528.85,4367.25,4388.4,43005,13693.0,3.14,18357.0
2025-03-03,4391.5,4497.1,4301.0,4449.2,36811,14558.0,2.53,13424.0
2025-03-04,4422.0,4582.05,4322.55,4436.35,59801,20053.0,2.98,18135.0
2025-03-05,4478.3,4512.0,4421.2,4439.55,30075,10561.0,2.85,14103.0
2025-03-06,4448.35,4568.0,4444.0,4549.4,30972,9695.0,3.19,9254.0
2025-03-07,4550.0,4613.0,4471.0,4488.95,31561,9978.0,3.16,11387.0
2025-03-10,4500.0,4563.0,4380.0,4417.55,29770,10543.0,2.82,13377.0
2025-03-11,4350.55,4436.25,4349.75,4387.2,17705,6412.0,2.76,7213.0
2025-03-12,4480.0,4514.8,4331.0,4387.15,33200,11169.0,2.97,10215.0
2025-03-13,4420.0,4435.0,4311.4,4373.7,25697,9823.0,2.62,11761.0
2025-03-17,4373.7,4459.9,4352.45,4395.25,23861,9428.0,2.53,12028.0
2025-03-18,4435.0,4516.25,4290.0,4372.4,94128,20735.0,4.54,49586.0
2025-03-19,4434.8,4434.8,4367.95,4382.35,25584,8546.0,2.99,13295.0
2025-03-20,4409.75,4478.0,4388.95,4416.7,34794,10227.0,3.4,15806.0
2025-03-21,4416.7,4536.25,4171.5,4233.8,458360,42823.0,10.7,230999.0
2025-03-24,4240.4,4277.8,4186.0,4196.1,133054,21945.0,6.06,65669.0
2025-03-25,4225.0,4225.0,4131.2,4186.6,114012,26972.0,4.23,52855.0
2025-03-26,4185.0,4209.55,4141.55,4169.65,46837,13847.0,3.38,24019.0
2025-03-27,4165.0,4217.05,4131.0,4165.8,43677,11951.0,3.65,21902.0
2025-03-28,4189.0,4234.95,4167.0,4178.9,47036,11687.0,4.02,23996.0
2025-04-01,4213.35,4213.35,4133.0,4177.45,41688,7971.0,5.23,20271.0
2025-04-02,4200.0,4265.0,4125.25,4241.45,74520,12475.0,5.97,46347.0
2025-04-03,4231.4,4318.0,4201.4,4297.95,47516,9832.0,4.83,24344.0
2025-04-04,4324.0,4324.0,4163.0,4193.7,43458,11259.0,3.86,23920.0
2025-04-07,3980.0,4149.0,3973.6,4134.55,41326,12112.0,3.41,18150.0
2025-04-08,4160.15,4357.95,4129.6,4333.65,66336,16508.0,4.02,34101.0
2025-04-09,4300.0,4364.9,4171.25,4211.1,53535,10270.0,5.21,29632.0
2025-04-11,4249.95,4282.75,4173.55,4215.85,82249,19032.0,4.32,46517.0
2025-04-15,4225.7,4375.9,4218.1,4358.5,40320,9917.0,4.07,19114.0
2025-04-16,4400.0,4480.0,4344.1,4468.7,53896,15189.0,3.55,25173.0
2025-04-17,4509.7,4577.7,4444.6,4555.8,73626,13839.0,5.32,34024.0
2025-04-21,4593.5,4720.0,4535.7,4702.9,41805,9447.0,4.43,19449.0
2025-04-22,4734.0,4784.0,4665.2,4735.1,39935,10677.0,3.74,18785.0
2025-04-23,4750.0,4770.0,4660.0,4752.0,43300,10730.0,4.04,18991.0
2025-04-24,4760.0,4841.4,4658.3,4800.5,42795,11061.0,3.87,18391.0
2025-04-25,4844.0,4844.0,4502.2,4524.7,79826,16508.0,4.84,38553.0
2025-04-28,4526.9,4578.9,4489.1,4544.4,71936,12083.0,5.95,50575.0
2025-04-29,4553.7,4562.8,4383.4,4396.2,110296,26029.0,4.24,58935.0
2025-04-30,4424.5,4530.0,4365.0,4452.7,211663,41447.0,5.11,62035.0
2025-05-02,4470.0,4828.8,4470.0,4664.8,559109,90309.0,6.19,148783.0
2025-05-05,4665.0,4711.4,4597.0,4620.6,56149,14034,4.0,25575
2025-05-06,4620.6,4673.7,4600.0,4647.9,41957,8921,4.7,21694
2025-05-07,4585.2,4713.0,4575.1,4700.4,72513,12360,5.87,45680
2025-05-08,4700.0,5050.0,4690.2,5010.3,274142,48034,5.71,78356
2025-05-09,4921.5,4940.4,4783.1,4870.2,55325,14460,3.83,23883
2025-05-12,5040.0,5094.1,4956.9,5004.2,93648,19394,4.83,50320
2025-05-13,5044.2,5150.0,4960.0,5115.3,62943,13701,4.59,25882
2025-05-14,5115.3,5180.0,5049.6,5068.9,40650,10742,3.78,19465
2025-05-15,5105.0,5177.9,5000.0,5031.3,50237,11566,4.34,22360
2025-05-16,5059.5,5089.2,4987.9,5015.5,41603,9950,4.18,19054
2025-05-19,5037.0,5255.0,5026.3,5157.8,103984,16935,6.14,39461
2025-05-20,5174.9,5184.0,4988.3,5033.4,41444,9379,4.42,23581
2025-05-21,5040.0,5125.0,4991.0,5093.5,30182,7236,4.17,11425
2025-05-22,5100.0,5125.0,5059.0,5107.0,16428,3842,4.28,6865
2025-05-23,5045.0,5125.0,5024.4,5093.9,30239,7681,3.94,11784
2025-05-26,5093.9,5150.0,5052.3,5120.4,29025,6804,4.27,13463
2025-05-27,5121.0,5234.8,5111.9,5195.0,56240,11005,5.11,23235
2025-05-28,5240.0,5316.7,5220.0,5252.0,51474,9731,5.29,19392
2025-05-29,5269.0,5430.0,5225.0,5253.3,28035,7396,3.79,10830
2025-05-30,5279.3,5350.0,5226.0,5249.7,43064,10173,4.23,20924
2025-06-02,5275.0,5299.0,5165.0,5195.5,25740,7426,3.47,13361
2025-06-03,5195.5,5225.0,5137.5,5162.0,16431,6678,2.46,8985
2025-06-04,5162.0,5380.0,5151.5,5300.5,80481,17403,4.62,27073
2025-06-05,5300.5,5334.5,5252.5,5278.5,16929,5412,3.13,8765
2025-06-06,5280.0,5380.0,5278.5,5350.0,54679,7315,7.47,38961
2025-06-09,5380.0,5435.5,5351.5,5390.0,42120,6238,6.75,29228
2025-06-10,5425.0,5539.0,5372.0,5510.5,93831,10941,8.58,70121
2025-06-11,5525.0,6010.0,5511.0,5838.5,499585,80898,6.18,55289
2025-06-12,5804.5,5809.0,5474.5,5527.0,125653,24830,5.06,45302
2025-06-13,5527.0,5527.0,5322.0,5336.5,95834,17311,5.54,34672
2025-06-16,5340.0,5465.0,5291.0,5412.0,152536,24572,6.21,85132
2025-06-17,5434.0,5708.0,5431.5,5670.5,299213,47847,6.25,65107
2025-06-18,5630.0,5652.0,5437.5,5601.5,90099,14668,6.14,25677
2025-06-19,5600.0,5733.5,5571.5,5651.5,137155,27715,4.95,42952
2025-06-20,5588.0,5825.0,5483.5,5751.0,289890,39110,7.41,1823752025-06-23,5599.0,5816.0,5581.0,5794.5,86101,18070,4.76,22998
2025-06-24,5850.0,5975.0,5785.5,5819.5,91085,15536,5.86,42129
2025-06-25,5845.5,5998.5,5845.5,5939.0,77171,16804,4.59,23973
2025-06-26,5939.5,5969.0,5841.0,5947.0,30043,6326,4.75,7932
2025-06-27,5963.5,6139.0,5920.5,5992.0,111009,19940,5.57,53393
2025-06-30,6017.0,6081.5,6005.5,6048.0,55383,8897,6.22,34241
2025-07-01,6080.0,6099.0,5955.0,6040.0,90701,13117,6.91,67795
2025-07-02,6054.5,6079.0,5891.0,5936.0,59276,13035,4.55,31566
2025-07-03,5906.0,6075.0,5862.0,6041.0,130940,26649,4.91,72673
2025-07-04,6041.0,6137.0,5808.5,5852.5,63593,14633,4.35,20034
2025-07-07,5852.5,5861.5,5737.0,5775.5,33759,10661,3.17,14274
2025-07-08,5796.5,5877.5,5720.0,5816.5,38482,10540,3.65,9380
2025-07-09,5809.0,5880.0,5751.0,5877.0,51600,11717,4.4,29208
2025-07-10,5880.0,5961.0,5835.5,5921.0,30868,7858,3.93,12066
2025-07-11,5916.5,6060.0,5805.0,5973.0,118374,15152,7.81,75779
2025-07-14,5980.0,6100.0,5975.0,5993.0,43599,10621,4.1,15647
2025-07-15,6020.0,6093.0,5926.0,5978.5,31455,8434,3.73,10806
2025-07-16,6000.0,6130.0,5900.0,5928.0,52252,10883,4.8,15166
2025-07-17,5966.5,5989.5,5919.5,5934.5,20531,6205,3.31,8900
2025-07-18,5941.5,5995.0,5850.0,5903.0,28167,5459,5.16,13967
2025-07-21,5941.5,5945.0,5791.5,5822.5,22754,6982,3.26,9526
2025-07-22,5825.5,5892.0,5768.5,5785.0,68187,15761,4.33,17106
2025-07-23,5804.5,5875.0,5709.5,5860.5,37918,9246,4.1,14980
2025-07-24,5860.5,5860.5,5772.0,5812.0,18291,6431,2.84,9410
2025-07-25,5811.0,5820.0,5500.0,5546.5,41796,11091,3.77,21148
2025-07-28,5506.0,5550.0,5333.0,5367.5,44082,11184,3.94,22207
2025-07-29,5379.0,5385.0,5275.0,5314.5,25034,8516,2.94,10334
2025-07-30,5311.5,5351.5,5161.0,5220.0,59999,13378,4.48,33394
2025-07-31,5160.0,5350.0,5130.0,5304.0,37743,9008,4.19,15317
2025-08-01,5304.0,5382.0,5192.0,5216.0,41113,11101,3.7,18050
2025-08-04,5220.0,5333.0,5178.5,5292.5,60173,12359,4.87,413832025-08-04,5220.0,5333.0,5178.5,5292.5,60173,12359,4.87,41383
2025-08-05,5332.5,5400.0,5280.5,5355.0,25782,7870,3.28,13985
2025-08-06,5306.0,5363.5,5188.0,5211.0,47095,7841,6.01,33136
2025-08-07,5200.5,5237.5,5115.5,5183.0,36396,4027,9.04,27663
2025-08-08,5214.0,5244.5,5126.0,5204.0,26522,7058,3.76,12734
2025-08-11,5203.5,5253.0,5180.0,5226.0,12004,5060,2.37,6773
2025-08-12,5225.0,5248.0,5055.0,5119.0,29275,6657,4.4,18295
2025-08-13,5100.0,5224.5,5081.0,5206.5,23435,5822,4.03,13091
2025-08-14,5207.5,5421.5,5193.5,5339.5,39944,12425,3.21,19016
2025-08-18,5374.0,5420.0,5301.5,5396.5,22995,8468,2.72,14097
2025-08-19,5419.0,5451.0,5313.0,5431.0,23064,7469,3.09,11417
2025-08-20,5409.0,5429.5,5341.5,5359.0,18636,9672,1.93,10724
2025-08-21,5364.0,5429.5,5354.0,5400.5,30385,8809,3.45,19303
2025-08-22,5400.0,5420.0,5300.0,5313.0,13272,4940,2.69,6451
2025-08-25,5363.5,5380.0,5156.5,5199.5,75691,9499,7.97,62895
2025-08-26,5199.5,5221.5,5062.0,5093.5,40872,10993,3.72,24505
2025-08-28,5099.0,5099.0,4870.5,4905.5,67506,17956,3.76,45108
2025-08-29,4905.5,5034.0,4897.5,4986.0,41273,11320,3.65,22793
2025-09-01,4986.0,5095.0,4960.0,5072.6,21115,5634,3.75,10681
2025-08-29,4905.5,5034.0,4897.5,4986.0,41273,11320,3.65,22793
2025-09-01,4986.0,5095.0,4960.0,5072.6,21115,5634,3.75,10681
2025-09-02,5072.6,5095.0,5019.1,5051.3,36729,4154,8.84,29822
2025-09-03,5053.5,5088.5,4990.0,5059.6,35464,10943,3.24,19795
2025-09-04,5092.0,5092.0,4981.0,5007.5,18610,8031,2.32,9557
2025-09-05,5040.0,5073.4,4995.4,5007.9,69839,7693,9.08,57718
2025-09-08,5006.9,5050.0,4951.0,4965.0,47394,4451,10.65,38623
2025-09-09,4974.9,5002.2,4937.0,4991.7,10261,3923,2.62,5367
2025-09-10,4991.7,5089.7,4991.7,5058.0,40759,13696,2.98,26264
2025-09-11,5058.0,5072.0,4997.6,5039.2,20356,10531,1.93,12118
2025-09-12,5038.0,5039.0,5000.0,5001.2,25369,3869,6.56,20904
2025-09-15,5033.5,5046.4,4978.0,5013.9,16441,5503,2.99,8400
2025-09-16,5042.0,5054.9,4990.0,5045.4,19605,6157,3.18,12532
2025-09-17,5065.0,5115.0,5030.5,5086.2,31327,9365,3.35,16428
2025-09-18,5091.0,5105.0,5012.0,5024.1,13643,4236,3.22,7612
2025-09-19,5024.1,5046.4,4960.1,4985.8,23750,5147,4.61,17854
