Date,Open,High,Low,Close,Volume,TOTAL_TRADES,QTY_PER_TRADE,DLV_QTY
2015-04-09,100.0,112.2,100.0,109.6,37276199,,,
2015-04-10,110.45,113.0,108.4,109.9,4920286,,,
2015-04-13,109.4,110.7,105.9,107.55,1636434,,,
2015-04-15,107.55,116.1,105.6,109.8,4703486,,,
2015-04-16,110.5,121.75,110.45,119.9,5612060,,,
2015-04-17,118.85,123.6,116.6,118.45,3528516,,,
2015-04-20,118.7,119.4,111.65,112.7,1418441,,,
2015-04-21,113.35,114.75,109.15,110.2,1155631,,,
2015-04-22,110.8,112.4,104.6,110.45,1177867,,,
2015-04-23,111.25,113.95,108.5,109.1,823774,,,
2015-04-24,109.6,109.9,103.75,105.1,752809,,,
2015-04-27,105.8,107.9,100.65,104.4,1214104,,,
2015-04-28,104.5,108.7,103.2,107.4,668062,,,
2015-04-29,107.25,107.3,103.25,104.35,1125210,,,
2015-04-30,104.1,107.2,104.05,106.6,525000,,,
2015-05-04,106.7,109.15,105.75,108.2,323518,,,
2015-05-05,107.05,108.0,104.85,105.8,212921,,,
2015-05-06,105.65,105.65,100.0,101.25,387624,,,
2015-05-07,100.5,103.6,100.25,101.55,367788,,,
2015-05-08,102.5,106.25,102.5,104.45,357288,,,
2015-05-11,104.5,110.6,104.5,108.65,522455,,,
2015-05-12,109.0,109.3,105.25,105.9,319958,,,
2015-05-13,107.25,114.75,107.2,113.05,1197426,,,
2015-05-14,112.25,114.7,110.7,112.45,633351,,,
2015-05-15,112.7,117.9,112.6,116.8,1116014,,,
2015-05-18,120.6,120.6,111.3,112.2,1931454,,,
2015-05-19,111.7,114.7,111.2,114.1,493880,,,
2015-05-20,114.0,115.3,108.5,109.55,523768,,,
2015-05-21,109.75,112.1,107.5,110.4,469992,,,
2015-05-22,110.4,112.2,109.3,110.05,309097,,,
2015-05-25,110.75,111.6,108.7,109.0,171174,,,
2015-05-26,109.3,110.25,106.1,107.3,354564,,,
2015-05-27,106.75,109.5,105.4,108.8,268430,,,
2015-05-28,109.25,110.85,108.8,109.75,475036,,,
2015-05-29,109.85,110.8,108.6,108.95,125541,,,
2015-06-01,109.5,109.7,106.55,107.25,120112,,,
2015-06-02,107.5,109.2,104.9,105.75,149221,,,
2015-06-03,105.75,106.8,97.05,104.95,395358,,,
2015-06-04,104.55,105.5,102.5,104.85,361777,,,
2015-06-05,105.1,106.7,103.95,104.95,143022,,,
2015-06-08,104.7,104.9,102.1,103.75,101058,,,
2015-06-09,104.2,104.5,102.1,102.45,115158,,,
2015-06-10,103.7,104.0,101.25,101.85,176276,,,
2015-06-11,102.4,102.8,96.4,97.65,203821,,,
2015-06-12,98.5,103.9,97.1,102.55,1000566,,,
2015-06-15,102.95,105.45,100.85,103.35,327279,,,
2015-06-16,102.7,103.95,102.5,103.0,86122,,,
2015-06-17,103.8,104.5,102.75,103.4,214132,,,
2015-06-18,103.65,106.95,103.4,104.75,373510,,,
2015-06-19,105.75,108.35,104.0,107.2,724053,,,
2015-06-22,108.4,109.6,106.5,107.15,239447,,,
2015-06-23,108.1,108.45,105.85,106.6,141980,,,
2015-06-24,106.0,108.4,100.15,103.1,203682,,,
2015-06-25,102.75,107.0,102.75,106.45,176465,,,
2015-06-26,106.75,109.0,106.15,107.15,214512,,,
2015-06-29,102.9,107.05,102.9,105.8,130058,,,
2015-06-30,106.95,107.75,105.25,105.7,113273,,,
2015-07-01,106.0,107.8,105.55,106.4,110627,,,
2015-07-02,109.75,112.75,108.25,108.95,402305,,,
2015-07-03,108.0,113.5,108.0,110.75,467425,,,
2015-07-06,109.5,116.4,109.0,116.0,533135,,,
2015-07-07,117.1,118.1,114.65,115.7,427689,,,
2015-07-08,114.25,115.4,110.0,111.45,234134,,,
2015-07-09,111.95,114.7,111.25,112.05,169225,,,
2015-07-10,112.75,113.5,111.5,113.0,85827,,,
2015-07-13,112.5,116.5,112.5,115.85,164396,,,
2015-07-14,117.0,117.15,113.25,113.7,139510,,,
2015-07-15,114.65,114.95,112.5,113.3,98396,,,
2015-07-16,113.75,114.0,111.8,112.2,66404,,,
2015-07-17,111.8,113.95,111.25,111.55,146479,,,
2015-07-20,112.15,112.75,111.0,111.85,55765,,,
2015-07-21,112.4,112.5,107.0,107.8,129302,,,
2015-07-22,108.9,110.25,107.75,109.1,171412,,,
2015-07-23,109.75,109.75,106.85,107.6,77202,,,
2015-07-24,108.0,110.9,104.6,105.6,276043,,,
2015-07-27,105.6,110.0,105.6,109.25,498487,,,
2015-07-28,110.2,110.2,104.0,104.45,657356,,,
2015-07-29,105.0,105.75,101.9,103.5,568952,,,
2015-07-30,103.95,105.25,102.5,103.4,140654,,,
2015-07-31,104.75,105.0,103.5,104.4,227944,,,
2015-08-03,105.0,105.0,103.25,103.65,101486,,,
2015-08-04,104.5,104.5,102.4,102.8,140240,,,
2015-08-05,103.75,105.2,103.0,103.9,155077,,,
2015-08-06,104.0,104.5,103.1,103.45,108476,,,
2015-08-07,103.7,103.95,100.85,101.6,176311,,,
2015-08-10,102.5,102.6,96.75,97.55,258208,,,
2015-08-11,98.2,101.5,97.4,100.1,175044,,,
2015-08-12,100.0,101.45,97.5,97.85,94091,,,
2015-08-13,97.85,99.5,92.85,93.65,265925,,,
2015-08-14,94.95,101.0,93.75,99.85,351626,,,
2015-08-17,100.35,100.4,97.4,98.95,88371,,,
2015-08-18,99.5,100.75,98.35,99.55,82832,,,
2015-08-19,100.0,101.15,98.75,100.15,100070,,,
2015-08-20,100.1,102.35,97.8,98.6,91521,,,
2015-08-21,97.7,97.7,95.05,96.55,134173,,,
2015-08-24,94.6,94.6,84.05,85.6,162381,,,
2015-08-25,86.5,89.55,78.75,86.7,310043,,,
2015-08-26,86.25,88.0,83.9,85.8,193328,,,
2015-08-27,87.0,90.0,86.45,88.95,121991,,,
2015-08-28,91.0,98.45,89.5,89.75,278290,,,
2015-08-31,90.45,92.25,89.5,91.5,56653,,,
2015-09-01,91.2,97.0,90.0,93.6,298132,,,
2015-09-02,95.9,96.25,94.0,95.05,104821,,,
2015-09-03,96.5,97.35,95.0,95.6,86439,,,
2015-09-04,95.5,96.0,92.5,94.3,71707,,,
2015-09-07,94.25,95.25,90.3,91.1,64444,,,
2015-09-08,91.5,93.75,89.95,93.1,98851,,,
2015-09-09,94.8,100.7,93.5,98.1,413767,,,
2015-09-10,96.45,96.45,93.8,95.1,94368,,,
2015-09-11,96.0,97.3,93.3,93.85,80812,,,
2015-09-14,94.3,95.7,93.05,94.05,373637,,,
2015-09-15,94.0,95.0,92.5,93.35,301811,,,
2015-09-16,93.6,94.5,93.0,94.0,110126,,,
2015-09-18,95.0,95.0,92.75,93.0,54953,,,
2015-09-21,90.75,93.0,90.75,92.4,50885,,,
2015-09-22,92.75,94.0,90.55,90.85,59314,,,
2015-09-23,90.0,90.95,89.05,89.4,81500,,,
2015-09-24,90.2,90.75,88.5,89.35,56235,,,
2015-09-28,88.5,92.45,86.75,87.3,72820,,,
2015-09-29,86.5,88.7,85.3,86.6,148888,,,
2015-09-30,86.55,90.6,85.8,89.7,345589,,,
2015-10-01,91.1,91.25,88.5,89.15,281952,,,
2015-10-05,90.0,91.25,89.4,90.35,51812,,,
2015-10-06,90.5,92.9,87.5,91.9,1356910,,,
2015-10-07,92.7,94.35,90.75,91.35,375799,,,
2015-10-08,91.5,92.2,90.0,91.0,83243,,,
2015-10-09,91.45,92.95,90.3,91.55,60535,,,
2015-10-12,92.25,94.8,90.0,93.3,742301,,,
2015-10-13,94.5,96.15,91.65,95.5,97914,,,
2015-10-14,95.5,96.9,94.5,95.2,82390,,,
2015-10-15,95.2,97.0,94.3,96.9,142968,,,
2015-10-16,97.6,100.65,96.4,98.8,285428,,,
2015-10-19,100.15,101.5,98.4,99.0,77713,,,
2015-10-20,99.15,102.15,99.1,100.55,438106,,,
2015-10-21,100.95,100.95,98.75,100.1,139439,,,
2015-10-23,100.5,100.8,98.15,99.25,111097,,,
2015-10-26,99.75,102.85,95.3,97.4,912233,,,
2015-10-27,99.7,101.5,99.0,100.85,494638,,,
2015-10-28,101.7,101.9,99.6,100.4,230150,,,
2015-10-29,100.5,101.1,98.8,100.35,91862,,,
2015-10-30,100.3,100.75,97.6,99.25,107791,,,
2015-11-02,98.9,99.75,97.05,97.45,102866,,,
2015-11-03,98.75,98.75,96.0,97.15,139342,,,
2015-11-04,97.85,98.7,96.25,97.1,73257,,,
2015-11-05,97.25,97.5,95.6,95.95,45685,,,
2015-11-06,97.0,97.5,94.0,94.4,37342,,,
2015-11-09,91.25,95.5,91.25,92.25,135409,,,
2015-11-10,92.25,93.6,91.4,91.85,53324,,,
2015-11-11,94.7,94.7,92.9,93.6,44283,,,
2015-11-13,92.55,93.75,89.6,89.95,168955,,,
2015-11-16,91.25,92.45,90.3,91.45,207910,,,
2015-11-17,92.0,92.45,90.6,91.05,57277,,,
2015-11-18,91.35,91.7,89.2,89.9,74311,,,
2015-11-19,90.0,93.8,90.0,92.4,173819,,,
2015-11-20,92.25,93.5,90.8,91.6,72622,,,
2015-11-23,92.9,92.9,90.25,91.4,30690,,,
2015-11-24,91.75,92.2,90.3,91.6,56183,,,
2015-11-26,92.1,92.1,89.85,90.1,75466,,,
2015-11-27,91.0,91.0,89.5,90.35,157518,,,
2015-11-30,90.25,91.05,89.8,90.35,84466,,,
2015-12-01,91.2,91.75,89.95,90.8,114519,,,
2015-12-02,90.85,91.5,90.25,90.6,43642,,,
2015-12-03,90.5,91.5,89.65,90.2,69833,,,
2015-12-04,90.0,90.4,88.95,89.45,92647,,,
2015-12-07,90.85,92.25,88.95,89.2,115452,,,
2015-12-08,89.0,89.85,87.05,87.4,67423,,,
2015-12-09,87.25,88.0,85.0,87.0,99643,,,
2015-12-10,88.4,88.75,87.1,87.65,89791,,,
2015-12-11,88.25,88.25,85.1,85.6,63568,,,
2015-12-14,87.0,87.0,85.0,85.5,38589,,,
2015-12-15,85.75,88.45,85.75,87.1,90417,,,
2015-12-16,88.0,89.1,87.3,87.95,60857,,,
2015-12-17,88.5,89.6,87.2,87.95,241100,,,
2015-12-18,87.8,88.95,87.5,88.05,144061,,,
2015-12-21,88.0,92.55,88.0,91.5,112100,,,
2015-12-22,92.75,92.8,89.65,90.0,114654,,,
2015-12-23,90.75,94.6,90.4,91.3,270792,,,
2015-12-24,91.65,93.0,91.15,91.45,87500,,,
2015-12-28,91.25,92.7,90.75,91.15,98802,,,
2015-12-29,91.25,91.6,89.5,89.95,75083,,,
2015-12-30,90.0,91.45,89.75,90.2,77634,,,
2015-12-31,91.1,91.1,89.5,89.9,46341,,,
2016-01-01,90.6,90.7,89.65,89.95,69435,,,
2016-01-04,90.25,90.3,88.8,89.9,92958,,,
2016-01-05,89.75,90.4,89.1,89.8,88295,,,
2016-01-06,90.5,92.45,90.5,91.05,147153,,,
2016-01-07,90.75,90.75,87.2,87.4,89895,,,
2016-01-08,88.75,89.5,87.5,88.1,35551,,,
2016-01-11,87.45,87.75,86.3,86.55,37486,,,
2016-01-12,87.4,87.4,85.25,86.8,110246,,,
2016-01-13,87.1,88.2,83.0,85.4,92720,,,
2016-01-14,84.5,84.5,82.5,83.05,96280,,,
2016-01-15,83.5,84.05,78.8,79.8,50860,,,
2016-01-18,81.5,81.5,75.0,77.85,255981,,,
2016-01-19,77.15,81.0,76.25,80.6,227195,,,
2016-01-20,80.65,81.25,76.5,80.15,238622,,,
2016-01-21,81.0,82.15,76.8,78.2,463733,,,
2016-01-22,80.45,80.45,77.25,77.45,270211,,,
2016-01-25,79.0,79.25,76.55,77.0,64711,,,
2016-01-27,77.35,79.5,76.9,79.2,69767,,,
2016-01-28,79.0,80.1,77.65,79.4,50490,,,
2016-01-29,79.0,79.75,78.4,79.2,113395,,,
2016-02-01,79.5,80.25,77.35,77.5,120419,,,
2016-02-02,78.25,78.9,74.9,75.6,107687,,,
2016-02-03,75.0,75.75,73.15,73.65,185000,,,
2016-02-04,74.25,75.7,71.1,71.75,302999,,,
2016-02-05,71.75,74.7,71.75,73.65,290095,,,
2016-02-08,74.2,74.25,67.75,68.5,909670,,,
2016-02-09,68.1,69.9,66.5,67.4,385170,,,
2016-02-10,67.4,68.0,62.6,64.15,250898,,,
2016-02-11,63.6,63.6,59.65,61.0,331549,,,
2016-02-12,61.25,62.5,59.05,61.3,273764,,,
2016-02-15,63.25,63.6,61.4,62.15,164723,,,
2016-02-16,62.35,62.7,57.35,58.1,409101,,,
2016-02-17,58.15,59.0,54.15,58.0,944391,,,
2016-02-18,58.15,60.7,55.0,56.85,225199,,,
2016-02-19,56.25,59.1,55.6,58.1,120985,,,
2016-02-22,59.5,60.95,58.0,59.25,244351,,,
2016-02-23,59.6,59.85,56.65,57.35,105407,,,
2016-02-24,57.4,57.5,56.1,56.8,59294,,,
2016-02-25,57.0,57.5,55.0,55.65,216435,,,
2016-02-26,56.25,56.7,54.0,54.65,118297,,,
2016-02-29,56.5,57.25,54.0,54.7,85191,,,
2016-03-01,53.75,58.75,53.75,57.95,328045,,,
2016-03-02,58.75,61.25,58.25,59.6,303197,,,
2016-03-03,59.75,71.5,59.75,71.1,1319225,,,
2016-03-04,70.7,76.8,67.2,74.0,1349260,,,
2016-03-08,72.5,76.7,71.45,72.15,558713,,,
2016-03-09,71.65,73.2,69.6,70.55,250242,,,
2016-03-10,71.0,71.95,67.0,67.6,240589,,,
2016-03-11,67.75,68.4,64.0,64.6,354716,,,
2016-03-14,65.75,65.9,60.9,63.15,481817,,,
2016-03-15,63.1,66.15,62.8,63.15,513659,,,
2016-03-16,63.75,67.0,62.2,66.5,557821,,,
2016-03-17,67.5,68.65,66.1,66.4,281244,,,
2016-03-18,66.55,68.1,66.15,66.75,196172,,,
2016-03-21,66.75,68.5,66.75,67.85,138263,,,
2016-03-22,67.75,68.75,67.25,67.95,495587,,,
2016-03-23,67.5,68.25,66.5,66.85,85457,,,
2016-03-28,67.5,68.0,64.0,64.5,118215,,,
2016-03-29,64.5,66.1,62.6,62.9,182797,,,
2016-03-30,63.75,65.9,63.75,65.55,202831,,,
2016-03-31,65.5,65.95,63.75,64.8,418184,,,
2016-04-01,65.0,66.95,64.75,66.75,195096,,,
2016-04-04,66.75,67.5,64.55,64.9,81313,,,
2016-04-05,65.0,65.0,61.25,61.5,242628,,,
2016-04-06,62.5,63.45,61.5,61.9,122461,,,
2016-04-07,62.0,62.8,61.6,61.95,104078,,,
2016-04-08,62.15,62.45,61.0,61.15,84993,,,
2016-04-11,61.9,62.0,60.4,61.2,100755,,,
2016-04-12,62.1,64.1,61.3,63.25,637293,,,
2016-04-13,63.75,64.8,63.1,63.65,336481,,,
2016-04-18,63.5,65.35,63.0,63.75,469428,,,
2016-04-20,64.5,71.9,64.25,68.75,1145799,,,
2016-04-21,69.1,70.2,67.75,68.15,458686,,,
2016-04-22,68.1,68.9,66.75,67.45,106507,,,
2016-04-25,67.5,69.45,67.25,67.75,206105,,,
2016-04-26,67.6,68.3,65.75,66.15,142673,,,
2016-04-27,66.45,70.45,66.35,67.45,716137,,,
2016-04-28,67.8,70.7,67.0,67.35,519482,,,
2016-04-29,67.7,69.1,66.5,67.95,392148,,,
2016-05-02,68.0,73.1,68.0,72.15,1246362,,,
2016-05-03,72.2,73.0,70.5,70.7,391234,,,
2016-05-04,70.85,72.95,69.3,71.1,281369,,,
2016-05-05,71.25,73.55,71.25,72.85,441319,,,
2016-05-06,73.0,73.75,58.4,60.4,5714308,,,
2016-05-09,62.0,65.35,61.55,62.5,3457564,,,
2016-05-10,62.7,63.85,60.4,60.7,907612,,,
2016-05-11,60.0,60.4,58.1,58.4,670067,,,
2016-05-12,58.95,60.2,58.1,59.2,597273,,,
2016-05-13,59.5,60.75,58.6,60.0,379698,,,
2016-05-16,60.3,61.4,59.8,61.15,564522,,,
2016-05-17,61.3,62.95,61.0,61.25,343990,,,
2016-05-18,61.0,61.0,59.15,59.9,315488,,,
2016-05-19,60.1,61.1,59.0,59.25,394537,,,
2016-05-20,59.75,60.0,57.75,58.1,252615,,,
2016-05-23,58.65,59.1,58.0,58.75,195776,,,
2016-05-24,58.6,59.1,57.75,57.9,156122,,,
2016-05-25,58.35,58.7,56.7,56.95,253789,,,
2016-05-26,57.4,57.9,56.5,57.15,220472,,,
2016-05-27,57.4,58.5,55.9,56.05,276953,,,
2016-05-30,56.5,57.0,56.0,56.4,200049,,,
2016-05-31,56.9,56.9,54.5,54.65,219505,,,
2016-06-01,55.1,55.9,54.6,54.75,211631,,,
2016-06-02,54.9,55.55,53.9,54.35,309474,,,
2016-06-03,54.6,55.5,54.5,54.6,179425,,,
2016-06-06,54.8,54.8,52.75,53.55,317513,,,
2016-06-07,53.75,57.75,53.55,57.2,802785,,,
2016-06-08,57.7,59.2,56.5,58.2,648893,,,
2016-06-09,58.3,59.2,57.3,58.3,249689,,,
2016-06-10,58.2,62.7,58.0,60.3,1305913,,,
2016-06-13,60.0,61.9,59.35,60.85,424392,,,
2016-06-14,61.6,63.25,61.3,62.05,402676,,,
2016-06-15,62.6,63.0,60.45,61.2,396073,,,
2016-06-16,61.1,62.1,60.0,60.25,185822,,,
2016-06-17,60.65,61.1,57.15,58.15,232142,,,
2016-06-20,57.9,58.7,57.0,57.5,168449,,,
2016-06-21,58.3,59.4,57.8,58.3,197061,,,
2016-06-22,58.25,59.5,58.0,59.1,197868,,,
2016-06-23,59.0,59.1,57.15,57.9,118751,,,
2016-06-24,56.0,56.75,54.5,56.35,178383,,,
2016-06-27,56.4,58.3,56.25,57.4,123452,,,
2016-06-28,57.65,58.75,57.4,57.7,107314,,,
2016-06-29,58.0,60.0,58.0,58.75,196954,,,
2016-06-30,58.8,59.95,58.8,59.45,136745,,,
2016-07-01,59.45,60.35,59.0,59.4,95212,,,
2016-07-04,59.75,60.35,58.75,58.9,100732,,,
2016-07-05,59.05,60.35,58.5,58.8,200551,,,
2016-07-07,58.9,59.65,57.8,58.5,203248,,,
2016-07-08,62.25,62.3,59.0,59.55,848604,,,
2016-07-11,59.9,61.1,58.95,59.55,542191,,,
2016-07-12,60.0,60.75,59.15,59.45,263203,,,
2016-07-13,59.7,59.7,57.5,57.8,218562,,,
2016-07-14,58.0,59.0,57.5,57.55,207219,,,
2016-07-15,57.9,58.65,56.95,57.7,161156,,,
2016-07-18,58.0,59.5,57.75,58.55,223716,,,
2016-07-19,58.8,58.8,57.35,57.5,185739,,,
2016-07-20,57.75,58.35,57.0,57.2,140311,,,
2016-07-21,57.4,57.9,56.75,56.95,113547,,,
2016-07-22,57.15,57.65,56.8,57.1,101801,,,
2016-07-25,57.45,57.75,57.0,57.6,114981,,,
2016-07-26,57.5,58.5,57.0,57.25,169092,,,
2016-07-27,57.3,57.6,55.9,56.05,140083,,,
2016-07-28,56.4,57.1,55.75,55.9,331647,,,
2016-07-29,56.15,56.35,55.4,55.65,137276,,,
2016-08-01,56.1,56.5,54.65,54.9,156927,,,
2016-08-02,55.0,56.25,54.2,54.75,211857,,,
2016-08-03,55.0,55.25,54.0,54.15,87974,,,
2016-08-04,54.55,54.75,53.75,53.95,93998,,,
2016-08-05,54.25,55.5,54.1,54.65,139863,,,
2016-08-08,55.15,55.7,51.5,52.2,658692,,,
2016-08-09,52.5,53.0,49.8,50.2,515926,,,
2016-08-10,50.25,50.3,48.25,48.45,391105,,,
2016-08-11,48.65,49.2,47.6,47.75,335040,,,
2016-08-12,47.75,48.3,45.9,46.15,258851,,,
2016-08-16,45.9,46.5,45.3,45.55,205666,,,
2016-08-17,45.75,48.9,45.3,47.2,472753,,,
2016-08-18,47.6,48.0,46.6,47.05,124066,,,
2016-08-19,47.15,49.5,47.05,48.4,726817,,,
2016-08-22,48.65,50.75,48.25,48.45,599896,,,
2016-08-23,48.7,48.9,47.0,47.75,202475,,,
2016-08-24,47.95,48.75,47.1,47.35,299153,,,
2016-08-25,47.55,48.4,46.9,47.2,593936,,,
2016-08-26,47.25,48.0,47.0,47.2,156031,,,
2016-08-29,47.5,47.6,45.9,46.1,192956,,,
2016-08-30,46.5,47.2,45.75,46.25,281376,,,
2016-08-31,46.7,47.6,46.3,47.05,218029,,,
2016-09-01,47.4,47.55,46.05,46.5,378379,,,
2016-09-02,46.75,48.25,46.45,47.9,423840,,,
2016-09-06,40.75,46.1,40.75,45.1,2744933,,,
2016-09-07,45.25,45.7,44.5,45.0,548721,,,
2016-09-08,45.0,45.0,41.85,42.75,639352,,,
2016-09-09,42.5,45.75,41.5,44.75,1034648,,,
2016-09-12,43.75,46.1,43.5,44.35,1548781,,,
2016-09-14,44.5,51.1,44.0,49.6,3186362,,,
2016-09-15,49.8,51.1,47.8,48.5,856188,,,
2016-09-16,48.75,50.5,48.0,49.75,1157870,,,
2016-09-19,49.9,51.0,49.2,49.65,759491,,,
2016-09-20,49.65,51.5,49.15,50.45,586901,,,
2016-09-21,50.6,52.0,50.4,50.8,624827,,,
2016-09-22,51.25,52.75,51.25,52.05,765728,,,
2016-09-23,52.0,53.0,51.35,51.65,426979,,,
2016-09-26,51.5,52.25,51.25,51.5,252231,,,
2016-09-27,52.0,53.9,51.75,52.2,918379,,,
2016-09-28,52.5,53.4,51.25,51.4,443533,,,
2016-09-29,51.9,53.2,47.65,48.8,595323,,,
2016-09-30,49.7,50.5,49.1,50.05,271808,,,
2016-10-03,51.7,53.2,51.25,52.3,466176,,,
2016-10-04,52.6,53.1,52.15,52.6,476742,,,
2016-10-05,52.65,53.6,51.8,52.35,445324,,,
2016-10-06,52.9,53.95,52.15,53.3,515498,,,
2016-10-07,53.6,54.4,52.75,53.5,344517,,,
2016-10-10,56.1,56.75,55.3,56.35,907430,,,
2016-10-13,56.6,56.85,53.8,54.7,477887,,,
2016-10-14,55.2,55.8,54.7,55.6,223889,,,
2016-10-17,56.1,57.3,55.5,56.6,355574,,,
2016-10-18,57.0,57.7,56.55,56.8,294009,,,
2016-10-19,57.15,57.15,56.0,56.15,151278,,,
2016-10-20,56.6,57.75,55.75,56.05,286334,,,
2016-10-21,56.1,56.5,55.3,55.55,116446,,,
2016-10-24,56.5,57.1,56.0,56.0,191610,,,
2016-10-25,56.25,56.35,54.55,55.0,182883,,,
2016-10-26,55.0,55.35,53.0,53.8,183065,,,
2016-10-27,53.8,54.4,53.3,53.6,85306,,,
2016-10-28,53.9,54.3,52.95,53.1,159083,,,
2016-10-30,52.25,53.8,51.3,53.05,179177,,,
2016-11-01,52.4,54.95,51.55,54.65,463436,,,
2016-11-02,54.0,55.7,52.9,54.4,597409,,,
2016-11-03,54.25,56.2,53.0,53.7,273058,,,
2016-11-04,53.7,54.4,50.8,51.1,240045,,,
2016-11-07,51.75,53.25,50.8,51.15,238890,,,
2016-11-08,51.75,53.0,51.35,52.0,145254,,,
2016-11-09,48.75,51.45,42.6,50.4,378023,,,
2016-11-10,50.95,52.9,50.95,52.05,246888,,,
2016-11-11,51.0,51.45,48.8,49.15,129636,,,
2016-11-15,49.5,49.5,46.15,46.4,257469,,,
2016-11-16,47.25,47.95,45.65,46.35,176116,,,
2016-11-17,46.5,47.15,45.55,45.8,189791,,,
2016-11-18,46.45,46.5,45.0,45.35,135311,,,
2016-11-21,45.55,45.55,43.35,43.7,152415,,,
2016-11-22,43.9,44.6,43.5,44.3,71568,,,
2016-11-23,45.5,45.5,43.8,44.6,68194,,,
2016-11-24,44.45,44.45,43.75,44.0,58905,,,
2016-11-25,44.75,45.0,44.05,44.4,102038,,,
2016-11-28,44.05,46.2,43.95,45.65,160275,,,
2016-11-29,46.0,46.95,45.7,46.5,104584,,,
2016-11-30,47.1,48.25,46.5,47.65,237639,,,
2016-12-01,47.65,48.2,46.15,46.45,114588,,,
2016-12-02,46.0,47.1,45.85,46.45,156122,,,
2016-12-05,46.9,47.55,46.25,47.0,113367,,,
2016-12-06,47.0,49.95,47.0,49.65,400813,,,
2016-12-07,53.4,53.8,49.55,49.95,1822176,,,
2016-12-08,50.7,51.0,50.0,50.15,244076,,,
2016-12-09,50.4,50.6,49.5,49.65,160601,,,
2016-12-12,49.1,50.75,49.0,50.25,214204,,,
2016-12-13,50.5,51.7,50.1,51.2,568654,,,
2016-12-14,51.45,52.4,50.5,50.9,228435,,,
2016-12-15,50.65,51.65,50.25,51.1,134699,,,
2016-12-16,51.25,52.15,50.25,50.8,424079,,,
2016-12-19,50.5,50.75,49.25,49.4,139916,,,
2016-12-20,49.5,49.95,48.0,48.2,117309,,,
2016-12-21,48.5,48.75,47.5,47.75,121672,,,
2016-12-22,47.7,48.1,46.4,46.5,137399,,,
2016-12-23,46.4,46.75,45.3,46.25,250988,,,
2016-12-26,45.9,46.15,45.0,45.35,133507,,,
2016-12-27,45.35,46.25,44.8,46.15,215740,,,
2016-12-28,45.75,46.0,45.3,45.5,156658,,,
2016-12-29,45.5,45.6,45.1,45.3,115745,,,
2016-12-30,45.3,46.2,45.25,45.5,133346,,,
2017-01-02,45.55,46.8,45.55,46.7,138648,,,
2017-01-03,46.85,47.25,46.3,46.65,219588,,,
2017-01-04,46.75,47.0,45.65,45.8,299683,,,
2017-01-05,46.25,46.85,46.1,46.25,150376,,,
2017-01-06,47.0,47.0,45.6,45.8,186463,,,
2017-01-09,45.9,46.4,45.55,45.7,96127,,,
2017-01-10,45.8,46.25,45.4,45.6,166417,,,
2017-01-11,46.25,47.0,45.7,45.85,541559,,,
2017-01-12,46.2,46.2,45.6,45.7,182900,,,
2017-01-13,46.15,46.15,45.6,45.85,125491,,,
2017-01-16,46.15,46.15,45.2,45.45,206598,,,
2017-01-17,45.5,47.25,45.5,46.8,739223,,,
2017-01-18,46.75,47.6,45.9,46.05,461102,,,
2017-01-19,46.6,49.4,46.4,48.95,1107187,,,
2017-01-20,49.15,49.6,47.0,47.25,788777,,,
2017-01-23,47.75,48.4,47.5,47.9,178679,,,
2017-01-24,47.75,48.3,47.15,47.5,164976,,,
2017-01-25,47.5,47.95,46.4,46.5,386164,,,
2017-01-27,46.55,47.5,46.55,47.15,266685,,,
2017-01-30,47.5,47.5,46.5,46.6,146214,,,
2017-01-31,46.65,47.0,45.65,45.85,236012,,,
2017-02-01,46.2,47.4,45.4,45.85,466005,,,
2017-02-02,46.15,46.9,45.9,46.25,196809,,,
2017-02-03,46.5,47.35,45.6,45.95,481696,,,
2017-02-06,46.9,47.4,46.25,46.4,452506,,,
2017-02-07,46.5,46.65,45.8,45.95,218524,,,
2017-02-08,46.1,46.4,45.7,45.8,218732,,,
2017-02-09,46.15,46.4,45.05,45.2,578492,,,
2017-02-10,45.75,45.9,45.25,45.4,325353,,,
2017-02-13,45.9,46.1,45.3,45.45,212496,,,
2017-02-14,45.5,45.5,44.25,44.5,256352,,,
2017-02-15,44.7,44.85,42.9,43.0,362336,,,
2017-02-16,43.1,44.0,43.0,43.25,260389,,,
2017-02-17,43.65,44.1,42.8,42.95,298217,,,
2017-02-20,43.05,44.0,42.8,43.0,307333,,,
2017-02-21,43.2,45.6,43.0,44.55,695476,,,
2017-02-22,44.9,45.75,44.8,44.95,448178,,,
2017-02-23,45.0,45.35,44.4,44.65,160386,,,
2017-02-27,45.25,45.5,43.45,43.7,490214,,,
2017-02-28,43.4,44.0,42.9,43.0,384080,,,
2017-03-01,43.2,43.5,42.25,42.35,496754,,,
2017-03-02,42.5,42.7,41.45,41.6,616761,,,
2017-03-03,41.4,42.8,41.4,41.95,258133,,,
2017-03-06,42.2,42.95,42.0,42.3,321317,,,
2017-03-07,42.5,42.55,41.95,42.15,208951,,,
2017-03-08,42.4,43.6,42.1,42.25,531367,,,
2017-03-09,42.5,45.0,42.4,44.7,1455858,,,
2017-03-10,44.3,46.5,44.3,44.8,1118710,,,
2017-03-14,45.75,46.1,44.5,44.6,305728,,,
2017-03-15,45.25,45.9,44.55,44.8,623919,,,
2017-03-16,45.15,46.15,44.7,45.35,643151,,,
2017-03-17,45.25,46.6,45.25,45.55,794712,,,
2017-03-20,45.65,45.75,44.8,44.95,250018,,,
2017-03-21,45.0,45.05,44.1,44.2,208009,,,
2017-03-22,44.0,44.15,43.4,43.7,164417,,,
2017-03-23,43.9,44.35,43.2,43.35,284602,,,
2017-03-24,43.65,43.85,43.25,43.35,198039,,,
2017-03-27,43.6,43.65,42.25,42.4,460687,,,
2017-03-28,42.7,43.05,42.25,42.35,328501,,,
2017-03-29,42.5,43.65,42.2,42.6,733248,,,
2017-03-30,43.0,43.4,42.7,42.95,219371,,,
2017-03-31,43.2,43.25,42.5,42.6,279743,,,
2017-04-03,43.0,43.75,42.9,43.6,283989,,,
2017-04-05,43.8,46.0,43.3,45.8,1120574,,,
2017-04-06,45.25,46.55,45.25,45.5,519515,,,
2017-04-07,45.05,47.4,45.05,46.3,1286687,,,
2017-04-10,46.8,47.45,46.6,47.05,450163,,,
2017-04-11,47.25,47.65,46.8,47.35,441004,,,
2017-04-12,47.55,48.6,46.05,48.15,926183,,,
2017-04-13,47.95,48.35,46.5,46.75,555868,,,
2017-04-17,46.9,48.5,46.5,47.15,630892,,,
2017-04-18,47.3,47.9,46.0,46.3,601868,,,
2017-04-19,47.9,50.7,47.6,50.25,4254541,,,
2017-04-20,50.6,52.1,50.6,51.05,1809711,,,
2017-04-21,51.55,52.1,50.4,51.1,835134,,,
2017-04-24,51.1,51.45,49.35,49.6,484695,,,
2017-04-25,50.15,50.85,49.15,49.4,435608,,,
2017-04-26,49.6,49.95,48.15,48.65,736240,,,
2017-04-27,49.1,50.8,48.75,49.25,686568,,,
2017-04-28,49.6,49.8,48.8,49.1,386655,,,
2017-05-02,49.25,51.0,48.95,50.75,1059027,,,
2017-05-03,50.55,51.1,49.95,50.05,363268,,,
2017-05-04,50.1,50.9,49.5,49.9,429620,,,
2017-05-05,49.9,50.35,49.2,49.5,440632,,,
2017-05-08,49.95,51.95,49.25,50.8,1016493,,,
2017-05-09,51.1,51.25,49.8,50.3,250807,,,
2017-05-10,50.5,51.35,49.6,49.75,427193,,,
2017-05-11,50.0,50.5,49.1,49.7,310847,,,
2017-05-12,50.25,51.25,50.1,50.4,909156,,,
2017-05-15,43.65,44.25,40.65,41.65,5222780,,,
2017-05-16,41.5,42.4,40.5,40.65,1499022,,,
2017-05-17,40.7,41.1,39.25,39.4,1191749,,,
2017-05-18,39.4,40.1,39.0,39.3,832307,,,
2017-05-19,39.5,40.55,39.2,39.5,553196,,,
2017-05-22,39.75,40.2,37.6,37.85,619655,,,
2017-05-23,38.0,38.1,35.3,35.45,829531,,,
2017-05-24,35.5,35.65,32.9,33.3,911306,,,
2017-05-25,33.35,34.2,33.25,33.9,637201,,,
2017-05-26,33.75,35.9,33.75,35.2,665646,,,
2017-05-29,35.25,35.9,34.5,34.7,232109,,,
2017-05-30,34.5,34.75,33.4,33.7,274479,,,
2017-05-31,33.7,34.5,33.65,34.1,184671,,,
2017-06-01,34.0,35.5,34.0,35.1,256917,,,
2017-06-02,35.25,36.75,35.1,36.0,640433,,,
2017-06-05,36.1,36.3,35.5,35.6,210316,,,
2017-06-06,35.85,35.85,34.75,34.9,159335,,,
2017-06-07,35.0,35.4,34.8,35.1,139768,,,
2017-06-08,35.0,35.15,34.8,34.9,105000,,,
2017-06-09,35.1,35.1,34.25,34.45,133474,,,
2017-06-12,34.35,35.0,34.1,34.65,260681,,,
2017-06-13,34.75,35.05,34.1,34.45,204025,,,
2017-06-14,34.25,34.55,33.85,34.05,224224,,,
2017-06-15,34.45,36.2,34.1,35.95,629653,,,
2017-06-16,36.2,36.75,36.0,36.15,336983,,,
2017-06-19,36.4,36.4,35.5,35.9,185226,,,
2017-06-20,35.75,36.85,35.7,36.4,308068,,,
2017-06-21,36.5,36.5,35.9,36.15,188422,,,
2017-06-22,36.0,36.5,35.0,35.3,177729,,,
2017-06-23,35.85,35.85,34.6,35.05,188447,,,
2017-06-27,34.75,35.25,34.25,34.5,176275,,,
2017-06-28,34.95,35.9,34.45,35.6,226348,,,
2017-06-29,35.85,36.1,35.25,35.75,237414,,,
2017-06-30,35.25,35.7,35.25,35.55,123222,,,
2017-07-03,35.6,36.5,35.5,35.6,129668,,,
2017-07-04,36.0,36.5,35.5,36.0,150105,,,
2017-07-05,36.0,37.15,35.55,36.5,362058,,,
2017-07-06,36.45,36.8,36.3,36.4,139375,,,
2017-07-07,36.6,36.6,35.8,36.1,88745,,,
2017-07-10,36.15,37.0,36.1,36.5,37782,,,
2017-07-11,36.25,37.0,36.25,36.7,232915,,,
2017-07-12,36.9,37.0,36.25,36.65,152495,,,
2017-07-13,36.65,41.9,36.65,41.35,3309074,,,
2017-07-14,41.6,41.9,39.25,39.45,681478,,,
2017-07-17,37.75,39.5,37.0,37.5,1194554,,,
2017-07-18,37.0,37.25,36.25,36.9,570473,,,
2017-07-19,36.75,37.2,35.6,36.25,904789,,,
2017-07-20,36.4,36.65,34.45,34.6,910673,,,
2017-07-21,34.85,34.85,34.0,34.25,469142,,,
2017-07-24,34.25,34.6,33.1,33.3,502758,,,
2017-07-25,33.25,33.5,32.1,32.25,769912,,,
2017-07-26,32.25,34.3,31.45,33.4,1237336,,,
2017-07-27,33.5,34.05,32.85,33.2,374438,,,
2017-07-28,33.2,35.0,33.0,34.75,775145,,,
2017-07-31,35.0,35.25,34.2,34.4,244533,,,
2017-08-01,34.65,35.0,33.6,33.75,187721,,,
2017-08-02,33.95,34.1,33.25,33.7,159276,,,
2017-08-03,33.85,34.5,33.25,33.9,254823,,,
2017-08-04,34.0,35.0,33.75,34.2,383460,,,
2017-08-07,34.2,35.15,34.2,34.85,271594,,,
2017-08-08,35.0,35.0,33.6,33.8,182942,,,
2017-08-09,34.0,34.0,33.0,33.2,184275,,,
2017-08-10,30.75,30.95,27.75,29.5,1036387,,,
2017-08-11,28.75,29.0,27.25,27.5,723398,,,
2017-08-14,27.75,28.35,27.5,27.7,398696,,,
2017-08-16,28.2,28.2,27.5,27.7,312446,,,
2017-08-17,27.75,28.5,26.75,26.8,541640,,,
2017-08-18,26.7,32.2,26.15,32.15,1800949,,,
2017-08-21,32.25,33.35,30.6,30.75,1054405,,,
2017-08-22,31.0,31.5,29.5,30.2,425952,,,
2017-08-23,30.7,31.5,30.0,31.25,361855,,,
2017-08-24,31.5,31.8,30.55,30.75,219584,,,
2017-08-28,31.25,33.6,30.75,32.7,875441,,,
2017-08-29,32.5,33.45,32.1,33.25,945097,,,
2017-08-30,33.75,34.4,32.75,33.3,310348,,,
2017-08-31,33.65,34.15,32.15,32.35,255222,,,
2017-09-01,33.5,33.75,32.2,32.45,438969,,,
2017-09-04,32.6,32.9,31.5,31.95,159823,,,
2017-09-05,32.0,33.0,31.9,32.2,181135,,,
2017-09-06,31.9,32.5,31.55,31.85,317205,,,
2017-09-07,32.4,32.85,31.65,31.9,500879,,,
2017-09-08,31.8,32.15,30.85,31.8,386592,,,
2017-09-11,32.5,32.5,31.35,31.8,224566,,,
2017-09-12,32.1,32.85,31.85,32.5,730451,,,
2017-09-13,32.5,32.5,31.95,32.0,328102,,,
2017-09-14,32.15,32.5,31.5,31.8,389669,,,
2017-09-15,31.9,32.1,29.0,30.2,552596,,,
2017-09-18,30.4,30.9,29.15,29.7,289224,,,
2017-09-19,30.0,30.6,29.5,30.0,262673,,,
2017-09-20,30.0,30.3,29.75,29.85,133941,,,
2017-09-21,30.0,30.8,29.4,29.75,283723,,,
2017-09-22,29.55,30.0,29.0,29.1,183875,,,
2017-09-25,29.15,29.3,27.7,28.2,178445,,,
2017-09-26,28.2,28.85,28.0,28.2,125886,,,
2017-09-27,28.8,28.8,27.25,27.4,147078,,,
2017-09-28,27.5,27.85,27.3,27.6,104363,,,
2017-09-29,27.6,28.0,26.6,26.8,246800,,,
2017-10-03,27.1,28.85,26.8,28.55,605522,,,
2017-10-04,28.55,29.15,27.3,27.85,254038,,,
2017-10-05,28.0,28.5,27.5,28.15,274978,,,
2017-10-06,28.5,29.1,27.5,28.65,288588,,,
2017-10-09,28.65,31.7,28.6,29.4,1016193,,,
2017-10-10,29.4,30.2,28.25,28.75,352056,,,
2017-10-11,28.95,29.55,28.25,28.45,172237,,,
2017-10-12,28.3,28.75,28.25,28.4,86514,,,
2017-10-13,28.6,28.9,28.1,28.2,157129,,,
2017-10-16,28.2,29.65,28.2,28.7,502694,,,
2017-10-17,28.7,29.25,28.25,28.4,806037,,,
2017-10-18,28.5,28.9,28.25,28.4,145056,,,
2017-10-19,28.5,28.85,28.45,28.7,60263,,,
2017-10-23,28.75,29.2,28.2,28.3,171994,,,
2017-10-24,28.45,28.45,27.5,27.75,236334,,,
2017-10-25,27.8,28.25,27.5,27.95,222234,,,
2017-10-26,27.85,28.7,27.8,27.9,212691,,,
2017-10-27,28.1,33.15,28.05,31.75,5349519,,,
2017-10-30,32.2,33.95,32.0,33.15,1271766,,,
2017-10-31,33.35,37.3,33.0,36.9,2892961,,,
2017-11-01,37.15,37.4,35.25,36.1,1167721,,,
2017-11-02,36.1,36.45,34.15,34.55,529752,,,
2017-11-03,34.7,34.85,30.25,31.9,1012966,,,
2017-11-06,30.25,34.2,30.25,33.55,1465281,,,
2017-11-07,32.9,33.9,31.5,32.2,484233,,,
2017-11-08,32.2,34.1,31.5,32.35,326088,,,
2017-11-09,32.55,33.75,32.55,33.3,379294,,,
2017-11-10,33.2,33.9,32.75,33.2,196449,,,
2017-11-13,33.1,33.9,32.65,33.25,151874,,,
2017-11-14,32.85,34.15,32.85,33.75,257323,,,
2017-11-15,33.4,36.15,33.05,34.1,932107,,,
2017-11-16,34.7,35.45,33.9,34.1,213367,,,
2017-11-17,34.5,35.0,33.4,34.15,288135,,,
2017-11-20,34.4,34.75,33.0,33.15,188996,,,
2017-11-21,33.45,34.0,32.8,33.0,192812,,,
2017-11-22,33.3,33.3,32.5,32.8,129769,,,
2017-11-23,32.85,35.9,32.25,34.6,623401,,,
2017-11-24,35.3,35.7,33.75,34.1,397456,,,
2017-11-27,35.0,36.9,34.5,36.35,1246622,,,
2017-11-28,35.9,38.75,35.9,37.2,963666,,,
2017-11-29,37.25,37.75,36.75,37.1,339213,,,
2017-11-30,36.75,36.95,35.65,36.0,279978,,,
2017-12-01,36.05,36.5,33.1,34.0,473503,,,
2017-12-04,34.4,39.65,33.75,37.8,2637056,,,
2017-12-05,38.5,38.9,36.5,37.8,862702,,,
2017-12-06,37.05,37.9,36.55,36.8,360733,,,
2017-12-07,37.0,38.65,36.75,37.8,488099,,,
2017-12-08,38.0,38.45,37.0,37.15,261239,,,
2017-12-11,37.25,37.5,35.5,36.65,371622,,,
2017-12-12,36.75,37.5,35.8,36.3,256266,,,
2017-12-13,36.5,37.35,36.3,36.7,216116,,,
2017-12-14,37.0,37.1,35.2,35.7,207226,,,
2017-12-15,36.85,38.0,36.0,37.1,488642,,,
2017-12-18,36.25,38.25,34.95,37.25,350884,,,
2017-12-19,38.4,38.4,37.0,37.3,97075,,,
2017-12-20,37.0,38.25,36.75,37.25,241021,,,
2017-12-21,37.0,37.6,36.8,37.15,104980,,,
2017-12-22,36.9,37.7,36.5,36.7,207029,,,
2017-12-26,37.0,37.0,36.25,36.4,120689,,,
2017-12-27,36.4,36.95,36.1,36.35,161646,,,
2017-12-28,36.3,36.5,35.65,36.2,123558,,,
2017-12-29,36.55,36.55,35.95,36.1,97103,,,
2018-01-01,36.1,36.5,35.9,36.3,274970,,,
2018-01-02,36.4,37.75,35.5,36.25,282605,,,
2018-01-03,36.6,36.7,35.95,36.3,87800,,,
2018-01-04,36.1,36.5,35.75,35.9,111275,,,
2018-01-05,36.1,37.0,36.0,36.1,184498,,,
2018-01-08,36.1,36.4,36.0,36.15,196127,,,
2018-01-09,36.4,37.5,36.1,36.3,415455,,,
2018-01-10,36.3,37.25,36.2,36.45,216180,,,
2018-01-11,36.6,36.75,36.05,36.25,114893,,,
2018-01-12,36.25,38.2,36.25,36.7,732427,,,
2018-01-15,36.7,36.95,36.05,36.2,197994,,,
2018-01-16,36.8,37.2,35.5,35.85,181859,,,
2018-01-17,35.8,36.0,35.15,35.4,173073,,,
2018-01-18,35.65,36.1,33.55,33.9,298739,,,
2018-01-19,34.1,34.4,33.75,34.0,115751,,,
2018-01-22,34.1,34.5,34.0,34.1,71492,,,
2018-01-23,34.1,34.9,34.0,34.1,140975,,,
2018-01-24,34.15,34.35,32.3,32.75,366606,,,
2018-01-25,32.45,33.45,32.45,33.3,260328,,,
2018-01-29,33.3,33.7,33.0,33.2,53418,,,
2018-01-30,33.6,33.6,32.25,32.9,82362,,,
2018-01-31,33.1,33.1,32.15,32.45,81823,,,
2018-02-01,33.2,33.25,31.4,31.95,95163,,,
2018-02-02,32.0,32.0,29.6,29.95,180936,,,
2018-02-05,28.5,32.1,26.55,30.5,644054,,,
2018-02-06,27.75,29.75,27.75,29.35,168427,,,
2018-02-07,29.65,30.7,29.65,29.9,99831,,,
2018-02-08,30.0,31.4,30.0,30.55,140303,,,
2018-02-09,29.75,31.25,29.1,30.95,133313,,,
2018-02-12,31.25,32.2,31.25,31.65,173662,,,
2018-02-14,32.0,33.95,31.8,33.3,771036,,,
2018-02-15,33.75,34.65,33.5,33.75,313486,,,
2018-02-16,33.9,34.3,33.0,33.9,367261,,,
2018-02-19,34.0,34.0,33.0,33.15,293527,,,
2018-02-20,33.05,33.5,33.0,33.4,55532,,,
2018-02-21,33.7,33.7,32.25,32.6,160324,,,
2018-02-22,32.6,33.3,32.25,32.9,73091,,,
2018-02-23,32.9,33.15,32.05,32.3,100447,,,
2018-02-26,32.6,32.6,31.5,31.7,147087,,,
2018-02-27,32.0,32.0,30.9,31.7,147885,,,
2018-02-28,31.25,31.4,30.4,31.05,408718,,,
2018-03-01,31.1,35.1,30.75,33.8,1444599,,,
2018-03-05,32.3,33.35,31.5,31.85,373106,,,
2018-03-06,32.15,32.9,30.85,31.2,161003,,,
2018-03-07,31.1,31.75,30.7,31.15,197734,,,
2018-03-08,31.25,31.8,29.75,30.3,286665,,,
2018-03-09,31.0,31.0,30.0,30.1,75710,,,
2018-03-12,30.4,30.7,29.8,30.0,170308,,,
2018-03-13,30.0,30.8,29.8,30.4,234649,,,
2018-03-14,30.1,30.4,30.0,30.2,69303,,,
2018-03-15,30.05,31.5,29.95,30.2,229140,,,
2018-03-16,30.25,30.65,30.05,30.1,77076,,,
2018-03-19,29.6,29.6,29.0,29.2,285662,,,
2018-03-20,29.0,29.35,28.65,28.8,187058,,,
2018-03-21,28.9,29.2,28.25,28.7,557801,,,
2018-03-22,28.75,29.0,26.75,27.05,360720,,,
2018-03-23,26.55,27.5,24.9,25.9,460143,,,
2018-03-26,26.25,28.0,25.85,27.1,392778,,,
2018-03-27,27.6,28.35,27.3,27.8,949066,,,
2018-03-28,27.6,27.9,26.7,27.1,176874,,,
2018-04-02,27.5,28.4,26.9,28.3,82517,,,
2018-04-03,28.0,29.2,27.75,29.1,206909,,,
2018-04-04,29.1,29.25,28.5,28.65,203999,,,
2018-04-05,28.9,29.05,28.75,28.85,278675,,,
2018-04-06,29.15,29.15,28.5,28.85,146926,,,
2018-04-09,29.75,29.75,28.9,29.1,406929,,,
2018-04-10,29.35,29.4,28.75,29.2,146694,,,
2018-04-11,29.0,29.5,28.9,29.25,193188,,,
2018-04-12,28.9,29.5,28.9,29.4,96374,,,
2018-04-13,29.4,29.4,29.05,29.2,68548,,,
2018-04-16,29.2,29.4,28.9,29.25,37638,,,
2018-04-17,29.25,29.4,28.75,28.9,90731,,,
2018-04-18,28.95,29.4,28.75,28.95,127414,,,
2018-04-19,29.05,29.15,28.8,29.0,45915,,,
2018-04-20,28.9,28.95,28.0,28.4,137479,,,
2018-04-23,28.4,29.1,28.4,28.85,170729,,,
2018-04-24,28.85,28.85,27.7,28.35,47245,,,
2018-04-25,28.4,28.5,27.3,27.45,165475,,,
2018-04-26,27.7,28.2,27.1,27.5,93358,,,
2018-04-27,27.5,28.25,27.05,27.2,78046,,,
2018-04-30,27.2,27.75,26.6,27.0,142944,,,
2018-05-02,26.95,27.2,26.25,26.35,114314,,,
2018-05-03,26.4,26.5,25.5,26.15,76231,,,
2018-05-04,25.75,26.5,25.5,26.25,67676,,,
2018-05-07,26.25,28.0,25.5,27.65,250674,,,
2018-05-08,27.7,27.85,26.65,27.5,107097,,,
2018-05-09,27.5,27.7,26.7,26.95,97853,,,
2018-05-10,26.6,26.9,25.65,25.9,84940,,,
2018-05-11,25.9,26.45,25.25,25.4,78671,,,
2018-05-14,25.7,25.7,24.0,24.45,154789,,,
2018-05-15,24.25,26.25,24.05,25.15,245134,,,
2018-05-16,24.5,25.5,24.45,24.8,95628,,,
2018-05-17,24.9,25.25,24.5,24.65,376086,,,
2018-05-18,24.65,25.5,24.2,24.35,108313,,,
2018-05-21,23.75,26.45,23.75,24.95,321316,,,
2018-05-22,24.9,24.9,24.45,24.6,134889,,,
2018-05-23,24.7,25.3,24.25,24.45,106648,,,
2018-05-24,24.4,24.95,23.8,23.95,93330,,,
2018-05-25,24.0,24.25,23.5,24.05,76312,,,
2018-05-28,24.0,24.6,23.75,24.1,107967,,,
2018-05-29,24.1,24.4,24.0,24.0,45715,,,
2018-05-30,24.0,24.35,23.95,24.2,64115,,,
2018-05-31,24.1,24.2,23.25,23.3,83827,,,
2018-06-01,23.4,23.5,22.65,23.0,123069,,,
2018-06-04,22.55,23.2,22.3,22.5,125368,,,
2018-06-05,22.5,22.55,21.55,21.75,126317,,,
2018-06-06,21.5,22.05,21.3,21.65,107288,,,
2018-06-07,21.6,23.1,21.6,22.75,286937,,,
2018-06-08,22.9,23.7,22.75,23.25,231413,,,
2018-06-11,22.25,23.25,21.25,22.85,2279812,,,
2018-06-12,23.45,23.45,22.25,22.4,1068280,,,
2018-06-13,22.25,22.85,21.8,22.2,377409,,,
2018-06-14,22.25,22.3,21.35,21.7,176101,,,
2018-06-15,21.5,21.75,20.9,21.05,417505,,,
2018-06-18,21.0,21.4,20.75,21.05,387487,,,
2018-06-19,21.05,21.9,20.65,21.2,148823,,,
2018-06-20,21.4,22.4,21.2,22.1,184296,,,
2018-06-21,22.25,22.5,21.65,21.75,135901,,,
2018-06-22,21.75,23.2,21.55,23.0,309139,,,
2018-06-25,22.75,23.15,21.8,22.1,172603,,,
2018-06-26,22.0,22.3,21.35,21.9,158721,,,
2018-06-27,21.75,22.3,21.0,21.4,121742,,,
2018-06-28,21.0,21.4,20.9,21.05,47040,,,
2018-06-29,21.0,21.4,20.75,20.95,152080,,,
2018-07-02,21.15,21.2,20.75,21.0,69076,,,
2018-07-03,21.2,21.2,20.75,21.0,51512,,,
2018-07-04,21.0,21.1,20.75,20.9,55951,,,
2018-07-05,20.9,21.0,20.55,20.6,69046,,,
2018-07-06,20.7,21.0,20.35,20.45,95474,,,
2018-07-09,20.55,20.7,19.65,20.0,91445,,,
2018-07-10,20.05,21.1,19.95,20.7,126992,,,
2018-07-11,20.7,21.4,20.5,21.1,120375,,,
2018-07-12,21.1,21.2,20.65,20.95,99194,,,
2018-07-13,20.75,20.8,20.2,20.4,65406,,,
2018-07-16,20.4,20.7,19.7,20.2,80248,,,
2018-07-17,20.0,20.7,19.75,20.3,60369,,,
2018-07-18,20.05,20.6,19.6,19.75,99566,,,
2018-07-19,19.75,19.9,19.1,19.3,81925,,,
2018-07-20,19.6,19.6,18.85,19.0,88509,,,
2018-07-23,19.0,20.2,19.0,20.05,118100,,,
2018-07-24,20.1,21.5,20.0,20.55,137235,,,
2018-07-25,20.75,21.55,20.5,21.35,111466,,,
2018-07-26,21.5,22.2,20.5,21.6,99027,,,
2018-07-27,21.7,24.6,21.3,24.1,908716,,,
2018-07-30,23.75,24.25,22.9,24.05,297079,,,
2018-07-31,23.8,23.85,22.8,23.1,595225,,,
2018-08-01,23.3,24.1,23.2,23.75,163275,,,
2018-08-02,23.5,26.2,22.9,25.2,534672,,,
2018-08-03,24.7,25.4,24.6,25.05,189843,,,
2018-08-06,24.95,25.25,24.05,24.35,157851,,,
2018-08-07,24.35,25.1,24.35,24.75,216719,,,
2018-08-08,26.4,27.25,25.25,25.5,1758152,,,
2018-08-09,25.65,25.85,24.8,25.55,226523,,,
2018-08-10,25.25,25.55,24.75,25.0,148038,,,
2018-08-13,24.25,24.6,23.8,24.2,42453,,,
2018-08-14,24.25,24.35,23.9,24.05,41530,,,
2018-08-16,24.7,25.9,23.9,25.0,284282,,,
2018-08-17,25.05,25.75,25.0,25.4,97539,,,
2018-08-20,25.4,25.4,24.75,24.9,66393,,,
2018-08-21,25.1,25.25,24.65,24.8,55832,,,
2018-08-23,24.8,25.5,24.6,25.0,79156,,,
2018-08-24,25.0,25.2,24.15,24.4,76550,,,
2018-08-27,24.95,24.95,24.4,24.65,57176,,,
2018-08-28,24.75,25.0,24.4,24.5,117989,,,
2018-08-29,24.7,24.7,24.0,24.2,72531,,,
2018-08-30,24.45,24.9,24.0,24.55,86044,,,
2018-08-31,24.25,25.5,24.25,25.25,137223,,,
2018-09-03,25.1,25.9,24.95,25.3,125219,,,
2018-09-04,25.4,25.75,24.25,24.5,80330,,,
2018-09-05,24.95,25.25,24.0,24.35,46055,,,
2018-09-06,24.5,24.75,24.2,24.65,27349,,,
2018-09-07,24.85,25.0,24.25,24.45,54096,,,
2018-09-10,24.65,24.65,24.25,24.3,26728,,,
2018-09-11,24.3,24.4,23.75,23.8,60661,,,
2018-09-12,23.8,24.6,23.8,24.55,66764,,,
2018-09-14,24.5,25.0,24.4,24.6,29957,,,
2018-09-17,24.85,26.6,24.55,26.25,655492,,,
2018-09-18,26.25,26.6,25.5,25.65,126129,,,
2018-09-19,25.9,26.25,24.5,24.7,166920,,,
2018-09-21,24.85,25.35,20.55,24.3,238682,,,
2018-09-24,24.4,24.55,23.5,23.7,59748,,,
2018-09-25,23.05,23.7,22.75,23.4,46629,,,
2018-09-26,23.6,24.1,23.05,23.25,63336,,,
2018-09-27,23.3,23.5,21.9,22.3,122255,,,
2018-09-28,22.4,22.7,21.5,21.7,110391,,,
2018-10-01,21.9,21.95,19.25,20.95,147385,,,
2018-10-03,21.0,22.4,20.8,21.75,67779,,,
2018-10-04,21.5,21.85,20.05,20.5,99787,,,
2018-10-05,20.4,20.9,19.75,19.9,69177,,,
2018-10-08,20.1,20.5,18.15,19.1,197294,,,
2018-10-09,19.15,19.7,18.4,18.7,90026,,,
2018-10-10,18.55,21.1,18.55,20.2,104429,,,
2018-10-11,18.7,20.9,18.7,19.85,65655,,,
2018-10-12,19.8,22.0,19.75,21.6,157887,,,
2018-10-15,21.35,23.15,21.05,22.55,75733,,,
2018-10-16,22.55,24.95,22.55,23.75,240675,,,
2018-10-17,24.45,24.45,21.1,21.9,125991,,,
2018-10-19,22.1,23.1,21.55,22.2,103070,,,
2018-10-22,23.0,23.0,21.0,21.25,90520,,,
2018-10-23,21.25,21.6,20.15,20.5,80648,,,
2018-10-24,20.75,21.2,19.85,20.7,70357,,,
2018-10-25,20.25,20.55,20.0,20.15,38340,,,
2018-10-26,20.6,20.6,19.05,19.55,114590,,,
2018-10-29,19.6,20.95,19.6,20.8,80542,,,
2018-10-30,20.55,21.0,20.05,20.2,84738,,,
2018-10-31,20.25,21.0,20.25,20.9,64604,,,
2018-11-01,20.9,21.5,20.45,21.25,107079,,,
2018-11-02,22.4,22.4,21.35,21.9,64444,,,
2018-11-05,22.1,23.15,22.0,22.8,99981,,,
2018-11-06,23.5,23.6,22.2,22.6,546777,,,
2018-11-07,22.4,23.2,21.95,22.5,68799,,,
2018-11-09,22.5,22.9,22.05,22.4,52252,,,
2018-11-12,22.05,22.3,21.7,21.9,50136,,,
2018-11-13,21.9,22.1,21.5,21.95,46922,,,
2018-11-14,21.95,22.25,20.85,21.05,82736,,,
2018-11-15,21.0,21.5,21.0,21.25,55093,,,
2018-11-16,21.05,21.35,20.5,20.85,76306,,,
2018-11-19,21.35,21.35,20.5,20.6,52587,,,
2018-11-20,20.7,20.8,20.05,20.5,62622,,,
2018-11-21,20.5,21.2,20.45,20.55,57243,,,
2018-11-22,20.85,20.85,20.55,20.7,23748,,,
2018-11-26,20.9,21.1,20.35,20.55,38650,,,
2018-11-27,20.75,20.95,20.35,20.55,53147,,,
2018-11-28,21.25,21.6,20.8,21.1,357419,,,
2018-11-29,21.25,21.25,20.0,20.25,73751,,,
2018-11-30,20.25,20.55,20.0,20.2,56106,,,
2018-12-03,20.2,20.5,20.05,20.2,32226,,,
2018-12-04,20.2,20.6,20.1,20.25,32319,,,
2018-12-05,20.25,20.55,19.75,20.2,2464441,,,
2018-12-06,19.55,20.25,19.5,19.75,60085,,,
2018-12-07,19.75,20.0,18.5,18.75,143309,,,
2018-12-10,19.0,19.0,17.85,18.1,74355,,,
2018-12-11,18.1,18.45,17.9,18.05,68298,,,
2018-12-12,17.85,18.8,17.85,18.6,80146,,,
2018-12-13,18.55,19.15,18.55,18.8,44326,,,
2018-12-14,19.2,19.2,18.5,18.75,29983,,,
2018-12-17,18.55,19.2,18.55,19.05,35809,,,
2018-12-18,19.0,19.15,18.7,18.8,78289,,,
2018-12-19,18.6,19.7,18.6,19.15,110649,,,
2018-12-20,19.15,19.9,19.05,19.2,89077,,,
2018-12-21,19.25,19.6,18.8,19.4,62163,,,
2018-12-24,19.55,19.75,19.35,19.6,44806,,,
2018-12-26,19.95,19.95,18.9,19.2,60305,,,
2018-12-27,19.05,19.3,18.75,18.8,43535,,,
2018-12-28,18.75,19.55,18.75,19.25,44309,,,
2018-12-31,19.05,19.4,19.05,19.2,19795,,,
2019-01-01,19.45,19.45,19.15,19.25,26338,,,
2019-01-02,19.1,19.25,18.9,19.0,24205,,,
2019-01-03,18.8,19.3,18.8,19.0,26099,,,
2019-01-04,19.0,19.15,18.9,19.05,35832,,,
2019-01-07,19.1,19.35,18.9,18.9,29395,,,
2019-01-08,19.0,19.1,18.75,18.9,26896,,,
2019-01-09,18.85,19.1,18.75,18.9,26253,,,
2019-01-10,18.75,19.2,18.65,18.75,25614,,,
2019-01-11,18.8,18.85,18.5,18.65,24789,,,
2019-01-14,18.35,18.7,18.35,18.4,26509,,,
2019-01-15,18.45,18.75,18.25,18.65,34217,,,
2019-01-16,18.25,18.65,18.25,18.4,15651,,,
2019-01-17,18.55,18.9,18.25,18.4,60395,,,
2019-01-18,18.8,18.9,18.3,18.75,43681,,,
2019-01-21,18.75,18.8,18.1,18.2,51051,,,
2019-01-22,18.7,18.7,17.5,17.8,67135,,,
2019-01-23,18.5,18.75,17.75,18.1,133230,,,
2019-01-24,18.5,18.5,17.6,17.9,26945,,,
2019-01-25,18.0,18.05,17.0,17.25,82688,,,
2019-01-28,17.1,17.4,16.55,17.05,47589,,,
2019-01-29,17.05,17.1,16.65,17.0,27814,,,
2019-01-30,16.9,17.2,16.8,16.85,28693,,,
2019-01-31,16.9,17.45,16.8,17.0,58535,,,
2019-02-01,17.1,17.6,16.8,17.0,48196,,,
2019-02-04,17.1,17.1,16.0,16.2,45543,,,
2019-02-05,16.15,16.25,15.1,15.25,96066,,,
2019-02-06,15.5,15.5,14.15,14.4,182504,,,
2019-02-07,14.75,15.35,14.5,15.05,121973,,,
2019-02-08,15.2,17.15,15.0,16.4,529692,,,
2019-02-11,16.5,17.2,16.25,16.8,204268,,,
2019-02-12,16.75,17.25,16.3,17.1,364764,,,
2019-02-13,17.1,17.35,16.0,16.25,70145,,,
2019-02-14,16.2,16.35,15.8,16.0,56323,,,
2019-02-15,15.95,16.1,15.75,15.95,24600,,,
2019-02-18,16.25,16.25,15.55,15.65,25613,,,
2019-02-19,15.55,15.6,15.1,15.3,42548,,,
2019-02-20,15.2,15.75,15.0,15.5,31788,,,
2019-02-21,15.95,15.95,15.45,15.85,20663,,,
2019-02-22,15.9,18.55,15.75,18.05,875133,,,
2019-02-25,18.0,18.3,17.25,17.5,114439,,,
2019-02-26,17.05,18.0,16.5,17.85,114221,,,
2019-02-27,17.75,18.25,17.4,17.95,111104,,,
2019-02-28,17.75,18.2,17.55,17.9,31498,,,
2019-03-01,17.9,18.5,17.8,18.0,49849,,,
2019-03-05,18.1,20.0,17.5,19.1,213206,,,
2019-03-06,19.05,19.65,19.05,19.25,63374,,,
2019-03-07,19.0,20.15,18.8,19.05,101863,,,
2019-03-08,19.35,19.5,18.65,18.75,32106,,,
2019-03-11,18.85,19.2,18.3,18.7,66291,,,
2019-03-12,18.9,19.25,18.5,19.0,95177,,,
2019-03-13,18.9,18.9,18.0,18.55,1758281,,,
2019-03-14,18.55,18.75,18.0,18.25,1785244,,,
2019-03-15,18.3,18.75,16.5,16.95,814012,,,
2019-03-18,17.4,17.5,16.95,17.4,214540,,,
2019-03-19,17.4,17.55,16.95,17.05,1149774,,,
2019-03-20,17.25,17.25,16.9,17.0,53074,,,
2019-03-22,17.0,17.85,16.85,17.3,200399,,,
2019-03-25,17.0,17.1,16.85,17.0,1106368,,,
2019-03-26,17.05,17.05,16.25,16.7,3117721,,,
2019-03-27,16.7,16.9,16.0,16.1,816987,,,
2019-03-28,16.2,16.75,16.05,16.55,124319,,,
2019-03-29,16.75,17.1,16.5,16.65,143203,,,
2019-04-01,16.75,17.3,16.6,17.05,98201,,,
2019-04-02,17.2,17.95,16.9,17.2,245838,,,
2019-04-03,17.05,17.7,17.05,17.25,133496,,,
2019-04-04,17.4,17.4,17.1,17.2,34920,,,
2019-04-05,17.2,17.3,17.05,17.15,29461,,,
2019-04-08,17.15,17.85,17.0,17.1,141952,,,
2019-04-09,17.2,17.25,17.0,17.1,33065,,,
2019-04-10,17.25,17.25,17.0,17.1,66845,,,
2019-04-11,17.1,17.25,17.0,17.05,38125,,,
2019-04-12,17.0,17.45,17.0,17.25,24415,,,
2019-04-15,17.4,17.75,17.3,17.5,60465,,,
2019-04-16,17.7,17.75,17.25,17.3,48012,,,
2019-04-18,17.05,17.25,16.8,17.0,50231,,,
2019-04-22,17.45,17.45,16.55,16.8,46931,,,
2019-04-23,16.7,17.15,16.4,16.5,49639,,,
2019-04-24,16.4,16.8,16.4,16.55,46255,,,
2019-04-25,17.05,17.05,16.55,16.75,43872,,,
2019-04-26,16.75,16.75,16.5,16.6,25257,,,
2019-04-30,16.6,16.7,15.9,16.05,43088,,,
2019-05-02,16.1,16.1,15.8,15.9,32682,,,
2019-05-03,15.6,15.9,15.5,15.7,29541,,,
2019-05-06,15.7,16.1,15.3,15.65,34598,,,
2019-05-07,15.5,15.8,15.05,15.3,52394,,,
2019-05-08,15.15,15.3,14.6,14.7,59832,,,
2019-05-09,14.75,15.0,14.6,14.95,31782,,,
2019-05-10,15.05,15.2,14.8,15.1,28959,,,
2019-05-13,15.3,15.5,14.4,14.55,48921,,,
2019-05-14,14.7,15.45,14.5,14.65,109356,,,
2019-05-15,15.0,15.0,14.25,14.4,58964,,,
2019-05-16,14.25,14.55,13.8,14.35,71431,,,
2019-05-17,14.45,14.5,14.0,14.1,56684,,,
2019-05-20,13.65,15.5,13.65,15.2,272520,,,
2019-05-21,15.4,15.75,15.0,15.3,78302,,,
2019-05-22,15.45,15.6,14.9,15.3,53640,,,
2019-05-23,15.9,15.9,15.45,15.7,64787,,,
2019-05-24,15.55,16.0,15.5,15.9,41660,,,
2019-05-27,15.9,16.6,15.6,16.4,61440,,,
2019-05-28,16.25,17.0,16.1,16.7,75782,,,
2019-05-29,17.1,18.75,16.5,17.7,432405,,,
2019-05-30,17.5,18.15,17.25,17.9,90552,,,
2019-05-31,18.3,18.3,17.5,17.8,89901,,,
2019-06-03,18.1,18.1,17.25,17.55,61130,,,
2019-06-04,17.7,17.7,16.85,17.25,44116,,,
2019-06-06,17.5,18.3,17.3,17.55,260209,,,
2019-06-07,17.75,17.9,16.85,17.65,96396,,,
2019-06-10,17.55,17.9,16.55,16.85,79671,,,
2019-06-11,16.75,17.25,16.5,17.15,43215,,,
2019-06-12,16.9,17.55,16.7,17.35,48926,,,
2019-06-13,17.2,17.3,16.9,17.1,31126,,,
2019-06-14,17.1,17.25,17.1,17.15,74905,,,
2019-06-17,17.15,17.2,16.15,16.6,72545,,,
2019-06-18,16.6,16.85,16.6,16.7,42944,,,
2019-06-19,16.25,16.8,15.9,16.25,54389,,,
2019-06-20,16.5,17.5,15.5,17.1,127133,,,
2019-06-21,17.1,17.75,16.25,17.5,233632,,,
2019-06-24,17.7,18.25,17.05,17.45,190370,,,
2019-06-25,17.5,17.75,17.1,17.4,227950,,,
2019-06-26,17.3,17.7,17.0,17.5,86118,,,
2019-06-27,17.5,17.7,17.25,17.5,42936,,,
2019-06-28,17.75,17.75,17.1,17.6,67138,,,
2019-07-01,17.65,17.95,17.3,17.4,161736,,,
2019-07-02,17.5,17.9,17.0,17.7,70878,,,
2019-07-03,17.7,17.9,17.35,17.6,149522,,,
2019-07-04,17.4,17.75,16.7,17.5,390265,,,
2019-07-05,17.75,17.75,17.0,17.25,94177,,,
2019-07-08,17.2,17.5,16.8,17.25,62535,,,
2019-07-09,17.05,17.55,17.05,17.4,73546,,,
2019-07-10,17.4,17.5,17.25,17.3,29043,,,
2019-07-11,17.25,17.4,17.0,17.2,39944,,,
2019-07-12,17.2,17.2,16.95,17.0,20581,,,
2019-07-15,17.0,17.1,16.7,16.9,25698,,,
2019-07-16,16.9,17.0,16.55,16.7,24702,,,
2019-07-17,16.8,16.9,16.25,16.7,46649,,,
2019-07-18,16.7,16.9,15.95,16.1,43840,,,
2019-07-19,16.1,16.2,15.5,15.7,41137,,,
2019-07-22,15.6,15.8,14.9,15.2,71318,,,
2019-07-23,15.1,15.3,14.55,15.1,70558,,,
2019-07-24,15.0,15.5,14.5,14.6,69596,,,
2019-07-25,14.6,15.9,14.2,14.6,121530,,,
2019-07-26,14.4,15.45,14.0,15.05,131495,,,
2019-07-29,15.5,15.85,14.4,14.7,156518,,,
2019-07-30,14.7,15.0,14.1,14.4,62022,,,
2019-07-31,14.3,14.3,13.4,13.8,132105,,,
2019-08-01,13.75,14.0,12.55,12.8,198543,,,
2019-08-02,12.05,13.35,12.05,13.05,199918,,,
2019-08-05,13.0,13.05,12.3,12.45,112736,,,
2019-08-06,12.45,13.15,12.15,12.35,135659,,,
2019-08-07,12.45,12.8,12.2,12.4,103954,,,
2019-08-08,12.4,12.7,12.2,12.5,103452,,,
2019-08-09,12.45,12.85,12.15,12.35,152974,,,
2019-08-13,12.2,12.35,11.55,11.8,163190,,,
2019-08-14,11.75,12.0,10.85,10.95,183416,,,
2019-08-16,11.15,11.45,10.4,10.5,173796,,,
2019-08-19,10.6,10.85,9.6,9.8,187759,,,
2019-08-20,9.8,10.25,8.4,9.0,663529,,,
2019-08-21,9.0,9.7,8.75,9.05,366727,,,
2019-08-22,8.7,9.25,8.25,8.4,140984,,,
2019-08-23,8.4,9.25,8.2,8.5,128279,,,
2019-08-26,9.25,9.35,8.25,9.2,128151,,,
2019-08-27,9.2,9.6,9.05,9.15,77162,,,
2019-08-28,9.05,9.3,8.45,8.5,81917,,,
2019-08-29,8.6,8.8,7.7,7.9,198140,,,
2019-08-30,7.9,8.45,7.9,8.25,104057,,,
2019-09-03,8.25,8.7,8.15,8.3,161091,,,
2019-09-04,8.35,8.5,8.1,8.3,173212,,,
2019-09-05,8.3,8.6,8.3,8.4,34039,,,
2019-09-06,8.5,8.7,8.2,8.25,44168,,,
2019-09-09,8.2,8.6,8.2,8.4,64855,,,
2019-09-11,8.75,8.85,8.45,8.55,66992,,,
2019-09-12,8.7,8.8,8.4,8.5,71735,,,
2019-09-13,8.5,8.65,8.4,8.6,33132,,,
2019-09-16,8.55,9.45,8.45,9.45,132848,,,
2019-09-17,9.7,10.05,9.3,9.8,128136,,,
2019-09-18,9.8,10.25,9.1,9.35,61088,,,
2019-09-19,9.65,9.65,8.8,8.95,32656,,,
2019-09-20,8.95,9.45,8.9,9.25,39963,,,
2019-09-23,9.95,9.95,9.25,9.4,57733,,,
2019-09-24,9.7,9.7,9.0,9.15,100343,,,
2019-09-25,9.15,9.4,8.3,8.7,195079,,,
2019-09-26,9.1,9.1,8.45,8.55,46973,,,
2019-09-27,8.55,9.0,8.3,8.7,209312,,,
2019-09-30,8.7,8.85,8.05,8.3,32951,486.0,67.8,32729.0
2019-10-01,8.6,8.6,8.0,8.05,29135,408.0,71.41,20473.0
2019-10-03,8.15,8.4,7.85,8.1,21899,334.0,65.57,13253.0
2019-10-04,8.0,8.6,7.8,7.85,30273,854.0,35.45,19708.0
2019-10-07,7.95,8.6,7.85,8.15,104269,1185.0,87.99,66930.0
2019-10-09,8.35,8.55,8.0,8.05,42682,861.0,49.57,32025.0
2019-10-10,8.6,8.6,8.05,8.05,26594,393.0,67.67,15820.0
2019-10-11,8.1,8.6,8.0,8.0,18653,290.0,64.32,9929.0
2019-10-14,8.4,8.4,8.0,8.05,27680,441.0,62.77,13552.0
2019-10-15,7.85,8.15,7.85,7.9,26093,424.0,61.54,18603.0
2019-10-16,8.25,9.45,8.15,9.2,502480,4851.0,103.58,110914.0
2019-10-17,9.25,9.6,8.9,9.1,153969,1920.0,80.19,57489.0
2019-10-18,9.0,9.4,8.45,8.7,151777,1762.0,86.14,60291.0
2019-10-22,8.6,9.35,8.2,8.4,178288,2033.0,87.7,90294.0
2019-10-23,8.3,9.25,8.25,8.9,99897,1404.0,71.15,50953.0
2019-10-24,8.9,9.3,8.6,8.75,134110,1678.0,79.92,22740.0
2019-10-25,8.95,8.95,8.3,8.55,130888,2127.0,61.54,19654.0
2019-10-27,8.85,8.85,8.6,8.75,9490,148.0,64.12,6494.0
2019-10-29,9.0,9.2,8.35,8.6,141541,1901.0,74.46,51044.0
2019-10-30,8.75,8.9,8.5,8.6,98995,1355.0,73.06,38532.0
2019-10-31,8.75,9.1,8.3,8.7,129461,1548.0,83.63,64619.0
2019-11-01,8.85,8.85,8.4,8.65,101543,1024.0,99.16,66412.0
2019-11-04,8.95,9.2,8.75,8.9,257767,1901.0,135.6,120817.0
2019-11-05,9.0,9.2,8.75,8.8,66066,602.0,109.74,40382.0
2019-11-06,8.95,9.1,8.55,8.9,165331,1589.0,104.05,58714.0
2019-11-07,8.9,9.1,8.55,8.8,170906,1277.0,133.83,114922.0
2019-11-08,8.9,8.95,7.15,8.4,202708,1977.0,102.53,106121.0
2019-11-11,8.25,8.7,8.0,8.35,176926,1855.0,95.38,89731.0
2019-11-13,8.6,8.6,8.3,8.4,63029,881.0,71.54,27395.0
2019-11-14,8.3,8.6,8.2,8.25,29498,510.0,57.84,18179.0
2019-11-15,8.45,8.45,8.1,8.3,50015,1249.0,40.04,14837.0
2019-11-18,8.3,8.35,8.2,8.25,25137,482.0,52.15,13027.0
2019-11-19,8.3,8.3,8.2,8.2,21609,439.0,49.22,14841.0
2019-11-20,8.15,8.25,8.0,8.15,61649,530.0,116.32,47374.0
2019-11-21,8.05,8.2,8.0,8.0,45229,768.0,58.89,22331.0
2019-11-22,8.2,8.2,7.9,8.0,47365,535.0,88.53,29692.0
2019-11-25,8.4,9.5,8.3,9.3,574472,5240.0,109.63,202532.0
2019-11-26,9.5,10.85,9.3,9.55,1210382,10617.0,114.0,349098.0
2019-11-27,9.65,9.95,8.95,9.2,359456,4228.0,85.02,112749.0
2019-11-28,9.2,9.2,8.8,8.85,175715,1764.0,99.61,86111.0
2019-11-29,9.25,9.95,9.05,9.3,542813,3673.0,147.78,241678.0
2019-12-02,9.45,10.9,9.2,10.6,1174051,9033.0,129.97,393489.0
2019-12-03,10.6,12.05,10.35,11.4,2162645,18441.0,117.27,469887.0
2019-12-04,11.5,11.9,10.55,10.8,825032,6754.0,122.15,213305.0
2019-12-05,10.8,10.95,10.4,10.8,249177,2481.0,100.43,99952.0
2019-12-06,10.9,11.1,9.8,9.95,419111,4308.0,97.29,239985.0
2019-12-09,9.4,10.05,9.4,9.7,168051,1613.0,104.19,70911.0
2019-12-10,9.7,10.0,9.0,9.3,264768,4720.0,56.09,76687.0
2019-12-11,9.3,9.5,8.1,8.6,592350,4260.0,139.05,282268.0
2019-12-12,8.7,8.8,8.4,8.5,165287,2306.0,71.68,94261.0
2019-12-13,8.55,8.75,8.4,8.55,173806,1511.0,115.03,81397.0
2019-12-16,8.5,9.85,8.3,8.8,979316,7297.0,134.21,334330.0
2019-12-17,8.85,9.05,8.5,8.7,261892,1831.0,143.03,135585.0
2019-12-18,8.75,8.8,8.4,8.5,205565,2213.0,92.89,142707.0
2019-12-19,8.5,8.65,8.3,8.55,195080,1098.0,177.67,121084.0
2019-12-20,8.55,8.7,8.4,8.45,221014,1015.0,217.75,102250.0
2019-12-23,8.45,8.5,8.35,8.45,118177,1232.0,95.92,59045.0
2019-12-24,8.45,9.15,8.4,8.5,576128,3862.0,149.18,194306.0
2019-12-26,8.5,8.85,8.45,8.55,192469,1326.0,145.15,107341.0
2019-12-27,8.6,8.65,8.45,8.5,641868,711.0,902.77,593202.0
2019-12-30,8.8,8.8,8.6,8.7,742977,1485.0,500.32,595449.0
2019-12-31,8.7,9.25,8.65,8.9,908567,1598.0,568.57,732918.0
2020-01-01,8.95,9.05,8.65,8.75,830521,1571.0,528.66,725864.0
2020-01-02,8.75,9.1,8.7,8.8,997985,1910.0,522.51,839347.0
2020-01-03,8.75,9.05,8.65,8.7,327231,1949.0,167.9,152044.0
2020-01-06,8.75,8.75,8.5,8.5,172531,990.0,174.27,105495.0
2020-01-07,8.6,8.9,8.5,8.55,181943,997.0,182.49,61794.0
2020-01-08,8.5,8.6,8.45,8.55,94960,493.0,192.62,50880.0
2020-01-09,8.75,9.2,8.65,9.1,925473,2576.0,359.27,715590.0
2020-01-10,9.25,9.3,8.9,9.2,304691,1872.0,162.76,129708.0
2020-01-13,9.1,9.35,9.1,9.2,624807,1012.0,617.4,550073.0
2020-01-14,9.25,9.45,9.05,9.35,734111,1219.0,602.22,650230.0
2020-01-15,9.45,11.2,9.4,11.1,2534917,11707.0,216.53,1111715.0
2020-01-16,11.4,12.45,11.15,12.1,2470134,12204.0,202.4,954897.0
2020-01-17,11.75,11.75,11.25,11.5,300647,2094.0,143.58,133738.0
2020-01-20,11.5,11.55,10.35,10.7,808386,3504.0,230.7,630845.0
2020-01-21,10.55,11.75,10.55,11.0,478390,3148.0,151.97,170890.0
2020-01-22,10.95,11.15,10.55,10.7,837448,2372.0,353.06,750485.0
2020-01-23,10.7,10.85,10.4,10.5,135694,989.0,137.2,77562.0
2020-01-24,10.6,10.8,10.25,10.35,121965,939.0,129.89,73665.0
2020-01-27,10.35,10.65,10.25,10.4,159424,1142.0,139.6,93038.0
2020-01-28,10.5,11.55,10.3,10.5,611666,7167.0,85.34,229022.0
2020-01-29,10.8,10.8,10.3,10.4,329802,2620.0,125.88,249389.0
2020-01-30,10.4,10.4,10.0,10.0,122567,898.0,136.49,57421.0
2020-01-31,10.25,10.85,10.0,10.3,573721,2929.0,195.88,389125.0
2020-02-01,10.4,10.7,9.05,9.5,187410,1689.0,110.96,93475.0
2020-02-03,9.8,10.1,9.5,9.5,198266,1477.0,134.24,104075.0
2020-02-04,9.5,9.95,9.5,9.75,209730,2470.0,84.91,73420.0
2020-02-05,10.0,10.4,9.8,9.9,606858,3838.0,158.12,333856.0
2020-02-06,9.9,10.2,9.7,9.75,263191,1463.0,179.9,180819.0
2020-02-07,9.9,10.0,9.55,9.65,162688,1236.0,131.62,125150.0
2020-02-10,9.65,10.1,9.2,9.2,463288,3274.0,141.51,223030.0
2020-02-11,9.3,9.65,9.25,9.3,634985,960.0,661.44,578753.0
2020-02-12,9.4,9.65,9.25,9.3,102369,651.0,157.25,29301.0
2020-02-13,9.4,9.45,9.25,9.35,564474,951.0,593.56,537967.0
2020-02-14,9.35,9.5,9.15,9.2,581259,608.0,956.02,545302.0
2020-02-17,9.05,9.45,9.05,9.4,111859,606.0,184.59,63454.0
2020-02-18,9.5,9.55,9.25,9.4,101905,591.0,172.43,77339.0
2020-02-19,9.4,9.6,9.4,9.5,603724,594.0,1016.37,569433.0
2020-02-20,9.6,9.6,9.2,9.3,613386,910.0,674.05,567745.0
2020-02-24,9.4,9.7,9.2,9.3,171686,1367.0,125.59,85589.0
2020-02-25,9.45,9.5,9.05,9.15,703846,763.0,922.47,649352.0
2020-02-26,9.1,9.25,9.0,9.05,99906,530.0,188.5,53690.0
2020-02-27,9.0,9.1,8.7,8.75,165732,1007.0,164.58,75400.0
2020-02-28,8.75,8.8,8.4,8.4,112724,607.0,185.71,84866.0
2020-03-02,8.4,9.5,8.4,8.55,265481,2837.0,93.58,49662.0
2020-03-03,8.5,8.9,8.25,8.35,663348,1379.0,481.04,594387.0
2020-03-04,8.6,8.6,7.25,7.5,336037,2431.0,138.23,199325.0
2020-03-05,7.75,7.95,7.35,7.35,200721,1485.0,135.17,120665.0
2020-03-06,7.25,7.25,6.8,6.9,143296,1432.0,100.07,87834.0
2020-03-09,6.95,6.95,6.4,6.45,158488,1155.0,137.22,116476.0
2020-03-11,6.45,6.7,6.4,6.5,109171,913.0,119.57,68922.0
2020-03-12,6.05,6.3,5.35,5.65,260117,1530.0,170.01,223939.0
2020-03-13,5.0,6.2,5.0,5.95,246088,1081.0,227.65,175004.0
2020-03-16,5.95,7.1,5.25,5.6,685782,6701.0,102.34,415333.0
2020-03-17,5.9,6.5,5.5,5.8,499550,4458.0,112.06,287099.0
2020-03-18,5.95,5.95,5.2,5.25,176377,1467.0,120.23,122570.0
2020-03-19,4.85,5.5,4.75,4.85,253240,1175.0,215.52,175678.0
2020-03-20,5.1,5.3,4.9,5.25,89588,819.0,109.39,50154.0
2020-03-23,5.1,5.1,4.7,4.7,71770,626.0,114.65,56544.0
2020-03-24,4.75,4.9,4.25,4.4,160123,1052.0,152.21,123315.0
2020-03-25,4.4,4.5,4.0,4.25,58275,731.0,79.72,34907.0
2020-03-26,4.5,4.55,4.1,4.45,113051,783.0,144.38,72078.0
2020-03-27,4.5,4.9,4.2,4.3,647820,984.0,658.35,605374.0
2020-03-30,4.25,4.6,4.0,4.5,561499,748.0,750.67,534265.0
2020-03-31,4.6,4.8,4.4,4.6,999888,749.0,1334.96,951502.0
2020-04-01,4.9,4.95,4.6,4.75,52014,593.0,87.71,32894.0
2020-04-03,4.85,4.85,4.6,4.75,621080,575.0,1080.14,594770.0
2020-04-07,4.85,4.9,4.75,4.85,55480,569.0,97.5,35785.0
2020-04-08,4.9,5.1,4.8,5.0,67886,708.0,95.88,33823.0
2020-04-09,5.25,5.3,4.65,5.25,105856,923.0,114.69,53559.0
2020-04-13,5.3,5.4,5.0,5.4,97452,869.0,112.14,57597.0
2020-04-15,5.4,5.8,5.4,5.65,128595,1253.0,102.63,70766.0
2020-04-16,6.0,6.0,5.6,5.95,95321,805.0,118.41,54852.0
2020-04-17,6.1,6.5,6.0,6.5,64740,614.0,105.44,57232.0
2020-04-20,6.85,6.85,6.85,6.85,20973,178.0,117.83,20813.0
2020-04-21,7.2,7.2,6.9,7.1,161482,1219.0,132.47,106743.0
2020-04-22,7.15,7.45,6.8,6.85,107460,1098.0,97.87,72843.0
2020-04-23,7.15,7.15,6.6,6.85,53519,484.0,110.58,32651.0
2020-04-24,6.85,6.85,6.5,6.5,44325,492.0,90.09,34553.0
2020-04-27,6.6,6.85,6.2,6.6,153039,1091.0,140.27,77488.0
2020-04-28,6.6,6.65,6.25,6.35,76486,525.0,145.69,46921.0
2020-04-29,6.5,6.5,6.25,6.4,46234,520.0,88.91,26071.0
2020-04-30,6.5,6.7,6.3,6.65,89543,576.0,155.46,75134.0
2020-05-04,6.65,6.65,6.35,6.4,39051,501.0,77.95,23201.0
2020-05-05,6.15,6.45,6.15,6.2,27429,378.0,72.56,16474.0
2020-05-06,6.15,6.2,5.9,5.9,36734,444.0,82.73,21567.0
2020-05-07,5.9,6.1,5.9,6.05,31493,348.0,90.5,16410.0
2020-05-08,6.1,6.35,6.0,6.0,22264,260.0,85.63,15620.0
2020-05-11,6.3,6.3,6.05,6.25,87890,620.0,141.76,53077.0
2020-05-12,6.4,6.6,6.2,6.45,631043,805.0,783.9,587846.0
2020-05-13,6.8,6.8,6.6,6.8,185283,612.0,302.75,155322.0
2020-05-14,7.05,7.1,6.65,7.05,130106,830.0,156.75,64293.0
2020-05-15,7.05,7.05,6.7,6.7,45316,468.0,96.83,29361.0
2020-05-18,6.7,6.7,6.4,6.4,49313,415.0,118.83,27259.0
2020-05-19,6.5,6.6,6.2,6.5,34133,382.0,89.35,18566.0
2020-05-20,6.5,6.7,6.3,6.35,34254,291.0,117.71,25176.0
2020-05-21,6.45,6.7,6.3,6.5,72666,449.0,161.84,44211.0
2020-05-22,6.7,6.7,6.3,6.4,24160,246.0,98.21,13506.0
2020-05-26,6.5,6.6,6.4,6.5,33438,248.0,134.83,19228.0
2020-05-27,6.4,6.75,6.4,6.45,47725,349.0,136.75,24749.0
2020-05-28,6.6,6.6,6.45,6.5,18543,206.0,90.01,12488.0
2020-05-29,6.6,6.65,6.4,6.55,67597,324.0,208.63,52106.0
2020-06-01,6.75,6.9,6.6,6.7,44219,484.0,91.36,29924.0
2020-06-02,6.8,6.95,6.55,6.8,99152,729.0,136.01,17095.0
2020-06-03,6.95,7.0,6.85,6.9,147580,996.0,148.17,64085.0
2020-06-04,7.1,7.2,6.95,7.2,101255,793.0,127.69,70318.0
2020-06-05,7.45,7.9,7.15,7.9,282298,1458.0,193.62,208418.0
2020-06-08,8.45,8.45,7.95,8.15,197896,2023.0,97.82,136285.0
2020-06-09,8.4,8.4,7.8,7.9,109269,1032.0,105.88,77971.0
2020-06-10,7.9,8.2,7.6,7.75,40838,527.0,77.49,26783.0
2020-06-11,7.8,8.2,7.35,7.5,94287,952.0,99.04,60929.0
2020-06-12,6.9,7.6,6.9,7.45,107758,966.0,111.55,71742.0
2020-06-15,7.4,8.15,7.3,7.8,172475,1542.0,111.85,98615.0
2020-06-16,7.8,8.05,7.5,7.6,109830,914.0,120.16,87818.0
2020-06-17,7.75,8.35,7.5,8.35,271374,1847.0,146.93,128932.0
2020-06-18,8.8,9.15,8.45,9.15,325236,1867.0,174.2,184560.0
2020-06-19,9.8,10.05,9.4,9.8,728749,3240.0,224.92,401346.0
2020-06-22,10.0,10.2,9.3,9.95,561942,2644.0,212.53,280274.0
2020-06-23,9.95,10.4,9.85,10.4,335277,1241.0,270.17,232935.0
2020-06-24,10.95,10.95,9.9,10.05,422277,1756.0,240.48,347028.0
2020-06-25,9.95,10.25,9.55,9.9,244997,2368.0,103.46,176747.0
2020-06-26,10.1,10.4,9.75,10.2,161712,802.0,201.64,113060.0
2020-06-29,9.75,10.1,9.7,9.8,352434,3121.0,112.92,284705.0
2020-06-30,9.95,10.0,9.75,9.95,228623,830.0,275.45,168367.0
2020-07-01,9.9,10.4,9.9,10.0,134556,846.0,159.05,70090.0
2020-07-02,10.3,10.3,9.8,10.05,139360,749.0,186.06,115670.0
2020-07-03,10.05,10.1,9.9,9.95,72550,528.0,137.41,62192.0
2020-07-06,9.8,10.05,9.7,9.7,112528,789.0,142.62,84533.0
2020-07-07,9.85,10.0,9.5,9.7,81719,609.0,134.19,57356.0
2020-07-08,9.7,9.9,9.5,9.6,124877,860.0,145.21,75814.0
2020-07-09,9.7,9.8,9.5,9.55,106580,554.0,192.38,80348.0
2020-07-10,9.7,9.8,9.45,9.5,54549,542.0,100.64,35492.0
2020-07-13,9.5,9.7,9.05,9.1,79817,688.0,116.01,55567.0
2020-07-14,9.0,9.3,8.9,9.05,87648,751.0,116.71,54829.0
2020-07-15,9.3,9.5,8.9,9.2,99730,566.0,176.2,65748.0
2020-07-16,8.9,9.15,8.8,8.85,50983,550.0,92.7,38796.0
2020-07-17,9.0,9.2,8.9,8.95,76104,464.0,164.02,53081.0
2020-07-20,8.95,9.3,8.95,9.15,75152,656.0,114.56,43758.0
2020-07-21,9.3,9.5,9.15,9.3,73000,588.0,124.15,42687.0
2020-07-22,9.25,9.4,9.0,9.1,44613,476.0,93.72,30465.0
2020-07-23,9.1,9.25,9.0,9.05,36552,421.0,86.82,23472.0
2020-07-24,9.05,9.2,8.9,9.05,37724,307.0,122.88,31998.0
2020-07-27,9.05,9.2,9.0,9.05,57798,427.0,135.36,27034.0
2020-07-28,9.05,9.2,8.6,8.65,82658,718.0,115.12,46463.0
2020-07-29,8.65,9.05,8.6,8.8,60468,650.0,93.03,30801.0
2020-07-30,8.8,9.0,8.65,8.8,29713,418.0,71.08,17899.0
2020-07-31,8.8,8.8,8.5,8.65,24330,359.0,67.77,17946.0
2020-08-03,8.65,9.0,8.5,8.9,69043,440.0,156.92,55775.0
2020-08-04,8.9,8.95,8.8,8.9,14626,193.0,75.78,12486.0
2020-08-05,8.9,9.2,8.9,9.15,82244,552.0,148.99,63829.0
2020-08-06,9.2,9.3,9.05,9.2,63828,503.0,126.89,51771.0
2020-08-07,9.15,10.1,9.05,10.1,494077,2579.0,191.58,329316.0
2020-08-10,10.55,11.15,10.35,11.05,469901,2297.0,204.57,301544.0
2020-08-11,11.4,11.4,10.45,10.6,152292,1510.0,100.86,107069.0
2020-08-12,10.45,11.25,10.15,10.95,162841,1363.0,119.47,81228.0
2020-08-13,11.2,11.2,10.35,10.5,120243,1124.0,106.98,71812.0
2020-08-14,10.35,10.9,10.0,10.25,65965,956.0,69.0,40228.0
2020-08-17,10.25,10.75,10.0,10.5,83283,906.0,91.92,44423.0
2020-08-18,10.4,10.75,10.35,10.4,53417,576.0,92.74,32673.0
2020-08-19,10.5,10.6,10.35,10.4,65180,596.0,109.36,37272.0
2020-08-20,10.5,11.1,10.35,10.6,183860,1790.0,102.72,80489.0
2020-08-21,10.7,11.15,10.55,10.7,194565,1543.0,126.1,73697.0
2020-08-24,10.7,11.0,10.55,10.65,93638,1049.0,89.26,63209.0
2020-08-25,10.75,11.7,10.55,11.7,583632,2274.0,256.65,277232.0
2020-08-26,11.8,12.3,11.4,11.8,596909,4913.0,121.5,243431.0
2020-08-27,11.9,12.35,11.55,11.7,604694,4924.0,122.81,274513.0
2020-08-28,11.85,12.0,11.1,11.25,195166,1810.0,107.83,134905.0
2020-08-31,11.25,11.4,10.15,10.55,229589,2114.0,108.6,141403.0
2020-09-01,10.7,10.95,10.3,10.9,95789,1397.0,68.57,48504.0
2020-09-02,10.9,11.95,10.6,11.7,308272,2740.0,112.51,190623.0
2020-09-03,11.7,12.2,11.5,11.95,176094,1985.0,88.71,104739.0
2020-09-04,11.55,13.0,11.4,12.05,322105,3330.0,96.73,141201.0
2020-09-07,12.1,12.6,11.75,11.95,167383,1934.0,86.55,68451.0
2020-09-08,11.8,12.45,11.7,11.8,76028,717.0,106.04,44031.0
2020-09-09,11.5,11.8,10.8,10.85,252836,2334.0,108.33,191533.0
2020-09-10,11.2,11.25,10.25,10.4,264279,1801.0,146.74,156450.0
2020-09-11,10.4,10.9,10.25,10.7,46835,681.0,68.77,25810.0
2020-09-14,10.95,11.0,10.8,10.9,43245,502.0,86.15,27395.0
2020-09-15,10.9,11.0,10.75,10.9,41041,475.0,86.4,26247.0
2020-09-16,10.65,10.9,10.65,10.75,25728,310.0,82.99,18787.0
2020-09-17,10.75,10.95,10.65,10.85,118600,1051.0,112.84,63483.0
2020-09-18,10.9,11.2,10.5,10.7,175373,1666.0,105.27,63916.0
2020-09-21,10.7,10.9,10.1,10.2,108111,1224.0,88.33,48784.0
2020-09-22,10.0,10.4,9.3,9.55,257370,1955.0,131.65,171069.0
2020-09-23,9.5,9.7,9.25,9.35,118054,1201.0,98.3,69976.0
2020-09-24,9.25,9.45,8.8,9.15,64529,852.0,75.74,40687.0
2020-09-25,9.25,9.8,9.25,9.65,175498,2100.0,83.57,68963.0
2020-09-28,9.7,10.2,9.7,9.85,191529,1927.0,99.39,36859.0
2020-09-29,9.85,10.2,9.8,9.95,91771,1076.0,85.29,35846.0
2020-09-30,10.1,10.1,9.7,9.75,27668,388.0,71.31,9763.0
2020-10-01,10.2,10.45,9.8,10.0,121730,1171.0,103.95,57379.0
2020-10-05,10.0,10.4,10.0,10.2,95822,1029.0,93.12,46481.0
2020-10-06,10.05,10.25,9.8,10.05,63116,608.0,103.81,42183.0
2020-10-07,10.2,10.2,9.9,9.95,80067,736.0,108.79,43818.0
2020-10-08,10.05,10.6,9.95,10.4,199313,1842.0,108.2,73097.0
2020-10-09,10.55,10.65,10.0,10.1,137777,1646.0,83.7,49859.0
2020-10-12,10.2,10.5,9.5,9.75,251378,2463.0,102.06,41678.0
2020-10-13,9.85,10.1,9.75,9.85,45085,561.0,80.37,20863.0
2020-10-14,9.7,10.2,9.7,10.0,93937,1045.0,89.89,29283.0
2020-10-15,10.1,10.3,9.75,9.8,88406,920.0,96.09,28895.0
2020-10-16,9.8,10.2,9.8,10.05,146181,1526.0,95.79,45039.0
2020-10-19,10.75,10.75,10.05,10.1,96848,993.0,97.53,38574.0
2020-10-20,10.25,10.25,9.9,10.0,72105,629.0,114.63,33928.0
2020-10-21,10.2,10.35,9.45,10.0,92622,894.0,103.6,31708.0
2020-10-22,10.1,10.2,9.9,10.0,41695,465.0,89.67,23824.0
2020-10-23,10.0,10.2,9.9,10.0,34447,400.0,86.12,13976.0
2020-10-26,10.0,10.2,9.9,10.05,58401,571.0,102.28,25844.0
2020-10-27,9.9,10.2,9.9,9.95,35387,437.0,80.98,10570.0
2020-10-28,9.95,10.1,9.55,9.9,107607,846.0,127.2,63660.0
2020-10-29,9.9,10.0,9.55,9.65,129469,892.0,145.14,64358.0
2020-10-30,9.65,9.95,9.5,9.55,154037,1251.0,123.13,83128.0
2020-11-02,9.6,9.75,9.15,9.3,160928,1065.0,151.11,75042.0
2020-11-03,9.45,9.9,8.9,9.05,181369,1887.0,96.11,79359.0
2020-11-04,9.2,9.3,8.65,8.9,188392,1416.0,133.05,87896.0
2020-11-05,9.15,9.3,9.0,9.2,64588,650.0,99.37,38853.0
2020-11-06,9.2,9.55,9.2,9.4,48094,581.0,82.78,28100.0
2020-11-09,9.6,9.6,8.9,9.1,184039,1624.0,113.32,113923.0
2020-11-10,9.25,9.25,8.9,9.15,59331,788.0,75.29,33888.0
2020-11-11,9.15,9.6,8.95,9.05,70908,660.0,107.44,38002.0
2020-11-12,9.05,9.35,8.95,9.3,123031,1097.0,112.15,57005.0
2020-11-13,9.45,9.75,9.2,9.6,177918,1520.0,117.05,74982.0
2020-11-14,9.6,10.5,9.55,10.05,146936,988.0,148.72,104349.0
2020-11-17,10.1,10.85,9.75,10.7,358447,2573.0,139.31,222491.0
2020-11-18,11.0,11.2,10.55,10.9,224758,1951.0,115.2,85885.0
2020-11-19,10.7,13.0,10.55,12.0,1002329,7979.0,125.62,517661.0
2020-11-20,12.05,14.4,12.0,14.4,1680825,10455.0,160.77,634234.0
2020-11-23,15.5,15.85,14.8,15.3,1752897,9565.0,183.26,789146.0
2020-11-24,14.75,14.75,13.75,13.75,767690,5517.0,139.15,422024.0
2020-11-25,13.35,13.75,12.45,12.6,344004,3801.0,90.5,209764.0
2020-11-26,12.5,13.25,11.5,13.1,402885,2816.0,143.07,146155.0
2020-11-27,13.25,13.4,12.55,12.65,215293,1939.0,111.03,144556.0
2020-12-01,12.85,13.9,12.65,13.75,630897,3664.0,172.19,408283.0
2020-12-02,13.8,13.95,12.9,13.1,248861,2298.0,108.29,165272.0
2020-12-03,13.1,13.45,12.9,13.05,174439,1583.0,110.2,103689.0
2020-12-04,13.15,13.25,12.8,12.9,148514,1187.0,125.12,89798.0
2020-12-07,13.15,13.15,12.7,12.8,166325,1535.0,108.36,101541.0
2020-12-08,13.0,13.0,12.45,12.5,222562,1765.0,126.1,155427.0
2020-12-09,12.75,12.95,12.45,12.8,366283,2210.0,165.74,192756.0
2020-12-10,12.7,12.8,12.45,12.7,150574,996.0,151.18,94700.0
2020-12-11,12.8,14.0,12.55,13.9,815156,4844.0,168.28,440636.0
2020-12-14,14.5,14.95,14.05,14.55,523487,3833.0,136.57,289626.0
2020-12-15,14.45,14.9,13.8,14.8,340636,2967.0,114.81,183885.0
2020-12-16,15.0,16.25,14.7,16.25,774425,5053.0,153.26,408830.0
2020-12-17,16.6,17.05,15.45,15.5,681749,4548.0,149.9,394348.0
2020-12-18,15.5,16.0,14.9,15.8,214834,1664.0,129.11,128383.0
2020-12-21,15.4,16.25,15.0,15.0,116990,1073.0,109.03,89422.0
2020-12-22,15.0,15.0,14.3,14.35,235269,1481.0,158.86,163090.0
2020-12-23,14.1,14.75,13.9,14.65,283140,1284.0,220.51,215518.0
2020-12-24,14.8,15.25,14.5,14.9,196552,1048.0,187.55,152817.0
2020-12-28,15.1,15.25,14.75,14.9,82679,869.0,95.14,57696.0
2020-12-29,15.05,15.05,14.4,14.85,107015,1139.0,93.96,66621.0
2020-12-30,15.0,15.0,14.4,14.65,101074,1023.0,98.8,74380.0
2020-12-31,14.65,15.35,14.2,15.35,148815,1198.0,124.22,110803.0
2021-01-01,15.7,16.1,15.45,16.05,318494,1935.0,164.6,206017.0
2021-01-04,15.5,16.7,15.5,16.5,275096,2217.0,124.08,148478.0
2021-01-05,16.45,17.1,16.0,16.9,318097,2024.0,157.16,152551.0
2021-01-06,17.0,17.15,16.05,16.25,346399,3062.0,113.13,181814.0
2021-01-07,16.6,17.0,16.3,16.6,210394,1575.0,133.58,130647.0
2021-01-08,17.0,17.0,16.25,16.65,132333,1502.0,88.1,86961.0
2021-01-11,16.35,17.45,16.15,17.0,286330,1913.0,149.68,179080.0
2021-01-12,17.5,17.85,16.9,17.75,380860,2241.0,169.95,282606.0
2021-01-13,17.9,18.0,16.85,16.95,431610,3184.0,135.56,240926.0
2021-01-14,17.05,17.7,16.55,17.5,248570,1676.0,148.31,189039.0
2021-01-15,17.15,17.5,17.0,17.1,81640,885.0,92.25,56155.0
2021-01-18,17.1,17.1,16.45,16.7,114666,1017.0,112.75,57655.0
2021-01-19,16.85,17.2,16.5,16.9,120114,1321.0,90.93,66900.0
2021-01-20,17.0,17.25,16.6,16.75,98373,837.0,117.53,58972.0
2021-01-21,17.1,17.1,16.4,16.55,93588,867.0,107.94,64595.0
2021-01-22,16.75,16.75,15.9,16.05,103818,1026.0,101.19,54995.0
2021-01-25,16.1,16.3,15.4,15.85,126379,1111.0,113.75,88657.0
2021-01-27,15.45,16.35,15.45,15.95,146568,2442.0,60.02,65289.0
2021-01-28,15.65,16.55,15.65,16.25,91617,937.0,97.78,54424.0
2021-01-29,15.9,16.7,15.9,16.4,66272,651.0,101.8,46031.0
2021-02-01,16.0,16.95,15.95,16.5,105732,1116.0,94.74,67993.0
2021-02-02,16.8,16.9,16.4,16.55,121752,1374.0,88.61,67648.0
2021-02-03,16.5,16.65,15.8,16.4,147567,1311.0,112.56,90412.0
2021-02-04,16.5,16.8,16.15,16.45,152566,1658.0,92.02,63533.0
2021-02-05,16.5,17.1,16.2,16.6,255614,3079.0,83.02,79866.0
2021-02-08,16.6,16.9,16.35,16.6,233217,2572.0,90.68,68159.0
2021-02-09,16.9,16.95,16.4,16.65,240201,2683.0,89.53,49672.0
2021-02-10,16.85,17.05,16.45,16.7,165258,1981.0,83.42,77011.0
2021-02-11,16.9,18.4,16.7,18.3,472272,3138.0,150.5,314572.0
2021-02-12,18.45,18.45,17.5,18.05,305086,2459.0,124.07,164519.0
2021-02-15,17.0,18.75,17.0,18.2,327608,2809.0,116.63,185671.0
2021-02-16,18.55,18.55,16.9,17.1,317996,3209.0,99.1,137761.0
2021-02-17,17.3,17.75,17.0,17.2,184854,1409.0,131.2,104024.0
2021-02-18,17.25,17.7,17.0,17.15,172617,1694.0,101.9,80018.0
2021-02-19,17.5,17.6,15.45,16.45,202615,1419.0,142.79,137997.0
2021-02-22,16.7,16.95,16.25,16.55,130810,1484.0,88.15,94595.0
2021-02-23,16.5,17.3,16.5,16.9,135594,1515.0,89.5,59065.0
2021-02-24,16.5,17.1,15.5,16.75,96321,1207.0,79.8,35724.0
2021-02-25,16.95,18.45,16.75,17.55,426490,2825.0,150.97,169180.0
2021-02-26,17.3,17.65,16.9,17.1,296746,3358.0,88.37,119054.0
2021-03-01,17.25,17.6,17.15,17.25,109854,1178.0,93.25,57787.0
2021-03-02,17.5,17.9,17.25,17.7,175048,2224.0,78.71,85530.0
2021-03-03,17.7,18.7,17.55,18.2,185528,2567.0,72.27,84114.0
2021-03-04,17.95,18.35,17.8,17.95,167517,2401.0,69.77,65472.0
2021-03-05,17.75,18.3,16.75,16.95,199646,2141.0,93.25,127337.0
2021-03-08,17.05,18.1,16.85,17.25,188114,1702.0,110.53,110905.0
2021-03-09,17.6,18.0,17.05,17.4,222490,2986.0,74.51,88228.0
2021-03-10,17.7,17.9,17.0,17.05,202636,3060.0,66.22,93281.0
2021-03-12,17.4,17.65,16.95,17.5,117009,1372.0,85.28,84321.0
2021-03-15,17.95,17.95,16.9,17.0,83126,989.0,84.05,58992.0
2021-03-16,17.35,17.35,16.9,17.0,46053,569.0,80.94,33212.0
2021-03-17,17.25,17.25,16.75,16.95,143408,652.0,219.95,127669.0
2021-03-18,17.0,17.4,16.75,17.1,104458,1137.0,91.87,73771.0
2021-03-19,17.1,17.25,16.6,16.8,105394,2119.0,49.74,55060.0
2021-03-22,16.65,18.15,16.65,17.4,267079,2657.0,100.52,150529.0
2021-03-23,17.6,19.15,17.45,19.15,495416,3030.0,163.5,335060.0
2021-03-24,19.25,20.7,19.05,19.55,747478,7092.0,105.4,337944.0
2021-03-25,19.75,19.75,17.8,18.2,512356,9041.0,56.67,233901.0
2021-03-26,18.25,18.8,18.05,18.5,868610,1761.0,493.25,792822.0
2021-03-30,18.9,19.25,17.9,18.1,99542,1901.0,52.36,55233.0
2021-03-31,18.5,18.5,17.05,17.45,213127,2667.0,79.91,93427.0
2021-04-01,17.7,18.5,17.55,18.0,152206,1672.0,91.03,79675.0
2021-04-05,18.0,18.0,17.05,17.3,197129,2338.0,84.32,72347.0
2021-04-06,17.55,18.35,17.25,17.75,252082,2777.0,90.77,68480.0
2021-04-07,18.0,18.25,17.4,17.85,119851,1157.0,103.59,65166.0
2021-04-08,18.2,18.4,17.0,17.65,208945,2914.0,71.7,62653.0
2021-04-09,17.65,17.9,17.4,17.55,58691,1092.0,53.75,30671.0
2021-04-12,17.5,17.5,15.85,16.0,241302,2895.0,83.35,146809.0
2021-04-13,15.75,17.0,15.75,16.8,115534,1813.0,63.73,59585.0
2021-04-15,16.75,17.45,16.25,16.95,97230,1427.0,68.14,45954.0
2021-04-16,17.2,17.7,17.0,17.3,84201,1301.0,64.72,35495.0
2021-04-19,17.2,17.35,16.5,16.7,98193,1336.0,73.5,56218.0
2021-04-20,17.85,20.0,16.95,17.75,2463789,17795.0,138.45,707458.0
2021-04-22,18.1,21.3,17.75,21.3,2531435,20628.0,122.72,964021.0
2021-04-23,23.0,24.2,21.5,21.9,4225085,48477.0,87.16,1434422.0
2021-04-26,22.2,23.0,20.8,21.05,1588631,16359.0,97.11,510126.0
2021-04-27,20.75,21.25,19.65,20.1,802272,10910.0,73.54,310496.0
2021-04-28,20.2,20.5,19.15,19.4,1100092,8878.0,123.91,735617.0
2021-04-29,19.8,20.3,18.8,19.1,402545,7420.0,54.25,178159.0
2021-04-30,19.1,19.75,18.9,19.3,296262,3776.0,78.46,142313.0
2021-05-03,19.3,20.0,19.3,19.45,265580,3489.0,76.12,135034.0
2021-05-04,19.7,19.95,19.0,19.05,172231,2544.0,67.7,96672.0
2021-05-05,19.35,19.35,19.0,19.1,111739,2049.0,54.53,67584.0
2021-05-06,19.2,19.2,18.4,18.7,155801,2534.0,61.48,100225.0
2021-05-07,18.8,19.0,18.0,18.1,152442,2595.0,58.74,100966.0
2021-05-10,18.25,19.9,18.2,19.2,361981,5352.0,67.63,149945.0
2021-05-11,19.2,19.9,19.05,19.2,205229,3190.0,64.34,118194.0
2021-05-12,19.4,19.5,18.6,18.8,218385,2591.0,84.29,167034.0
2021-05-14,18.9,19.25,18.25,18.9,117897,1989.0,59.27,55976.0
2021-05-17,19.0,19.2,18.7,19.1,118763,1402.0,84.71,80184.0
2021-05-18,19.25,19.75,18.8,19.35,145646,2126.0,68.51,68884.0
2021-05-19,19.3,19.5,18.85,19.1,82775,1886.0,43.89,45479.0
2021-05-20,19.25,19.45,18.9,18.95,82300,1316.0,62.54,46727.0
2021-05-21,19.2,19.5,18.65,18.75,88540,1650.0,53.66,61343.0
2021-05-24,19.0,19.1,18.4,18.95,80127,1537.0,52.13,45893.0
2021-05-25,19.2,19.2,18.5,18.55,105959,1728.0,61.32,58872.0
2021-05-26,18.55,18.95,18.55,18.7,69815,1276.0,54.71,38786.0
2021-05-27,18.6,18.9,18.4,18.6,80004,1360.0,58.83,45416.0
2021-05-28,18.7,18.75,18.35,18.4,63892,1174.0,54.42,34895.0
2021-05-31,18.5,18.6,18.3,18.3,59208,1323.0,44.75,39190.0
2021-06-01,18.5,19.75,18.25,19.35,720038,5395.0,133.46,472206.0
2021-06-02,19.45,19.9,19.05,19.2,279021,3573.0,78.09,160732.0
2021-06-03,19.25,22.25,18.95,21.8,1982229,16060.0,123.43,983430.0
2021-06-04,21.8,21.8,20.6,20.8,555338,6726.0,82.57,316848.0
2021-06-07,21.2,23.4,20.95,22.15,1264453,11631.0,108.71,803793.0
2021-06-08,22.3,22.75,21.3,22.2,511928,7682.0,66.64,294095.0
2021-06-09,22.45,23.5,21.75,22.35,665244,7769.0,85.63,403161.0
2021-06-10,22.5,23.9,22.4,23.55,689780,6051.0,113.99,446258.0
2021-06-11,23.75,24.15,22.7,22.9,635630,6671.0,95.28,400859.0
2021-06-14,23.2,23.2,21.3,22.2,276017,4097.0,67.37,156929.0
2021-06-15,22.4,23.0,21.4,21.75,470319,4826.0,97.46,329626.0
2021-06-16,21.95,22.3,21.1,21.3,411369,3707.0,110.97,288548.0
2021-06-17,21.5,21.6,20.6,20.9,261485,3097.0,84.43,184563.0
2021-06-18,21.1,21.15,20.5,20.75,122969,2158.0,56.98,69475.0
2021-06-21,20.1,21.55,20.1,21.45,148233,3029.0,48.94,80203.0
2021-06-22,21.75,22.15,21.05,21.35,140186,2697.0,51.98,79758.0
2021-06-23,21.4,22.25,21.35,21.85,143426,2391.0,59.99,97246.0
2021-06-24,22.1,22.1,21.1,21.2,120690,1764.0,68.42,62186.0
2021-06-25,21.2,22.25,20.9,21.65,132880,2520.0,52.73,75037.0
2021-06-28,21.25,21.25,20.25,20.5,607150,5385.0,112.75,451502.0
2021-06-29,20.85,21.25,20.4,20.55,154124,2801.0,55.02,95545.0
2021-06-30,20.75,21.05,20.55,20.6,94385,2277.0,41.45,55747.0
2021-07-01,20.65,21.1,20.45,20.7,92063,2069.0,44.5,51624.0
2021-07-02,20.95,21.1,20.5,20.5,72227,1367.0,52.84,50310.0
2021-07-05,20.75,21.5,20.55,21.1,258142,3323.0,77.68,143045.0
2021-07-06,21.75,22.05,21.1,21.4,159180,3099.0,51.36,85053.0
2021-07-07,21.45,24.0,21.25,22.4,2095263,20752.0,100.97,631428.0
2021-07-08,22.5,23.5,22.0,22.65,382274,6725.0,56.84,206475.0
2021-07-09,23.25,23.55,22.75,23.15,248550,3594.0,69.16,145154.0
2021-07-12,23.5,23.5,22.4,22.7,232697,3095.0,75.18,155706.0
2021-07-13,22.95,23.7,22.35,22.5,625631,5382.0,116.25,259910.0
2021-07-14,22.75,26.2,22.6,24.7,2316897,23001.0,100.73,841145.0
2021-07-15,24.9,29.25,24.9,27.05,3560552,39174.0,90.89,1211877.0
2021-07-16,26.7,27.6,26.15,26.6,613786,10433.0,58.83,268486.0
2021-07-19,26.4,28.5,25.65,27.9,738429,9443.0,78.2,362519.0
2021-07-20,28.25,28.65,26.6,27.0,496912,6837.0,72.68,253429.0
2021-07-22,27.7,28.5,26.8,27.15,584494,5711.0,102.35,359269.0
2021-07-23,27.4,28.3,25.75,26.1,311855,4420.0,70.56,171982.0
2021-07-26,25.45,29.6,25.45,27.7,1177772,14026.0,83.97,617180.0
2021-07-27,28.0,31.2,28.0,30.3,1839694,22076.0,83.33,726458.0
2021-07-28,30.35,33.0,29.1,32.3,1739004,17783.0,97.79,777884.0
2021-07-29,32.5,35.65,32.0,33.9,3050347,22778.0,133.92,1586025.0
2021-07-30,33.7,35.6,33.1,35.2,1322019,13360.0,98.95,698313.0
2021-08-02,35.55,35.6,33.85,34.1,658485,7761.0,84.85,373596.0
2021-08-03,34.2,34.25,30.9,31.6,1031459,11013.0,93.66,679383.0
2021-08-04,31.85,33.0,29.65,31.1,1022434,10815.0,94.54,431693.0
2021-08-05,31.0,32.2,29.45,30.95,452323,6869.0,65.85,180072.0
2021-08-06,31.25,33.0,31.0,32.7,574022,7093.0,80.93,294277.0
2021-08-09,33.0,33.9,32.0,33.5,456853,6966.0,65.58,211051.0
2021-08-10,33.5,33.55,30.5,32.0,314238,4962.0,63.33,179886.0
2021-08-11,31.6,32.15,29.1,31.4,621034,7889.0,78.72,283756.0
2021-08-12,31.0,32.3,31.0,31.8,300401,4091.0,73.43,176319.0
2021-08-13,31.75,33.1,31.4,31.9,356228,5373.0,66.3,227646.0
2021-08-16,31.85,33.1,31.3,32.1,431721,3908.0,110.47,333323.0
2021-08-17,32.5,32.5,30.75,31.0,116492,3857.0,30.2,65152.0
2021-08-18,31.0,31.75,29.75,30.95,218880,3825.0,57.22,128920.0
2021-08-20,30.75,31.2,29.3,29.7,260162,4050.0,64.24,152822.0
2021-08-23,29.9,31.0,28.2,28.95,999781,9496.0,105.28,581863.0
2021-08-24,28.65,29.15,27.8,28.35,213538,4380.0,48.75,110767.0
2021-08-25,28.5,29.9,28.0,28.35,219040,4890.0,44.79,105148.0
2021-08-26,28.35,29.0,25.75,26.05,963409,14912.0,64.61,489190.0
2021-08-27,26.5,28.0,25.9,26.5,786727,12443.0,63.23,389847.0
2021-08-30,26.5,27.9,26.4,26.75,1873180,12005.0,156.03,943804.0
2021-08-31,27.5,27.55,26.5,26.7,646956,9844.0,65.72,223227.0
2021-09-01,27.5,27.5,26.25,26.45,222474,4989.0,44.59,70285.0
2021-09-02,26.7,27.25,26.35,26.95,248458,4014.0,61.9,125806.0
2021-09-03,27.1,29.2,26.95,28.05,514362,10091.0,50.97,193103.0
2021-09-06,28.25,29.5,26.6,27.15,986289,11740.0,84.01,574220.0
2021-09-07,27.35,27.4,26.55,26.7,199202,3856.0,51.66,89130.0
2021-09-08,26.95,27.05,25.8,26.2,630022,11614.0,54.25,375050.0
2021-09-09,26.6,27.4,25.9,25.9,1866965,17731.0,105.29,995428.0
2021-09-13,26.2,26.3,25.2,25.3,1125383,15910.0,70.73,540973.0
2021-09-14,25.45,26.2,25.05,25.8,1126066,9369.0,120.19,541024.0
2021-09-15,26.0,27.1,25.65,25.9,2648714,9973.0,265.59,2060473.0
2021-09-16,26.1,26.75,25.75,26.2,604477,6213.0,97.29,362067.0
2021-09-17,26.5,26.75,25.25,25.7,2726751,24468.0,111.44,1451985.0
2021-09-20,25.5,26.1,25.25,25.25,512896,5633.0,91.05,224999.0
2021-09-21,25.3,25.95,25.05,25.7,742355,5958.0,124.6,407005.0
2021-09-22,25.75,26.3,25.6,26.0,1397956,7989.0,174.99,395845.0
2021-09-23,26.25,26.4,25.5,25.6,720886,5052.0,142.69,388190.0
2021-09-24,26.0,26.15,25.5,25.6,1658214,4708.0,352.21,1113170.0
2021-09-27,26.05,26.2,25.4,25.5,626268,5001.0,125.23,285300.0
2021-09-28,25.85,26.05,24.65,24.75,2419460,15480.0,156.3,1336669.0
2021-09-29,24.9,25.55,24.55,24.75,3161425,12598.0,250.95,1974303.0
2021-09-30,25.2,25.2,24.45,24.5,1529397,5818.0,262.87,977829.0
2021-10-01,24.5,25.4,24.4,24.8,760636,5109.0,148.88,380679.0
2021-10-04,25.4,25.4,24.5,24.85,731088,4779.0,152.98,407884.0
2021-10-05,24.7,25.2,24.65,24.8,529400,4345.0,121.84,259582.0
2021-10-06,24.9,25.05,24.55,24.7,635743,4286.0,148.33,318485.0
2021-10-07,25.0,25.1,24.7,24.9,503137,4226.0,119.06,239281.0
2021-10-08,25.05,25.35,24.7,25.05,508908,5958.0,85.42,239014.0
2021-10-11,25.5,29.1,25.15,28.7,7319998,47991.0,152.53,3419674.0
2021-10-12,28.8,32.85,28.6,31.25,5436630,52505.0,103.54,1717758.0
2021-10-13,32.2,33.2,30.0,31.9,3747421,36049.0,103.95,1541224.0
2021-10-14,32.55,33.7,31.5,32.25,2410544,18879.0,127.68,1310150.0
2021-10-18,33.6,33.6,31.75,32.05,1257310,11662.0,107.81,848854.0
2021-10-19,32.45,32.6,28.25,29.05,959505,12012.0,79.88,658967.0
2021-10-20,29.0,31.2,27.5,28.1,697766,8045.0,86.73,399697.0
2021-10-21,28.9,29.25,26.75,28.4,576859,7067.0,81.63,345166.0
2021-10-22,28.7,29.95,28.0,28.4,773189,7791.0,99.24,373207.0
2021-10-25,28.4,30.0,27.3,29.05,1087381,12469.0,87.21,563192.0
2021-10-26,29.2,29.65,28.9,29.15,290036,4768.0,60.83,128274.0
2021-10-27,29.25,29.65,29.0,29.15,270982,3411.0,79.44,119021.0
2021-10-28,29.25,29.35,27.75,28.05,202896,4386.0,46.26,82916.0
2021-10-29,27.75,31.2,27.75,29.7,1293648,19619.0,65.94,551424.0
2021-11-01,29.9,31.6,29.7,31.25,664457,9436.0,70.42,333893.0
2021-11-02,31.1,32.9,30.65,32.6,1510073,16687.0,90.49,813232.0
2021-11-03,32.6,33.5,32.25,32.9,1147374,12448.0,92.17,708527.0
2021-11-04,33.2,33.75,32.85,33.45,417014,12448.0,33.5,708527.0
2021-11-08,33.75,34.95,33.65,34.65,1537557,19387.0,79.31,823214.0
2021-11-09,35.0,35.5,33.55,33.9,660778,11457.0,57.67,298222.0
2021-11-10,33.85,35.75,33.6,35.4,1489407,16686.0,89.26,773063.0
2021-11-11,35.0,35.65,33.6,33.75,829137,11056.0,74.99,404677.0
2021-11-12,34.0,34.3,32.25,32.65,622344,9036.0,68.87,280637.0
2021-11-15,32.65,33.05,31.05,31.95,490652,7623.0,64.36,201419.0
2021-11-16,31.4,33.75,31.15,33.45,834536,16321.0,51.13,430492.0
2021-11-17,33.35,33.35,31.75,31.9,410119,9278.0,44.2,207667.0
2021-11-18,32.0,32.4,30.5,30.95,483974,8152.0,59.37,209813.0
2021-11-22,31.05,31.5,29.8,31.0,475975,8699.0,54.72,240067.0
2021-11-23,30.6,32.55,30.5,32.1,397811,8767.0,45.38,236320.0
2021-11-24,32.3,32.6,31.35,31.9,261086,6818.0,38.29,134332.0
2021-11-25,32.0,32.5,31.55,32.1,294764,5566.0,52.96,175792.0
2021-11-26,31.45,32.1,30.4,31.15,342065,8219.0,41.62,178664.0
2021-11-29,30.6,31.1,29.1,29.35,415820,7574.0,54.9,238801.0
2021-11-30,29.6,31.35,29.55,29.95,692233,13979.0,49.52,320701.0
2021-12-01,30.25,30.85,30.1,30.3,203297,4664.0,43.59,97209.0
2021-12-02,30.55,33.75,30.2,33.3,1409110,19400.0,72.63,725274.0
2021-12-03,33.4,37.1,33.35,36.4,6090552,46068.0,132.21,2992825.0
2021-12-06,37.5,38.6,33.95,34.5,5165513,53362.0,96.8,1882477.0
2021-12-07,34.6,35.2,33.2,33.4,1315920,17091.0,76.99,458769.0
2021-12-08,33.65,34.65,32.5,33.4,1644243,17824.0,92.25,577120.0
2021-12-09,33.6,33.6,32.55,32.9,673127,6658.0,101.1,331463.0
2021-12-10,32.9,34.45,32.0,34.15,1016428,10315.0,98.54,380648.0
2021-12-13,34.5,34.6,33.25,33.6,791568,7589.0,104.3,417668.0
2021-12-14,33.5,33.7,33.05,33.25,877056,3953.0,221.87,630378.0
2021-12-15,33.25,34.0,31.5,32.05,828386,7362.0,112.52,510495.0
2021-12-16,32.25,33.25,31.9,32.8,924576,9264.0,99.8,305114.0
2021-12-17,32.7,33.5,31.4,31.9,810314,8635.0,93.84,292866.0
2021-12-20,31.5,31.5,29.35,29.9,805802,10494.0,76.79,312036.0
2021-12-21,30.0,30.75,28.75,29.0,1109035,8645.0,128.29,424971.0
2021-12-22,29.45,29.65,28.4,28.5,834694,7812.0,106.85,408837.0
2021-12-23,29.0,29.4,28.8,28.9,567381,5846.0,97.05,240175.0
2021-12-24,29.45,29.45,28.95,29.25,652173,4350.0,149.92,293394.0
2021-12-27,29.25,30.2,28.8,30.0,591501,7087.0,83.46,181004.0
2021-12-28,30.35,30.95,30.25,30.6,638039,7147.0,89.27,280143.0
2021-12-29,30.5,30.75,28.95,29.25,1649130,8900.0,185.3,822404.0
2021-12-30,29.5,30.2,28.9,29.4,1521136,7389.0,205.86,682944.0
2021-12-31,29.45,30.0,28.8,28.9,824696,4599.0,179.32,441860.0
2022-01-03,29.05,29.4,28.7,28.9,923723,5054.0,182.77,443102.0
2022-01-04,29.05,29.7,28.55,29.0,1741514,8326.0,209.17,951986.0
2022-01-05,29.05,29.4,28.45,28.5,948790,7534.0,125.93,539952.0
2022-01-06,28.5,29.0,28.2,28.75,536418,4789.0,112.01,275510.0
2022-01-07,29.0,30.0,28.7,29.5,1059907,7164.0,147.95,665394.0
2022-01-10,29.65,32.4,29.65,31.95,1716088,19279.0,89.01,786602.0
2022-01-11,32.25,33.5,31.65,32.95,1526068,16201.0,94.2,562530.0
2022-01-12,33.2,33.3,30.8,31.1,1037525,11904.0,87.16,558143.0
2022-01-13,31.5,31.75,31.0,31.65,374962,4675.0,80.21,121296.0
2022-01-14,31.6,32.8,31.1,32.2,471248,6434.0,73.24,193337.0
2022-01-17,32.25,32.8,31.5,31.6,902963,6079.0,148.54,461092.0
2022-01-18,31.5,32.75,30.75,31.1,1028947,15647.0,65.76,279360.0
2022-01-19,31.05,32.1,30.6,31.65,662400,6371.0,103.97,322938.0
2022-01-20,31.8,33.5,31.75,33.0,1254366,10201.0,122.97,662880.0
2022-01-21,32.9,33.75,31.4,32.1,1197068,11219.0,106.7,528716.0
2022-01-24,31.25,31.9,28.25,29.2,959593,9790.0,98.02,460285.0
2022-01-25,29.0,30.55,28.3,30.1,484729,7309.0,66.32,179081.0
2022-01-27,29.3,30.25,29.25,29.95,378607,4707.0,80.43,145821.0
2022-01-28,29.85,31.2,29.85,30.3,377692,5269.0,71.68,161025.0
2022-01-31,31.25,31.45,30.45,30.95,437759,6090.0,71.88,204309.0
2022-02-01,31.25,32.1,31.0,31.65,464405,4951.0,93.8,233413.0
2022-02-02,31.9,32.5,31.75,32.15,649684,5138.0,126.45,386062.0
2022-02-03,32.5,32.6,31.5,31.75,318512,3966.0,80.31,173016.0
2022-02-04,31.75,32.6,31.55,32.2,740047,5562.0,133.05,423363.0
2022-02-07,32.3,34.4,32.3,33.9,1920800,13421.0,143.12,928141.0
2022-02-08,34.5,34.85,32.2,32.5,1374077,18226.0,75.39,558918.0
2022-02-09,32.65,33.7,32.25,33.45,410565,6795.0,60.42,179507.0
2022-02-10,33.0,33.75,32.5,33.7,692966,5006.0,138.43,355632.0
2022-02-11,33.45,33.45,31.65,32.1,692131,7016.0,98.65,475861.0
2022-02-14,31.5,31.6,28.75,29.4,733997,10860.0,67.59,329274.0
2022-02-15,29.4,32.1,29.4,31.5,925750,10951.0,84.54,343886.0
2022-02-16,31.6,31.95,30.25,30.55,270300,4649.0,58.14,104483.0
2022-02-17,30.75,31.1,29.8,30.1,203505,3446.0,59.06,97014.0
2022-02-18,30.5,30.5,29.75,29.95,146136,2559.0,57.11,65962.0
2022-02-21,30.0,30.1,28.8,29.55,319456,5038.0,63.41,124487.0
2022-02-22,28.4,29.9,28.0,28.5,547185,7927.0,69.03,309135.0
2022-02-23,29.0,29.65,28.0,28.3,287566,5209.0,55.21,136692.0
2022-02-24,27.5,28.0,24.6,25.45,1069977,12399.0,86.3,487981.0
2022-02-25,26.75,28.4,26.75,27.85,646719,9723.0,66.51,262999.0
2022-02-28,27.25,28.2,26.85,27.8,540073,5872.0,91.97,314399.0
2022-03-02,27.65,28.25,26.6,27.45,299613,4437.0,67.53,133700.0
2022-03-03,27.6,28.5,26.7,27.05,298993,5518.0,54.19,138278.0
2022-03-04,26.75,28.25,26.5,27.1,290214,5104.0,56.86,91589.0
2022-03-07,26.75,27.0,25.8,26.15,371061,3648.0,101.72,252255.0
2022-03-08,26.0,27.1,25.0,25.4,436321,5828.0,74.87,258937.0
2022-03-09,25.9,27.8,25.75,26.8,729035,8211.0,88.79,329181.0
2022-03-10,27.2,28.25,26.85,27.3,643114,7371.0,87.25,260729.0
2022-03-11,27.4,27.4,26.6,26.75,471177,3789.0,124.35,344625.0
2022-03-14,26.3,27.1,25.5,25.85,698302,8336.0,83.77,341479.0
2022-03-15,26.0,27.4,26.0,26.95,636692,7560.0,84.22,356493.0
2022-03-16,27.15,27.45,26.4,27.25,313438,4770.0,65.71,177000.0
2022-03-17,27.45,28.0,27.0,27.3,326609,5491.0,59.48,170575.0
2022-03-21,27.45,28.0,27.1,27.45,495645,8388.0,59.09,195849.0
2022-03-22,27.4,27.9,27.0,27.8,467709,5251.0,89.07,286402.0
2022-03-23,27.8,29.0,27.65,28.7,765740,9047.0,84.64,340452.0
2022-03-24,28.25,29.6,28.0,28.4,877100,11816.0,74.23,531064.0
2022-03-25,28.1,28.65,27.9,28.35,424126,6559.0,64.66,217672.0
2022-03-28,27.9,29.2,27.9,28.05,357853,4886.0,73.24,185144.0
2022-03-29,28.1,28.7,27.8,28.25,465216,6876.0,67.66,228733.0
2022-03-30,28.4,28.8,27.6,28.3,736392,6412.0,114.85,517649.0
2022-03-31,28.1,28.5,27.0,27.7,569035,4234.0,134.4,439359.0
2022-04-01,27.75,28.5,27.05,28.35,358802,5890.0,60.92,167237.0
2022-04-04,29.0,29.1,28.0,28.15,631601,8212.0,76.91,290108.0
2022-04-05,28.5,28.65,28.1,28.4,838845,7920.0,105.91,585517.0
2022-04-06,28.4,28.85,28.25,28.45,493376,7991.0,61.74,279180.0
2022-04-07,28.55,28.75,27.7,27.85,387454,6977.0,55.53,171793.0
2022-04-08,28.4,28.4,27.0,27.2,743869,10778.0,69.02,362536.0
2022-04-11,27.2,27.85,27.1,27.35,316723,7469.0,42.41,147035.0
2022-04-12,27.2,29.55,26.4,29.0,1487226,13276.0,112.02,777387.0
2022-04-13,29.6,30.45,28.85,29.35,1910392,29443.0,64.88,938631.0
2022-04-18,29.2,31.6,29.1,30.8,3246740,30118.0,107.8,1625925.0
2022-04-19,31.45,31.45,28.85,29.75,1477014,14371.0,102.78,672309.0
2022-04-20,30.25,31.3,27.65,28.6,3039897,33265.0,91.38,1006905.0
2022-04-21,29.35,29.6,28.3,28.7,921068,9063.0,101.63,420177.0
2022-04-22,28.3,29.4,28.05,28.3,774769,9921.0,78.09,372998.0
2022-04-25,27.6,28.4,27.6,28.0,583052,7625.0,76.47,329309.0
2022-04-26,28.75,28.75,27.5,27.65,664561,7339.0,90.55,354375.0
2022-04-27,27.45,28.25,27.0,27.65,388770,5800.0,67.03,188139.0
2022-04-28,28.45,28.45,27.05,27.15,440381,5908.0,74.54,264058.0
2022-04-29,27.4,27.4,26.75,27.1,408852,4859.0,84.14,196157.0
2022-05-02,26.9,27.3,24.85,25.0,1220689,12380.0,98.6,692769.0
2022-05-04,25.25,26.15,25.25,25.85,803981,10972.0,73.28,219856.0
2022-05-05,26.0,26.4,25.65,26.05,510485,8568.0,59.58,120755.0
2022-05-06,25.2,25.65,23.75,24.0,731264,10048.0,72.78,323995.0
2022-05-09,23.3,24.0,23.25,23.45,1098793,13406.0,81.96,402891.0
2022-05-10,23.55,24.4,23.55,24.2,565396,7907.0,71.51,196388.0
2022-05-11,24.2,24.45,21.55,22.15,659588,11866.0,55.59,231946.0
2022-05-12,22.0,23.15,21.25,22.75,873847,11122.0,78.57,252912.0
2022-05-13,23.1,23.95,22.65,23.6,433121,8368.0,51.76,110573.0
2022-05-16,23.6,23.8,22.5,22.55,312808,5515.0,56.72,160862.0
2022-05-17,22.65,23.1,22.5,23.0,397257,13496.0,29.44,169476.0
2022-05-18,23.15,24.6,23.1,24.05,835470,9931.0,84.13,303926.0
2022-05-19,23.65,23.65,22.75,22.85,243585,5626.0,43.3,80664.0
2022-05-20,23.25,23.55,22.95,23.3,196689,4705.0,41.8,56917.0
2022-05-23,23.45,24.0,23.0,23.35,166725,4249.0,39.24,59890.0
2022-05-24,23.5,23.7,21.9,22.2,268859,7429.0,36.19,140249.0
2022-05-25,22.6,22.85,20.55,20.8,325022,7015.0,46.33,149210.0
2022-05-26,21.75,21.75,20.3,21.45,265480,6255.0,42.44,102190.0
2022-05-27,21.6,22.1,21.4,21.6,110630,2359.0,46.9,52651.0
2022-05-30,20.9,21.85,20.9,21.6,286467,3891.0,73.62,128265.0
2022-05-31,22.1,22.55,21.65,22.15,206505,3864.0,53.44,81878.0
2022-06-01,22.5,22.65,22.05,22.55,354237,3711.0,95.46,256580.0
2022-06-02,22.7,24.35,22.55,23.65,439313,6805.0,64.56,212011.0
2022-06-03,23.85,24.6,22.9,23.1,546925,6407.0,85.36,254009.0
2022-06-06,23.0,23.3,22.4,22.75,300948,4307.0,69.87,119933.0
2022-06-07,22.85,23.0,22.25,22.85,167136,2930.0,57.04,68668.0
2022-06-08,22.85,23.5,22.3,23.2,177697,3534.0,50.28,70826.0
2022-06-09,23.35,23.6,22.9,23.15,137852,3108.0,44.35,64067.0
2022-06-10,22.85,23.45,22.5,22.75,98347,2433.0,40.42,45132.0
2022-06-13,22.25,22.3,21.45,22.05,151113,3719.0,40.63,63659.0
2022-06-14,22.05,22.7,22.05,22.25,92749,2516.0,36.86,50770.0
2022-06-15,22.4,22.7,21.75,21.95,74952,2033.0,36.87,35126.0
2022-06-16,22.15,22.5,20.7,21.4,285302,7974.0,35.78,103616.0
2022-06-17,21.4,22.2,20.75,21.0,261684,5020.0,52.13,109807.0
2022-06-20,21.25,21.85,19.85,20.1,244362,4615.0,52.95,78683.0
2022-06-21,20.5,20.9,19.95,20.4,168756,4929.0,34.24,63777.0
2022-06-22,20.25,20.7,20.2,20.6,238799,2886.0,82.74,124907.0
2022-06-23,20.7,21.05,20.2,20.35,103531,3148.0,32.89,41141.0
2022-06-24,20.9,21.1,20.3,20.4,158864,2841.0,55.92,83602.0
2022-06-27,20.7,20.95,20.2,20.35,238400,4624.0,51.56,133917.0
2022-06-28,20.35,20.4,20.05,20.2,103413,2241.0,46.15,56966.0
2022-06-29,20.15,20.9,20.0,20.4,124741,2882.0,43.28,63832.0
2022-06-30,20.5,20.6,19.6,19.8,129208,3179.0,40.64,79285.0
2022-07-01,19.3,19.7,18.85,19.4,151679,2371.0,63.97,78992.0
2022-07-04,19.25,20.1,19.25,20.0,145619,2432.0,59.88,85466.0
2022-07-05,20.0,20.5,19.2,19.55,222722,9664.0,23.05,100676.0
2022-07-06,19.6,19.95,19.15,19.6,134761,2388.0,56.43,77664.0
2022-07-07,19.7,20.35,19.6,20.25,300954,5730.0,52.52,200654.0
2022-07-08,20.4,20.7,20.25,20.5,115577,6797.0,17.0,73373.0
2022-07-11,20.4,21.05,20.3,20.45,266599,4287.0,62.19,195462.0
2022-07-12,20.45,20.5,19.9,20.0,152982,10811.0,14.15,82864.0
2022-07-13,19.75,20.25,19.5,19.8,167949,4833.0,34.75,79219.0
2022-07-14,20.0,20.75,19.55,19.9,157863,3574.0,44.17,90458.0
2022-07-15,19.85,20.0,19.4,19.5,157512,2802.0,56.21,100654.0
2022-07-18,19.95,20.1,19.5,20.0,179508,4225.0,42.49,89617.0
2022-07-19,19.55,20.6,19.55,20.3,271844,6077.0,44.73,184652.0
2022-07-20,20.5,20.9,20.25,20.5,158565,2908.0,54.53,107360.0
2022-07-21,20.6,20.7,20.25,20.45,111184,2583.0,43.04,59305.0
2022-07-22,20.4,20.6,20.2,20.25,81171,1857.0,43.71,46726.0
2022-07-25,20.0,20.3,19.35,19.95,215467,3788.0,56.88,132928.0
2022-07-26,19.9,22.35,19.6,21.9,964772,11192.0,86.2,456342.0
2022-07-27,21.55,22.0,21.0,21.2,576023,7684.0,74.96,294779.0
2022-07-28,21.25,22.2,21.05,21.75,807577,7739.0,104.35,479358.0
2022-07-29,21.6,22.5,21.25,22.2,559035,8908.0,62.76,279908.0
2022-08-01,22.4,24.3,22.4,23.5,1274641,12909.0,98.74,679017.0
2022-08-02,23.55,25.8,23.35,24.45,2265173,19944.0,113.58,1206338.0
2022-08-03,24.45,26.1,24.3,25.55,1507397,17143.0,87.93,501916.0
2022-08-04,25.75,27.0,24.55,25.55,1319904,12261.0,107.65,556224.0
2022-08-05,25.6,26.5,25.05,26.0,581960,7108.0,81.87,237649.0
2022-08-08,26.2,27.15,25.6,25.8,718485,,,
2022-08-10,25.8,27.65,25.65,27.35,1531831,11100.0,138.0,790907.0
2022-08-11,27.4,28.3,27.4,28.2,1514691,14546.0,104.13,916211.0
2022-08-12,28.0,28.5,26.5,28.0,533691,5923.0,90.1,279409.0
2022-08-16,27.6,28.2,26.0,26.45,623106,5289.0,117.81,363900.0
2022-08-17,26.55,27.0,26.25,26.4,281313,3690.0,76.24,120900.0
2022-08-18,26.15,26.7,26.05,26.2,251116,2759.0,91.02,95812.0
2022-08-19,26.25,27.3,25.6,26.9,570510,6434.0,88.67,258870.0
2022-08-22,27.0,27.0,25.85,26.0,262824,3598.0,73.05,107377.0
2022-08-23,25.75,26.6,25.75,26.2,243639,3522.0,69.18,109604.0
2022-08-24,26.25,27.0,26.15,26.35,183037,3100.0,59.04,91829.0
2022-08-25,26.4,27.55,26.4,26.8,262053,3660.0,71.6,117848.0
2022-08-26,27.5,27.7,26.5,27.1,487749,6362.0,76.67,139930.0
2022-08-29,26.25,27.7,26.1,27.6,548171,5798.0,94.54,269412.0
2022-08-30,27.75,28.0,27.3,27.95,477238,4512.0,105.77,237752.0
2022-09-01,28.0,31.0,28.0,30.5,2901184,18677.0,155.33,1398014.0
2022-09-02,30.9,31.6,30.15,31.3,1642933,11304.0,145.34,819374.0
2022-09-05,31.25,32.4,31.2,32.0,834903,6303.0,132.46,415153.0
2022-09-06,32.5,32.75,30.8,31.3,742906,5899.0,125.94,322556.0
2022-09-07,31.25,33.6,30.9,33.3,1566760,11356.0,137.97,751141.0
2022-09-08,33.75,34.75,33.15,34.3,1885827,10488.0,179.81,1007086.0
2022-09-09,34.5,34.75,33.4,33.9,1407737,10717.0,131.36,813574.0
2022-09-12,34.05,36.7,34.0,36.25,2529709,13626.0,185.65,1416681.0
2022-09-13,36.65,38.75,36.25,38.5,2841662,19531.0,145.49,1272707.0
2022-09-14,37.25,38.5,36.6,37.3,1449745,13269.0,109.26,552696.0
2022-09-15,38.0,39.75,37.75,39.5,1112571,9244.0,120.36,714038.0
2022-09-16,39.5,39.85,36.1,36.25,945871,9233.0,102.44,695693.0
2022-09-19,37.85,39.4,35.0,35.8,1430822,14485.0,98.78,743630.0
2022-09-20,35.5,37.1,35.25,35.4,645712,10694.0,60.38,337213.0
2022-09-21,35.4,36.2,33.8,34.85,835161,6490.0,128.68,567183.0
2022-09-22,35.5,36.2,34.5,35.85,419202,6187.0,67.76,244981.0
2022-09-23,35.75,36.1,34.75,35.45,287241,3413.0,84.16,178170.0
2022-09-26,35.4,35.6,32.25,34.9,600951,5246.0,114.55,294205.0
2022-09-27,35.5,35.85,34.25,35.1,899074,3812.0,235.85,706335.0
2022-09-28,34.7,37.0,34.6,35.5,994349,5070.0,196.12,719766.0
2022-09-29,35.8,36.75,35.25,36.1,461202,3513.0,131.28,322653.0
2022-09-30,36.5,37.7,35.95,36.9,550623,4876.0,112.93,378823.0
2022-10-03,36.65,37.5,35.9,36.5,290877,4270.0,68.12,192695.0
2022-10-04,37.0,38.1,35.65,36.15,424444,4833.0,87.82,257927.0
2022-10-06,36.0,37.85,36.0,37.55,515286,3872.0,133.08,341709.0
2022-10-07,37.5,38.2,36.95,38.0,576712,3754.0,153.63,370214.0
2022-10-10,37.65,39.45,37.5,39.0,1027907,10407.0,98.77,467070.0
2022-10-11,39.5,40.0,37.8,38.3,2080682,12019.0,173.12,900072.0
2022-10-12,38.5,39.35,37.0,38.75,810518,8385.0,96.66,320216.0
2022-10-13,39.0,39.0,37.0,37.6,469627,6590.0,71.26,211092.0
2022-10-14,38.0,38.4,37.35,37.6,484674,5092.0,95.18,191120.0
2022-10-17,37.25,39.2,37.0,37.75,679902,9873.0,68.86,259289.0
2022-10-18,38.0,38.55,37.55,37.9,381129,5184.0,73.52,156185.0
2022-10-19,38.0,39.1,37.65,38.0,754331,9861.0,76.5,250434.0
2022-10-20,38.0,38.65,37.5,37.65,342186,6313.0,54.2,137265.0
2022-10-21,37.9,38.25,37.0,37.05,306117,4637.0,66.02,137084.0
2022-10-24,37.0,38.25,36.75,37.85,160574,1951.0,82.3,102415.0
2022-10-25,37.85,38.35,37.35,37.65,276183,4870.0,56.71,123226.0
2022-10-27,37.7,38.5,37.25,37.65,272599,4717.0,57.79,109760.0
2022-10-28,37.6,38.2,37.15,37.7,362696,5969.0,60.76,186247.0
2022-10-31,37.9,38.4,37.0,37.25,354224,4434.0,79.89,186253.0
2022-11-01,37.25,37.7,36.75,37.0,307816,4761.0,64.65,118460.0
2022-11-02,37.1,38.9,36.9,37.2,1113191,10942.0,101.74,473536.0
2022-11-03,37.15,37.75,37.0,37.35,425007,5099.0,83.35,186239.0
2022-11-04,37.6,38.0,37.2,37.7,851590,5807.0,146.65,213485.0
2022-11-07,38.4,38.4,35.0,36.4,1853690,17186.0,107.86,678374.0
2022-11-09,36.6,37.5,35.6,36.15,1109690,7185.0,154.45,492760.0
2022-11-10,36.25,36.3,34.5,35.0,1000023,7996.0,125.07,330526.0
2022-11-11,35.25,35.6,31.65,32.15,1228304,14928.0,82.28,602892.0
2022-11-14,32.1,32.1,30.65,31.3,952022,9451.0,100.73,356703.0
2022-11-15,31.6,31.95,30.1,30.4,521888,9451.0,55.22,356703.0
2022-11-16,30.4,31.0,29.0,29.75,1116867,9857.0,113.31,446874.0
2022-11-17,29.7,30.2,29.25,29.55,549063,6923.0,79.31,201415.0
2022-11-18,30.9,30.9,28.75,28.85,473033,6332.0,74.71,139335.0
2022-11-21,28.75,30.0,28.0,29.6,448505,6126.0,73.21,132971.0
2022-11-22,30.1,30.7,29.75,30.4,593328,7427.0,79.89,243872.0
2022-11-23,30.4,30.4,28.8,29.4,452395,6164.0,73.39,180433.0
2022-11-24,29.5,30.25,29.05,29.5,344005,6031.0,57.04,117987.0
2022-11-25,29.65,30.2,29.3,29.9,325782,5100.0,63.88,167940.0
2022-11-28,30.3,30.5,29.75,29.9,228425,4101.0,55.7,100275.0
2022-11-29,29.6,31.0,29.3,30.7,604570,8795.0,68.74,238114.0
2022-11-30,31.6,33.0,31.05,31.9,1387706,14169.0,97.94,292781.0
2022-12-01,31.9,32.1,30.15,30.65,600263,8441.0,71.11,231468.0
2022-12-02,31.0,32.5,31.0,31.8,954167,9797.0,97.39,266182.0
2022-12-05,30.25,31.75,30.25,31.2,493021,5830.0,84.57,186636.0
2022-12-06,31.2,31.45,30.4,30.9,717891,4788.0,149.94,420669.0
2022-12-07,30.9,31.15,30.2,30.45,267272,3685.0,72.53,123053.0
2022-12-08,31.45,31.75,30.3,30.5,1530123,10079.0,151.81,671785.0
2022-12-09,30.7,30.8,29.7,30.0,249385,4202.0,59.35,98035.0
2022-12-12,30.0,30.0,29.2,29.45,563773,5924.0,95.17,300726.0
2022-12-13,28.75,29.6,28.75,29.0,377969,5115.0,73.89,181472.0
2022-12-14,29.05,29.5,28.75,28.85,434666,6202.0,70.08,229082.0
2022-12-15,28.9,29.4,28.35,28.6,347958,4567.0,76.19,181985.0
2022-12-16,28.6,28.85,27.75,28.1,453536,5661.0,80.12,150753.0
2022-12-19,28.05,28.2,27.3,27.45,461411,4263.0,108.24,194480.0
2022-12-20,27.45,29.95,27.35,29.45,1617473,18517.0,87.35,347853.0
2022-12-21,29.55,29.55,27.9,28.4,291890,4237.0,68.89,87514.0
2022-12-22,28.2,28.6,27.2,27.4,633991,6708.0,94.51,238113.0
2022-12-23,27.3,27.3,25.65,26.3,444783,6847.0,64.96,181305.0
2022-12-26,26.0,27.3,25.8,26.3,712273,9160.0,77.76,113954.0
2022-12-27,26.5,27.5,26.2,27.45,380862,5752.0,66.21,120790.0
2022-12-28,27.45,27.55,26.75,26.95,346365,4293.0,80.68,155527.0
2022-12-29,26.9,27.5,26.5,27.4,187749,3585.0,52.37,60559.0
2022-12-30,27.7,27.7,26.9,27.15,1134727,4990.0,227.4,551339.0
2023-01-02,27.25,27.4,26.9,27.3,224456,3305.0,67.91,105609.0
2023-01-03,27.05,27.5,27.05,27.15,290363,3143.0,92.38,118587.0
2023-01-04,27.3,27.3,26.45,26.6,203080,3081.0,65.91,110284.0
2023-01-05,26.6,27.2,26.3,26.9,150380,3289.0,45.72,63388.0
2023-01-06,26.9,27.0,25.75,26.0,415228,4053.0,102.45,173792.0
2023-01-09,26.2,26.4,25.8,26.0,734337,3612.0,203.3,387055.0
2023-01-10,26.0,26.3,25.55,25.95,226065,3856.0,58.63,109834.0
2023-01-11,25.95,26.25,25.8,26.1,206658,3770.0,54.82,95823.0
2023-01-12,26.25,26.6,25.85,25.95,169851,3072.0,55.29,85225.0
2023-01-13,25.95,27.15,25.75,27.0,471091,5610.0,83.97,206396.0
2023-01-16,27.5,27.55,26.4,26.9,271392,4505.0,60.24,150981.0
2023-01-17,26.9,26.9,25.55,25.75,270353,4166.0,64.9,152762.0
2023-01-18,25.75,27.35,25.75,27.25,351465,4823.0,72.87,180585.0
2023-01-19,27.0,27.4,26.75,27.1,169035,3118.0,54.21,76580.0
2023-01-20,26.8,27.25,26.7,26.95,170117,3781.0,44.99,79852.0
2023-01-23,27.0,27.15,26.5,26.7,69593,1622.0,42.91,33872.0
2023-01-24,26.5,26.85,26.15,26.45,307744,3631.0,84.75,175066.0
2023-01-25,26.45,26.7,25.0,25.3,270973,4483.0,60.44,151905.0
2023-01-27,25.45,25.7,23.45,24.0,998855,9015.0,110.8,690900.0
2023-01-30,24.1,24.75,23.8,24.1,667672,4263.0,156.62,532296.0
2023-01-31,24.1,24.3,23.7,23.9,289843,3960.0,73.19,195417.0
2023-02-01,24.25,25.95,22.2,23.0,1098300,11622.0,94.5,427517.0
2023-02-02,22.7,24.2,22.55,23.4,263652,4705.0,56.04,88387.0
2023-02-03,23.6,23.8,22.5,23.2,338674,4877.0,69.44,128701.0
2023-02-06,22.9,23.25,22.35,22.85,381340,4718.0,80.83,192315.0
2023-02-07,23.0,23.45,22.8,23.2,236686,4662.0,50.77,94739.0
2023-02-08,23.3,24.25,23.2,23.55,347395,5779.0,60.11,140473.0
2023-02-09,23.3,23.95,23.3,23.65,257003,5568.0,46.16,56715.0
2023-02-10,23.6,24.0,23.05,23.25,406417,8146.0,49.89,122983.0
2023-02-13,23.15,23.75,22.85,23.0,366944,6384.0,57.48,129759.0
2023-02-14,23.0,23.6,22.5,23.15,280870,5284.0,53.15,102995.0
2023-02-15,23.2,23.4,22.75,23.15,208494,4044.0,51.56,86591.0
2023-02-16,23.25,23.5,22.95,23.35,118309,3050.0,38.79,47307.0
2023-02-17,23.0,24.2,23.0,24.05,461227,5508.0,83.74,263266.0
2023-02-20,24.2,24.3,23.5,24.1,160279,3442.0,46.57,70693.0
2023-02-21,24.25,24.55,23.65,23.85,222815,3612.0,61.69,119275.0
2023-02-22,23.75,24.75,23.5,24.45,637881,7813.0,81.64,358479.0
2023-02-23,24.3,26.1,23.95,25.65,502747,8394.0,59.89,237667.0
2023-02-24,25.85,27.2,25.35,27.0,542853,8164.0,66.49,224445.0
2023-02-27,26.75,27.0,25.95,26.9,354274,6683.0,53.01,124060.0
2023-02-28,27.0,27.05,25.15,25.4,289588,6409.0,45.18,102620.0
2023-03-01,25.35,26.95,25.25,26.6,347468,6614.0,52.54,142912.0
2023-03-02,26.5,27.55,26.25,27.0,274539,7282.0,37.7,110013.0
2023-03-03,26.95,27.75,26.45,27.1,380372,6392.0,59.51,145117.0
2023-03-06,27.25,27.45,26.5,27.05,434994,5378.0,80.88,309619.0
2023-03-08,26.8,27.6,26.75,27.3,322684,3657.0,88.24,228359.0
2023-03-09,27.3,29.7,27.05,29.35,808726,11767.0,68.73,350965.0
2023-03-10,29.25,29.5,28.4,28.5,496828,6046.0,82.17,235791.0
2023-03-13,28.7,28.7,26.75,26.9,627785,5095.0,123.22,395667.0
2023-03-14,27.0,27.1,25.6,26.5,351668,5187.0,67.8,190675.0
2023-03-15,26.7,27.0,25.75,25.85,292474,3549.0,82.41,194455.0
2023-03-16,26.0,26.0,24.75,24.9,577601,4779.0,120.86,453375.0
2023-03-17,24.9,25.7,24.8,25.6,678281,5249.0,129.22,457541.0
2023-03-20,24.75,25.5,24.6,24.85,213782,3107.0,68.81,129128.0
2023-03-21,25.0,25.15,24.65,24.9,239005,3074.0,77.75,157930.0
2023-03-22,25.0,25.45,25.0,25.1,160906,3296.0,48.82,90609.0
2023-03-23,25.0,25.4,24.85,24.95,244042,2041.0,119.57,190144.0
2023-03-24,24.5,24.95,23.75,24.0,200554,3111.0,64.47,112040.0
2023-03-27,24.0,24.4,23.25,23.4,473545,3221.0,147.02,359214.0
2023-03-28,23.5,24.2,22.75,23.6,644957,7739.0,83.34,379102.0
2023-03-29,23.7,24.15,23.1,23.55,924402,7008.0,131.91,690571.0
2023-03-31,23.9,24.15,22.8,23.35,307760,3109.0,98.99,162383.0
2023-04-03,23.4,23.75,23.15,23.3,317154,3501.0,90.59,199719.0
2023-04-05,23.75,25.1,23.65,24.95,559236,6520.0,85.77,312279.0
2023-04-06,25.1,25.6,25.0,25.3,276924,3943.0,70.23,136759.0
2023-04-10,25.3,25.7,24.65,24.75,121561,2422.0,50.19,71134.0
2023-04-11,25.1,25.35,24.25,24.55,219672,3869.0,56.78,91916.0
2023-04-12,24.85,25.1,23.85,24.0,444463,4820.0,92.21,286497.0
2023-04-13,24.35,24.55,23.9,24.25,132965,2970.0,44.77,45765.0
2023-04-17,24.4,24.55,24.0,24.1,88194,2308.0,38.21,38200.0
2023-04-18,24.25,24.5,24.15,24.35,161100,3177.0,50.71,88231.0
2023-04-19,24.5,24.85,24.1,24.55,194056,4136.0,46.92,89755.0
2023-04-20,24.75,24.9,24.2,24.75,169822,3752.0,45.26,74746.0
2023-04-21,24.75,25.1,24.15,24.9,144558,2637.0,54.82,72967.0
2023-04-24,24.9,26.8,24.2,26.5,829280,8881.0,93.38,395822.0
2023-04-25,26.9,27.0,26.1,26.35,297413,4432.0,67.11,134876.0
2023-04-26,26.45,26.65,26.0,26.15,121469,2574.0,47.19,60292.0
2023-04-27,26.15,26.55,25.75,26.0,130875,2497.0,52.41,72066.0
2023-04-28,26.05,27.4,25.75,26.6,565794,7297.0,77.54,278511.0
2023-05-02,26.8,27.05,26.45,26.7,201896,2672.0,75.56,118388.0
2023-05-03,26.95,27.55,26.25,27.0,434252,6239.0,69.6,219121.0
2023-05-04,27.2,28.6,26.8,28.0,653078,7516.0,86.89,281284.0
2023-05-05,27.85,29.25,27.65,29.0,614912,6952.0,88.45,327425.0
2023-05-08,29.25,30.1,28.65,28.85,554903,6569.0,84.47,232906.0
2023-05-09,29.0,29.5,28.25,28.6,279288,3882.0,71.94,104807.0
2023-05-10,28.5,28.85,28.05,28.25,134833,2544.0,53.0,50698.0
2023-05-11,28.4,28.95,27.9,28.15,218532,3034.0,72.03,92851.0
2023-05-12,28.2,29.1,28.15,28.65,156172,2570.0,60.77,60104.0
2023-05-15,28.8,29.05,28.3,28.95,150491,2682.0,56.11,74094.0
2023-05-16,28.9,29.9,28.75,29.05,341958,4594.0,74.44,152788.0
2023-05-17,29.2,30.15,28.8,29.4,410413,5848.0,70.18,172377.0
2023-05-18,29.5,29.85,29.0,29.1,183282,3334.0,54.97,79115.0
2023-05-19,29.15,29.25,28.3,28.4,227710,2968.0,76.72,115106.0
2023-05-22,27.7,28.65,27.7,28.15,245957,3396.0,72.43,135841.0
2023-05-23,28.3,28.6,27.75,28.0,174202,2671.0,65.22,87165.0
2023-05-24,27.95,29.7,27.9,29.5,483240,4847.0,99.7,229776.0
2023-05-25,29.5,29.75,28.65,28.95,245057,2542.0,96.4,124885.0
2023-05-26,29.0,29.25,28.4,29.25,320412,3573.0,89.68,198452.0
2023-05-29,29.7,33.75,28.7,33.55,8453640,46216.0,182.92,3345891.0
2023-05-30,34.9,36.7,33.65,34.0,9461659,61419.0,154.05,2797897.0
2023-05-31,33.4,35.5,33.4,35.0,3037774,19906.0,152.61,883847.0
2023-06-01,35.25,36.6,34.4,34.9,2497147,11828.0,211.12,1164951.0
2023-06-02,34.4,37.25,34.4,36.65,3167896,18609.0,170.23,1148854.0
2023-06-05,36.9,37.8,33.75,34.5,5137615,30650.0,167.62,1919423.0
2023-06-06,33.65,35.85,33.5,34.6,1785090,8987.0,198.63,820558.0
2023-06-07,35.1,37.3,33.0,35.9,2737459,14581.0,187.74,1206705.0
2023-06-08,37.25,37.75,35.5,37.25,2727884,12583.0,216.79,1274526.0
2023-06-09,37.25,37.7,36.15,36.65,944107,5595.0,168.74,397016.0
2023-06-12,36.85,37.2,36.0,36.5,730526,4750.0,153.79,432897.0
2023-06-13,36.25,36.25,34.4,35.15,3282265,15163.0,216.47,1574381.0
2023-06-14,35.35,37.5,35.1,37.2,2907009,19447.0,149.48,1392139.0
2023-06-15,37.2,39.15,36.6,37.7,3219624,22622.0,142.32,1217530.0
2023-06-16,38.0,39.95,37.75,38.35,2432410,15617.0,155.75,840238.0
2023-06-19,38.5,41.3,38.5,40.4,5097311,33163.0,153.7,1774036.0
2023-06-20,40.7,41.25,40.1,41.1,1767744,11977.0,147.59,664547.0
2023-06-21,41.15,41.8,39.5,39.75,1498102,11422.0,131.16,778487.0
2023-06-22,40.0,40.05,37.5,38.0,1387883,10638.0,130.46,654336.0
2023-06-23,38.0,38.75,37.0,38.0,1350126,11724.0,115.16,481543.0
2023-06-26,38.0,38.35,37.1,37.65,988234,7944.0,124.4,473437.0
2023-06-27,37.85,39.0,37.85,38.65,999302,5989.0,166.86,459955.0
2023-06-28,38.95,39.9,38.35,39.35,1713687,11281.0,151.91,591483.0
2023-06-30,39.5,39.8,38.25,38.45,835920,7345.0,113.81,415816.0
2023-07-03,38.7,40.9,38.35,40.45,2972687,19148.0,155.25,1242467.0
2023-07-04,40.9,41.95,40.4,40.6,1999313,14847.0,134.66,793798.0
2023-07-05,41.15,42.35,40.5,41.8,1864601,13635.0,136.75,835691.0
2023-07-06,43.25,44.35,42.5,43.1,3636658,21194.0,171.59,1368386.0
2023-07-07,43.1,43.25,41.5,42.75,1269865,10237.0,124.05,476878.0
2023-07-10,43.0,50.65,42.9,49.25,9541686,58802.0,162.27,2565713.0
2023-07-11,48.95,48.95,46.75,47.3,2236607,17737.0,126.1,703433.0
2023-07-12,47.5,49.25,47.35,48.4,1653629,15722.0,105.18,683420.0
2023-07-13,48.6,49.5,45.85,46.35,1530205,14563.0,105.07,716194.0
2023-07-14,46.65,49.2,45.9,48.75,1086481,13090.0,83.0,486653.0
2023-07-17,50.0,50.8,47.15,47.9,1482933,11066.0,134.01,755710.0
2023-07-18,47.85,48.2,46.0,46.85,940301,11506.0,81.72,490605.0
2023-07-19,46.4,48.8,46.15,48.15,916544,6814.0,134.51,595809.0
2023-07-20,48.5,48.7,47.6,47.9,504179,6528.0,77.23,274435.0
2023-07-21,47.8,49.1,46.25,47.35,1106796,14237.0,77.74,453063.0
2023-07-24,48.0,53.95,48.0,52.85,5249137,57518.0,91.26,2285949.0
2023-07-25,53.2,53.75,50.65,51.75,2486596,43157.0,57.62,1208734.0
2023-07-26,51.85,53.9,51.65,53.1,1335151,18917.0,70.58,724050.0
2023-07-27,53.5,55.05,52.5,52.85,1080194,17099.0,63.17,546261.0
2023-07-28,53.1,53.65,52.25,52.7,791749,12113.0,65.36,521325.0
2023-07-31,54.25,55.35,51.4,52.9,1572244,20252.0,77.63,759628.0
2023-08-01,53.0,53.25,51.65,52.15,1210971,10019.0,120.87,899906.0
2023-08-02,51.95,52.5,49.3,51.6,1104929,13684.0,80.75,725321.0
2023-08-03,51.6,54.25,51.3,53.3,870782,13075.0,66.6,494990.0
2023-08-04,54.0,54.25,52.0,53.35,1431157,11880.0,120.47,904833.0
2023-08-07,53.4,54.2,51.65,52.65,865855,13384.0,64.69,549395.0
2023-08-08,55.3,57.1,53.8,56.15,3294833,28776.0,114.5,1443065.0
2023-08-09,56.4,57.1,55.2,56.0,1445945,18375.0,78.69,821907.0
2023-08-10,55.75,56.0,53.55,54.3,1447972,22760.0,63.62,845626.0
2023-08-11,53.5,54.55,51.7,52.35,894633,24636.0,36.31,558268.0
2023-08-14,52.35,52.5,49.4,50.3,1027539,23533.0,43.66,607520.0
2023-08-16,49.5,51.45,48.45,49.6,1311840,17063.0,76.88,778792.0
2023-08-17,51.35,51.35,48.0,48.1,955859,16243.0,58.85,544730.0
2023-08-18,47.55,48.5,46.5,47.5,1579737,27178.0,58.13,969542.0
2023-08-21,47.5,49.75,47.25,48.65,1123194,13926.0,80.65,687644.0
2023-08-22,49.75,50.75,49.75,50.45,1166428,10923.0,106.79,660532.0
2023-08-23,51.0,51.8,50.25,50.95,1451037,15651.0,92.71,688097.0
2023-08-24,51.2,51.45,50.35,50.9,596618,8226.0,72.53,429030.0
2023-08-25,50.7,50.8,49.25,50.1,423194,9540.0,44.36,286283.0
2023-08-28,50.65,52.2,49.25,51.65,847741,13801.0,61.43,478287.0
2023-08-29,52.25,52.7,50.75,51.15,563676,10131.0,55.64,314779.0
2023-08-30,51.25,54.25,51.25,52.75,944513,16559.0,57.04,475354.0
2023-08-31,53.0,53.75,50.5,51.0,767576,13398.0,57.29,443509.0
2023-09-01,51.55,52.45,51.05,51.5,364940,9828.0,37.13,197161.0
2023-09-04,51.85,52.5,51.3,51.45,370864,8547.0,43.39,235331.0
2023-09-05,51.75,52.2,49.3,50.15,549998,10507.0,52.35,349085.0
2023-09-06,50.25,51.0,49.15,50.45,537363,10436.0,51.49,301685.0
2023-09-07,50.45,51.05,49.95,50.15,417106,9888.0,42.18,263647.0
2023-09-08,50.1,51.0,50.0,50.15,360950,6097.0,59.2,239614.0
2023-09-11,50.1,53.0,50.0,52.1,1164963,14963.0,77.86,610551.0
2023-09-12,52.7,52.7,47.05,48.25,1087278,20841.0,52.17,598877.0
2023-09-13,48.35,49.65,47.5,49.4,459141,11967.0,38.37,247065.0
2023-09-14,49.8,50.1,48.3,48.8,326103,6657.0,48.99,166416.0
2023-09-15,49.0,50.5,49.0,49.4,389425,7799.0,49.93,223859.0
2023-09-18,49.25,50.05,48.55,49.15,360498,7224.0,49.9,217704.0
2023-09-20,48.9,51.1,48.85,49.7,949188,14249.0,66.61,465522.0
2023-09-21,49.5,49.95,49.0,49.3,421166,11538.0,36.5,250281.0
2023-09-22,49.25,49.5,47.6,47.9,486756,7182.0,67.77,315519.0
2023-09-25,48.5,48.55,47.05,48.05,382005,8500.0,44.94,232349.0
2023-09-26,48.4,51.5,48.1,49.2,832339,14419.0,57.73,324496.0
2023-09-27,49.2,50.5,48.45,49.45,401505,13049.0,30.77,228705.0
2023-09-28,49.35,50.55,48.2,48.55,339721,10103.0,33.63,168914.0
2023-09-29,48.75,49.35,47.5,48.25,394064,7455.0,52.86,255854.0
2023-10-03,48.0,48.9,47.9,48.05,267050,5751.0,46.44,175726.0
2023-10-04,47.9,48.75,47.25,48.45,528701,8473.0,62.4,335204.0
2023-10-05,49.8,50.25,48.75,49.4,654301,9498.0,68.89,399941.0
2023-10-06,49.75,52.95,49.65,52.35,2175990,26273.0,82.82,1238114.0
2023-10-09,51.9,53.95,51.55,52.1,1439590,20125.0,71.53,727590.0
2023-10-10,52.6,53.6,52.0,52.45,711415,8148.0,87.31,389790.0
2023-10-11,53.0,53.5,50.9,51.1,619303,7896.0,78.43,406106.0
2023-10-12,51.1,52.2,51.05,51.35,407846,7320.0,55.72,203676.0
2023-10-13,51.15,51.6,49.9,50.35,360512,6794.0,53.06,235275.0
2023-10-16,50.7,51.2,50.1,50.85,1150335,12117.0,94.94,595925.0
2023-10-17,51.1,56.95,51.1,54.85,4966113,55154.0,90.04,1789879.0
2023-10-18,55.0,55.4,53.4,54.5,1729538,15893.0,108.82,714705.0
2023-10-19,54.75,55.4,52.75,53.65,1845289,16695.0,110.53,597719.0
2023-10-20,53.65,54.4,51.65,53.1,1647479,19059.0,86.44,593865.0
2023-10-23,52.65,54.0,49.5,50.75,1592659,23269.0,68.45,556512.0
2023-10-25,51.3,52.0,47.4,49.5,1597638,24354.0,65.6,494385.0
2023-10-26,48.8,52.95,47.4,52.4,1893654,23565.0,80.36,641821.0
2023-10-27,53.0,53.9,50.0,52.5,2539186,25505.0,99.56,846473.0
2023-10-30,53.0,56.75,51.95,55.9,6641514,43625.0,152.24,2387797.0
2023-10-31,53.85,54.7,51.9,54.2,29316573,100742.0,291.01,10421331.0
2023-11-01,54.7,54.9,52.5,52.85,3675679,20533.0,179.01,1730393.0
2023-11-02,53.45,54.0,52.1,53.5,3297168,22663.0,145.49,1533505.0
2023-11-03,53.75,54.4,53.25,53.65,2057425,14784.0,139.17,995785.0
2023-11-06,54.0,60.0,53.9,59.6,15737687,130821.0,120.3,6141096.0
2023-11-07,60.85,61.5,58.0,60.0,6952661,80356.0,86.52,2783806.0
2023-11-08,60.15,61.5,59.05,59.7,3033425,25635.0,118.33,1249504.0
2023-11-09,60.0,60.6,58.25,59.75,1957606,19188.0,102.02,754879.0
2023-11-10,59.75,60.5,58.5,59.45,1616672,13767.0,117.43,690830.0
2023-11-12,60.05,63.35,59.5,62.1,2224444,14247.0,156.13,1279417.0
2023-11-13,62.5,64.5,62.3,64.05,3740844,30880.0,121.14,1768169.0
2023-11-15,64.75,66.1,63.75,64.85,2422338,25070.0,96.62,1020697.0
2023-11-16,65.25,65.3,61.8,63.0,2234088,19934.0,112.07,1151790.0
2023-11-17,63.0,64.5,62.05,62.95,1487579,21614.0,68.82,659663.0
2023-11-20,63.25,64.1,62.3,63.0,862853,15463.0,55.8,344703.0
2023-11-21,63.0,64.15,60.2,61.3,2241021,27257.0,82.22,877483.0
2023-11-22,61.6,66.95,61.5,65.7,6862889,61823.0,111.01,2153857.0
2023-11-23,66.0,69.0,65.2,67.9,4608784,39170.0,117.66,2060609.0
2023-11-24,68.0,68.25,66.4,66.65,1471669,18810.0,78.24,818683.0
2023-11-28,67.25,71.35,66.8,70.7,3122896,33737.0,92.57,1178535.0
2023-11-29,71.25,71.25,69.0,69.65,1853139,24321.0,76.2,893806.0
2023-11-30,69.75,71.15,67.65,70.1,3748849,45497.0,82.4,2092341.0
2023-12-01,70.55,74.55,70.0,71.95,3931411,51308.0,76.62,1444405.0
2023-12-04,74.1,85.25,73.0,82.95,12159620,145286.0,83.69,3462691.0
2023-12-05,83.5,83.5,78.85,81.55,4883980,63001.0,77.52,1646920.0
2023-12-06,81.25,87.0,80.75,85.95,5716848,54469.0,104.96,2180004.0
2023-12-07,86.75,91.25,86.75,89.05,6047582,67777.0,89.23,2456873.0
2023-12-08,90.0,92.0,88.55,90.85,3424248,63772.0,53.7,1375231.0
2023-12-11,90.85,100.0,90.75,98.5,9286316,131690.0,70.52,2316613.0
2023-12-12,99.45,103.0,95.5,99.85,4408581,42894.0,102.78,2089342.0
2023-12-13,100.8,101.75,97.5,100.9,2289423,30506.0,75.05,1184788.0
2023-12-14,100.95,103.2,98.5,102.6,1645145,23400.0,70.31,1009797.0
2023-12-15,102.75,105.0,100.6,101.95,1872807,22098.0,84.75,1320407.0
2023-12-18,100.5,102.25,99.35,100.95,1329647,32578.0,40.81,968169.0
2023-12-19,100.95,105.3,99.0,102.7,2708402,28924.0,93.64,1798068.0
2023-12-20,103.05,112.95,99.8,105.6,5648909,54041.0,104.53,2583148.0
2023-12-21,105.0,116.0,101.85,113.9,2741788,32792.0,83.61,1394468.0
2023-12-22,113.9,119.0,109.25,113.3,3140956,41311.0,76.03,1716392.0
2023-12-26,113.75,120.0,113.6,116.55,2079036,34885.0,59.6,1007248.0
2023-12-27,117.0,119.45,113.45,118.35,1534581,20414.0,75.17,881241.0
2023-12-28,118.75,122.25,114.75,121.35,1512170,21864.0,69.16,872238.0
2023-12-29,121.35,125.5,118.0,124.95,2437417,28295.0,86.14,1611725.0
2024-01-01,126.0,134.0,126.0,131.1,2443885,29005.0,84.26,1549099.0
2024-01-02,131.0,134.0,126.4,131.9,2070821,30045.0,68.92,1140358.0
2024-01-03,131.45,135.05,126.3,128.55,2303164,37469.0,61.47,1283512.0
2024-01-04,129.2,130.5,126.3,129.5,1550005,15972.0,97.05,1036931.0
2024-01-05,129.65,131.45,126.35,127.55,1002160,18258.0,54.89,595476.0
2024-01-08,127.25,127.5,114.8,123.9,3821600,74576.0,51.24,1950184.0
2024-01-09,125.0,128.25,117.25,118.6,1228449,30689.0,40.03,727142.0
2024-01-10,118.75,120.0,108.1,113.95,3302084,58532.0,56.42,1791332.0
2024-01-11,116.15,117.2,111.5,113.0,750299,16339.0,45.92,421729.0
2024-01-12,112.5,114.5,107.6,110.0,1276835,30171.0,42.32,799308.0
2024-01-15,110.75,115.4,108.75,112.9,1164094,19864.0,58.6,622882.0
2024-01-16,113.0,114.85,108.5,109.6,677669,14657.0,46.24,389442.0
2024-01-17,109.6,111.25,106.0,106.7,507828,14735.0,34.46,278923.0
2024-01-18,106.7,113.25,102.5,111.2,1342595,25481.0,52.69,692415.0
2024-01-19,112.25,114.5,109.8,112.55,875445,14997.0,58.37,459795.0
2024-01-20,112.4,112.6,108.55,108.95,486436,8754.0,55.57,281719.0
2024-01-23,107.5,111.6,106.25,107.65,598618,18826.0,31.8,283047.0
2024-01-24,107.8,112.1,106.25,109.85,777195,35918.0,21.64,437906.0
2024-01-25,110.4,119.7,110.4,117.35,2049191,31135.0,65.82,1004485.0
2024-01-29,118.5,123.5,118.25,122.6,1321822,32389.0,40.81,801576.0
2024-01-30,123.65,123.7,116.6,117.7,701614,20019.0,35.05,413571.0
2024-01-31,117.75,121.5,117.7,119.5,678196,27287.0,24.85,408568.0
2024-02-01,119.65,122.5,115.4,119.6,1644663,43977.0,37.4,810241.0
2024-02-02,120.0,129.95,120.0,127.2,3171589,63576.0,49.89,2280950.0
2024-02-05,130.9,135.75,128.95,133.75,2703897,40068.0,67.48,1682583.0
2024-02-06,135.25,136.7,128.75,132.2,1645621,29031.0,56.68,1060410.0
2024-02-07,133.0,136.25,131.75,135.65,1125934,25783.0,43.67,716627.0
2024-02-08,142.5,144.7,135.85,138.05,2434869,47159.0,51.63,1419281.0
2024-02-09,139.1,140.5,124.5,128.05,1708735,60506.0,28.24,954008.0
2024-02-12,132.75,135.5,121.25,122.95,2138279,50849.0,42.05,1033801.0
2024-02-13,125.0,130.25,110.7,128.65,1649265,45020.0,36.63,947224.0
2024-02-14,125.0,133.0,125.0,131.3,4597085,40533.0,113.42,3940859.0
2024-02-15,133.2,144.4,133.0,143.6,3724111,40781.0,91.32,2082159.0
2024-02-16,145.0,150.5,144.5,147.75,3032378,48008.0,63.16,1956517.0
2024-02-19,149.0,161.15,148.8,157.35,2561799,47880.0,53.5,1418941.0
2024-02-20,159.0,160.85,150.85,155.9,1289889,33671.0,38.31,742827.0
2024-02-21,156.75,158.5,148.1,149.5,1173857,23093.0,50.83,746012.0
2024-02-22,150.5,151.75,142.8,148.05,765548,23014.0,33.26,411406.0
2024-02-23,151.0,155.45,150.3,152.9,1180826,18566.0,63.6,764728.0
2024-02-26,153.95,160.5,150.5,157.7,1020764,27600.0,36.98,649253.0
2024-02-27,158.45,162.0,155.3,156.95,995773,29652.0,33.58,670437.0
2024-02-28,157.0,157.4,149.1,150.95,961800,28412.0,33.85,608958.0
2024-02-29,150.95,153.75,144.55,150.7,2201413,33055.0,66.6,1620352.0
2024-03-01,152.5,155.55,143.8,146.25,609712,16979.0,35.91,379931.0
2024-03-02,149.15,151.0,144.5,145.4,121732,3200.0,38.04,88248.0
2024-03-04,138.15,139.2,138.15,138.15,1365375,4919.0,277.57,828594.0
2024-03-05,131.25,131.25,131.25,131.25,391782,2841.0,137.9,391549.0
2024-03-06,124.7,124.7,124.7,124.7,140358,3596.0,39.03,140358.0
2024-03-07,118.75,130.9,118.75,130.9,3367272,39153.0,86.0,1662410.0
2024-03-11,130.9,133.05,124.4,124.4,1390571,17506.0,79.43,804036.0
2024-03-12,124.5,129.55,118.2,118.6,1608356,29889.0,53.81,889065.0
2024-03-13,115.75,119.85,112.7,112.7,1892859,16363.0,115.68,1174250.0
2024-03-14,108.3,115.25,107.05,112.95,1988421,35416.0,56.14,1089771.0
2024-03-15,114.25,118.5,112.9,117.2,3169542,26131.0,121.29,2321582.0
2024-03-18,117.85,118.5,111.35,116.6,833593,26673.0,31.25,521591.0
2024-03-19,115.25,118.2,112.75,114.0,387874,13428.0,28.89,238116.0
2024-03-20,114.7,117.1,110.1,111.6,357620,12010.0,29.78,200732.0
2024-03-21,113.1,117.15,113.1,117.15,185415,1716.0,108.05,156193.0
2024-03-22,118.0,123.0,117.0,120.2,1125124,10014.0,112.36,675021.0
2024-03-26,121.1,126.2,117.55,126.2,631206,15242.0,41.41,321490.0
2024-03-27,127.5,132.5,126.25,132.5,1177785,14800.0,79.58,773928.0
2024-03-28,133.0,138.2,127.25,130.4,1117813,30540.0,36.6,627033.0
2024-04-01,131.25,134.9,128.5,131.2,476500,17636.0,27.02,202848.0
2024-04-02,131.75,132.75,128.0,128.65,497195,11476.0,43.32,328241.0
2024-04-03,128.7,135.05,127.5,134.55,1063318,21006.0,50.62,526922.0
2024-04-04,137.5,139.75,131.9,135.1,768702,15878.0,48.41,338303.0
2024-04-05,136.25,137.4,131.05,132.3,754620,18305.0,41.22,359846.0
2024-04-08,135.7,144.7,134.5,138.3,1401361,34852.0,40.21,612379.0
2024-04-09,139.45,143.25,137.15,139.75,1250185,26667.0,46.88,715855.0
2024-04-10,139.4,139.95,134.1,135.45,632887,16241.0,38.97,373233.0
2024-04-12,135.45,141.5,134.4,139.6,817856,19720.0,41.47,417053.0
2024-04-15,135.0,139.7,132.5,135.5,893014,24672.0,36.2,402418.0
2024-04-16,134.5,141.75,133.8,137.2,916237,23861.0,38.4,472870.0
2024-04-18,136.9,143.0,135.0,136.05,1031067,22790.0,45.24,457122.0
2024-04-19,134.5,144.45,130.45,142.25,1820119,36468.0,49.91,649563.0
2024-04-22,145.7,149.75,142.25,148.1,1400058,28055.0,49.9,609797.0
2024-04-23,157.5,161.45,147.5,149.9,3493280,69672.0,50.14,1432107.0
2024-04-24,152.45,153.0,149.25,150.7,1093931,27198.0,40.22,588000.0
2024-04-25,151.2,164.6,151.0,161.4,6839962,113492.0,60.27,2024767.0
2024-04-26,164.15,165.75,159.25,160.15,2192565,40213.0,54.52,898109.0
2024-04-29,161.75,165.15,155.75,157.75,1079896,27586.0,39.15,525769.0
2024-04-30,159.0,161.2,156.0,156.9,718626,20495.0,35.06,307403.0
2024-05-02,157.9,160.6,155.9,156.9,693832,20368.0,34.06,326344.0
2024-05-03,158.5,159.05,149.0,153.9,1211355,33958.0,35.67,520636.0
2024-05-06,159.55,161.25,149.0,151.4,2569063,55288.0,46.47,1015310.0
2024-05-07,152.8,153.55,138.3,142.5,2374636,61939.0,38.34,976812.0
2024-05-08,142.5,143.75,138.35,140.0,1569002,30208.0,51.94,900657.0
2024-05-09,140.5,142.15,138.5,138.8,972898,25696.0,37.86,652615.0
2024-05-10,142.0,142.2,134.65,135.7,770887,27259.0,28.28,418478.0
2024-05-13,135.25,139.0,131.25,138.45,1195677,41143.0,29.06,533371.0
2024-05-14,139.9,142.5,137.7,141.5,806455,18182.0,44.35,365608.0
2024-05-15,143.25,145.45,138.8,139.85,637402,20163.0,31.61,312752.0
2024-05-16,141.25,153.8,139.5,152.6,2462531,41019.0,60.03,1101907.0
2024-05-17,154.9,154.9,148.25,152.4,1446556,36051.0,40.13,545235.0
2024-05-18,153.45,158.55,152.4,157.2,319188,7711.0,41.39,203360.0
2024-05-21,158.75,160.5,151.75,153.0,1622292,37748.0,42.98,1012165.0
2024-05-22,153.75,154.5,149.0,150.0,1461350,24596.0,59.41,1079374.0
2024-05-23,151.15,157.25,150.25,151.3,1157212,26421.0,43.8,675837.0
2024-05-24,160.0,166.4,157.0,165.0,9291096,68405.0,135.82,3441299.0
2024-05-27,166.1,177.0,161.65,164.15,8136940,58745.0,138.51,3513341.0
2024-05-28,155.0,157.0,147.75,147.75,90807517,52189.0,1739.97,57460220.0
2024-05-29,138.0,146.8,133.0,143.4,36882298,124780.0,295.58,16819137.0
2024-05-30,142.6,148.8,142.0,145.4,13009758,75024.0,173.41,6481492.0
2024-05-31,146.7,149.6,142.6,148.95,8802413,34765.0,253.2,5537397.0
2024-06-03,157.0,157.7,149.15,153.35,12946497,60551.0,213.81,7719780.0
2024-06-04,153.0,153.0,138.05,138.05,13501101,58594.0,230.42,8257775.0
2024-06-05,137.3,141.7,124.25,139.8,13024190,102762.0,126.74,5578573.0
2024-06-06,143.25,153.0,141.6,146.4,5891704,44538.0,132.28,2447757.0
2024-06-07,148.8,152.0,145.55,150.2,4599930,30159.0,152.52,1924084.0
2024-06-10,153.0,154.04,147.6,149.64,3770996,38081.0,99.03,1833258.0
2024-06-11,151.48,154.6,149.15,151.26,2784349,25661.0,108.51,1294953.0
2024-06-12,153.16,154.25,149.09,149.62,2568549,24732.0,103.86,1301523.0
2024-06-13,149.6,150.55,145.66,146.31,4431161,40461.0,109.52,2173224.0
2024-06-14,146.9,149.39,143.51,145.4,5905026,51907.0,113.76,3098091.0
2024-06-18,145.55,149.4,142.8,144.26,4725606,38253.0,123.54,2103411.0
2024-06-19,144.9,146.68,138.2,139.08,5302856,44609.0,118.87,2779584.0
2024-06-20,145.3,145.79,140.2,140.89,10625978,60911.0,174.45,3908806.0
2024-06-21,141.9,143.25,139.1,141.01,3892174,30837.0,126.22,2198528.0
2024-06-24,141.0,141.79,138.21,139.24,3136054,34337.0,91.33,1458101.0
2024-06-25,139.39,144.6,139.01,142.92,4673843,41396.0,112.91,2049447.0
2024-06-26,143.25,145.5,139.66,142.69,5996309,45177.0,132.73,3427981.0
2024-06-27,144.5,144.5,139.19,140.12,3958146,39501.0,100.2,2111541.0
2024-06-28,140.13,142.9,139.53,141.86,2853655,31952.0,89.31,1538142.0
2024-07-01,144.0,144.0,140.3,143.37,5531382,44845.0,123.34,3304073.0
2024-07-02,144.12,146.2,143.0,143.92,5591463,44341.0,126.1,2873111.0
2024-07-03,144.71,145.19,140.36,142.48,3969625,38400.0,103.38,2176382.0
2024-07-04,148.0,164.0,147.72,157.01,84355526,427184.0,197.47,15876972.0
2024-07-05,160.65,164.0,157.0,158.8,24887232,174325.0,142.76,6716779.0
2024-07-08,161.0,162.0,155.05,158.15,10354979,95689.0,108.21,5099730.0
2024-07-09,165.0,168.9,157.1,159.01,15992326,99491.0,160.74,5466410.0
2024-07-10,162.01,162.48,153.0,159.53,6869891,58810.0,116.82,2371555.0
2024-07-11,161.5,161.5,157.4,158.1,4382681,38806.0,112.94,1716706.0
2024-07-12,160.25,175.0,158.52,171.75,46209799,292043.0,158.23,14757219.0
2024-07-15,174.0,175.8,167.21,169.98,17983801,117214.0,153.43,7544586.0
2024-07-16,170.7,171.6,162.18,166.49,8058934,60428.0,133.36,3842902.0
2024-07-18,165.91,167.95,154.0,160.42,11234128,92292.0,121.72,4643050.0
2024-07-19,159.0,159.89,152.2,153.5,7756475,73455.0,105.59,3205882.0
2024-07-22,151.21,159.56,147.15,149.61,15674270,141108.0,111.08,7885935.0
2024-07-23,152.54,155.25,140.1,149.98,18995758,138521.0,137.13,5273220.0
2024-07-24,149.95,161.0,148.22,160.08,14756406,104324.0,141.45,5571997.0
2024-07-25,159.0,169.0,156.49,164.45,16522753,122065.0,135.36,5808658.0
2024-07-26,165.5,174.0,163.63,170.22,16544068,123433.0,134.03,6352256.0
2024-07-29,175.31,180.96,171.55,173.61,17002539,151037.0,112.57,7244427.0
2024-07-30,173.9,179.63,171.5,175.91,11567572,88515.0,130.68,5068392.0
2024-07-31,176.83,190.0,174.73,183.62,26307292,238105.0,110.49,9780900.0
2024-08-01,184.39,184.95,175.8,178.02,10762857,86871.0,123.89,4063167.0
2024-08-02,174.11,184.2,171.17,179.38,11276291,85539.0,131.83,3660835.0
2024-08-05,172.0,176.54,166.69,170.47,16007533,119658.0,133.78,7000350.0
2024-08-06,173.0,179.51,164.07,166.18,13131240,105684.0,124.25,4516632.0
2024-08-07,172.06,174.99,167.22,172.63,8550090,61312.0,139.45,3488089.0
2024-08-08,172.88,176.65,170.8,171.91,8013791,72500.0,110.54,3349305.0
2024-08-09,175.1,177.0,171.6,174.23,8198197,77209.0,106.18,3198322.0
2024-08-12,186.98,209.07,178.52,208.55,92351312,440315.0,209.74,23129245.0
2024-08-13,217.89,236.95,213.55,215.78,79979080,533568.0,149.89,14538506.0
2024-08-14,224.0,224.78,207.33,210.14,28556114,196975.0,144.97,6089105.0
2024-08-16,215.0,217.9,204.2,212.74,14790812,85234.0,173.53,4886473.0
2024-08-19,215.7,221.4,212.1,213.38,9540491,54877.0,173.85,4213216.0
2024-08-20,213.6,222.0,208.5,219.36,11925763,68365.0,174.44,4891354.0
2024-08-21,219.9,220.2,214.11,215.34,5099340,36453.0,139.89,2648394.0
2024-08-22,216.0,232.0,214.05,223.29,17482035,96808.0,180.58,5880361.0
2024-08-23,224.9,224.95,217.44,218.68,5222675,43155.0,121.02,2785478.0
2024-08-26,219.65,227.83,216.27,225.91,9977883,94448.0,105.64,3666871.0
2024-08-27,228.1,231.25,224.55,228.07,10885837,83065.0,131.05,3253983.0
2024-08-28,229.65,237.0,220.0,226.31,17304407,138294.0,125.13,5305533.0
2024-08-29,224.81,225.6,217.7,219.94,5928970,58254.0,101.78,2372466.0
2024-08-30,220.95,223.4,212.35,221.11,8509806,74363.0,114.44,3378873.0
2024-09-02,222.0,223.71,215.01,220.63,5525483,55330.0,99.86,1974117.0
2024-09-03,221.3,227.25,219.13,222.92,6648862,56403.0,117.88,2628629.0
2024-09-04,219.9,222.52,217.01,220.91,6649327,53195.0,125.0,3453910.0
2024-09-05,221.5,224.45,219.01,222.47,5028294,46177.0,108.89,2074063.0
2024-09-06,223.5,230.0,220.16,225.88,15577292,118744.0,131.18,4043187.0
2024-09-09,224.3,236.0,214.75,234.06,17184221,131457.0,130.72,5585257.0
2024-09-10,236.01,246.0,236.01,241.52,23562784,182776.0,128.92,6012199.0
2024-09-11,243.0,250.5,237.0,238.53,15545099,123368.0,126.01,3759231.0
2024-09-12,241.0,251.39,240.9,246.73,15944266,125657.0,126.89,4822905.0
2024-09-13,249.0,253.17,240.45,250.99,13079517,112168.0,116.61,3531021.0
2024-09-16,252.15,254.25,238.15,240.36,9411097,88718.0,106.08,3891279.0
2024-09-17,241.0,246.0,238.25,244.64,8143329,74793.0,108.88,2393877.0
2024-09-18,249.0,258.4,241.95,248.65,20144703,154834.0,130.11,5775865.0
2024-09-19,250.04,251.0,230.49,241.53,15028839,136242.0,110.31,4880086.0
2024-09-20,242.75,260.0,239.15,254.34,30082498,134697.0,223.33,19002613.0
2024-09-23,260.0,261.9,251.85,253.69,9830620,99742.0,98.56,3482859.0
2024-09-24,254.0,255.57,245.51,251.99,9820119,68195.0,144.0,4931403.0
2024-09-25,251.6,253.89,245.0,246.42,4242762,52640.0,80.6,1612390.0
2024-09-26,246.0,247.9,241.7,245.23,3813710,47608.0,80.11,1228728.0
2024-09-27,244.7,246.8,233.61,238.18,5477059,68155.0,80.36,2774558.0
2024-09-30,238.18,246.5,233.1,237.48,10316341,128623.0,80.21,3330266.0
2024-10-01,238.45,241.78,235.01,239.27,4242580,45626.0,92.99,1745827.0
2024-10-03,230.0,237.5,228.9,229.96,5129704,73179.0,70.1,2172337.0
2024-10-04,229.96,230.75,218.15,222.25,7541460,112127.0,67.26,2750239.0
2024-10-07,223.39,225.25,206.26,208.14,11332272,150796.0,75.15,5013811.0
2024-10-08,205.0,216.1,204.0,214.62,14699377,118973.0,123.55,6170724.0
2024-10-09,216.45,229.45,216.45,223.29,12069083,127750.0,94.47,3455086.0
2024-10-10,224.98,227.1,218.0,219.18,4548120,61751.0,73.65,1718264.0
2024-10-11,219.14,220.44,216.52,218.61,3027376,46901.0,64.55,1130917.0
2024-10-14,218.61,229.0,212.5,214.86,15360786,149324.0,102.87,5518786.0
2024-10-15,216.08,224.8,214.47,223.92,9625963,82139.0,117.19,3992719.0
2024-10-16,224.1,230.9,218.1,219.68,11130363,105843.0,105.16,4523486.0
2024-10-17,220.63,220.8,213.55,215.74,5215715,47919.0,108.84,1968609.0
2024-10-18,214.9,228.01,208.5,222.37,22760633,118239.0,192.5,13689681.0
2024-10-21,224.41,228.79,216.12,217.04,5845556,61682.0,94.77,1985616.0
2024-10-22,216.5,216.5,204.0,205.85,6258780,95241.0,65.72,2572433.0
2024-10-23,202.5,210.9,197.36,208.08,7418384,110318.0,67.25,2144398.0
2024-10-24,208.0,211.0,202.97,209.21,4725266,74132.0,63.74,1638147.0
2024-10-25,210.15,211.46,197.27,202.94,7416302,128976.0,57.5,2562186.0
2024-10-28,213.0,217.0,203.21,212.96,21637497,180791.0,119.68,5255122.0
2024-10-29,214.0,214.39,207.06,212.01,6240523,65283.0,95.59,1648581.0
2024-10-30,212.7,222.0,210.71,218.92,5920371,58639.0,100.96,1867291.0
2024-10-31,219.05,224.95,217.0,223.8,4836288,53727.0,90.02,1533912.0
2024-11-01,224.26,226.5,220.1,222.96,1544645,20911.0,73.87,789594.0
2024-11-04,221.46,221.95,214.05,216.04,4013846,56110.0,71.54,1350004.0
2024-11-05,215.0,219.7,213.19,218.87,3491027,41630.0,83.86,996380.0
2024-11-06,219.85,225.66,218.15,225.09,4687021,47071.0,99.57,1761663.0
2024-11-07,225.09,227.25,217.55,218.61,3702582,43302.0,85.51,1410003.0
2024-11-08,219.65,220.21,208.0,209.29,4614827,57865.0,79.75,1834732.0
2024-11-11,208.9,209.0,201.5,204.78,4587809,57722.0,79.48,2022934.0
2024-11-12,206.0,208.6,199.2,200.0,3667768,57388.0,63.91,1322299.0
2024-11-13,200.0,200.0,184.72,186.85,8379778,121113.0,69.19,3429719.0
2024-11-14,185.91,193.8,185.66,190.03,6106680,83521.0,73.12,1935359.0
2024-11-18,190.02,191.9,185.5,188.87,5275304,68057.0,77.51,1807078.0
2024-11-19,192.0,195.64,189.02,190.07,4661001,59442.0,78.41,1778764.0
2024-11-21,189.5,191.5,180.75,188.69,7152823,101047.0,70.79,2614850.0
2024-11-22,188.99,190.69,183.88,184.72,4427968,80001.0,55.35,1671792.0
2024-11-25,190.0,191.7,183.11,186.7,9359150,85392.0,109.6,4449132.0
2024-11-26,184.8,189.27,183.7,184.41,3078368,60036.0,51.28,940702.0
2024-11-27,184.95,189.13,183.85,187.13,4189609,43076.0,97.26,1600163.0
2024-11-28,187.5,197.7,187.29,193.66,9305631,85854.0,108.39,2490895.0
2024-11-29,193.8,194.6,187.13,191.04,5469589,48628.0,112.48,2123096.0
2024-12-02,188.93,209.79,188.45,200.95,48387019,317363.0,152.47,5634496.0
2024-12-03,202.45,213.83,201.82,206.56,24488795,164693.0,148.69,4331450.0
2024-12-04,207.83,209.98,202.5,204.38,7586079,54759.0,138.54,2154617.0
2024-12-05,204.5,206.44,201.75,204.22,4855263,46814.0,103.71,1469150.0
2024-12-06,204.22,210.42,204.22,207.68,8114388,66693.0,121.67,2609408.0
2024-12-09,208.15,212.99,206.55,208.67,6335647,54127.0,117.05,2119017.0
2024-12-10,208.67,213.6,205.71,208.19,5879681,54537.0,107.81,1792860.0
2024-12-11,208.1,211.2,202.63,203.73,8358203,65898.0,126.84,2978686.0
2024-12-12,204.85,206.5,199.82,202.13,4047728,36844.0,109.86,1444027.0
2024-12-13,200.0,200.1,193.8,196.8,6241747,54330.0,114.89,2460793.0
2024-12-16,196.8,199.21,193.25,195.35,4016372,47349.0,84.82,1405936.0
2024-12-17,194.5,198.64,191.78,192.69,4909685,51990.0,94.44,1841166.0
2024-12-18,194.19,195.3,188.55,189.86,4585422,48204.0,95.13,1610024.0
2024-12-19,185.1,188.7,184.66,187.81,3010336,33952.0,88.66,1237538.0
2024-12-20,188.05,190.69,184.02,188.46,4509840,49464.0,91.17,1754772.0
2024-12-23,187.01,188.45,182.0,184.97,4470810,49047.0,91.15,1673788.0
2024-12-24,184.0,188.4,184.0,185.51,2177795,28954.0,75.22,659549.0
2024-12-26,185.88,186.84,182.38,183.45,1775416,27354.0,64.91,616009.0
2024-12-27,183.0,184.19,180.03,180.67,2145966,28358.0,75.67,839805.0
2024-12-30,180.48,181.89,177.0,181.16,3650483,53287.0,68.51,1378061.0
2024-12-31,179.1,182.95,174.36,181.02,6584440,78631.0,83.74,2755717.0
2025-01-01,180.6,188.81,180.4,187.35,3671812,44205.0,83.06,1221152.0
2025-01-02,188.39,189.36,185.41,188.75,2891450,50848.0,56.86,1308260.0
2025-01-03,187.8,191.4,184.02,184.81,3463270,42587.0,81.32,1467400.0
2025-01-06,184.8,185.0,171.26,172.7,6039051,90961.0,66.39,2941455.0
2025-01-07,171.9,177.3,171.5,173.04,4969962,67242.0,73.91,2395355.0
2025-01-08,173.29,173.81,167.7,168.99,3595275,50511.0,71.18,1412769.0
2025-01-09,167.9,168.88,162.23,162.9,3150564,44728.0,70.44,1479910.0
2025-01-10,161.15,162.05,151.71,155.36,10512404,188706.0,55.71,4733106.0
2025-01-13,152.0,156.69,147.22,149.06,8731715,117759.0,74.15,3871142.0
2025-01-14,156.5,162.7,149.81,155.26,25599575,231498.0,110.58,4553648.0
2025-01-15,155.55,165.22,155.32,163.66,11080728,90651.0,122.24,2466499.0
2025-01-16,165.23,172.42,165.02,165.7,7103266,74837.0,94.92,2163196.0
2025-01-17,164.86,166.9,162.48,166.27,4000235,40302.0,99.26,1608958.0
2025-01-20,167.26,170.0,163.87,168.94,3419010,33237.0,102.87,1358711.0
2025-01-21,169.9,169.9,161.22,165.57,5292119,46100.0,114.8,2475221.0
2025-01-22,165.18,165.18,155.0,156.25,5828321,74789.0,77.93,2518830.0
2025-01-23,155.14,156.51,148.62,149.45,8075569,103432.0,78.08,3712541.0
2025-01-24,149.46,150.05,141.6,142.89,7334456,80968.0,90.58,3418437.0
2025-01-27,140.0,140.88,133.0,138.99,12545751,127397.0,98.48,5015762.0
2025-01-28,138.25,138.49,130.32,134.93,7370291,87055.0,84.66,2340197.0
2025-01-29,138.0,161.91,137.65,161.5,53835770,292547.0,184.02,6750622.0
2025-01-30,164.76,168.39,157.1,161.84,32788362,256145.0,128.01,4685829.0
2025-01-31,163.5,172.44,160.0,168.59,22138939,165622.0,133.67,4798410.0
2025-02-01,176.02,188.8,163.32,171.88,56167140,368697.0,152.34,6303494.0
2025-02-03,168.01,169.8,158.53,161.8,12668023,104002.0,121.81,2962403.0
2025-02-04,165.0,175.9,162.01,168.01,32239416,253496.0,127.18,3849998.0
2025-02-05,169.0,173.85,167.33,170.34,11190493,106826.0,104.75,3633563.0
2025-02-06,170.61,173.75,169.31,170.45,5690495,60673.0,93.79,1965632.0
2025-02-07,170.45,170.94,165.8,168.5,4310152,61154.0,70.48,1662582.0
2025-02-10,165.94,169.95,161.72,168.73,5904317,76128.0,77.56,2132535.0
2025-02-11,167.0,168.76,163.36,166.33,5673023,66750.0,84.99,2014340.0
2025-02-12,167.0,177.54,164.05,175.74,21863501,178150.0,122.73,5157255.0
2025-02-13,175.98,179.0,174.1,176.2,6126439,56030.0,109.34,1735806.0
2025-02-14,176.24,178.58,168.83,171.93,9238999,94932.0,97.32,3544633.0
2025-02-17,168.99,175.25,167.2,170.79,4014561,72544.0,55.34,1157989.0
2025-02-18,171.0,171.55,161.14,163.81,6438391,92827.0,69.36,2073673.0
2025-02-19,162.4,172.7,160.0,169.49,6814476,79679.0,85.52,2506401.0
2025-02-20,169.0,176.0,168.5,174.42,9012827,78650.0,114.59,3742269.0
2025-02-21,174.2,177.86,171.68,172.88,4420590,52240.0,84.62,1715290.0
2025-02-24,171.85,171.87,166.3,167.64,3175847,34147.0,93.01,1265396.0
2025-02-25,167.85,170.41,165.03,168.71,2713211,32507.0,83.47,654946.0
2025-02-27,163.6,165.24,154.0,156.4,10946504,100202.0,109.24,2607259.0
2025-02-28,154.48,155.7,146.01,150.19,7537653,74439.0,101.26,1643875.0
2025-03-03,151.4,152.92,136.5,143.93,11880440,98320.0,120.83,2790931.0
2025-03-04,143.5,150.68,141.52,144.74,8220876,66995.0,122.71,1752459.0
2025-03-05,144.6,154.85,143.39,153.93,7900504,62946.0,125.51,1876321.0
2025-03-06,156.68,158.5,152.3,153.19,4596722,46507.0,98.84,1395979.0
2025-03-07,154.5,173.53,152.64,170.75,70123870,376416.0,186.29,5370850.0
2025-03-10,171.23,175.05,163.05,167.63,17063202,132809.0,128.48,2097232.0
2025-03-11,164.0,166.94,159.92,164.59,9725380,75325.0,129.11,1707365.0
2025-03-12,166.0,167.59,162.37,164.61,5325323,48635.0,109.5,826667.0
2025-03-13,165.5,165.63,161.1,162.41,4976604,36763.0,135.37,1952993.0
2025-03-17,162.41,163.9,159.43,160.61,4159879,45393.0,91.64,940684.0
2025-03-18,161.5,167.16,161.5,166.04,4951960,38563.0,128.41,1495626.0
2025-03-19,166.95,170.17,166.04,168.67,4080499,40813.0,99.98,1014270.0
2025-03-20,170.4,172.89,166.75,171.65,7187532,68433.0,105.03,2618622.0
2025-03-21,170.0,174.08,169.12,171.94,5835426,54652.0,106.77,1947520.0
2025-03-24,172.75,176.7,171.55,172.85,6996730,65715.0,106.47,2902893.0
2025-03-25,174.7,175.85,166.6,168.17,4507124,45496.0,99.07,1612368.0
2025-03-26,169.0,169.0,158.5,159.54,7193780,59603.0,120.69,2991417.0
2025-03-27,160.0,161.2,155.8,158.37,12710262,97261.0,130.68,6157010.0
2025-03-28,161.0,170.55,160.5,163.04,22080515,120797.0,182.79,4432087.0
2025-04-01,163.35,164.99,155.56,156.73,6036861,39334.0,153.48,2539281.0
2025-04-02,158.19,161.2,154.22,159.98,5842831,36622.0,159.54,1484968.0
2025-04-03,157.05,162.6,157.0,158.56,4817265,29094.0,165.58,1810671.0
2025-04-04,159.0,159.68,150.0,153.85,7641736,58014.0,131.72,3397752.0
2025-04-07,138.46,145.0,137.41,140.88,11084478,90209.0,122.88,4714644.0
2025-04-08,147.0,149.4,141.93,144.74,5799182,42172.0,137.51,1544258.0
2025-04-09,144.05,144.86,139.7,141.15,4328748,38560.0,112.26,1505396.0
2025-04-11,146.31,152.49,144.07,151.59,13635604,86740.0,157.2,2855143.0
2025-04-15,155.0,162.59,155.0,161.33,14373710,89426.0,160.73,3158427.0
2025-04-16,161.45,167.2,161.1,164.68,8419167,60520.0,139.11,3046515.0
2025-04-17,163.72,166.41,162.01,162.85,4830003,27459.0,175.9,1742416.0
2025-04-21,167.0,172.87,166.62,167.46,19353975,103602.0,186.81,4539879.0
2025-04-22,169.0,171.99,166.0,168.95,10193085,57453.0,177.42,2940668.0
2025-04-23,170.05,176.7,168.8,174.55,17540309,95668.0,183.35,4002482.0
2025-04-24,175.0,183.0,173.4,180.3,20138680,98466.0,204.52,6755958.0
2025-04-25,182.51,182.89,166.95,172.14,17896389,113276.0,157.99,4011232.0
2025-04-28,170.0,176.84,170.0,174.26,6110114,42750.0,142.93,1622925.0
2025-04-29,175.5,177.7,172.2,174.58,5309401,36184.0,146.73,1530120.0
2025-04-30,174.1,174.4,167.31,169.02,4877476,35190.0,138.6,1890059.0
2025-05-02,168.4,170.66,165.07,166.12,3826644,33527.0,114.14,798893.0
2025-05-05,167.2,173.86,167.2,173.08,5137917,36782,139.69,1255960
2025-05-06,173.4,173.84,162.5,164.79,4828812,34622,139.47,1842226
2025-05-07,161.25,169.5,160.27,168.05,5180445,36737,141.01,1611202
2025-05-08,168.9,170.51,159.11,160.39,4054042,34433,117.74,1496958
2025-05-09,154.12,159.09,153.66,156.82,6666478,45374,146.92,1737478
2025-05-12,166.99,170.85,163.6,170.05,6481613,44504,145.64,1526354
2025-05-13,169.01,171.4,167.7,169.89,4309761,31855,135.29,1206021
2025-05-14,171.0,176.0,170.0,174.24,5529830,33865,163.29,1764415
2025-05-15,174.24,178.9,173.51,178.16,5911332,37486,157.69,2256374
2025-05-16,180.0,182.66,179.0,179.82,7052231,46369,152.09,2797286
2025-05-19,180.7,188.85,180.28,185.61,12708666,74649,170.25,4726876
2025-05-20,187.0,189.28,182.25,185.45,10291725,55357,185.92,2959455
2025-05-21,185.45,188.89,181.83,185.76,4903466,31738,154.5,1349023
2025-05-22,185.45,187.39,181.1,184.18,3805007,27880,136.48,1202481
2025-05-23,184.2,186.9,181.22,184.98,5198166,31845,163.23,1289914
2025-05-26,185.5,193.75,183.89,190.63,16075375,90509,177.61,4853925
2025-05-27,191.0,194.39,188.5,192.57,10434709,54115,192.82,3103325
2025-05-28,193.35,197.39,193.0,193.88,10547257,53350,197.7,3989893
2025-05-29,194.39,196.4,189.8,191.3,5989686,34311,174.57,2412628
2025-05-30,195.0,197.3,191.63,195.0,23400026,97696,239.52,9307678
2025-06-02,198.3,201.0,184.25,185.37,52730978,215219,245.01,17539801
2025-06-03,188.35,190.0,180.0,181.34,17204378,93805,183.41,5615400
2025-06-04,182.0,184.95,180.0,184.44,8342245,52785,158.04,2239074
2025-06-05,186.25,186.93,183.43,184.04,5104264,34377,148.48,1864784
2025-06-06,184.0,185.5,182.1,184.0,6738388,39733,169.59,2442852
2025-06-09,184.75,186.3,183.75,184.24,4676313,28220,165.71,2368006
2025-06-10,185.36,188.0,184.0,186.68,7872210,42637,184.63,3435945
2025-06-11,187.7,188.89,182.9,184.92,6249279,35772,174.7,2225533
2025-06-12,184.79,185.75,175.41,176.54,6789896,46577,145.78,3003340
2025-06-13,172.5,175.01,171.47,172.46,7278848,45562,159.76,2721749
2025-06-16,173.47,174.41,167.77,172.55,6966296,40596,171.6,3125696
2025-06-17,172.55,175.23,168.55,169.17,5845118,32637,179.09,2303628
2025-06-18,169.34,171.37,168.16,169.72,5771199,33131,174.19,1276742
2025-06-19,169.63,170.84,164.91,166.08,4806981,33341,144.18,1573602
2025-06-20,165.89,171.83,165.53,170.65,4720622,30594,154.3,17184012025-06-23,168.0,170.34,167.52,169.8,5086215,37015,137.41,1900861
2025-06-24,172.0,176.25,172.0,173.88,7803727,44259,176.32,2755304
2025-06-25,174.75,177.25,174.43,175.36,6228131,45115,138.05,2699774
2025-06-26,175.51,176.26,172.8,173.89,4682207,45550,102.79,2094915
2025-06-27,174.0,176.4,173.02,175.78,5312228,33210,159.96,2554097
2025-06-30,176.64,177.4,174.3,175.34,3330464,23185,143.65,1402806
2025-07-01,175.9,175.95,171.55,172.97,3231771,21061,153.45,1276208
2025-07-02,174.5,179.0,174.5,176.9,13698561,72366,189.3,3765444
2025-07-03,178.1,178.4,174.8,176.64,4332629,28008,154.69,1469129
2025-07-04,177.0,181.0,176.0,179.98,8482468,49584,171.07,3614052
2025-07-07,179.98,180.0,175.6,176.3,3422942,27314,125.32,1315192
2025-07-08,176.2,177.86,174.43,176.78,2496566,19433,128.47,1045146
2025-07-09,176.98,177.65,175.07,176.83,2994315,20349,147.15,1275621
2025-07-10,177.19,180.31,176.22,178.74,4438467,29182,152.1,1617832
2025-07-11,177.99,178.69,175.1,176.23,2749440,20545,133.83,1138977
2025-07-14,176.6,177.79,174.01,176.55,3655473,28264,129.33,1446195
2025-07-15,176.63,177.33,163.8,164.75,15213497,106634,142.67,7346197
2025-07-16,165.7,167.34,160.58,166.46,16562550,92851,178.38,4833571
2025-07-17,167.4,169.3,166.13,167.18,8223215,42572,193.16,3318445
2025-07-18,167.4,167.93,163.86,164.58,5701825,36437,156.48,3130102
2025-07-21,164.25,167.31,162.5,166.85,4581486,30852,148.5,1681320
2025-07-22,166.85,167.69,164.65,165.53,2901108,24082,120.47,1438648
2025-07-23,167.0,167.21,164.5,165.74,3064654,27940,109.69,1218463
2025-07-24,166.55,166.7,160.7,161.77,7272678,50234,144.78,3658017
2025-07-25,161.76,162.6,157.45,158.52,7599963,46551,163.26,3871172
2025-07-28,158.7,163.0,155.9,157.25,8401471,54613,153.84,4066932
2025-07-29,155.0,156.85,152.21,156.3,7298096,62002,117.71,3294987
2025-07-30,156.3,157.45,154.16,156.15,5171661,35633,145.14,1820660
2025-07-31,152.2,154.19,150.2,150.74,5340070,38321,139.35,2066892
2025-08-01,151.98,156.0,151.15,151.76,8489038,45808,185.32,2571523
2025-08-04,152.5,154.0,151.03,153.31,3614524,25741,140.42,16463632025-08-04,152.5,154.0,151.03,153.31,3614524,25741,140.42,1646363
2025-08-05,152.59,153.79,150.69,151.38,2706707,21920,123.48,1086866
2025-08-06,150.81,151.0,146.75,147.11,4567427,37997,120.2,1981241
2025-08-07,145.31,146.74,142.4,145.64,4366735,35913,121.59,1642277
2025-08-08,145.6,146.54,139.11,139.72,4681160,41809,111.97,1901860
2025-08-11,140.29,142.44,139.06,141.71,4109434,38223,107.51,1372975
2025-08-12,142.45,142.5,139.41,140.76,9769604,38069,256.63,7263820
2025-08-13,141.45,142.08,137.7,137.96,4652786,40584,114.65,2220070
2025-08-14,138.5,138.95,136.0,137.03,6395679,42908,149.06,3258168
2025-08-18,144.0,144.0,135.5,139.99,31021799,121450,255.43,7272112
2025-08-19,141.0,148.21,139.28,144.48,32327968,136594,236.67,6982533
2025-08-20,145.0,145.12,142.54,144.19,6371522,47672,133.65,2559920
2025-08-21,144.25,146.4,142.1,142.67,5173232,34238,151.1,1888869
2025-08-22,143.0,146.45,142.6,144.05,7337916,44306,165.62,1777536
2025-08-25,144.88,145.16,141.79,142.65,5352454,26934,198.72,2036383
2025-08-26,142.0,142.5,139.85,142.03,5982219,38549,155.18,2546583
2025-08-28,142.03,142.1,136.66,136.99,7054036,42917,164.36,2798966
2025-08-29,137.5,140.17,136.38,138.12,9346025,28883,323.58,5457435
2025-09-01,139.39,142.12,138.6,140.83,3470109,24675,140.63,1180636
2025-08-29,137.5,140.17,136.38,138.12,9346025,28883,323.58,5457435
2025-09-01,139.39,142.12,138.6,140.83,3470109,24675,140.63,1180636
2025-09-02,141.51,145.26,141.04,143.34,8115836,34448,235.6,3072992
2025-09-03,144.0,145.39,142.5,144.71,3705369,22591,164.02,1470447
2025-09-04,146.0,147.49,144.0,144.25,6241440,34933,178.67,2147160
2025-09-05,145.1,146.76,144.0,145.82,3311659,20301,163.13,1191796
2025-09-08,147.0,149.75,145.74,147.33,5950809,33249,178.98,2231947
2025-09-09,148.67,148.67,146.36,146.75,2367186,21030,112.56,988169
2025-09-10,147.49,151.1,147.49,149.22,6324855,32513,194.53,2176063
2025-09-11,149.95,150.2,147.76,148.48,2519424,18150,138.81,963104
2025-09-12,148.5,150.0,148.02,148.92,2048029,16887,121.28,842940
2025-09-15,149.7,153.15,148.9,151.32,5147619,31374,164.07,1675581
2025-09-16,152.0,152.4,150.5,151.3,3119100,21303,146.42,1355122
2025-09-17,152.0,152.78,149.62,150.4,2944389,19854,148.3,1371026
2025-09-18,151.27,151.4,147.97,148.7,3302704,20209,163.43,1610020
2025-09-19,148.89,153.47,148.7,151.34,13993672,48346,289.45,7126650
