Date,Open,High,Low,Close,Volume,TOTAL_TRADES,QTY_PER_TRADE,DLV_QTY
2008-02-12,54.5,59.5,42.1,51.65,20451929,,,
2008-02-13,52.5,56.0,49.15,50.9,5302931,,,
2008-02-14,53.85,54.5,50.9,51.9,1521771,,,
2008-02-15,50.0,51.45,48.35,50.15,1049020,,,
2008-02-18,51.9,59.9,50.0,59.2,5026190,,,
2008-02-19,59.95,62.9,54.6,55.5,3554039,,,
2008-02-20,55.5,56.8,53.5,54.1,1159969,,,
2008-02-21,55.5,57.35,53.8,54.75,617854,,,
2008-02-22,54.0,54.8,52.0,52.8,223882,,,
2008-02-25,54.4,54.4,49.75,50.2,284494,,,
2008-02-26,51.4,55.3,50.25,52.2,1076570,,,
2008-02-27,52.65,56.5,52.3,52.9,1183534,,,
2008-02-28,53.5,55.5,52.5,53.4,500837,,,
2008-02-29,52.95,54.0,50.7,51.4,178046,,,
2008-03-03,50.0,51.25,47.5,48.15,236120,,,
2008-03-04,50.0,50.0,45.1,46.6,192748,,,
2008-03-05,46.9,47.5,44.0,44.75,105681,,,
2008-03-07,42.55,43.5,39.15,40.8,147241,,,
2008-03-10,39.1,44.5,37.05,42.0,175549,,,
2008-03-11,39.2,47.15,39.2,45.8,281179,,,
2008-03-12,47.5,49.35,43.4,44.1,133579,,,
2008-03-13,42.5,43.5,40.0,40.6,91602,,,
2008-03-14,39.55,42.0,38.5,41.0,126539,,,
2008-03-17,39.9,39.9,35.45,37.4,61480,,,
2008-03-18,34.5,39.0,34.15,36.65,58450,,,
2008-03-19,39.0,41.25,35.8,39.15,179171,,,
2008-03-24,40.5,40.5,36.0,36.3,44910,,,
2008-03-25,32.0,39.2,32.0,37.65,56752,,,
2008-03-26,38.5,40.5,37.0,38.5,88053,,,
2008-03-27,38.0,40.7,37.2,39.55,63812,,,
2008-03-28,40.25,41.3,38.5,40.7,69780,,,
2008-03-31,40.5,44.2,39.65,40.2,192477,,,
2008-04-01,41.0,42.0,40.2,41.0,37149,,,
2008-04-02,42.9,42.9,40.0,40.5,36997,,,
2008-04-03,41.0,41.5,39.05,39.7,29362,,,
2008-04-04,40.0,45.75,39.5,43.9,438007,,,
2008-04-07,47.85,47.85,43.0,44.1,208656,,,
2008-04-08,43.0,47.9,43.0,45.9,205408,,,
2008-04-09,44.0,48.65,44.0,47.25,247994,,,
2008-04-10,47.75,48.75,46.3,46.4,97622,,,
2008-04-11,46.8,47.9,45.3,45.9,59506,,,
2008-04-15,44.85,47.8,44.5,46.0,67231,,,
2008-04-16,46.25,47.3,44.1,44.5,78719,,,
2008-04-17,46.0,47.5,45.25,46.0,99135,,,
2008-04-21,46.9,50.95,46.0,50.0,312446,,,
2008-04-22,49.85,51.2,48.25,49.0,90763,,,
2008-04-23,49.5,52.65,48.6,51.35,190816,,,
2008-04-24,52.0,54.25,51.15,52.0,200437,,,
2008-04-25,53.6,53.6,50.55,51.05,60878,,,
2008-04-28,53.0,55.6,51.6,52.65,482462,,,
2008-04-29,53.5,53.85,52.1,52.9,89547,,,
2008-04-30,52.5,55.0,52.5,53.05,173234,,,
2008-05-02,53.5,54.5,52.55,52.8,82918,,,
2008-05-05,53.05,55.75,53.0,53.45,120578,,,
2008-05-06,53.6,54.1,51.25,52.0,57829,,,
2008-05-07,46.8,53.5,46.8,52.9,41885,,,
2008-05-08,51.6,56.95,51.6,55.95,346257,,,
2008-05-09,55.0,57.25,51.75,52.45,116966,,,
2008-05-12,52.45,52.8,49.25,51.0,54389,,,
2008-05-13,52.15,54.7,51.0,51.3,68347,,,
2008-05-14,51.6,53.25,51.35,52.4,31882,,,
2008-05-15,52.25,53.6,52.25,53.1,25410,,,
2008-05-16,53.0,56.85,53.0,56.3,218914,,,
2008-05-20,52.5,61.25,52.5,59.6,760561,,,
2008-05-21,59.45,63.8,57.6,62.55,696003,,,
2008-05-22,60.1,65.85,60.1,60.65,501595,,,
2008-05-23,61.45,62.95,56.5,57.1,186378,,,
2008-05-26,55.05,56.5,53.6,54.15,146102,,,
2008-05-27,53.8,55.4,52.6,53.2,35356,,,
2008-05-28,53.5,53.75,52.0,53.15,38085,,,
2008-05-29,53.05,54.5,50.5,51.7,34503,,,
2008-05-30,53.0,53.25,49.25,51.8,69651,,,
2008-06-02,53.0,55.5,51.4,53.9,118007,,,
2008-06-03,51.55,53.75,50.75,53.1,43513,,,
2008-06-04,52.5,53.75,45.15,49.5,34118,,,
2008-06-05,52.45,52.45,47.5,50.25,27285,,,
2008-06-06,52.5,52.5,49.0,49.75,18873,,,
2008-06-09,48.3,48.3,44.55,45.2,31332,,,
2008-06-10,44.5,49.95,44.0,45.75,19856,,,
2008-06-11,46.5,47.3,44.05,44.6,143394,,,
2008-06-12,44.5,45.75,40.3,44.85,25020,,,
2008-06-13,45.0,47.15,44.55,45.1,25516,,,
2008-06-16,45.7,46.8,45.4,46.2,10098,,,
2008-06-17,45.6,47.25,45.5,46.5,12047,,,
2008-06-18,46.05,49.5,46.05,48.1,59133,,,
2008-06-19,47.0,48.0,45.5,46.3,17137,,,
2008-06-20,46.0,47.75,42.55,43.25,15950,,,
2008-06-23,40.4,43.75,40.0,42.65,39509,,,
2008-06-24,42.0,45.0,42.0,43.7,58567,,,
2008-06-25,43.45,45.25,41.9,44.5,42562,,,
2008-06-26,44.75,45.9,43.25,44.4,14525,,,
2008-06-27,42.5,44.0,41.6,43.3,21841,,,
2008-06-30,43.0,43.0,40.75,42.65,26247,,,
2008-07-01,41.35,43.0,40.0,41.4,13537,,,
2008-07-02,40.3,41.0,37.5,39.9,53429,,,
2008-07-03,41.45,41.75,35.6,36.15,11914,,,
2008-07-04,36.1,42.0,36.0,40.4,51146,,,
2008-07-07,40.0,42.95,40.0,41.7,13463,,,
2008-07-08,40.75,45.9,39.75,43.15,19967,,,
2008-07-09,43.5,47.0,43.5,44.95,29248,,,
2008-07-10,43.1,46.25,43.1,44.85,33146,,,
2008-07-11,45.0,45.2,42.55,44.15,32950,,,
2008-07-14,44.0,44.25,42.9,43.4,5258,,,
2008-07-15,43.0,43.0,41.0,41.2,3193,,,
2008-07-16,41.5,42.9,39.0,39.9,6423,,,
2008-07-17,42.9,42.9,40.4,40.75,3365,,,
2008-07-18,40.5,41.75,40.5,41.4,3974,,,
2008-07-21,39.75,41.5,39.75,40.8,7017,,,
2008-07-22,40.4,43.0,40.25,41.9,4602,,,
2008-07-23,42.95,50.3,42.95,50.3,76946,,,
2008-07-24,54.5,54.5,47.1,47.9,85502,,,
2008-07-25,47.0,50.5,45.85,48.0,46057,,,
2008-07-28,47.5,50.0,47.5,48.4,26117,,,
2008-07-29,48.25,48.25,45.55,46.8,8334,,,
2008-07-30,47.75,48.9,45.0,46.0,9313,,,
2008-07-31,48.65,49.0,45.5,46.4,9492,,,
2008-08-01,47.5,47.95,45.5,46.25,11187,,,
2008-08-04,38.3,47.0,38.15,45.9,12241,,,
2008-08-05,44.5,46.9,44.5,46.65,8923,,,
2008-08-06,47.75,48.5,45.05,45.5,28336,,,
2008-08-07,46.05,46.75,45.55,46.4,3155,,,
2008-08-08,42.5,47.1,42.5,45.5,8706,,,
2008-08-11,45.55,48.7,45.55,46.4,35074,,,
2008-08-12,46.3,47.0,43.0,45.9,15732,,,
2008-08-13,46.25,46.45,45.0,45.15,7181,,,
2008-08-14,46.0,46.0,44.0,44.15,6681,,,
2008-08-18,42.75,45.5,42.75,44.45,14818,,,
2008-08-19,44.95,45.0,42.55,42.7,7773,,,
2008-08-20,43.0,45.45,43.0,44.95,19476,,,
2008-08-21,44.5,45.75,43.5,44.1,11258,,,
2008-08-22,44.5,44.5,43.0,43.3,5245,,,
2008-08-25,44.75,44.75,38.3,41.8,14355,,,
2008-08-26,41.0,43.9,41.0,43.05,4081,,,
2008-08-27,42.5,47.5,42.5,45.4,42052,,,
2008-08-28,47.75,52.35,43.6,44.2,59997,,,
2008-08-29,44.5,46.5,43.9,44.25,7555,,,
2008-09-01,44.5,45.2,43.75,44.75,4134,,,
2008-09-02,44.75,45.65,44.5,44.9,7642,,,
2008-09-04,44.5,45.55,44.5,44.75,4086,,,
2008-09-05,44.5,44.75,44.0,44.15,3683,,,
2008-09-08,44.95,46.75,44.3,44.75,9748,,,
2008-09-09,43.6,47.5,43.6,45.1,61255,,,
2008-09-10,45.0,45.25,43.5,43.75,8071,,,
2008-09-11,42.8,44.15,42.8,43.6,4045,,,
2008-09-12,41.5,45.0,41.5,43.7,6125,,,
2008-09-15,42.7,42.7,38.4,41.0,6821,,,
2008-09-16,39.5,40.75,39.05,40.3,6812,,,
2008-09-17,41.5,41.5,40.0,40.65,7916,,,
2008-09-18,39.0,39.0,35.0,37.0,38761,,,
2008-09-19,43.95,43.95,38.5,39.0,5249,,,
2008-09-22,41.9,41.9,38.5,38.9,4885,,,
2008-09-23,37.75,39.7,36.6,38.4,10095,,,
2008-09-24,39.5,43.95,38.0,40.8,37770,,,
2008-09-25,42.1,42.7,40.2,41.15,15806,,,
2008-09-26,40.3,41.75,39.05,41.0,10459,,,
2008-09-29,39.25,41.25,37.6,40.2,13049,,,
2008-09-30,35.5,43.7,35.25,41.05,27319,,,
2008-10-01,41.1,44.0,40.55,42.85,11686,,,
2008-10-03,42.45,44.0,40.0,40.65,5280,,,
2008-10-06,40.0,42.5,37.5,39.2,19243,,,
2008-10-07,40.0,42.0,38.0,39.3,17053,,,
2008-10-08,39.4,40.5,36.0,39.85,22038,,,
2008-10-10,39.0,41.1,37.5,39.1,15673,,,
2008-10-13,38.5,41.5,38.5,40.15,30530,,,
2008-10-14,42.0,42.0,37.55,38.1,15190,,,
2008-10-15,37.5,38.9,36.5,37.05,12209,,,
2008-10-16,31.75,37.5,31.75,36.0,11445,,,
2008-10-17,37.45,37.5,33.0,35.7,13198,,,
2008-10-20,35.0,35.75,34.0,34.8,8844,,,
2008-10-21,35.5,37.5,34.0,36.4,9588,,,
2008-10-22,36.25,37.25,34.75,36.4,4898,,,
2008-10-23,35.5,38.0,33.5,37.4,15806,,,
2008-10-24,35.0,36.2,31.2,33.4,12527,,,
2008-10-27,32.55,34.4,27.25,33.4,7157,,,
2008-10-28,33.0,35.0,33.0,34.3,1861,,,
2008-10-29,35.0,35.0,32.05,34.4,6066,,,
2008-10-31,33.0,36.0,33.0,35.25,6583,,,
2008-11-03,35.5,36.5,35.0,35.55,2921,,,
2008-11-04,34.0,37.0,34.0,36.55,3660,,,
2008-11-05,38.5,38.5,35.0,35.55,1741,,,
2008-11-06,34.0,35.5,34.0,34.7,764,,,
2008-11-07,35.0,36.2,34.55,35.75,2079,,,
2008-11-10,36.45,38.0,36.25,37.15,6516,,,
2008-11-11,36.5,37.0,34.8,36.7,2697,,,
2008-11-12,35.0,37.2,35.0,36.2,2016,,,
2008-11-14,35.75,36.45,35.0,35.5,989,,,
2008-11-17,33.2,35.5,33.2,34.95,6950,,,
2008-11-18,34.5,35.0,33.6,34.0,2166,,,
2008-11-19,33.65,34.75,33.6,33.8,2146,,,
2008-11-20,32.5,34.0,30.0,32.9,1035,,,
2008-11-21,33.5,35.0,32.05,33.75,1758,,,
2008-11-24,35.0,35.0,33.9,34.55,1069,,,
2008-11-25,34.5,35.1,34.3,34.7,1343,,,
2008-11-26,31.0,34.5,30.75,33.9,3004,,,
2008-11-28,33.5,35.0,31.7,33.5,2552,,,
2008-12-01,32.5,35.25,32.5,34.15,1702,,,
2008-12-02,32.55,34.9,32.55,34.2,4082,,,
2008-12-03,33.35,34.2,32.65,33.4,7312,,,
2008-12-04,34.95,34.95,32.5,32.7,3387,,,
2008-12-05,32.75,33.7,32.5,33.4,1545,,,
2008-12-08,33.5,37.2,32.0,33.4,311631,,,
2008-12-10,33.5,35.5,32.6,34.0,36045,,,
2008-12-11,34.6,35.25,32.9,33.4,12056,,,
2008-12-12,32.55,33.5,32.5,33.1,6706,,,
2008-12-15,34.3,35.25,33.5,34.15,27150,,,
2008-12-16,33.5,35.0,33.5,34.4,7008,,,
2008-12-17,34.25,36.0,33.3,34.0,67341,,,
2008-12-18,34.25,34.9,34.05,34.15,5845,,,
2008-12-19,32.5,35.9,32.5,33.65,40443,,,
2008-12-22,34.25,34.5,33.0,33.15,5244,,,
2008-12-23,33.2,34.45,31.0,31.45,8117,,,
2008-12-24,30.5,32.5,30.5,31.1,2642,,,
2008-12-26,31.7,31.7,28.75,29.4,4377,,,
2008-12-29,29.25,29.5,27.8,29.05,3794,,,
2008-12-30,29.0,30.6,29.0,29.25,5744,,,
2008-12-31,29.8,30.9,29.0,30.4,2830,,,
2009-01-01,29.75,31.9,29.2,31.15,5626,,,
2009-01-02,31.0,33.0,30.4,32.5,19290,,,
2009-01-05,33.5,34.0,31.65,32.55,15014,,,
2009-01-06,32.2,34.25,31.3,31.7,7283,,,
2009-01-07,32.0,32.5,30.0,30.1,7468,,,
2009-01-09,25.8,29.9,25.8,28.8,5278,,,
2009-01-12,25.5,31.5,25.5,29.25,1860,,,
2009-01-13,28.8,30.45,28.5,28.5,820,,,
2009-01-14,30.0,30.0,28.6,29.5,689,,,
2009-01-15,28.6,28.7,27.65,28.0,2534,,,
2009-01-16,26.0,29.8,25.55,28.55,2427,,,
2009-01-19,28.0,29.5,27.8,29.05,1323,,,
2009-01-20,28.5,30.0,27.5,29.25,1697,,,
2009-01-21,29.05,29.5,28.5,29.1,1851,,,
2009-01-22,28.25,30.0,27.6,28.4,2556,,,
2009-01-23,29.0,29.5,27.75,28.05,2510,,,
2009-01-27,28.5,28.5,27.0,28.3,3399,,,
2009-01-28,28.25,30.2,27.75,29.1,3112,,,
2009-01-29,28.1,30.2,28.1,29.25,1363,,,
2009-01-30,29.25,30.0,28.9,29.5,1379,,,
2009-02-02,29.75,30.0,29.0,29.25,1026,,,
2009-02-03,29.25,29.7,28.6,29.3,846,,,
2009-02-04,28.65,29.5,28.5,28.5,3612,,,
2009-02-05,28.05,30.45,28.05,29.2,7192,,,
2009-02-06,30.0,30.2,29.1,29.55,10202,,,
2009-02-09,29.1,30.5,29.1,29.4,2633,,,
2009-02-10,29.75,31.25,29.25,31.0,3577,,,
2009-02-11,29.5,31.25,29.5,31.25,1806,,,
2009-02-12,30.0,32.25,30.0,30.8,1600,,,
2009-02-13,30.0,30.75,29.5,29.7,5542,,,
2009-02-16,29.95,30.5,29.0,29.1,2474,,,
2009-02-17,30.9,30.9,25.5,28.5,4635,,,
2009-02-18,28.0,29.0,26.7,28.7,1554,,,
2009-02-19,28.75,29.25,28.25,28.5,1725,,,
2009-02-20,28.0,29.0,27.1,28.55,3762,,,
2009-02-24,27.5,28.2,27.1,27.6,2020,,,
2009-02-25,27.5,29.25,27.5,28.8,2340,,,
2009-02-26,28.5,29.9,27.6,28.4,1939,,,
2009-02-27,28.1,28.65,27.25,27.5,1008,,,
2009-03-02,26.5,28.5,26.0,27.2,1158,,,
2009-03-03,23.5,30.75,23.5,26.4,1950,,,
2009-03-04,26.15,26.7,26.0,26.05,965,,,
2009-03-05,25.5,26.1,25.1,25.55,1953,,,
2009-03-06,25.25,25.25,23.5,24.05,3665,,,
2009-03-09,21.65,27.0,21.65,22.5,6848,,,
2009-03-12,22.0,22.5,21.0,21.8,4702,,,
2009-03-13,22.25,22.7,21.25,21.5,6384,,,
2009-03-16,21.0,22.75,21.0,21.5,9048,,,
2009-03-17,22.1,22.2,20.0,20.45,15179,,,
2009-03-18,20.3,21.0,19.5,19.7,27413,,,
2009-03-19,20.5,20.75,19.75,19.9,18734,,,
2009-03-20,20.0,21.0,19.5,20.2,13739,,,
2009-03-23,20.0,21.5,20.0,20.75,6774,,,
2009-03-24,21.0,21.5,20.0,20.1,14178,,,
2009-03-25,20.0,20.7,20.0,20.15,8292,,,
2009-03-26,20.6,21.25,19.5,19.75,8412,,,
2009-03-27,19.75,21.4,19.25,20.6,20729,,,
2009-03-30,20.6,23.0,17.6,20.45,9426,,,
2009-03-31,20.4,20.6,19.6,20.0,2660,,,
2009-04-01,20.6,22.4,19.05,19.75,22037,,,
2009-04-02,20.0,22.75,20.0,22.25,38133,,,
2009-04-06,22.65,23.9,22.25,23.4,20727,,,
2009-04-08,21.6,26.7,21.6,26.1,44331,,,
2009-04-09,28.0,31.0,27.75,28.25,63860,,,
2009-04-13,28.7,30.0,27.75,28.7,21916,,,
2009-04-15,29.25,29.9,28.25,29.2,23996,,,
2009-04-16,30.0,30.1,26.6,28.1,19075,,,
2009-04-17,28.25,29.0,27.55,27.85,5188,,,
2009-04-20,28.1,28.25,26.05,27.75,2804,,,
2009-04-21,27.5,27.8,26.6,27.2,3060,,,
2009-04-22,27.0,29.5,27.0,28.7,9889,,,
2009-04-23,28.0,29.65,27.5,29.25,7657,,,
2009-04-24,29.7,32.2,28.8,31.3,45325,,,
2009-04-27,32.6,34.5,31.6,32.25,72983,,,
2009-04-28,32.0,32.5,29.4,29.7,11301,,,
2009-04-29,32.45,32.45,29.0,30.7,4965,,,
2009-05-04,32.45,33.2,30.0,30.6,16179,,,
2009-05-05,31.0,31.0,29.5,29.8,10772,,,
2009-05-06,30.0,32.8,29.65,32.4,59620,,,
2009-05-07,33.2,34.9,31.5,32.6,22248,,,
2009-05-08,32.5,33.7,30.6,31.65,10105,,,
2009-05-11,32.5,35.9,31.25,33.6,142854,,,
2009-05-12,33.3,34.0,32.0,32.5,14781,,,
2009-05-13,32.1,32.7,31.5,32.0,12468,,,
2009-05-14,33.5,33.5,30.0,30.45,19313,,,
2009-05-15,32.0,32.0,30.05,30.85,8125,,,
2009-05-19,37.0,37.0,33.25,36.75,60229,,,
2009-05-20,38.35,42.25,38.0,40.65,50495,,,
2009-05-21,41.0,48.8,41.0,42.75,91944,,,
2009-05-22,41.1,46.4,40.3,42.95,31225,,,
2009-05-25,43.5,46.25,42.5,45.15,42891,,,
2009-05-26,47.65,48.5,41.5,42.5,23538,,,
2009-05-27,43.5,46.75,43.5,46.75,42250,,,
2009-05-28,48.65,51.4,47.5,50.5,136375,,,
2009-05-29,50.5,55.6,50.5,55.6,95747,,,
2009-06-01,55.75,58.4,55.75,58.4,125753,,,
2009-06-02,59.0,60.85,55.5,55.6,122111,,,
2009-06-03,56.0,58.0,53.0,54.9,37562,,,
2009-06-04,54.0,57.65,52.25,57.4,122225,,,
2009-06-05,58.0,60.25,55.1,55.7,81797,,,
2009-06-08,56.5,56.5,52.95,52.95,19226,,,
2009-06-09,52.25,53.8,50.3,52.7,20189,,,
2009-06-10,52.25,55.0,50.1,50.7,23177,,,
2009-06-11,51.0,52.9,48.5,51.25,32594,,,
2009-06-12,51.05,53.4,48.75,50.2,15407,,,
2009-06-15,49.0,50.2,47.8,48.05,12043,,,
2009-06-16,47.5,50.5,46.75,50.5,16363,,,
2009-06-17,51.5,51.95,47.95,48.4,16982,,,
2009-06-18,48.0,48.5,46.0,46.65,22469,,,
2009-06-19,47.0,48.9,45.0,45.9,8953,,,
2009-06-22,46.95,48.0,46.1,46.65,4527,,,
2009-06-23,45.05,47.5,44.5,47.25,63766,,,
2009-06-24,47.9,48.5,45.5,47.25,4468,,,
2009-06-25,47.8,49.0,47.0,47.15,5140,,,
2009-06-26,49.55,49.55,49.05,49.55,3895,,,
2009-06-29,52.05,52.05,52.05,52.05,2200,,,
2009-06-30,54.65,54.65,52.05,53.8,96271,,,
2009-07-01,53.5,56.5,51.5,53.9,15366,,,
2009-07-02,55.0,55.5,53.5,54.1,24592,,,
2009-07-03,53.5,55.5,52.1,54.6,25757,,,
2009-07-06,56.0,57.35,51.9,51.9,53450,,,
2009-07-07,51.5,52.25,47.6,49.9,17163,,,
2009-07-08,49.0,49.0,46.0,47.1,12085,,,
2009-07-09,46.75,48.45,45.1,47.25,10626,,,
2009-07-10,47.0,48.0,46.25,46.6,8783,,,
2009-07-13,46.0,48.75,44.5,48.05,119641,,,
2009-07-14,50.0,52.5,49.0,50.2,16623,,,
2009-07-15,49.5,53.0,49.5,51.8,137631,,,
2009-07-16,52.0,52.7,49.55,49.95,108309,,,
2009-07-17,49.5,51.6,47.5,49.8,113017,,,
2009-07-20,50.5,51.2,49.8,50.2,11695,,,
2009-07-21,50.9,55.25,50.9,55.2,155092,,,
2009-07-22,57.5,59.1,53.65,54.05,232755,,,
2009-07-23,53.75,56.9,53.75,56.25,165773,,,
2009-07-24,56.0,58.15,55.8,57.5,64503,,,
2009-07-27,58.0,60.5,57.5,59.1,138427,,,
2009-07-28,59.5,59.9,58.1,58.95,57613,,,
2009-07-29,59.0,59.6,57.15,58.15,89492,,,
2009-07-30,59.6,62.0,58.0,59.6,170338,,,
2009-07-31,61.0,61.4,57.05,57.85,58722,,,
2009-08-03,58.75,60.75,57.55,60.4,67935,,,
2009-08-04,60.75,61.4,59.75,61.0,52665,,,
2009-08-05,61.0,63.5,60.0,62.05,64132,,,
2009-08-06,61.1,62.75,60.3,60.9,35547,,,
2009-08-07,60.0,60.8,58.25,58.7,52525,,,
2009-08-10,60.1,60.5,57.5,58.3,12149,,,
2009-08-11,58.0,59.0,57.5,58.3,11906,,,
2009-08-12,57.5,60.95,57.5,59.3,75032,,,
2009-08-13,60.25,63.25,60.0,61.45,34464,,,
2009-08-14,62.0,63.0,61.55,61.7,41694,,,
2009-08-17,60.45,61.5,59.65,60.9,18269,,,
2009-08-18,59.65,61.35,59.65,60.55,17545,,,
2009-08-19,61.0,61.1,59.6,60.1,113026,,,
2009-08-20,60.5,61.7,59.55,59.95,12636,,,
2009-08-21,60.5,64.65,59.5,63.1,60813,,,
2009-08-24,63.5,67.5,63.5,65.75,109713,,,
2009-08-25,65.5,70.05,65.3,69.6,106902,,,
2009-08-26,70.0,71.5,68.0,68.45,84509,,,
2009-08-27,68.05,70.0,66.5,66.95,38900,,,
2009-08-28,66.5,68.3,64.3,66.0,36596,,,
2009-08-31,65.25,66.45,64.3,65.65,17233,,,
2009-09-01,65.75,69.25,63.0,65.0,26963,,,
2009-09-02,64.5,66.45,63.5,64.75,26661,,,
2009-09-03,66.45,67.0,65.15,66.8,28511,,,
2009-09-04,68.0,70.5,67.55,68.85,73351,,,
2009-09-07,69.05,74.45,69.05,72.6,129592,,,
2009-09-08,73.75,74.25,71.0,71.65,87101,,,
2009-09-09,71.0,75.8,71.0,72.65,286340,,,
2009-09-10,73.5,75.8,71.5,72.8,142751,,,
2009-09-11,73.5,73.85,71.4,72.6,54818,,,
2009-09-14,73.0,73.4,71.6,72.8,32733,,,
2009-09-15,72.5,74.35,72.5,72.55,15039,,,
2009-09-16,73.0,74.2,70.75,71.4,34194,,,
2009-09-17,71.55,78.0,70.5,77.4,173812,,,
2009-09-18,77.5,81.75,74.4,79.15,155905,,,
2009-09-22,80.0,81.0,76.6,77.3,44564,,,
2009-09-23,77.25,78.5,75.05,76.4,42644,,,
2009-09-24,76.25,77.95,75.0,77.05,22731,,,
2009-09-25,76.25,81.2,76.0,78.1,60531,,,
2009-09-29,78.05,90.9,78.05,88.95,655372,,,
2009-09-30,87.4,90.7,84.8,85.6,431611,,,
2009-10-01,85.5,86.2,80.0,84.05,228986,,,
2009-10-05,84.0,89.2,82.5,84.65,358725,,,
2009-10-06,86.0,89.35,85.5,87.3,253181,,,
2009-10-07,87.5,89.7,86.0,86.6,132436,,,
2009-10-08,86.75,89.65,86.05,86.65,294064,,,
2009-10-09,86.65,89.5,85.8,86.9,269393,,,
2009-10-12,87.0,90.5,86.25,88.4,236510,,,
2009-10-14,90.0,92.2,87.9,88.4,221222,,,
2009-10-15,88.75,90.5,88.0,88.45,162584,,,
2009-10-16,87.5,91.3,87.5,89.5,199615,,,
2009-10-17,89.75,91.25,89.0,89.65,32552,,,
2009-10-20,90.25,91.15,88.6,89.4,184399,,,
2009-10-21,89.5,94.0,89.25,90.75,215799,,,
2009-10-22,90.75,92.5,87.0,87.7,148618,,,
2009-10-23,88.0,90.0,87.1,87.95,199795,,,
2009-10-26,88.0,94.4,87.65,89.3,145842,,,
2009-10-27,89.0,89.65,84.5,85.25,158016,,,
2009-10-28,86.0,87.9,80.6,85.6,169541,,,
2009-10-29,85.0,87.0,84.0,85.3,114697,,,
2009-10-30,85.5,88.0,85.05,85.3,145498,,,
2009-11-03,85.25,87.75,84.0,85.15,152040,,,
2009-11-04,86.0,88.5,84.55,86.35,124375,,,
2009-11-05,86.35,87.2,85.5,86.2,131556,,,
2009-11-06,87.0,88.9,86.5,87.7,147785,,,
2009-11-09,88.25,91.8,87.3,90.35,149614,,,
2009-11-10,91.45,95.1,87.5,87.95,272176,,,
2009-11-11,88.75,90.5,87.25,88.05,107388,,,
2009-11-12,87.75,95.0,87.75,91.25,161836,,,
2009-11-13,91.25,93.25,91.0,91.7,92270,,,
2009-11-16,92.25,93.85,91.75,92.2,118357,,,
2009-11-17,92.5,93.0,90.6,91.4,100079,,,
2009-11-18,92.0,96.2,91.25,92.65,154952,,,
2009-11-19,92.75,93.5,91.0,91.4,129058,,,
2009-11-20,91.0,93.4,89.3,91.1,98132,,,
2009-11-23,91.5,93.75,90.75,91.2,112566,,,
2009-11-24,91.75,93.4,91.0,91.8,101009,,,
2009-11-25,92.0,95.0,91.25,91.6,101830,,,
2009-11-26,94.0,94.0,90.5,91.7,77558,,,
2009-11-27,90.0,91.0,88.25,90.25,89559,,,
2009-11-30,91.0,92.35,90.05,90.45,69713,,,
2009-12-01,91.25,91.5,86.3,87.4,175158,,,
2009-12-02,88.75,91.9,87.1,90.5,165296,,,
2009-12-03,90.5,91.8,90.1,90.75,122844,,,
2009-12-04,91.0,92.85,85.5,92.15,187580,,,
2009-12-07,93.5,95.6,92.8,94.4,166124,,,
2009-12-08,92.1,95.65,91.35,92.1,167218,,,
2009-12-09,93.2,93.2,89.8,91.1,360326,,,
2009-12-10,92.0,92.35,90.0,90.7,144439,,,
2009-12-11,91.0,91.95,89.65,91.15,156756,,,
2009-12-14,90.45,91.75,89.5,90.55,156435,,,
2009-12-15,90.55,91.2,89.0,89.15,139468,,,
2009-12-16,89.4,91.75,89.4,91.2,136380,,,
2009-12-17,90.5,92.0,89.8,90.8,142318,,,
2009-12-18,90.0,91.65,89.75,90.45,143693,,,
2009-12-21,90.5,91.2,81.75,90.7,152140,,,
2009-12-22,90.5,91.0,90.15,90.4,154055,,,
2009-12-23,90.0,93.95,90.0,92.9,198156,,,
2009-12-24,93.0,93.85,91.25,91.85,166157,,,
2009-12-29,92.7,93.7,91.55,92.5,233512,,,
2009-12-30,92.5,93.0,91.6,91.9,127381,,,
2009-12-31,92.5,95.5,92.0,92.8,152332,,,
2010-01-04,93.5,94.45,91.35,92.6,287038,,,
2010-01-05,93.4,95.75,92.0,94.3,297805,,,
2010-01-06,95.0,97.0,93.5,94.4,132817,,,
2010-01-07,95.0,102.1,93.5,96.45,449377,,,
2010-01-08,95.1,97.5,94.5,95.5,211655,,,
2010-01-11,94.7,97.75,94.7,95.8,136051,,,
2010-01-12,95.5,99.0,89.55,91.1,187560,,,
2010-01-13,90.95,93.2,89.65,92.6,147518,,,
2010-01-14,93.5,94.3,92.0,92.45,127725,,,
2010-01-15,93.0,93.95,91.8,92.45,18613,,,
2010-01-18,92.5,93.0,90.9,92.1,117465,,,
2010-01-19,91.55,93.0,90.0,91.8,147763,,,
2010-01-20,92.8,92.95,90.1,91.6,126629,,,
2010-01-21,90.5,92.2,89.0,89.8,147296,,,
2010-01-22,87.0,91.45,85.5,90.85,134802,,,
2010-01-25,89.5,98.8,89.5,95.4,363628,,,
2010-01-27,94.1,95.45,87.7,89.7,149532,,,
2010-01-28,90.6,92.15,86.5,87.65,121417,,,
2010-01-29,86.5,96.5,85.2,92.8,141169,,,
2010-02-01,95.0,95.0,90.0,92.1,135754,,,
2010-02-02,94.9,94.9,88.6,89.9,100455,,,
2010-02-03,91.9,92.3,89.1,90.05,133594,,,
2010-02-04,89.9,93.25,88.5,90.1,110531,,,
2010-02-05,89.0,90.5,79.1,89.65,82370,,,
2010-02-06,91.45,91.45,89.05,90.6,878,,,
2010-02-08,91.7,91.7,90.0,91.15,114941,,,
2010-02-09,90.0,93.0,89.5,92.25,130344,,,
2010-02-10,91.95,94.5,90.5,93.4,116449,,,
2010-02-11,93.0,95.45,92.5,93.3,92364,,,
2010-02-15,92.5,94.0,91.7,92.65,126907,,,
2010-02-16,94.0,95.5,92.5,94.6,157648,,,
2010-02-17,95.0,96.4,93.6,94.45,137806,,,
2010-02-18,94.0,97.0,92.95,95.6,128165,,,
2010-02-19,94.5,96.1,93.1,94.25,129513,,,
2010-02-22,93.0,95.5,93.0,93.9,81496,,,
2010-02-23,93.0,95.0,92.0,92.85,90320,,,
2010-02-24,92.0,94.7,91.6,93.7,99696,,,
2010-02-25,95.0,95.0,92.4,93.0,101143,,,
2010-02-26,94.9,96.0,92.5,94.6,118090,,,
2010-03-02,92.15,97.25,92.15,96.8,136205,,,
2010-03-03,97.6,97.6,94.5,95.3,105792,,,
2010-03-04,96.0,102.9,95.1,99.65,185737,,,
2010-03-05,99.6,101.7,98.3,99.15,137347,,,
2010-03-08,100.0,100.5,97.25,98.0,113436,,,
2010-03-09,98.35,111.2,96.8,103.6,674279,,,
2010-03-10,104.0,107.6,101.4,102.65,133716,,,
2010-03-11,103.4,104.45,100.0,100.8,136351,,,
2010-03-12,102.0,102.0,100.1,100.8,134771,,,
2010-03-15,100.5,102.0,97.3,98.6,41186,,,
2010-03-16,99.7,101.9,98.8,99.8,18444,,,
2010-03-17,99.0,110.2,99.0,105.1,387703,,,
2010-03-18,105.1,111.7,103.05,105.45,266746,,,
2010-03-19,105.0,107.45,102.8,103.7,73346,,,
2010-03-22,102.0,105.7,101.25,103.9,78376,,,
2010-03-23,105.5,108.35,104.5,105.1,78934,,,
2010-03-25,105.0,105.25,103.25,104.45,265044,,,
2010-03-26,105.05,107.25,100.3,100.75,82890,,,
2010-03-29,101.5,104.45,100.15,101.35,48150,,,
2010-03-30,103.25,103.4,99.05,100.6,75494,,,
2010-03-31,100.55,102.45,99.75,100.6,67707,,,
2010-04-01,101.0,101.5,99.0,99.8,89406,,,
2010-04-05,101.4,101.7,98.3,98.9,81827,,,
2010-04-06,101.45,106.5,99.9,103.1,186677,,,
2010-04-07,104.0,106.5,99.75,100.6,244163,,,
2010-04-08,100.75,102.75,100.0,100.5,190223,,,
2010-04-09,101.55,102.6,101.0,101.9,111750,,,
2010-04-12,101.0,103.0,99.65,100.6,69862,,,
2010-04-13,101.0,101.75,98.75,100.25,75596,,,
2010-04-15,101.95,102.0,97.0,98.05,132766,,,
2010-04-16,98.2,102.55,98.2,100.3,111108,,,
2010-04-19,101.4,101.4,96.0,96.9,51707,,,
2010-04-20,97.0,99.5,96.1,98.45,90144,,,
2010-04-21,99.95,100.9,98.3,98.8,45418,,,
2010-04-22,100.5,104.0,99.2,101.95,189189,,,
2010-04-23,102.7,105.7,102.5,102.95,171275,,,
2010-04-26,103.5,104.9,102.75,103.7,47969,,,
2010-04-27,104.25,104.95,102.5,102.75,59917,,,
2010-04-28,101.5,102.45,99.5,99.95,51778,,,
2010-04-29,101.5,101.75,100.0,100.9,19743,,,
2010-04-30,102.5,102.6,101.6,102.4,24997,,,
2010-05-03,101.95,102.45,100.15,100.75,15586,,,
2010-05-04,102.15,102.15,97.75,98.55,39110,,,
2010-05-05,96.5,98.9,95.0,97.75,33813,,,
2010-05-06,97.75,98.5,95.65,96.15,34371,,,
2010-05-07,95.1,95.5,92.25,93.3,29299,,,
2010-05-10,94.0,99.0,94.0,97.5,20186,,,
2010-05-11,96.5,97.9,95.8,97.3,17206,,,
2010-05-12,96.6,98.0,95.5,96.7,25564,,,
2010-05-13,97.3,98.5,95.65,98.3,22129,,,
2010-05-14,99.0,99.0,96.0,97.2,12085,,,
2010-05-17,97.15,97.15,93.6,95.5,14088,,,
2010-05-18,95.1,96.9,94.85,95.9,7261,,,
2010-05-19,94.9,96.9,89.5,90.45,46326,,,
2010-05-20,99.5,99.5,89.1,90.65,21046,,,
2010-05-21,87.55,91.5,85.65,90.3,23980,,,
2010-05-24,97.0,97.0,90.6,93.3,10638,,,
2010-05-25,92.45,92.5,87.3,89.65,37765,,,
2010-05-26,90.1,91.95,86.1,90.5,90549,,,
2010-05-27,88.7,91.0,88.15,90.6,30254,,,
2010-05-28,92.85,94.0,91.1,93.35,76263,,,
2010-05-31,94.75,100.0,93.55,97.15,64796,,,
2010-06-01,98.0,99.75,95.6,96.65,56680,,,
2010-06-02,96.65,104.5,96.5,100.6,216661,,,
2010-06-03,102.1,103.0,101.1,102.45,69461,,,
2010-06-04,102.5,105.5,101.05,103.35,238076,,,
2010-06-07,100.0,102.5,99.5,102.05,29701,,,
2010-06-08,102.0,103.2,101.1,102.0,20182,,,
2010-06-09,102.0,103.4,100.7,101.55,32895,,,
2010-06-10,100.0,103.4,100.0,102.7,10746,,,
2010-06-11,103.5,103.95,101.6,102.0,48292,,,
2010-06-14,103.0,103.0,100.2,102.3,36650,,,
2010-06-15,103.45,104.5,102.1,103.2,31757,,,
2010-06-16,102.9,102.95,100.6,101.8,27551,,,
2010-06-17,101.85,102.25,100.3,101.1,28967,,,
2010-06-18,102.1,107.7,101.95,102.6,264847,,,
2010-06-21,103.5,104.95,100.5,101.9,72717,,,
2010-06-22,102.6,104.3,101.0,101.3,184809,,,
2010-06-23,101.5,104.25,101.1,102.8,37515,,,
2010-06-24,103.1,104.0,102.05,102.65,29534,,,
2010-06-25,103.7,103.7,101.15,101.5,15229,,,
2010-06-28,101.75,103.45,101.55,102.1,42582,,,
2010-06-29,103.5,103.5,100.5,100.6,20273,,,
2010-06-30,101.25,102.0,99.0,100.6,15638,,,
2010-07-01,99.95,100.6,98.8,99.1,14412,,,
2010-07-02,99.15,100.5,96.5,98.5,27282,,,
2010-07-05,100.9,100.9,98.1,98.45,6157,,,
2010-07-06,100.0,100.0,98.5,98.95,11442,,,
2010-07-07,100.0,100.95,97.8,99.4,4314,,,
2010-07-08,100.4,101.0,98.05,99.2,21041,,,
2010-07-09,100.2,100.5,98.1,98.8,8759,,,
2010-07-12,99.0,100.5,98.15,98.45,22674,,,
2010-07-13,97.5,99.8,95.0,96.55,134840,,,
2010-07-14,98.25,101.4,97.0,99.4,267677,,,
2010-07-15,99.25,100.75,96.05,96.6,53113,,,
2010-07-16,97.15,98.25,96.8,97.1,20638,,,
2010-07-19,97.4,97.4,95.75,96.3,26330,,,
2010-07-20,98.1,100.8,97.3,99.65,142963,,,
2010-07-21,99.3,103.3,99.3,100.9,343331,,,
2010-07-22,100.5,102.4,100.0,101.65,177256,,,
2010-07-23,102.9,102.95,101.0,102.1,133719,,,
2010-07-26,95.0,104.0,95.0,100.75,72032,,,
2010-07-27,100.5,102.15,100.0,101.3,108575,,,
2010-07-28,102.0,102.0,99.5,99.9,103337,,,
2010-07-29,100.45,101.85,99.0,100.95,89208,,,
2010-07-30,100.8,100.8,98.55,99.1,91650,,,
2010-08-02,100.0,100.0,97.55,98.1,150893,,,
2010-08-03,99.3,100.25,98.1,98.6,61513,,,
2010-08-04,99.5,99.5,97.0,97.95,117185,,,
2010-08-05,98.45,99.25,96.5,98.4,66632,,,
2010-08-06,98.5,100.5,97.25,97.55,97879,,,
2010-08-09,98.4,98.95,96.9,97.55,72690,,,
2010-08-10,98.15,99.0,97.25,97.7,31963,,,
2010-08-11,98.1,98.5,96.75,97.4,27307,,,
2010-08-12,95.3,98.0,95.3,96.85,47624,,,
2010-08-13,97.3,97.9,96.95,97.45,12850,,,
2010-08-16,97.35,97.65,96.1,96.4,12936,,,
2010-08-17,96.8,98.0,95.6,96.65,37365,,,
2010-08-18,97.4,97.95,97.0,97.45,68519,,,
2010-08-19,98.85,103.95,97.5,101.0,130497,,,
2010-08-20,101.5,104.0,91.0,102.2,119962,,,
2010-08-23,101.0,104.75,101.0,103.1,59845,,,
2010-08-24,102.8,104.25,101.7,102.7,48231,,,
2010-08-25,103.45,103.45,99.0,99.55,28505,,,
2010-08-26,112.0,112.0,98.45,100.5,40026,,,
2010-08-27,100.25,100.95,97.65,98.15,33055,,,
2010-08-30,97.6,100.45,97.5,98.9,25364,,,
2010-08-31,100.0,100.0,96.6,97.25,18737,,,
2010-09-01,97.8,99.5,97.6,98.1,15393,,,
2010-09-02,99.0,101.45,98.45,100.8,42714,,,
2010-09-03,100.0,104.2,99.25,103.8,103660,,,
2010-09-06,104.5,111.9,104.5,109.1,357082,,,
2010-09-07,110.5,116.5,110.0,113.95,420321,,,
2010-09-08,116.0,120.4,113.6,115.0,682363,,,
2010-09-09,115.3,122.75,115.1,120.4,380299,,,
2010-09-13,122.0,126.5,121.0,123.6,366104,,,
2010-09-14,126.0,126.0,119.0,122.7,169491,,,
2010-09-15,122.7,126.2,121.75,122.4,108881,,,
2010-09-16,123.55,124.9,119.0,119.95,77051,,,
2010-09-17,120.9,123.9,120.9,122.2,61976,,,
2010-09-20,125.0,126.0,123.2,124.6,151734,,,
2010-09-21,123.5,126.4,120.0,120.6,103988,,,
2010-09-22,121.7,130.0,121.7,126.1,1696426,,,
2010-09-23,127.5,134.2,126.75,129.8,1007633,,,
2010-09-24,145.0,145.0,130.2,131.5,585748,,,
2010-09-27,133.7,134.4,130.3,131.3,203902,,,
2010-09-28,131.35,132.0,126.3,126.95,128951,,,
2010-09-29,127.7,128.45,124.15,125.9,83940,,,
2010-09-30,125.7,130.4,121.0,129.45,185028,,,
2010-10-01,131.55,133.0,126.9,131.1,81209,,,
2010-10-04,132.4,132.7,127.1,127.85,45935,,,
2010-10-05,129.35,132.4,126.1,131.3,194641,,,
2010-10-06,132.0,133.0,128.5,129.0,102768,,,
2010-10-07,130.45,131.4,121.9,125.6,84830,,,
2010-10-08,126.85,128.5,124.1,125.3,39559,,,
2010-10-11,128.3,128.5,121.1,122.4,60670,,,
2010-10-12,122.0,123.25,120.3,120.85,62135,,,
2010-10-13,122.95,128.4,120.2,126.9,91007,,,
2010-10-14,128.45,128.45,124.05,124.65,27597,,,
2010-10-15,124.5,126.0,123.0,124.3,33811,,,
2010-10-18,123.0,125.0,122.0,124.3,37833,,,
2010-10-19,124.25,127.4,123.2,125.55,32740,,,
2010-10-20,129.95,129.95,123.1,124.75,34490,,,
2010-10-21,126.95,128.5,123.75,124.3,79407,,,
2010-10-22,125.95,126.95,123.8,125.25,41747,,,
2010-10-25,125.0,128.45,124.1,125.15,53666,,,
2010-10-26,125.5,128.5,123.75,126.3,58074,,,
2010-10-27,131.5,131.5,124.6,125.6,57574,,,
2010-10-28,127.0,127.45,123.5,124.3,30865,,,
2010-10-29,124.9,126.3,121.3,122.55,27200,,,
2010-11-01,122.5,124.4,120.0,123.65,55041,,,
2010-11-02,123.9,124.9,121.5,123.25,21890,,,
2010-11-03,122.0,124.0,122.0,122.4,39667,,,
2010-11-04,122.9,124.55,121.05,123.7,33058,,,
2010-11-05,127.45,127.45,124.0,124.25,10500,,,
2010-11-08,123.0,129.25,122.75,128.8,153452,,,
2010-11-09,129.95,131.0,128.3,130.45,82445,,,
2010-11-10,130.45,132.9,129.0,132.15,73575,,,
2010-11-11,133.0,133.85,128.1,129.1,69493,,,
2010-11-12,127.1,129.5,124.5,125.4,32547,,,
2010-11-15,125.0,125.9,122.6,123.55,64111,,,
2010-11-16,123.45,123.9,117.8,118.4,369982,,,
2010-11-18,123.5,123.6,117.5,119.7,43267,,,
2010-11-19,118.0,122.45,117.0,117.9,57735,,,
2010-11-22,119.0,120.0,117.75,119.1,31145,,,
2010-11-23,119.0,119.75,115.2,116.6,15096,,,
2010-11-24,116.8,119.45,116.55,118.1,51451,,,
2010-11-25,118.45,118.5,113.2,115.45,29329,,,
2010-11-26,114.75,114.75,101.0,109.5,112309,,,
2010-11-29,110.05,113.0,101.5,110.85,140003,,,
2010-11-30,108.0,113.0,105.05,111.4,25632,,,
2010-12-01,112.5,114.0,111.3,112.8,21015,,,
2010-12-02,112.6,114.4,108.0,108.7,31291,,,
2010-12-03,105.0,105.3,95.6,97.3,117119,,,
2010-12-06,97.5,100.0,91.5,94.0,108423,,,
2010-12-07,92.9,94.8,90.8,91.75,77859,,,
2010-12-08,90.4,91.5,86.0,87.4,28298,,,
2010-12-09,86.95,86.95,72.5,77.9,97745,,,
2010-12-10,74.0,83.5,73.8,82.65,21020,,,
2010-12-13,83.0,87.5,83.0,86.25,33791,,,
2010-12-14,88.0,88.0,86.3,86.6,11007,,,
2010-12-15,86.5,88.5,84.3,85.25,9404,,,
2010-12-16,84.5,88.0,84.0,85.45,11958,,,
2010-12-20,84.75,89.9,84.75,86.0,155383,,,
2010-12-21,85.8,87.9,82.65,85.9,64883,,,
2010-12-22,87.5,92.0,86.5,90.45,65287,,,
2010-12-23,91.0,95.0,91.0,92.45,38436,,,
2010-12-24,92.45,92.95,89.7,90.4,9538,,,
2010-12-27,91.25,92.2,87.65,89.0,8013,,,
2010-12-28,90.9,90.9,87.2,87.6,3876,,,
2010-12-29,86.1,88.2,86.1,87.1,6804,,,
2010-12-30,86.5,88.4,86.5,87.1,2701,,,
2010-12-31,87.55,93.75,86.8,90.6,22323,,,
2011-01-03,91.5,92.45,90.5,91.55,10507,,,
2011-01-04,91.0,92.9,90.65,92.5,6988,,,
2011-01-05,91.5,92.45,89.0,89.6,10814,,,
2011-01-06,92.0,92.0,89.0,89.75,5528,,,
2011-01-07,88.1,90.5,86.25,86.45,3397,,,
2011-01-10,86.1,87.25,81.25,82.0,19622,,,
2011-01-11,81.6,85.0,81.6,83.8,21931,,,
2011-01-12,86.7,86.7,83.0,84.9,2566,,,
2011-01-13,84.05,86.9,83.05,84.6,2304,,,
2011-01-14,85.0,85.0,81.1,82.0,3547,,,
2011-01-17,81.1,81.5,78.2,79.15,1813,,,
2011-01-18,82.45,82.45,76.25,77.4,7602,,,
2011-01-19,77.4,78.5,75.5,75.85,5146,,,
2011-01-20,76.25,76.35,72.6,73.75,10335,,,
2011-01-21,73.25,75.15,71.6,73.15,17091,,,
2011-01-24,73.5,75.5,72.5,74.7,35605,,,
2011-01-25,77.45,77.45,72.5,72.55,39764,,,
2011-01-27,76.4,76.4,69.65,70.0,72331,,,
2011-01-28,69.5,70.25,65.5,69.35,23071,,,
2011-01-31,69.0,70.95,65.5,70.4,5715,,,
2011-02-01,69.5,73.2,69.5,69.85,14878,,,
2011-02-02,70.0,70.95,69.5,69.85,44235,,,
2011-02-03,69.0,75.45,69.0,74.55,16385,,,
2011-02-04,75.25,78.5,70.5,71.85,123044,,,
2011-02-07,78.5,78.5,69.75,70.6,7187,,,
2011-02-08,73.95,73.95,68.5,68.9,4986,,,
2011-02-09,67.5,72.45,65.5,70.0,22703,,,
2011-02-10,68.0,70.0,63.05,67.8,7825,,,
2011-02-11,67.6,69.45,66.55,68.45,5067,,,
2011-02-14,69.0,76.5,69.0,71.8,3120,,,
2011-02-15,74.2,74.2,70.75,72.25,2365,,,
2011-02-16,71.5,73.0,71.5,72.45,2054,,,
2011-02-17,72.5,73.95,71.0,72.25,9637,,,
2011-02-18,77.5,84.0,72.5,76.45,284962,,,
2011-02-21,73.9,76.0,72.25,73.65,21144,,,
2011-02-22,72.6,75.4,72.5,73.05,5603,,,
2011-02-23,73.0,73.9,70.0,70.8,10190,,,
2011-02-24,68.0,71.8,68.0,68.7,7975,,,
2011-02-25,67.7,71.5,67.65,70.8,3598,,,
2011-02-28,70.0,72.45,68.6,70.5,151237,,,
2011-03-01,72.95,77.5,69.5,73.7,269473,,,
2011-03-03,72.5,75.0,71.35,72.9,6502,,,
2011-03-04,74.45,74.45,70.0,70.6,10012,,,
2011-03-07,69.0,70.4,68.0,69.4,11200,,,
2011-03-08,68.75,71.4,67.5,68.35,54257,,,
2011-03-09,69.4,71.9,68.5,70.8,9052,,,
2011-03-10,69.0,71.0,68.6,69.9,4473,,,
2011-03-11,70.4,70.4,67.8,68.55,10236,,,
2011-03-14,69.0,70.1,66.8,69.6,23353,,,
2011-03-15,67.5,69.35,67.1,67.6,4497,,,
2011-03-16,69.0,70.5,68.0,68.65,16501,,,
2011-03-17,69.0,69.25,67.3,68.6,2738,,,
2011-03-18,67.5,69.3,66.5,67.3,5311,,,
2011-03-21,68.25,68.25,66.0,66.3,6286,,,
2011-03-22,67.5,67.75,65.25,65.8,7497,,,
2011-03-23,66.5,67.3,64.5,64.8,44612,,,
2011-03-24,64.0,66.25,64.0,65.45,26213,,,
2011-03-25,65.45,67.1,65.25,65.65,18764,,,
2011-03-28,65.2,68.35,64.3,66.2,60311,,,
2011-03-29,66.0,67.95,64.75,65.1,53791,,,
2011-03-30,65.5,67.0,65.5,65.95,18682,,,
2011-03-31,66.9,66.95,63.5,64.4,22418,,,
2011-04-01,66.25,69.5,65.25,67.25,65477,,,
2011-04-04,70.0,71.4,68.5,69.4,28857,,,
2011-04-05,69.65,75.45,69.0,73.35,171983,,,
2011-04-06,74.0,74.95,70.05,70.8,73807,,,
2011-04-07,71.25,74.5,70.6,72.45,59212,,,
2011-04-08,73.75,73.75,69.0,69.5,39267,,,
2011-04-11,70.0,70.95,68.55,69.8,24647,,,
2011-04-13,68.2,71.0,68.2,70.15,14754,,,
2011-04-15,71.0,72.2,69.5,70.0,18034,,,
2011-04-18,70.65,74.8,69.5,71.3,82361,,,
2011-04-19,70.5,72.05,70.5,71.65,9512,,,
2011-04-20,72.4,74.3,71.5,72.05,41949,,,
2011-04-21,72.75,72.75,71.75,72.3,34688,,,
2011-04-25,72.8,73.55,71.3,72.8,13810,,,
2011-04-26,73.3,73.3,70.0,72.5,19864,,,
2011-04-27,71.5,74.85,71.35,74.4,43066,,,
2011-04-28,74.5,78.25,74.5,76.5,140513,,,
2011-04-29,76.25,78.75,75.55,75.95,45608,,,
2011-05-02,75.2,76.9,73.5,74.3,12881,,,
2011-05-03,74.4,74.95,72.25,72.65,21900,,,
2011-05-04,72.1,73.1,71.15,72.0,26218,,,
2011-05-05,74.9,74.9,70.55,70.8,19182,,,
2011-05-06,70.15,73.5,70.15,73.1,17682,,,
2011-05-09,72.5,73.4,70.15,71.65,5222,,,
2011-05-10,71.5,74.5,71.35,74.1,60061,,,
2011-05-11,74.9,74.9,71.0,72.15,18229,,,
2011-05-12,72.1,72.3,70.6,71.1,7287,,,
2011-05-13,70.6,73.5,70.3,70.8,11268,,,
2011-05-16,70.0,70.75,69.3,69.5,13371,,,
2011-05-17,71.0,71.0,68.15,68.7,6247,,,
2011-05-18,68.3,68.95,67.6,68.05,4542,,,
2011-05-19,67.65,68.75,67.1,67.95,1441,,,
2011-05-20,67.6,68.7,67.5,67.65,1542,,,
2011-05-23,67.6,67.9,66.15,67.0,5988,,,
2011-05-24,66.8,67.5,65.25,65.75,138010,,,
2011-05-25,65.0,65.85,64.15,65.3,4635,,,
2011-05-26,64.4,66.0,64.4,64.7,12899,,,
2011-05-27,64.6,65.75,64.25,64.95,6049,,,
2011-05-30,65.45,66.0,64.85,65.1,3915,,,
2011-05-31,65.15,70.7,64.4,68.05,37216,,,
2011-06-01,68.5,70.9,67.75,70.45,12314,,,
2011-06-02,68.2,71.4,68.2,71.15,10868,,,
2011-06-03,70.5,71.75,69.2,69.95,4080,,,
2011-06-06,70.0,70.4,67.8,69.85,3901,,,
2011-06-07,70.0,71.3,69.15,69.75,8397,,,
2011-06-08,69.5,69.95,68.8,69.0,1359,,,
2011-06-09,69.8,72.0,69.5,70.1,10210,,,
2011-06-10,71.0,71.0,68.6,69.0,6793,,,
2011-06-13,68.6,70.0,68.6,69.55,2007,,,
2011-06-14,69.0,70.9,69.0,69.6,2552,,,
2011-06-15,69.2,70.8,69.05,69.15,4476,,,
2011-06-16,67.4,69.75,67.3,69.0,3148,,,
2011-06-17,68.0,69.1,66.0,67.2,6220,,,
2011-06-20,67.1,67.1,63.0,65.6,9019,,,
2011-06-21,66.0,66.85,65.25,66.0,7483,,,
2011-06-22,66.5,66.5,64.0,64.45,7371,,,
2011-06-23,65.25,65.25,62.7,64.1,5895,,,
2011-06-24,63.8,65.75,63.8,65.0,2290,,,
2011-06-27,65.5,73.8,64.4,67.8,18887,,,
2011-06-28,68.3,68.75,67.1,67.8,2042,,,
2011-06-29,57.6,67.9,57.6,67.45,5705,,,
2011-06-30,67.5,70.5,66.6,69.8,32220,,,
2011-07-01,68.5,71.4,68.5,69.75,14040,,,
2011-07-04,67.5,70.5,67.5,70.15,2845,,,
2011-07-05,69.0,70.1,68.05,69.15,2014,,,
2011-07-06,72.0,72.0,68.5,69.1,4686,,,
2011-07-07,68.3,70.5,68.3,69.35,4205,,,
2011-07-08,72.25,72.25,68.6,70.65,5864,,,
2011-07-11,73.2,73.2,68.5,69.0,3512,,,
2011-07-12,69.5,69.5,68.0,68.3,14602,,,
2011-07-13,68.5,69.4,67.65,68.0,3219,,,
2011-07-14,68.5,70.25,68.5,69.55,2443,,,
2011-07-15,69.9,70.75,68.9,69.3,3691,,,
2011-07-18,68.6,71.75,68.6,68.85,2475,,,
2011-07-19,71.0,71.0,68.55,69.8,5274,,,
2011-07-20,69.6,69.95,68.2,68.35,4656,,,
2011-07-21,68.25,69.5,68.25,68.95,3429,,,
2011-07-22,69.5,69.5,66.55,67.25,13085,,,
2011-07-25,67.3,68.45,66.5,67.0,5465,,,
2011-07-26,69.85,69.85,65.0,65.6,7519,,,
2011-07-27,66.5,66.95,65.2,65.55,2620,,,
2011-07-28,66.45,67.05,64.5,66.5,4984,,,
2011-07-29,65.5,67.45,64.5,66.9,2312,,,
2011-08-01,65.5,66.95,64.65,65.0,11288,,,
2011-08-02,64.5,65.5,63.6,64.45,5448,,,
2011-08-03,63.6,64.5,63.5,64.4,1826,,,
2011-08-04,64.95,65.0,62.55,63.0,6035,,,
2011-08-05,60.0,62.15,58.5,59.8,11388,,,
2011-08-08,60.0,60.0,54.05,55.1,20520,,,
2011-08-09,51.0,55.0,50.0,53.1,22734,,,
2011-08-10,53.5,56.5,49.55,53.65,24821,,,
2011-08-11,56.5,56.5,52.55,52.95,10030,,,
2011-08-12,54.0,54.25,52.0,52.05,6946,,,
2011-08-16,54.0,54.0,50.0,50.85,7550,,,
2011-08-17,50.1,52.25,48.0,48.95,9371,,,
2011-08-18,48.95,49.0,45.0,45.6,11053,,,
2011-08-19,45.0,45.0,41.4,42.6,48467,,,
2011-08-22,42.75,46.0,42.5,42.8,4886,,,
2011-08-23,42.75,43.0,42.1,42.3,27206,,,
2011-08-24,43.5,44.0,41.75,41.9,13809,,,
2011-08-25,43.95,44.9,41.5,41.85,6306,,,
2011-08-26,41.4,42.2,40.0,40.1,9603,,,
2011-08-29,39.5,45.8,39.5,42.2,525288,,,
2011-08-30,41.3,43.75,41.3,42.65,12441,,,
2011-09-02,43.25,46.15,43.25,45.5,38903,,,
2011-09-05,44.0,54.65,43.6,54.6,94259,,,
2011-09-06,57.5,59.75,56.75,58.4,507685,,,
2011-09-07,58.4,62.95,57.05,60.9,64755,,,
2011-09-08,60.9,62.5,57.15,60.6,41407,,,
2011-09-09,60.1,61.9,57.6,58.4,23558,,,
2011-09-12,56.55,58.5,54.8,56.5,106042,,,
2011-09-13,55.5,57.5,55.2,56.0,8090,,,
2011-09-14,56.05,58.0,56.05,57.5,9848,,,
2011-09-15,56.0,57.5,56.0,57.2,5116,,,
2011-09-16,56.6,60.5,56.05,59.3,8774,,,
2011-09-19,61.5,61.7,56.3,58.35,111994,,,
2011-09-20,58.75,60.0,56.5,59.1,25959,,,
2011-09-21,60.25,62.0,57.8,61.5,141135,,,
2011-09-22,59.5,62.2,58.75,59.35,23623,,,
2011-09-23,63.0,63.0,57.6,60.4,12147,,,
2011-09-26,60.15,60.4,57.0,59.2,7606,,,
2011-09-27,59.1,60.9,59.1,60.15,3323,,,
2011-09-28,59.25,65.45,59.25,63.1,11013,,,
2011-09-29,64.5,66.5,62.05,65.7,24342,,,
2011-09-30,65.0,69.7,64.0,68.4,33060,,,
2011-10-03,67.5,69.0,65.0,65.6,8292,,,
2011-10-04,65.0,65.9,63.5,64.5,7991,,,
2011-10-05,63.5,65.0,62.55,63.9,8506,,,
2011-10-07,63.5,66.0,63.5,65.0,6107,,,
2011-10-10,65.65,66.0,65.0,65.1,1451,,,
2011-10-11,64.0,67.0,62.0,66.45,16217,,,
2011-10-12,65.5,72.7,65.5,72.1,41468,,,
2011-10-13,72.5,74.0,70.75,72.1,15998,,,
2011-10-14,70.55,75.0,70.55,74.65,140843,,,
2011-10-17,73.0,75.9,71.45,73.65,44586,,,
2011-10-18,73.9,76.75,73.1,76.15,16160,,,
2011-10-19,76.8,76.85,74.1,75.1,53976,,,
2011-10-20,75.0,78.0,74.0,74.95,62489,,,
2011-10-21,74.05,76.6,73.75,74.3,7483,,,
2011-10-24,78.45,78.95,75.15,77.1,27355,,,
2011-10-25,78.0,80.0,75.65,79.15,99385,,,
2011-10-26,79.4,80.0,76.05,78.9,4481,,,
2011-10-28,80.0,80.4,78.05,78.4,5244,,,
2011-10-31,78.3,79.85,77.5,79.0,7620,,,
2011-11-01,80.75,80.75,76.55,77.3,8325,,,
2011-11-02,77.0,77.5,76.6,77.15,9100,,,
2011-11-03,77.5,77.7,75.75,75.95,27551,,,
2011-11-04,75.15,76.75,74.3,75.5,176039,,,
2011-11-08,75.75,79.0,73.6,74.6,226059,,,
2011-11-09,74.5,76.65,72.15,73.45,113372,,,
2011-11-11,73.45,75.5,72.65,73.8,9033,,,
2011-11-14,74.75,76.7,72.75,75.4,11555,,,
2011-11-15,75.45,76.65,73.0,75.55,23298,,,
2011-11-16,74.05,75.5,70.8,72.65,5724,,,
2011-11-17,71.8,74.25,69.3,73.25,21518,,,
2011-11-18,72.0,72.05,69.5,70.0,91094,,,
2011-11-21,69.05,74.45,69.05,70.6,41468,,,
2011-11-22,71.45,72.95,70.2,72.25,3540,,,
2011-11-23,70.5,72.9,68.5,71.3,16898,,,
2011-11-24,70.1,75.0,63.0,73.8,27624,,,
2011-11-25,72.5,77.4,71.0,76.7,13507,,,
2011-11-28,75.75,77.75,75.75,76.55,12104,,,
2011-11-29,75.6,77.5,73.5,77.2,3948,,,
2011-11-30,76.75,80.25,76.75,79.8,21597,,,
2011-12-01,79.8,83.85,77.6,79.0,104041,,,
2011-12-02,78.25,79.5,77.1,77.5,7502,,,
2011-12-05,76.0,77.95,75.0,77.0,4953,,,
2011-12-07,78.0,78.45,75.55,76.15,3749,,,
2011-12-08,75.25,75.8,75.0,75.2,3300,,,
2011-12-09,74.0,75.95,72.5,74.45,2421,,,
2011-12-12,76.6,78.3,72.5,77.3,12717,,,
2011-12-13,75.0,77.0,73.7,76.0,108238,,,
2011-12-14,77.4,80.95,76.0,79.6,88919,,,
2011-12-15,79.65,80.5,75.0,79.45,32500,,,
2011-12-16,77.5,79.9,75.0,76.55,10977,,,
2011-12-19,75.5,80.1,73.15,79.15,23497,,,
2011-12-20,78.5,78.75,76.0,77.95,6081,,,
2011-12-21,78.0,78.5,74.1,78.1,19165,,,
2011-12-22,77.0,78.3,75.6,78.0,1638,,,
2011-12-23,77.0,80.0,75.65,79.1,11244,,,
2011-12-26,78.5,82.45,77.6,81.15,24070,,,
2011-12-27,80.8,81.95,80.8,81.65,2294,,,
2011-12-28,80.5,83.5,78.8,82.4,12801,,,
2011-12-29,82.95,84.5,80.5,81.9,13479,,,
2011-12-30,82.5,87.0,80.5,86.3,38146,,,
2012-01-02,86.2,87.75,84.2,87.1,20898,,,
2012-01-03,85.6,87.5,85.15,86.4,20963,,,
2012-01-04,85.3,87.25,85.2,86.3,4875,,,
2012-01-05,86.9,87.6,84.15,86.8,97713,,,
2012-01-06,86.9,86.95,84.25,84.45,184582,,,
2012-01-07,86.0,86.0,84.0,84.0,26,,,
2012-01-09,85.6,85.6,82.0,82.5,6727,,,
2012-01-10,84.7,86.0,81.0,84.5,21455,,,
2012-01-11,85.0,86.4,83.0,85.05,11316,,,
2012-01-12,85.0,85.0,82.5,84.4,4659,,,
2012-01-13,83.8,86.35,83.8,85.15,10323,,,
2012-01-16,84.0,85.85,83.3,84.7,9869,,,
2012-01-17,84.0,87.25,83.5,85.65,25991,,,
2012-01-18,85.5,88.5,83.55,87.65,18585,,,
2012-01-19,90.9,90.9,86.5,87.45,27721,,,
2012-01-20,87.0,88.0,86.1,87.45,16972,,,
2012-01-23,87.05,88.9,86.5,87.85,7850,,,
2012-01-24,88.8,88.8,86.6,87.3,8080,,,
2012-01-25,87.0,87.5,86.5,86.8,7747,,,
2012-01-27,85.65,88.0,85.65,86.8,7589,,,
2012-01-30,85.0,87.25,85.0,86.8,6039,,,
2012-01-31,86.0,87.0,86.0,86.25,798,,,
2012-02-01,85.0,87.5,85.0,85.45,3455,,,
2012-02-02,85.0,87.45,85.0,87.15,3168,,,
2012-02-03,86.05,87.45,85.5,87.0,26982,,,
2012-02-06,85.0,87.5,85.0,87.4,1872,,,
2012-02-07,86.1,88.0,85.55,87.25,14720,,,
2012-02-08,86.15,87.4,85.5,85.65,25967,,,
2012-02-09,85.0,88.5,85.0,87.1,49921,,,
2012-02-10,88.0,88.0,86.75,86.95,3822,,,
2012-02-13,86.25,87.0,85.0,86.25,78566,,,
2012-02-14,86.5,88.0,86.1,86.35,1933,,,
2012-02-15,86.5,87.3,84.8,85.3,70263,,,
2012-02-16,85.0,92.5,85.0,90.9,143060,,,
2012-02-17,90.0,91.5,87.5,88.05,33446,,,
2012-02-21,88.05,89.9,87.5,88.7,4691,,,
2012-02-22,89.2,89.2,85.1,87.15,73057,,,
2012-02-23,86.8,86.95,84.65,85.9,27168,,,
2012-02-24,85.2,87.35,84.75,86.6,5334,,,
2012-02-27,85.6,86.5,85.0,85.95,7077,,,
2012-02-28,85.8,87.25,85.6,86.8,1933,,,
2012-02-29,88.5,90.4,86.15,89.9,28601,,,
2012-03-01,89.0,90.5,88.0,88.95,45384,,,
2012-03-02,88.1,90.0,88.0,89.9,66774,,,
2012-03-03,88.6,88.6,86.45,87.0,597,,,
2012-03-05,87.45,88.95,85.5,86.95,5349,,,
2012-03-06,88.5,88.5,83.15,85.8,23145,,,
2012-03-07,84.5,89.45,84.5,88.0,46325,,,
2012-03-09,90.5,90.5,87.5,88.25,4640,,,
2012-03-12,87.1,88.5,86.5,86.8,976,,,
2012-03-13,87.5,89.35,86.5,87.2,77416,,,
2012-03-14,89.5,89.5,84.5,86.15,59747,,,
2012-03-15,87.1,89.9,86.15,89.0,58438,,,
2012-03-16,88.95,89.45,86.1,87.4,32778,,,
2012-03-19,87.5,88.65,87.0,87.65,5883,,,
2012-03-20,87.75,88.9,87.5,87.5,8764,,,
2012-03-21,86.0,88.4,83.8,87.15,5612,,,
2012-03-22,86.0,88.95,85.5,86.9,1024,,,
2012-03-23,88.45,88.45,85.6,87.0,3189,,,
2012-03-26,89.25,89.25,85.15,85.9,101534,,,
2012-03-27,87.95,87.95,85.45,86.5,102081,,,
2012-03-28,86.0,88.0,85.6,86.3,7764,,,
2012-03-29,85.35,87.4,85.3,87.3,3800,,,
2012-03-30,88.0,88.0,85.6,86.6,4415,,,
2012-04-02,85.15,88.45,85.0,86.45,897,,,
2012-04-03,87.9,87.9,86.0,86.15,889,,,
2012-04-04,87.9,87.9,85.25,85.55,6365,,,
2012-04-09,85.0,87.4,85.0,86.2,24492,,,
2012-04-10,85.1,86.8,85.1,86.3,506,,,
2012-04-11,85.3,87.1,85.15,86.8,5931,,,
2012-04-12,87.25,87.25,85.5,85.5,818,,,
2012-04-13,86.5,86.6,85.6,86.0,1176,,,
2012-04-16,85.75,86.75,85.5,86.5,776,,,
2012-04-17,86.55,86.55,85.05,86.5,2145,,,
2012-04-18,87.0,87.0,85.6,85.9,3080,,,
2012-04-19,86.0,86.5,85.75,85.85,401,,,
2012-04-20,85.5,86.2,85.1,86.0,2064,,,
2012-04-23,87.4,87.4,84.65,85.6,5757,,,
2012-04-24,85.25,85.25,83.65,84.5,4328,,,
2012-04-25,85.5,85.75,82.5,84.6,4104,,,
2012-04-26,86.5,86.5,84.4,85.0,3456,,,
2012-04-27,84.0,85.0,83.0,84.8,527,,,
2012-04-28,84.0,85.0,83.0,84.9,359,,,
2012-04-30,84.95,85.0,83.55,84.1,941,,,
2012-05-02,85.0,85.7,84.5,85.2,286,,,
2012-05-03,85.0,85.0,84.5,84.6,492,,,
2012-05-04,85.5,85.5,82.5,84.0,1313,,,
2012-05-07,84.5,85.0,83.5,84.5,413,,,
2012-05-08,83.5,85.0,82.5,84.5,1732,,,
2012-05-09,83.5,84.5,82.5,83.5,2818,,,
2012-05-10,84.15,84.95,84.0,84.6,1117,,,
2012-05-11,84.0,84.5,82.5,83.0,2664,,,
2012-05-14,84.0,84.95,83.5,83.5,294,,,
2012-05-15,83.9,84.7,82.5,83.5,3669,,,
2012-05-16,82.5,83.55,81.5,82.0,2965,,,
2012-05-17,81.5,83.0,81.0,82.5,2061,,,
2012-05-18,84.0,84.25,81.25,83.75,464,,,
2012-05-21,82.5,83.5,82.5,82.7,139,,,
2012-05-22,82.5,83.5,82.5,83.45,665,,,
2012-05-23,81.5,83.5,81.05,82.3,1512,,,
2012-05-24,81.5,82.4,81.5,81.5,598,,,
2012-05-25,82.45,82.5,81.05,81.9,1009,,,
2012-05-28,81.0,82.0,80.1,80.9,1067,,,
2012-05-29,80.7,82.5,80.5,80.6,1779,,,
2012-05-30,81.45,82.0,80.25,80.8,561,,,
2012-05-31,80.0,81.95,80.0,81.0,51188,,,
2012-06-01,82.0,82.0,78.9,80.95,1924,,,
2012-06-04,80.5,81.95,78.5,80.6,3467,,,
2012-06-05,80.0,81.9,78.55,80.0,3365,,,
2012-06-06,80.4,81.0,80.0,80.0,31844,,,
2012-06-07,80.95,80.95,80.25,80.3,301871,,,
2012-06-08,80.7,80.95,80.0,80.5,1752,,,
2012-06-11,80.0,80.0,78.25,78.6,2945,,,
2012-06-12,78.75,79.2,78.25,78.45,194,,,
2012-06-13,78.5,78.5,76.0,77.9,901,,,
2012-06-14,77.0,77.95,75.3,76.5,100382,,,
2012-06-15,76.0,76.0,75.0,75.1,438,,,
2012-06-18,76.5,76.75,74.5,74.9,336,,,
2012-06-19,74.0,75.5,72.5,74.8,1382,,,
2012-06-20,75.5,77.0,74.0,76.95,247,,,
2012-06-21,77.95,77.95,75.75,77.35,869,,,
2012-06-22,77.0,77.0,73.0,75.0,24043,,,
2012-06-25,75.0,75.75,74.5,75.15,333,,,
2012-06-26,74.5,75.1,73.2,75.05,756,,,
2012-06-27,75.0,76.5,75.0,75.8,1237,,,
2012-06-28,75.95,76.0,74.1,74.2,1643,,,
2012-06-29,74.3,75.4,73.5,74.6,1429,,,
2012-07-02,74.25,75.5,74.0,74.95,173,,,
2012-07-03,76.0,77.0,75.0,75.5,641,,,
2012-07-04,76.0,77.45,76.0,76.5,1782,,,
2012-07-05,76.0,76.5,74.5,76.25,2044,,,
2012-07-06,76.0,78.0,75.0,77.75,7662,,,
2012-07-09,77.5,78.0,76.5,76.55,1078,,,
2012-07-10,77.45,79.85,77.45,79.45,1678,,,
2012-07-11,79.85,83.0,79.25,81.85,5484,,,
2012-07-12,81.9,81.9,77.5,78.15,4491,,,
2012-07-13,82.0,82.0,76.8,80.1,22573,,,
2012-07-16,79.0,79.5,78.5,78.95,1477,,,
2012-07-17,79.0,80.5,76.55,79.45,1277,,,
2012-07-18,82.95,82.95,78.0,78.3,1743,,,
2012-07-19,78.75,79.0,76.65,77.75,6287,,,
2012-07-20,77.5,77.95,77.0,77.0,976,,,
2012-07-23,76.0,77.95,72.5,73.5,8694,,,
2012-07-24,73.5,75.45,73.5,75.0,2086,,,
2012-07-25,75.0,75.0,73.15,73.2,94,,,
2012-07-26,72.5,85.5,72.5,80.3,223038,,,
2012-07-27,80.1,81.25,76.0,76.95,2950,,,
2012-07-30,76.5,80.5,76.25,78.3,3007,,,
2012-07-31,78.5,78.5,77.05,77.3,1134,,,
2012-08-01,78.5,79.4,76.0,76.9,2275,,,
2012-08-02,76.9,79.0,76.1,77.3,1548,,,
2012-08-03,76.5,78.4,76.05,77.25,964,,,
2012-08-06,78.5,87.5,77.5,87.25,231251,,,
2012-08-07,85.0,87.0,83.65,85.4,7052,,,
2012-08-08,85.0,86.3,82.0,85.6,4816,,,
2012-08-09,85.25,85.25,83.3,84.1,285,,,
2012-08-10,84.5,85.5,80.6,81.85,50352,,,
2012-08-13,82.0,87.9,78.8,83.0,19596,,,
2012-08-14,84.0,87.25,82.9,85.1,11443,,,
2012-08-16,84.05,92.4,84.05,89.9,20676,,,
2012-08-17,90.6,90.6,87.0,87.2,5915,,,
2012-08-21,88.0,90.0,87.5,89.7,5738,,,
2012-08-22,92.35,93.0,90.25,91.9,7496,,,
2012-08-23,91.5,92.5,90.6,92.0,6393,,,
2012-08-24,90.5,93.0,90.0,90.65,4136,,,
2012-08-27,90.55,93.9,89.05,92.6,9709,,,
2012-08-28,92.5,97.25,92.5,95.1,9349,,,
2012-08-29,95.95,95.95,92.6,92.6,861,,,
2012-08-30,92.6,92.6,91.3,91.8,425,,,
2012-08-31,91.0,95.4,90.0,93.7,9240,,,
2012-09-03,92.75,93.5,90.4,92.6,2811,,,
2012-09-04,91.5,97.45,90.5,95.8,13609,,,
2012-09-05,93.5,100.35,93.3,98.65,15386,,,
2012-09-06,98.65,100.3,98.0,99.8,14114,,,
2012-09-07,100.0,101.5,99.5,99.95,4738,,,
2012-09-08,102.45,102.45,97.6,98.9,1093,,,
2012-09-10,101.2,101.25,99.0,99.8,3214,,,
2012-09-11,101.4,101.4,98.55,100.5,7838,,,
2012-09-12,101.25,105.2,98.1,103.6,10841,,,
2012-09-13,103.5,104.7,99.15,104.1,20529,,,
2012-09-14,102.0,109.85,102.0,107.05,56423,,,
2012-09-17,105.5,109.35,102.5,104.9,7815,,,
2012-09-18,105.0,105.5,101.8,102.8,6585,,,
2012-09-20,103.0,104.8,101.8,103.4,2173,,,
2012-09-21,102.5,105.0,101.6,103.9,6220,,,
2012-09-24,105.0,106.5,103.6,104.9,84440,,,
2012-09-25,104.9,106.95,102.55,105.0,4302,,,
2012-09-26,106.5,106.5,104.5,104.8,4474,,,
2012-09-27,104.6,108.45,104.0,106.8,8033,,,
2012-09-28,106.5,108.0,104.0,107.35,7738,,,
2012-10-01,105.5,108.3,104.55,106.5,4157,,,
2012-10-03,103.5,111.0,102.25,109.7,12192,,,
2012-10-04,109.3,110.95,106.2,109.6,6178,,,
2012-10-05,110.5,110.95,108.3,110.3,2529,,,
2012-10-08,109.0,112.9,108.95,111.75,6388,,,
2012-10-09,111.0,113.0,110.85,112.75,10108,,,
2012-10-10,112.0,112.0,108.95,109.25,4130,,,
2012-10-11,109.1,111.15,107.5,109.6,501,,,
2012-10-12,110.0,110.7,109.0,109.8,17347,,,
2012-10-15,109.5,114.0,109.5,113.2,12206,,,
2012-10-16,114.4,114.9,112.0,112.05,2754,,,
2012-10-17,112.15,113.0,110.5,112.2,1476,,,
2012-10-18,110.5,112.5,110.0,111.1,541,,,
2012-10-19,112.45,116.25,110.7,114.95,173747,,,
2012-10-22,115.0,116.25,113.2,113.9,1072,,,
2012-10-23,115.0,119.9,114.25,115.95,19362,,,
2012-10-25,115.0,116.6,113.0,114.2,2624,,,
2012-10-26,115.3,115.3,111.5,111.95,2500,,,
2012-10-29,112.0,112.45,110.1,111.5,1254,,,
2012-10-30,110.5,113.45,109.0,112.5,22129,,,
2012-10-31,110.8,115.45,110.8,115.1,7391,,,
2012-11-01,116.45,116.45,113.6,115.35,7202,,,
2012-11-02,115.0,117.5,115.0,116.9,17287,,,
2012-11-05,115.5,120.0,115.0,118.05,3010,,,
2012-11-06,118.0,120.5,117.5,119.85,18969,,,
2012-11-07,120.0,120.35,118.5,119.6,1482,,,
2012-11-08,120.85,120.85,117.5,118.3,2460,,,
2012-11-09,118.0,118.3,114.5,115.95,5338,,,
2012-11-12,115.0,115.25,113.5,113.75,1734,,,
2012-11-13,112.6,115.0,112.6,114.6,901,,,
2012-11-15,113.0,114.25,110.0,112.3,2469,,,
2012-11-16,113.0,114.85,111.0,111.1,455,,,
2012-11-19,111.25,111.25,109.45,110.1,790,,,
2012-11-20,110.0,117.5,108.5,112.9,8329,,,
2012-11-21,112.2,116.5,110.0,114.85,7159,,,
2012-11-22,115.0,115.45,112.5,114.8,3718,,,
2012-11-23,113.5,114.6,111.55,112.7,62574,,,
2012-11-26,112.2,115.0,108.65,112.95,71919,,,
2012-11-27,112.0,112.35,110.3,110.9,1006,,,
2012-11-29,112.8,114.9,110.1,113.9,5868,,,
2012-11-30,112.5,114.25,108.5,113.0,2120,,,
2012-12-03,113.95,115.5,110.25,114.9,7156,,,
2012-12-04,115.5,117.75,112.45,116.2,7266,,,
2012-12-05,120.85,120.85,113.5,114.0,4631,,,
2012-12-06,114.8,114.85,111.1,112.95,4343,,,
2012-12-07,112.5,113.0,111.5,111.95,3199,,,
2012-12-10,112.5,113.95,112.5,112.8,398,,,
2012-12-11,114.2,114.2,111.2,112.5,1301,,,
2012-12-12,112.65,114.0,112.5,114.0,3884,,,
2012-12-13,112.5,112.55,109.55,110.2,54094,,,
2012-12-14,113.5,113.5,109.5,109.6,53581,,,
2012-12-17,112.0,123.0,112.0,119.2,1491010,,,
2012-12-18,119.8,120.2,116.0,117.95,65629,,,
2012-12-19,117.75,119.45,115.95,117.65,54325,,,
2012-12-20,118.5,120.0,118.0,119.75,74049,,,
2012-12-21,119.1,119.3,116.05,118.45,98944,,,
2012-12-24,118.5,118.5,115.0,115.65,46685,,,
2012-12-26,116.0,118.85,115.1,116.4,41602,,,
2012-12-27,116.0,116.7,115.0,115.3,34035,,,
2012-12-28,115.4,116.75,115.1,116.35,42045,,,
2012-12-31,116.25,117.05,115.3,115.5,41424,,,
2013-01-01,115.6,116.1,115.1,115.2,40887,,,
2013-01-02,117.35,117.35,115.0,115.0,40970,,,
2013-01-03,115.25,116.5,113.05,114.9,40950,,,
2013-01-04,115.5,120.3,112.8,117.4,151168,,,
2013-01-07,117.45,118.8,116.5,116.95,136476,,,
2013-01-08,117.0,117.5,115.6,117.0,219225,,,
2013-01-09,116.8,117.25,115.0,115.45,39886,,,
2013-01-10,115.9,116.0,114.1,115.6,25438,,,
2013-01-11,114.5,116.45,111.55,114.5,33682,,,
2013-01-14,115.5,115.7,114.0,114.9,30766,,,
2013-01-15,114.0,118.5,112.5,117.2,48095,,,
2013-01-16,117.0,118.5,115.1,117.45,92386,,,
2013-01-17,117.85,117.9,113.3,114.95,38598,,,
2013-01-18,115.0,116.2,115.0,115.6,41427,,,
2013-01-21,115.0,117.45,114.5,116.25,39327,,,
2013-01-22,116.0,116.5,115.0,115.05,41165,,,
2013-01-23,114.0,116.75,112.5,114.8,30701,,,
2013-01-24,117.35,117.45,113.6,115.0,34086,,,
2013-01-25,117.2,117.2,112.75,115.2,41996,,,
2013-01-28,119.4,119.4,112.6,116.65,47128,,,
2013-01-29,116.95,116.95,114.0,114.7,40910,,,
2013-01-30,118.0,118.0,113.0,114.75,40852,,,
2013-01-31,112.55,116.75,112.55,114.45,40089,,,
2013-02-01,114.45,116.9,111.05,113.4,40717,,,
2013-02-04,112.55,117.25,112.55,114.85,40395,,,
2013-02-05,116.0,117.5,112.75,113.4,41030,,,
2013-02-06,116.5,116.85,112.5,113.3,44956,,,
2013-02-07,116.4,116.4,112.05,112.8,43095,,,
2013-02-08,115.0,115.0,112.5,113.35,42348,,,
2013-02-11,117.0,117.0,112.5,112.8,43664,,,
2013-02-12,114.95,114.95,111.5,112.5,40727,,,
2013-02-13,114.9,114.95,111.5,112.55,41996,,,
2013-02-14,116.7,116.7,110.7,112.65,44113,,,
2013-02-15,114.9,114.95,107.55,112.4,40565,,,
2013-02-18,113.5,113.5,110.05,111.75,40793,,,
2013-02-19,114.95,114.95,110.55,111.65,42239,,,
2013-02-20,114.9,114.9,110.05,111.2,35896,,,
2013-02-21,112.45,112.45,107.65,110.15,17196,,,
2013-02-22,107.5,111.45,105.0,109.9,20162,,,
2013-02-25,112.4,113.2,102.5,107.2,27181,,,
2013-02-26,109.5,111.8,102.6,106.2,3579,,,
2013-02-27,112.25,112.25,103.5,105.0,104462,,,
2013-02-28,106.5,107.5,100.0,100.4,1311,,,
2013-03-01,102.5,109.4,100.0,100.7,6187,,,
2013-03-04,106.75,106.75,95.5,100.0,800,,,
2013-03-05,107.0,107.0,100.0,100.1,441,,,
2013-03-06,105.5,105.5,99.5,100.3,490,,,
2013-03-07,97.55,103.25,97.55,100.5,42582,,,
2013-03-08,105.0,109.5,98.75,100.95,65132,,,
2013-03-11,112.0,112.0,101.5,101.8,559,,,
2013-03-12,97.75,104.25,97.75,101.1,1595,,,
2013-03-13,100.0,102.0,99.5,100.0,786,,,
2013-03-14,101.0,101.45,98.6,100.2,390,,,
2013-03-15,101.4,101.45,98.6,100.0,57,,,
2013-03-18,102.0,102.0,96.0,99.3,6044,,,
2013-03-19,101.5,102.15,98.5,100.65,1510,,,
2013-03-20,98.6,101.1,98.6,99.75,734,,,
2013-03-21,101.5,101.5,98.3,98.9,480,,,
2013-03-22,99.85,101.35,96.25,97.55,5120,,,
2013-03-25,99.7,99.75,96.1,98.05,2008,,,
2013-03-26,98.0,98.4,95.6,97.6,7190,,,
2013-03-28,96.0,98.0,95.5,97.0,1574,,,
2013-04-01,96.0,101.0,95.0,99.6,500,,,
2013-04-02,101.0,101.0,97.55,99.2,150,,,
2013-04-03,100.0,101.0,99.0,100.15,242,,,
2013-04-04,101.25,101.8,94.8,100.1,1482,,,
2013-04-05,98.0,100.0,97.5,97.5,1056,,,
2013-04-08,100.0,103.45,97.5,99.6,327,,,
2013-04-09,101.9,101.9,96.65,97.95,592,,,
2013-04-10,98.5,99.45,96.15,99.25,71869,,,
2013-04-11,99.25,101.0,97.5,98.3,1679,,,
2013-04-12,99.25,99.25,96.5,96.55,1122,,,
2013-04-15,102.5,102.5,97.0,97.5,268,,,
2013-04-16,96.0,98.75,95.75,97.9,111,,,
2013-04-17,99.95,99.95,96.5,97.3,360,,,
2013-04-18,98.5,98.5,95.75,97.8,155,,,
2013-04-22,96.1,98.85,96.05,97.5,478,,,
2013-04-23,98.5,98.9,95.6,97.4,899,,,
2013-04-25,98.5,98.5,96.1,96.35,1219,,,
2013-04-26,97.5,97.95,97.0,97.4,6026,,,
2013-04-29,96.15,96.15,95.75,95.8,659,,,
2013-04-30,93.5,100.85,93.5,96.1,10773,,,
2013-05-02,96.15,97.35,95.5,96.6,3655,,,
2013-05-03,97.25,97.25,95.0,96.5,4920,,,
2013-05-06,93.0,98.5,93.0,96.3,8534,,,
2013-05-07,97.45,97.5,93.3,94.0,9201,,,
2013-05-08,95.9,97.1,94.0,95.25,5960,,,
2013-05-09,96.95,98.1,94.5,95.9,10792,,,
2013-05-10,95.0,97.2,94.6,95.8,8691,,,
2013-05-11,96.75,96.9,95.05,96.35,8405,,,
2013-05-13,95.75,96.2,94.95,95.4,8021,,,
2013-05-14,95.0,95.9,93.15,94.9,11038,,,
2013-05-15,94.4,96.45,94.0,95.15,8484,,,
2013-05-16,96.45,96.45,95.0,95.75,29022,,,
2013-05-17,94.25,95.75,94.0,94.9,22126,,,
2013-05-20,94.5,94.5,93.0,94.4,15355,,,
2013-05-21,95.0,95.0,92.85,93.0,4836,,,
2013-05-22,94.95,95.0,91.75,93.05,9068,,,
2013-05-23,90.0,95.0,88.5,89.8,11115,,,
2013-05-24,90.0,90.9,87.25,88.2,10629,,,
2013-05-27,87.5,87.5,85.0,87.5,11268,,,
2013-05-28,87.0,89.0,86.9,87.25,6837,,,
2013-05-29,92.3,92.5,86.7,87.8,17636,,,
2013-05-30,89.3,89.45,87.5,87.6,9495,,,
2013-05-31,89.95,92.5,87.6,89.35,25962,,,
2013-06-03,88.5,91.95,86.75,89.45,12134,,,
2013-06-04,88.5,90.3,87.05,87.65,10573,,,
2013-06-05,86.3,88.25,86.3,87.6,137188,,,
2013-06-06,88.5,88.5,86.25,87.25,148586,,,
2013-06-07,86.3,87.3,86.3,86.7,10608,,,
2013-06-10,86.5,87.0,85.0,85.55,1127,,,
2013-06-11,86.0,87.2,84.3,84.4,513,,,
2013-06-12,83.5,90.9,81.15,87.65,2738,,,
2013-06-13,86.5,88.4,85.3,86.15,261,,,
2013-06-14,85.5,86.2,84.2,85.1,24917,,,
2013-06-17,84.6,88.45,82.0,86.6,927,,,
2013-06-18,85.5,87.25,85.15,86.1,6628,,,
2013-06-19,86.45,86.75,85.1,85.6,18754,,,
2013-06-20,85.55,85.6,85.0,85.25,23023,,,
2013-06-21,87.45,88.0,84.1,84.95,1820,,,
2013-06-24,84.5,87.5,83.0,84.7,1859,,,
2013-06-25,84.5,87.2,82.25,83.0,1049,,,
2013-06-26,82.5,82.5,81.0,82.2,19875,,,
2013-06-27,84.45,87.15,80.0,82.5,4168,,,
2013-06-28,83.9,83.9,80.5,80.95,15191,,,
2013-07-01,80.5,84.2,78.5,80.8,28800,,,
2013-07-02,82.35,87.0,80.0,84.8,5921,,,
2013-07-03,84.95,85.0,81.5,83.1,8592,,,
2013-07-04,82.5,86.3,82.5,85.45,5219,,,
2013-07-05,84.9,85.4,82.45,83.4,5204,,,
2013-07-08,81.55,83.3,81.5,82.7,9475,,,
2013-07-09,82.0,86.9,82.0,86.3,11659,,,
2013-07-10,85.0,86.9,83.2,84.7,6710,,,
2013-07-11,86.65,86.7,83.5,85.7,10354,,,
2013-07-12,86.5,86.5,81.1,81.45,5802,,,
2013-07-15,81.45,82.45,80.05,82.0,4832,,,
2013-07-16,80.75,81.9,79.5,80.45,3405,,,
2013-07-17,81.0,82.5,79.95,80.5,6847,,,
2013-07-18,79.5,81.75,78.55,79.75,9541,,,
2013-07-19,81.4,81.4,79.6,80.5,8774,,,
2013-07-22,78.5,81.3,78.5,79.95,9061,,,
2013-07-23,80.5,82.3,78.5,79.0,6051,,,
2013-07-24,78.65,80.0,78.2,78.4,10536,,,
2013-07-25,79.0,80.95,70.3,79.25,16166,,,
2013-07-26,81.45,81.45,75.5,78.1,2697,,,
2013-07-29,77.0,77.95,76.6,77.5,23,,,
2013-07-30,79.45,79.45,74.5,75.6,8733,,,
2013-07-31,74.5,80.0,74.4,78.55,10715,,,
2013-08-01,77.5,77.5,74.1,75.65,7350,,,
2013-08-02,76.5,77.95,75.0,77.1,1191,,,
2013-08-05,77.5,77.5,75.0,75.65,1780,,,
2013-08-06,75.5,75.8,73.5,73.9,881,,,
2013-08-07,72.0,78.4,72.0,74.0,1370,,,
2013-08-08,75.0,75.0,72.55,74.35,957,,,
2013-08-12,75.0,75.0,72.6,74.05,471,,,
2013-08-13,72.95,74.75,67.0,73.25,1410,,,
2013-08-14,72.5,74.4,72.5,73.5,360,,,
2013-08-16,76.5,76.5,73.0,73.25,104,,,
2013-08-19,72.5,74.1,70.0,72.3,1600,,,
2013-08-20,74.0,74.0,71.0,71.4,36,,,
2013-08-21,73.45,73.45,71.0,71.0,63,,,
2013-08-22,71.0,72.95,70.0,70.1,603,,,
2013-08-23,72.95,72.95,68.55,68.9,347,,,
2013-08-26,72.4,75.95,69.3,75.1,1551,,,
2013-08-27,75.0,76.7,74.1,75.8,1029,,,
2013-08-28,74.0,78.95,72.0,76.7,1944,,,
2013-08-29,75.0,77.35,75.0,77.1,1934,,,
2013-08-30,77.1,78.6,75.1,78.05,186,,,
2013-09-02,77.0,82.25,77.0,78.8,2676,,,
2013-09-03,78.75,81.2,75.5,77.3,6776,,,
2013-09-04,76.0,79.5,75.05,77.85,4213,,,
2013-09-05,76.3,78.85,75.55,77.7,579,,,
2013-09-06,78.5,82.25,78.5,80.3,5399,,,
2013-09-10,79.5,81.9,75.95,77.2,5931,,,
2013-09-11,76.0,80.9,75.3,78.75,5041,,,
2013-09-12,77.5,79.0,76.9,77.6,2809,,,
2013-09-13,76.3,77.95,75.5,77.0,1274,,,
2013-09-16,78.0,78.0,75.8,76.1,2347,,,
2013-09-17,75.0,79.3,75.0,78.15,3640,,,
2013-09-18,78.5,79.8,76.0,76.3,2094,,,
2013-09-19,77.5,78.0,76.5,77.15,1526,,,
2013-09-20,77.45,78.15,73.5,74.95,2047,,,
2013-09-23,75.0,75.0,73.5,75.0,11494,,,
2013-09-24,74.0,74.95,73.8,74.5,1248,,,
2013-09-25,74.0,74.25,73.5,74.0,3602,,,
2013-09-26,73.5,75.5,73.2,75.1,4822,,,
2013-09-27,74.95,74.95,73.5,73.65,214,,,
2013-09-30,74.95,75.5,74.0,75.1,363549,,,
2013-10-01,74.0,76.0,73.0,74.1,9960,,,
2013-10-03,74.25,74.9,73.1,73.9,635,,,
2013-10-04,73.5,75.45,71.0,73.95,391,,,
2013-10-07,73.5,73.5,71.1,72.9,992,,,
2013-10-08,72.4,73.0,71.5,72.65,350,,,
2013-10-09,71.0,73.5,70.5,73.45,3805,,,
2013-10-10,72.5,74.5,70.5,72.0,359,,,
2013-10-11,71.0,73.5,71.0,73.3,7221,,,
2013-10-14,71.5,72.9,71.5,71.55,624,,,
2013-10-15,71.0,71.9,70.5,70.7,178,,,
2013-10-17,70.0,70.95,68.6,69.65,888,,,
2013-10-18,69.0,69.6,68.5,69.25,444,,,
2013-10-21,69.5,71.7,67.0,68.7,3724,,,
2013-10-22,70.0,70.0,67.5,67.6,866,,,
2013-10-23,67.0,67.5,65.5,67.2,1278,,,
2013-10-24,67.5,68.8,65.5,67.8,2177,,,
2013-10-25,67.5,67.6,67.45,67.6,1186,,,
2013-10-28,69.2,69.2,65.75,66.15,334,,,
2013-10-29,66.0,67.45,66.0,66.7,282,,,
2013-10-30,67.7,67.7,66.8,66.9,1120,,,
2013-10-31,66.5,67.95,65.55,66.35,267,,,
2013-11-01,65.15,67.45,65.15,67.45,1067,,,
2013-11-03,67.45,72.15,67.45,69.4,1035,,,
2013-11-05,69.2,77.0,68.45,73.95,7535,,,
2013-11-06,75.9,79.3,75.9,78.3,4404,,,
2013-11-07,80.95,81.45,79.05,81.05,1998,,,
2013-11-08,80.0,85.0,79.1,83.2,2962,,,
2013-11-11,80.35,86.45,80.35,86.05,3392,,,
2013-11-12,85.5,87.0,83.2,84.3,1492,,,
2013-11-13,83.5,85.7,82.0,85.3,2327,,,
2013-11-14,83.5,86.8,83.0,85.95,2125,,,
2013-11-18,86.0,86.0,83.5,84.4,847,,,
2013-11-19,83.55,85.0,83.5,84.95,2138,,,
2013-11-20,83.5,85.0,81.8,84.5,2251,,,
2013-11-21,83.5,85.5,82.0,85.15,6275,,,
2013-11-22,84.5,84.5,83.05,83.9,411,,,
2013-11-25,83.55,86.4,82.5,85.55,3620,,,
2013-11-26,86.3,88.0,85.95,87.45,1062,,,
2013-11-27,88.0,89.25,85.0,88.9,1174,,,
2013-11-28,88.0,90.45,88.0,90.25,2428,,,
2013-11-29,89.5,90.95,87.0,90.4,1757,,,
2013-12-02,90.0,91.95,88.6,90.95,516,,,
2013-12-03,89.1,92.0,88.7,91.0,3145,,,
2013-12-04,90.95,90.95,90.0,90.5,1212,,,
2013-12-05,90.75,92.5,89.2,92.5,1678,,,
2013-12-06,92.5,95.9,91.0,95.4,4815,,,
2013-12-09,95.4,95.5,91.5,94.05,2496,,,
2013-12-10,94.15,97.5,94.15,96.25,908,,,
2013-12-11,99.25,99.25,95.0,95.5,263,,,
2013-12-12,94.0,97.0,94.0,94.2,670,,,
2013-12-13,93.5,95.9,90.9,94.15,1458,,,
2013-12-16,93.55,94.4,90.45,93.4,2578,,,
2013-12-17,94.5,95.0,91.15,92.45,2773,,,
2013-12-18,91.55,94.5,91.5,92.5,1161,,,
2013-12-19,93.15,95.0,92.55,93.0,896,,,
2013-12-20,94.5,94.5,91.9,93.35,304,,,
2013-12-23,95.2,95.2,91.65,92.95,46,,,
2013-12-24,94.8,94.8,91.6,91.8,929,,,
2013-12-26,94.65,94.65,92.0,92.2,537,,,
2013-12-27,91.0,91.95,91.0,91.35,1069,,,
2013-12-30,90.5,92.35,87.8,90.9,679,,,
2013-12-31,91.6,91.6,85.5,88.15,1876,,,
2014-01-01,90.65,98.0,89.5,95.95,4040,,,
2014-01-02,95.0,100.6,92.2,94.7,5278,,,
2014-01-03,98.9,106.0,94.05,102.1,11495,,,
2014-01-06,102.1,104.45,99.0,101.0,11122,,,
2014-01-07,100.5,100.5,98.4,98.9,518,,,
2014-01-08,98.7,100.4,96.9,97.7,175,,,
2014-01-09,96.5,99.5,96.5,97.55,1116,,,
2014-01-10,97.0,97.5,94.5,95.95,2363,,,
2014-01-13,96.0,101.4,93.0,99.1,3468,,,
2014-01-14,98.0,98.0,94.6,95.35,2866,,,
2014-01-15,95.7,97.05,94.8,95.0,2040,,,
2014-01-16,95.05,95.05,94.0,94.6,989,,,
2014-01-17,94.5,94.5,91.6,91.9,1293,,,
2014-01-20,92.0,93.45,91.95,92.9,364,,,
2014-01-21,93.0,93.5,90.65,92.5,1227,,,
2014-01-22,94.5,94.5,91.15,93.7,221,,,
2014-01-23,92.0,94.95,90.55,93.85,120,,,
2014-01-24,92.0,92.5,89.5,91.1,1313,,,
2014-01-27,90.4,90.4,89.5,89.75,121,,,
2014-01-28,89.0,92.45,88.1,90.65,1861,,,
2014-01-29,91.95,94.1,91.95,94.0,1607,,,
2014-01-30,93.0,94.95,90.8,94.1,992,,,
2014-01-31,93.0,95.45,92.45,94.45,244,,,
2014-02-03,93.5,93.5,92.15,92.15,154,,,
2014-02-04,91.1,91.1,91.1,91.1,1,,,
2014-02-05,94.95,94.95,89.6,90.8,1822,,,
2014-02-06,91.0,92.95,91.0,92.95,2,,,
2014-02-07,92.0,94.5,89.05,92.95,1236,,,
2014-02-10,94.95,94.95,90.5,91.75,66,,,
2014-02-11,91.0,94.95,91.0,94.45,727,,,
2014-02-12,94.9,96.4,91.5,94.6,1539,,,
2014-02-13,93.0,94.7,92.5,94.5,67,,,
2014-02-14,96.25,96.25,92.8,93.0,219,,,
2014-02-17,95.75,95.75,92.0,92.65,510,,,
2014-02-18,94.95,94.95,90.9,91.5,160,,,
2014-02-19,92.5,92.5,92.5,92.5,2,,,
2014-02-20,94.7,97.0,92.5,96.3,645,,,
2014-02-21,98.45,98.45,92.75,93.6,117,,,
2014-02-24,91.0,93.0,90.5,91.0,346,,,
2014-02-25,93.5,93.5,91.5,92.1,213,,,
2014-02-26,97.45,97.45,91.05,94.15,358,,,
2014-02-28,94.5,94.5,91.3,91.5,268,,,
2014-03-03,91.0,94.5,90.0,90.3,594,,,
2014-03-04,94.45,94.45,91.0,91.5,68,,,
2014-03-05,94.45,94.45,90.5,90.75,142,,,
2014-03-06,90.5,93.0,90.25,91.2,889,,,
2014-03-07,90.3,94.2,90.0,90.55,2688,,,
2014-03-10,91.0,92.45,90.15,90.3,232,,,
2014-03-11,93.95,93.95,89.5,89.8,245,,,
2014-03-12,89.5,92.25,87.8,91.2,333,,,
2014-03-13,89.5,91.5,87.0,87.55,5878,,,
2014-03-14,87.0,90.0,87.0,89.15,2181,,,
2014-03-18,89.95,90.0,87.0,89.35,683,,,
2014-03-19,87.5,89.5,86.8,88.7,1210,,,
2014-03-20,89.0,89.75,87.7,89.75,3513,,,
2014-03-21,88.5,90.7,88.0,88.1,3489,,,
2014-03-22,90.0,90.0,89.0,89.8,602,,,
2014-03-24,90.0,90.0,86.55,87.35,3872,,,
2014-03-25,87.0,87.5,83.0,86.3,2566,,,
2014-03-26,86.0,88.0,84.55,86.3,1800,,,
2014-03-27,85.5,88.5,82.5,84.2,4518,,,
2014-03-28,84.3,87.2,82.55,84.45,1461,,,
2014-03-31,86.0,87.5,85.3,86.5,1919,,,
2014-04-01,88.2,88.4,84.9,85.0,1289,,,
2014-04-02,86.4,87.45,84.3,85.6,1654,,,
2014-04-03,85.0,94.0,84.1,91.4,7333,,,
2014-04-04,91.4,97.5,91.4,96.4,3669,,,
2014-04-07,96.0,100.45,95.0,98.6,3412,,,
2014-04-09,100.0,100.0,94.0,95.1,13451,,,
2014-04-10,95.5,96.0,92.6,92.8,1177,,,
2014-04-11,92.75,95.0,87.5,92.45,143643,,,
2014-04-15,97.5,97.5,90.3,93.9,1724,,,
2014-04-16,92.5,92.5,90.5,91.6,4691,,,
2014-04-17,91.0,96.0,90.25,95.15,6468,,,
2014-04-21,94.95,99.5,91.5,92.45,155056,,,
2014-04-22,95.0,96.75,91.0,96.5,4818,,,
2014-04-23,95.5,97.45,93.0,93.95,102718,,,
2014-04-25,93.5,97.4,93.5,96.1,3042,,,
2014-04-28,96.55,98.0,94.55,96.6,2281,,,
2014-04-29,95.5,97.5,94.15,96.6,6172,,,
2014-04-30,96.5,97.45,96.5,97.0,16191,,,
2014-05-02,95.5,103.35,91.55,101.1,15266,,,
2014-05-05,102.1,105.5,100.0,104.6,5053,,,
2014-05-06,105.0,107.15,104.75,106.5,5583,,,
2014-05-07,107.85,108.45,106.55,108.0,3059,,,
2014-05-08,107.0,107.0,104.0,106.0,497,,,
2014-05-09,104.5,107.5,102.1,107.0,1506,,,
2014-05-12,106.5,107.5,102.9,107.0,3475,,,
2014-05-13,107.5,109.0,104.0,107.3,2929,,,
2014-05-14,107.5,107.5,105.25,107.5,1238,,,
2014-05-15,106.5,106.5,100.0,102.1,2396,,,
2014-05-16,104.0,110.5,101.5,109.6,26430,,,
2014-05-19,109.9,114.7,106.2,107.6,1420849,,,
2014-05-20,109.85,126.0,109.75,119.95,429603,,,
2014-05-21,125.5,142.5,125.25,132.4,807045,,,
2014-05-22,135.95,142.45,135.95,139.85,736948,,,
2014-05-23,141.95,153.65,140.0,146.55,276273,,,
2014-05-26,147.65,150.7,135.05,138.95,205033,,,
2014-05-27,140.4,151.0,133.55,149.4,72875,,,
2014-05-28,149.4,152.2,143.5,144.6,35450,,,
2014-05-29,144.5,146.5,142.5,144.55,17797,,,
2014-05-30,143.0,147.5,136.8,145.6,24452,,,
2014-06-02,146.95,152.0,143.5,149.9,30060,,,
2014-06-03,151.5,154.9,147.8,150.2,44662,,,
2014-06-04,155.0,157.7,147.5,157.2,61453,,,
2014-06-05,158.0,162.35,155.65,159.0,40709,,,
2014-06-06,162.35,164.45,152.65,155.95,26790,,,
2014-06-09,157.5,158.95,152.3,155.55,41285,,,
2014-06-10,156.85,156.95,149.5,152.9,19975,,,
2014-06-11,152.5,156.0,147.5,149.95,20510,,,
2014-06-12,149.3,154.0,145.5,152.6,32677,,,
2014-06-13,152.0,157.0,146.0,150.2,45975,,,
2014-06-16,149.2,154.0,147.6,150.4,16354,,,
2014-06-17,152.2,153.5,149.0,152.15,9236,,,
2014-06-18,150.0,155.0,148.0,152.1,16510,,,
2014-06-19,155.0,157.0,148.55,149.6,9685,,,
2014-06-20,148.5,152.8,148.5,151.25,7485,,,
2014-06-23,160.75,160.75,150.55,151.9,22906,,,
2014-06-24,152.2,156.5,151.6,153.3,64720,,,
2014-06-25,155.0,162.5,152.0,157.3,107441,,,
2014-06-26,160.65,160.7,155.5,155.95,159417,,,
2014-06-27,157.5,158.2,153.0,155.2,64694,,,
2014-06-30,157.95,159.0,154.25,156.9,22432,,,
2014-07-01,157.8,158.0,152.5,155.5,22514,,,
2014-07-02,155.75,159.0,154.5,156.65,24066,,,
2014-07-03,158.0,163.45,157.0,159.4,109474,,,
2014-07-04,157.5,160.0,156.75,158.1,57706,,,
2014-07-07,157.0,160.0,154.0,158.6,65656,,,
2014-07-08,159.45,161.8,152.5,158.5,167954,,,
2014-07-09,162.5,162.5,151.25,154.45,36768,,,
2014-07-10,154.45,158.7,146.5,156.1,23964,,,
2014-07-11,158.5,159.1,137.5,146.5,97350,,,
2014-07-14,151.5,157.5,149.4,152.6,74188,,,
2014-07-15,153.2,159.5,153.2,157.4,23792,,,
2014-07-16,157.5,161.5,157.0,158.95,64821,,,
2014-07-17,159.9,159.95,152.0,158.3,39991,,,
2014-07-18,157.0,169.5,157.0,165.1,156670,,,
2014-07-21,166.7,173.5,166.7,169.45,144067,,,
2014-07-22,170.95,175.5,166.65,169.4,387830,,,
2014-07-23,169.5,171.75,161.0,165.7,173385,,,
2014-07-24,167.5,171.0,160.75,161.8,93732,,,
2014-07-25,162.7,169.5,158.3,165.0,54045,,,
2014-07-28,165.0,165.0,152.6,154.85,130202,,,
2014-07-30,154.85,162.5,146.55,159.3,50208,,,
2014-07-31,157.7,164.0,155.8,160.4,19228,,,
2014-08-01,157.0,164.0,155.65,160.45,31812,,,
2014-08-04,158.85,165.45,158.85,163.3,158360,,,
2014-08-05,164.2,164.45,159.05,159.7,12946,,,
2014-08-06,159.75,162.0,157.5,158.4,4706,,,
2014-08-07,161.75,161.75,155.8,156.65,7395,,,
2014-08-08,154.55,164.5,151.55,158.05,21449,,,
2014-08-11,158.5,163.3,155.5,160.2,14048,,,
2014-08-12,160.15,161.4,156.0,158.95,5472,,,
2014-08-13,163.5,163.5,152.3,156.95,7180,,,
2014-08-14,152.75,163.45,150.0,162.55,33653,,,
2014-08-18,158.0,163.75,158.0,162.45,23805,,,
2014-08-19,162.5,165.0,160.0,161.2,50033,,,
2014-08-20,163.2,168.8,161.5,166.2,153019,,,
2014-08-21,166.0,169.5,164.0,167.8,58998,,,
2014-08-22,168.15,169.6,165.55,166.3,99545,,,
2014-08-25,166.55,167.0,157.8,161.45,20342,,,
2014-08-26,162.0,162.0,154.0,157.6,26771,,,
2014-08-27,158.3,162.4,155.5,156.1,11804,,,
2014-08-28,156.5,163.5,152.05,162.35,45530,,,
2014-09-01,156.05,164.5,156.05,163.05,10270,,,
2014-09-02,161.45,164.95,160.05,164.1,27193,,,
2014-09-03,169.5,169.5,163.5,167.05,82772,,,
2014-09-04,165.25,165.95,161.0,162.1,11234,,,
2014-09-05,160.0,168.8,159.5,165.55,71692,,,
2014-09-08,165.4,166.3,160.25,160.8,10595,,,
2014-09-09,162.0,165.95,159.25,161.55,14613,,,
2014-09-10,164.9,164.9,158.35,159.4,14715,,,
2014-09-11,161.75,170.0,160.0,164.8,47017,,,
2014-09-12,167.45,167.5,161.5,164.7,27812,,,
2014-09-15,165.0,167.45,161.5,164.75,28262,,,
2014-09-16,162.5,165.0,159.05,160.5,73713,,,
2014-09-17,161.5,167.2,153.05,165.05,31688,,,
2014-09-18,165.65,167.5,163.5,164.35,31703,,,
2014-09-19,164.55,168.3,163.5,164.2,10362,,,
2014-09-22,163.5,165.8,160.0,161.5,15600,,,
2014-09-23,161.5,161.5,158.2,158.5,12085,,,
2014-09-24,156.95,161.95,152.2,158.4,27329,,,
2014-09-25,156.85,160.45,152.5,158.3,8185,,,
2014-09-26,156.5,159.1,153.05,155.3,8247,,,
2014-09-29,156.0,158.4,155.5,156.85,5293,,,
2014-09-30,156.9,160.0,153.0,157.4,5311,,,
2014-10-01,157.7,163.5,155.05,159.0,11008,,,
2014-10-07,157.45,160.0,155.05,155.8,6312,,,
2014-10-08,154.2,159.2,152.55,155.35,16330,,,
2014-10-09,155.25,160.0,153.45,155.3,8607,,,
2014-10-10,154.0,161.0,154.0,158.2,10950,,,
2014-10-13,156.05,161.5,156.0,159.5,17357,,,
2014-10-14,160.0,161.5,155.5,157.45,5913,,,
2014-10-16,156.1,158.55,151.45,153.25,8018,,,
2014-10-17,152.5,156.95,149.25,151.7,45053,,,
2014-10-20,159.45,159.45,151.5,152.6,9994,,,
2014-10-21,152.45,157.25,150.75,155.4,13461,,,
2014-10-22,155.4,158.25,153.9,157.45,15140,,,
2014-10-23,159.2,159.4,157.5,158.4,2369,,,
2014-10-27,159.0,159.0,156.8,157.9,4364,,,
2014-10-28,158.2,159.75,157.05,158.55,78961,,,
2014-10-29,157.3,164.0,157.1,161.2,9425,,,
2014-10-30,165.0,165.0,160.05,162.95,210289,,,
2014-10-31,163.5,165.25,159.0,161.2,11083,,,
2014-11-03,160.0,164.0,157.7,163.4,4804,,,
2014-11-05,161.5,165.0,160.1,164.2,7178,,,
2014-11-07,165.0,173.4,165.0,170.0,267270,,,
2014-11-10,171.25,174.45,167.5,171.0,46122,,,
2014-11-11,171.5,180.0,170.0,175.75,62103,,,
2014-11-12,173.0,182.0,160.1,167.6,308945,,,
2014-11-13,168.7,181.85,167.6,174.05,119935,,,
2014-11-14,177.1,186.95,174.7,181.2,215708,,,
2014-11-17,182.2,195.0,177.1,191.3,117906,,,
2014-11-18,191.0,200.5,188.0,199.55,132262,,,
2014-11-19,200.5,201.45,186.85,188.55,26043,,,
2014-11-20,189.0,194.3,185.0,189.4,24810,,,
2014-11-21,186.0,197.35,186.0,194.9,42392,,,
2014-11-24,193.0,203.4,193.0,197.6,35038,,,
2014-11-25,195.95,200.5,184.05,199.2,122895,,,
2014-11-26,198.5,220.0,197.1,215.3,65658,,,
2014-11-27,226.0,226.5,212.0,215.2,70224,,,
2014-11-28,216.5,221.2,211.2,218.0,28662,,,
2014-12-01,219.2,221.95,216.0,219.8,25263,,,
2014-12-02,219.1,221.5,215.35,218.9,8456,,,
2014-12-03,218.1,228.0,217.0,224.2,23491,,,
2014-12-04,222.9,227.5,222.05,225.4,45445,,,
2014-12-05,226.0,237.25,220.3,227.7,41909,,,
2014-12-08,231.35,232.35,220.3,222.85,13754,,,
2014-12-09,223.4,227.7,215.0,218.0,14194,,,
2014-12-10,216.5,224.8,215.85,221.3,115918,,,
2014-12-11,223.0,227.0,217.4,219.35,23423,,,
2014-12-12,218.85,234.45,217.45,222.0,20733,,,
2014-12-15,221.5,223.85,212.5,214.1,18745,,,
2014-12-16,213.25,215.5,207.4,208.6,31869,,,
2014-12-17,207.0,211.0,191.05,209.4,9332,,,
2014-12-18,209.5,222.5,207.5,216.7,27702,,,
2014-12-19,215.0,222.0,210.5,217.35,21512,,,
2014-12-22,217.9,224.85,217.85,223.55,15795,,,
2014-12-23,222.0,246.8,218.0,236.2,173614,,,
2014-12-24,240.45,258.7,240.45,247.25,199867,,,
2014-12-26,247.55,258.55,247.55,253.7,53412,,,
2014-12-29,254.0,258.5,250.0,251.9,38774,,,
2014-12-30,252.8,252.95,243.25,248.8,22453,,,
2014-12-31,250.5,257.4,248.0,256.55,50117,,,
2015-01-01,255.0,267.5,250.1,265.7,58812,,,
2015-01-02,263.5,267.2,257.0,259.2,67269,,,
2015-01-05,257.5,257.5,248.5,250.4,20980,,,
2015-01-06,248.0,248.0,230.6,234.15,19940,,,
2015-01-07,236.5,250.0,232.0,234.3,13382,,,
2015-01-08,244.0,248.2,239.5,244.3,10366,,,
2015-01-09,245.5,250.5,245.5,247.5,139852,,,
2015-01-12,245.05,252.0,243.2,249.3,12777,,,
2015-01-13,247.05,252.5,242.5,243.7,11824,,,
2015-01-14,247.25,249.3,243.5,245.5,21746,,,
2015-01-15,241.8,247.6,235.45,237.15,33747,,,
2015-01-16,237.0,240.0,235.0,237.5,6075,,,
2015-01-19,235.6,245.0,235.6,239.3,8376,,,
2015-01-20,241.8,242.55,239.25,241.6,17133,,,
2015-01-21,241.85,242.5,237.5,240.0,7499,,,
2015-01-22,237.6,245.0,237.6,239.8,12435,,,
2015-01-23,242.5,242.5,238.05,239.7,12778,,,
2015-01-27,237.5,239.55,235.0,236.05,11030,,,
2015-01-28,234.55,237.5,231.5,235.95,9701,,,
2015-01-29,238.0,244.5,233.6,239.4,87743,,,
2015-01-30,245.0,248.0,236.3,240.2,147688,,,
2015-02-02,237.5,244.35,236.25,241.9,6805,,,
2015-02-03,239.8,250.0,227.0,248.9,118525,,,
2015-02-04,249.7,255.0,246.1,253.2,60629,,,
2015-02-05,254.5,269.5,252.2,267.1,126299,,,
2015-02-06,269.85,274.9,255.0,267.9,78438,,,
2015-02-09,264.0,267.5,256.0,264.55,9047,,,
2015-02-10,264.0,269.5,262.5,267.95,8645,,,
2015-02-11,268.4,277.2,265.25,275.05,27435,,,
2015-02-12,273.4,285.0,273.25,283.5,47513,,,
2015-02-13,283.95,292.0,270.35,279.4,116349,,,
2015-02-16,278.5,278.5,268.0,273.2,18684,,,
2015-02-18,270.05,275.5,270.05,273.25,216492,,,
2015-02-19,275.0,276.4,255.0,264.6,13590,,,
2015-02-20,269.0,269.5,260.0,261.0,7990,,,
2015-02-23,265.0,285.35,258.05,276.7,36511,,,
2015-02-24,275.5,287.5,265.0,265.2,94684,,,
2015-02-25,267.5,273.0,264.25,266.7,89240,,,
2015-02-26,269.95,272.5,264.5,266.05,6916,,,
2015-02-27,266.5,272.5,262.35,269.15,66646,,,
2015-02-28,267.3,287.4,264.5,280.05,79274,,,
2015-03-02,280.5,317.4,280.5,313.7,271830,,,
2015-03-03,317.9,351.55,314.65,335.0,228058,,,
2015-03-04,335.4,350.05,327.5,332.0,132350,,,
2015-03-05,331.5,339.0,328.85,334.4,767387,,,
2015-03-09,334.4,339.85,330.0,333.4,23057,,,
2015-03-10,335.0,341.85,319.0,332.55,20569,,,
2015-03-11,327.75,337.4,314.5,328.5,4033,,,
2015-03-12,329.0,335.0,322.9,333.5,14562,,,
2015-03-13,342.45,342.45,329.0,330.15,5598,,,
2015-03-16,331.1,334.25,329.0,331.05,5941,,,
2015-03-17,338.5,338.5,327.5,329.2,5197,,,
2015-03-18,330.05,332.0,316.5,321.95,4116,,,
2015-03-19,326.4,331.85,316.5,319.75,6375,,,
2015-03-20,320.0,332.0,300.5,325.6,55071,,,
2015-03-23,329.7,332.0,293.0,309.4,13451,,,
2015-03-24,304.5,320.0,295.0,315.25,16343,,,
2015-03-25,316.5,324.95,313.1,321.0,23668,,,
2015-03-26,320.5,325.0,315.9,323.0,15417,,,
2015-03-27,322.0,327.5,320.0,323.35,8686,,,
2015-03-30,322.0,330.0,321.05,328.0,9603,,,
2015-03-31,349.95,349.95,337.5,341.5,16983,,,
2015-04-01,345.0,355.0,337.5,352.7,16737,,,
2015-04-06,350.1,366.0,346.25,355.75,67560,,,
2015-04-07,361.5,361.5,336.7,355.05,28633,,,
2015-04-08,358.85,358.85,350.25,354.5,4430,,,
2015-04-09,357.4,365.0,345.55,361.35,4978,,,
2015-04-10,361.5,366.75,356.2,363.3,9511,,,
2015-04-13,343.0,368.5,343.0,362.25,6850,,,
2015-04-15,356.0,366.5,339.05,346.55,8328,,,
2015-04-16,351.5,351.5,340.0,344.6,21305,,,
2015-04-17,345.5,352.5,340.55,342.55,11324,,,
2015-04-20,340.05,354.4,330.5,332.25,14445,,,
2015-04-21,347.5,347.5,325.5,329.8,130607,,,
2015-04-22,325.0,340.4,325.0,332.2,11083,,,
2015-04-23,339.9,339.9,330.5,331.6,58233,,,
2015-04-24,330.1,332.5,317.1,327.8,12859,,,
2015-04-27,324.0,325.0,302.5,319.6,31477,,,
2015-04-28,317.0,335.8,303.7,312.6,81692,,,
2015-04-29,316.2,319.0,300.0,305.0,48021,,,
2015-04-30,303.55,309.5,292.5,298.2,48071,,,
2015-05-04,296.25,310.0,294.9,299.25,33936,,,
2015-05-05,310.0,310.0,298.05,300.05,22698,,,
2015-05-06,297.5,303.3,295.25,299.65,3914,,,
2015-05-07,300.0,306.0,293.0,302.4,33546,,,
2015-05-08,306.25,311.5,305.2,309.05,26191,,,
2015-05-11,311.5,316.0,307.5,310.8,14528,,,
2015-05-12,308.3,312.5,307.5,309.05,7765,,,
2015-05-13,306.0,310.0,303.5,307.05,2062,,,
2015-05-14,306.0,311.5,302.5,307.9,1630,,,
2015-05-15,306.5,311.95,302.8,309.0,20872,,,
2015-05-18,304.3,309.0,302.55,306.0,8125,,,
2015-05-19,314.5,326.2,308.2,318.0,62549,,,
2015-05-20,317.5,324.0,317.5,319.05,2323,,,
2015-05-21,332.4,332.4,308.75,311.7,2916,,,
2015-05-22,311.65,327.5,311.65,325.6,8026,,,
2015-05-25,325.5,330.0,321.5,329.8,7432,,,
2015-05-26,334.7,337.05,318.25,320.55,2135,,,
2015-05-27,325.0,327.5,320.0,321.9,1263,,,
2015-05-28,326.5,334.45,318.5,330.9,8608,,,
2015-05-29,334.0,355.0,324.1,347.5,14468,,,
2015-06-01,345.0,357.0,327.5,344.0,5918,,,
2015-06-02,352.5,352.5,344.0,346.85,7565,,,
2015-06-03,340.0,343.5,315.5,325.5,54188,,,
2015-06-04,322.5,332.4,306.5,315.6,32704,,,
2015-06-05,312.5,321.0,310.0,311.85,5033,,,
2015-06-08,317.0,317.0,306.2,311.2,7401,,,
2015-06-09,311.5,319.5,304.25,310.6,6238,,,
2015-06-10,310.0,310.0,304.0,305.1,6841,,,
2015-06-11,307.0,307.0,298.5,302.1,26017,,,
2015-06-12,306.5,306.5,295.0,300.4,10976,,,
2015-06-15,300.5,300.5,292.75,297.45,15085,,,
2015-06-16,297.45,297.45,276.25,295.35,37972,,,
2015-06-17,299.45,306.0,290.05,294.5,7903,,,
2015-06-18,292.0,304.9,291.0,298.05,12892,,,
2015-06-19,304.5,314.0,287.0,295.7,17782,,,
2015-06-22,309.45,313.0,296.15,310.5,19721,,,
2015-06-23,311.0,333.0,309.4,325.55,24791,,,
2015-06-24,325.5,337.5,325.5,334.15,9005,,,
2015-06-25,362.5,362.5,335.0,339.4,26584,,,
2015-06-26,344.9,350.5,332.75,338.0,10938,,,
2015-06-29,328.6,350.0,320.0,346.75,16664,,,
2015-06-30,342.5,355.0,332.25,352.15,16864,,,
2015-07-01,350.0,362.45,347.5,356.1,119394,,,
2015-07-02,356.1,372.0,356.1,369.2,57780,,,
2015-07-03,375.55,379.5,367.0,372.05,31223,,,
2015-07-06,369.0,376.35,357.55,374.7,6962,,,
2015-07-07,376.0,387.35,375.8,377.5,19470,,,
2015-07-08,385.05,387.5,378.0,383.1,10867,,,
2015-07-09,384.5,395.1,383.0,393.15,7588,,,
2015-07-10,395.0,401.0,390.6,394.8,17058,,,
2015-07-13,389.6,405.0,385.0,401.9,7356,,,
2015-07-14,401.9,418.5,401.9,414.1,8842,,,
2015-07-15,415.95,422.0,412.5,414.2,16652,,,
2015-07-16,412.5,413.5,405.0,408.35,15810,,,
2015-07-17,408.5,413.0,400.1,404.7,10060,,,
2015-07-20,407.8,418.5,395.05,397.5,11652,,,
2015-07-21,402.5,406.0,378.0,381.45,12876,,,
2015-07-22,384.5,385.0,375.0,377.4,6107,,,
2015-07-23,383.5,384.9,377.3,382.15,11078,,,
2015-07-24,382.5,384.5,375.55,379.4,29427,,,
2015-07-27,377.5,380.5,375.0,377.65,6119,,,
2015-07-28,375.0,387.6,366.5,374.5,14697,,,
2015-07-29,380.0,382.0,351.0,362.5,21903,,,
2015-07-30,369.75,377.45,365.0,367.2,48733,,,
2015-07-31,367.95,380.0,363.05,370.75,87462,,,
2015-08-03,377.45,378.5,370.0,373.55,10383,,,
2015-08-04,374.9,377.5,368.5,374.4,4675,,,
2015-08-05,376.5,377.25,368.0,371.6,152021,,,
2015-08-06,374.5,377.5,370.5,375.1,5061,,,
2015-08-07,375.0,384.75,372.5,382.7,6763,,,
2015-08-10,390.25,392.55,382.6,390.55,7272,,,
2015-08-11,393.45,405.0,388.15,394.75,18567,,,
2015-08-12,392.5,397.0,377.5,382.3,8789,,,
2015-08-13,382.35,390.0,380.0,383.75,3020,,,
2015-08-14,384.5,385.0,370.5,381.25,13618,,,
2015-08-17,388.8,410.0,370.0,386.5,6850,,,
2015-08-18,385.0,389.75,373.95,377.35,6995,,,
2015-08-19,379.5,387.5,376.9,387.25,55270,,,
2015-08-20,387.5,387.5,377.5,387.2,7159,,,
2015-08-21,382.5,399.55,370.25,386.3,5589,,,
2015-08-24,365.0,385.0,337.5,367.8,38916,,,
2015-08-25,341.5,377.5,335.5,368.9,15634,,,
2015-08-26,377.5,387.5,358.25,383.2,9992,,,
2015-08-27,387.4,392.5,383.0,392.0,9019,,,
2015-08-28,407.0,407.0,395.25,401.35,14155,,,
2015-08-31,395.0,424.0,390.75,394.55,22473,,,
2015-09-01,394.5,397.7,389.5,393.9,9672,,,
2015-09-02,389.9,401.9,388.0,394.0,9358,,,
2015-09-03,390.0,400.2,390.0,395.1,4510,,,
2015-09-04,395.05,395.05,375.0,381.55,6138,,,
2015-09-07,378.0,382.0,355.1,359.6,6820,,,
2015-09-08,354.0,363.0,340.5,346.8,28896,,,
2015-09-09,347.0,352.7,335.0,341.5,17838,,,
2015-09-10,338.0,366.5,337.0,358.0,24385,,,
2015-09-11,369.5,375.0,362.5,372.5,10678,,,
2015-09-14,384.5,384.5,361.1,370.1,31004,,,
2015-09-15,379.5,389.95,356.9,368.25,7901,,,
2015-09-16,374.3,377.5,360.5,373.0,11703,,,
2015-09-18,366.5,390.0,366.5,380.65,29493,,,
2015-09-21,387.5,401.55,366.25,394.0,4056,,,
2015-09-22,395.5,407.5,382.5,385.5,14986,,,
2015-09-23,389.5,390.0,379.75,386.7,73563,,,
2015-09-24,381.25,390.0,380.0,381.8,3250,,,
2015-09-28,381.25,389.95,378.0,386.7,4284,,,
2015-09-29,387.5,387.5,375.0,380.05,4080,,,
2015-09-30,380.0,400.0,376.0,395.65,83566,,,
2015-10-01,397.5,402.0,386.05,397.8,27359,,,
2015-10-05,400.0,430.0,392.55,419.3,95518,,,
2015-10-06,434.85,448.5,390.25,396.85,177450,,,
2015-10-07,394.5,402.0,390.0,393.75,14810,,,
2015-10-08,397.0,399.5,387.5,391.75,4227,,,
2015-10-09,395.1,397.0,375.75,380.75,8705,,,
2015-10-12,376.5,384.75,363.0,367.6,20501,,,
2015-10-13,366.8,372.8,357.5,368.45,38321,,,
2015-10-14,368.0,377.4,365.5,369.4,7110,,,
2015-10-15,368.25,384.4,365.6,378.4,13972,,,
2015-10-16,372.75,390.05,370.8,382.35,58076,,,
2015-10-19,380.5,392.5,375.05,381.25,35646,,,
2015-10-20,380.0,388.25,375.5,379.25,9271,,,
2015-10-21,382.0,384.9,370.5,373.2,5917,,,
2015-10-23,377.05,390.0,375.35,384.5,23396,,,
2015-10-26,380.5,397.4,376.5,389.95,30404,,,
2015-10-27,385.0,393.0,378.0,380.9,13747,,,
2015-10-28,380.4,381.9,370.6,373.0,8029,,,
2015-10-29,375.0,378.95,368.05,373.7,11395,,,
2015-10-30,375.0,384.0,373.8,380.5,14426,,,
2015-11-02,380.7,383.4,372.5,378.55,6713,,,
2015-11-03,377.5,385.0,373.6,378.85,10492,,,
2015-11-04,379.0,380.1,373.35,379.1,7794,,,
2015-11-05,375.0,380.0,372.5,374.2,17106,,,
2015-11-06,372.5,374.0,367.1,368.3,4652,,,
2015-11-09,367.5,367.5,344.5,361.6,14222,,,
2015-11-10,370.0,376.0,357.85,362.0,25716,,,
2015-11-11,369.5,376.5,369.5,371.4,2925,,,
2015-11-13,375.0,375.0,360.3,362.1,10867,,,
2015-11-16,365.5,367.25,356.0,358.2,16644,,,
2015-11-17,360.4,368.0,355.0,364.0,18143,,,
2015-11-18,372.5,375.0,368.0,370.0,12395,,,
2015-11-19,370.25,373.0,367.3,370.0,27602,,,
2015-11-20,370.9,371.0,366.5,370.0,20682,,,
2015-11-23,370.25,389.0,363.5,373.65,19689,,,
2015-11-24,372.5,384.4,370.0,371.1,6099,,,
2015-11-26,365.0,374.0,357.25,370.8,7263,,,
2015-11-27,376.0,376.0,370.0,371.1,22546,,,
2015-11-30,365.0,377.0,365.0,373.4,69745,,,
2015-12-01,378.5,378.5,370.2,373.5,27732,,,
2015-12-02,370.05,378.0,370.0,372.3,9757,,,
2015-12-03,371.5,376.25,371.0,373.7,44452,,,
2015-12-04,375.0,379.45,365.0,375.5,25963,,,
2015-12-07,380.0,380.0,373.1,378.9,11428,,,
2015-12-08,375.9,380.0,375.0,379.0,36142,,,
2015-12-09,376.35,377.25,357.8,368.25,14857,,,
2015-12-10,365.0,375.0,356.0,369.4,4264,,,
2015-12-11,377.85,377.85,350.0,357.85,111393,,,
2015-12-14,354.0,354.0,337.0,343.55,17417,,,
2015-12-15,354.95,354.95,344.5,352.05,33382,,,
2015-12-16,356.0,364.0,355.1,358.75,24592,,,
2015-12-17,359.05,375.0,357.05,360.05,24557,,,
2015-12-18,362.0,365.0,342.0,347.15,14971,,,
2015-12-21,347.15,371.75,347.15,361.85,257827,,,
2015-12-22,363.0,368.85,352.9,359.9,36612,,,
2015-12-23,368.5,368.5,345.0,353.65,35608,,,
2015-12-24,358.7,400.0,352.4,391.05,119902,,,
2015-12-28,394.0,396.0,375.0,378.9,20871,,,
2015-12-29,376.05,383.0,371.65,374.85,7095,,,
2015-12-30,372.65,382.0,366.0,373.45,18704,,,
2015-12-31,367.0,380.0,367.0,372.2,10962,,,
2016-01-01,375.9,380.0,370.1,374.8,11200,,,
2016-01-04,382.0,386.0,362.8,368.55,21543,,,
2016-01-05,362.5,378.9,362.5,371.35,10714,,,
2016-01-06,366.05,398.9,365.2,374.75,30288,,,
2016-01-07,373.5,382.65,361.1,371.65,15943,,,
2016-01-08,372.05,380.4,363.0,374.0,13401,,,
2016-01-11,368.05,380.0,362.25,374.4,17458,,,
2016-01-12,379.9,379.9,360.0,365.4,35080,,,
2016-01-13,369.95,374.55,311.1,349.75,90750,,,
2016-01-14,345.0,352.3,326.25,348.0,42907,,,
2016-01-15,355.0,365.0,342.05,348.75,12270,,,
2016-01-18,348.0,348.0,320.0,334.8,30537,,,
2016-01-19,327.95,347.45,320.05,341.6,11398,,,
2016-01-20,336.0,345.0,325.3,335.85,27216,,,
2016-01-21,326.0,342.95,326.0,334.05,9963,,,
2016-01-22,335.0,360.45,335.0,348.4,5848,,,
2016-01-25,343.05,354.9,340.05,343.0,15660,,,
2016-01-27,353.0,353.0,340.2,345.35,5326,,,
2016-01-28,345.85,356.25,335.95,353.15,8404,,,
2016-01-29,353.55,368.0,352.65,362.6,17912,,,
2016-02-01,358.05,360.7,351.0,359.55,7939,,,
2016-02-02,363.15,371.0,356.1,368.65,16126,,,
2016-02-03,361.5,368.0,348.8,358.8,32391,,,
2016-02-04,364.95,365.0,354.2,359.15,18246,,,
2016-02-05,363.05,376.9,351.5,359.55,21406,,,
2016-02-08,355.05,360.0,350.1,354.5,30218,,,
2016-02-09,351.05,353.0,332.0,335.5,10040,,,
2016-02-10,345.55,345.55,312.0,315.8,78775,,,
2016-02-11,335.0,335.0,252.7,301.05,98903,,,
2016-02-12,306.9,313.9,260.0,285.65,123415,,,
2016-02-15,302.7,302.7,282.2,289.7,36019,,,
2016-02-16,290.25,298.0,278.0,294.95,24938,,,
2016-02-17,288.75,305.0,280.2,299.7,12177,,,
2016-02-18,303.5,317.6,291.2,299.9,11937,,,
2016-02-19,303.45,310.0,295.0,302.7,7497,,,
2016-02-22,309.8,309.8,295.0,297.4,7244,,,
2016-02-23,298.05,298.05,278.05,282.3,16854,,,
2016-02-24,282.0,289.95,272.0,275.7,22159,,,
2016-02-25,272.15,278.85,260.0,261.85,18304,,,
2016-02-26,265.8,277.0,265.8,273.15,11197,,,
2016-02-29,277.0,279.05,260.7,263.75,14618,,,
2016-03-01,265.05,273.9,263.8,269.15,87080,,,
2016-03-02,275.5,287.9,271.6,283.35,8995,,,
2016-03-03,288.3,299.0,285.0,294.95,14561,,,
2016-03-04,293.7,303.8,287.1,295.85,45569,,,
2016-03-08,309.0,312.05,291.0,292.6,9534,,,
2016-03-09,291.05,299.7,286.6,295.8,42864,,,
2016-03-10,291.0,319.95,286.0,310.3,45084,,,
2016-03-11,309.5,334.9,301.1,317.1,38400,,,
2016-03-14,315.05,320.05,309.1,314.65,28165,,,
2016-03-15,310.0,316.0,305.8,313.25,23257,,,
2016-03-16,309.05,309.7,293.5,297.8,20026,,,
2016-03-17,302.85,303.0,291.0,298.25,32473,,,
2016-03-18,300.0,300.0,287.0,292.05,29366,,,
2016-03-21,300.0,300.0,283.0,289.25,45386,,,
2016-03-22,286.0,292.45,283.1,287.1,23917,,,
2016-03-23,287.05,287.75,273.0,276.1,65616,,,
2016-03-28,291.2,328.4,278.0,281.9,714598,,,
2016-03-29,286.0,288.0,276.0,282.0,119648,,,
2016-03-30,287.0,289.4,271.55,273.4,138557,,,
2016-03-31,283.0,283.0,270.2,274.75,352533,,,
2016-04-01,272.4,281.2,267.5,269.15,85461,,,
2016-04-04,273.6,275.0,261.8,263.4,141210,,,
2016-04-05,262.1,264.5,250.3,252.95,89994,,,
2016-04-06,254.9,254.9,250.75,251.55,79201,,,
2016-04-07,252.25,252.9,239.55,240.9,85077,,,
2016-04-08,244.9,244.95,233.65,236.15,89231,,,
2016-04-11,236.0,242.0,234.2,238.1,168014,,,
2016-04-12,239.0,241.45,236.0,239.75,690486,,,
2016-04-13,245.0,278.0,242.0,274.2,1222336,,,
2016-04-18,277.45,285.0,274.35,284.3,242878,,,
2016-04-20,295.0,303.0,284.0,286.5,468033,,,
2016-04-21,289.85,293.4,284.0,289.85,121403,,,
2016-04-22,291.9,291.9,283.05,286.1,120604,,,
2016-04-25,288.0,289.3,281.25,282.45,66452,,,
2016-04-26,282.4,282.4,252.5,254.65,546829,,,
2016-04-27,257.55,260.0,245.2,249.45,284361,,,
2016-04-28,249.0,249.0,237.0,238.85,207587,,,
2016-04-29,235.6,243.15,233.2,235.15,133465,,,
2016-05-02,233.25,243.5,229.6,243.05,188152,,,
2016-05-03,243.05,248.7,237.65,241.5,121475,,,
2016-05-04,240.1,240.9,235.0,235.2,42081,,,
2016-05-05,235.1,241.7,232.0,238.6,53041,,,
2016-05-06,237.85,252.0,235.2,244.9,241034,,,
2016-05-09,247.4,253.0,246.4,250.45,76113,,,
2016-05-10,251.0,255.5,250.0,252.75,39054,,,
2016-05-11,250.0,252.25,244.0,250.9,24621,,,
2016-05-12,250.95,254.2,248.3,248.85,13019,,,
2016-05-13,249.05,250.0,245.0,245.95,17126,,,
2016-05-16,249.95,250.05,240.35,241.3,28193,,,
2016-05-17,243.95,245.0,240.0,240.6,28090,,,
2016-05-18,237.0,240.85,237.0,238.85,15638,,,
2016-05-19,240.0,242.0,236.0,237.15,27017,,,
2016-05-20,237.25,239.5,232.2,234.75,16287,,,
2016-05-23,238.9,238.95,227.0,229.15,384045,,,
2016-05-24,232.8,234.9,212.5,223.15,210821,,,
2016-05-25,229.8,245.0,225.3,229.9,111082,,,
2016-05-26,232.0,236.9,230.0,234.65,37468,,,
2016-05-27,236.65,239.7,230.2,234.95,50306,,,
2016-05-30,237.75,239.8,232.0,235.8,52949,,,
2016-05-31,239.0,249.0,230.6,244.7,96770,,,
2016-06-01,246.8,250.0,244.05,248.15,43755,,,
2016-06-02,248.95,250.2,239.0,240.6,22652,,,
2016-06-03,242.9,245.0,241.05,242.65,15145,,,
2016-06-06,246.0,246.0,236.0,238.55,15924,,,
2016-06-07,242.95,242.95,233.1,239.9,18681,,,
2016-06-08,243.0,243.0,238.0,238.65,36667,,,
2016-06-09,240.0,240.0,237.4,237.65,93635,,,
2016-06-10,238.05,240.6,238.0,238.4,26450,,,
2016-06-13,237.65,237.7,227.0,232.15,22427,,,
2016-06-14,235.45,240.4,233.25,235.15,22677,,,
2016-06-15,235.55,238.0,233.5,234.95,30454,,,
2016-06-16,236.0,236.0,229.0,230.45,37656,,,
2016-06-17,235.0,236.0,227.0,229.5,53825,,,
2016-06-20,232.5,232.5,224.7,225.25,45091,,,
2016-06-21,228.6,230.0,221.45,222.55,49039,,,
2016-06-22,223.55,226.0,221.5,222.9,22374,,,
2016-06-23,223.25,225.85,216.5,217.2,41516,,,
2016-06-24,210.0,215.0,204.3,212.25,70905,,,
2016-06-27,214.0,218.0,210.2,215.25,38257,,,
2016-06-28,218.9,218.9,214.0,216.05,30503,,,
2016-06-29,220.9,224.3,217.1,223.15,60528,,,
2016-06-30,226.5,228.05,220.0,221.85,33855,,,
2016-07-01,223.05,226.0,217.5,218.95,44356,,,
2016-07-04,218.1,224.75,217.85,221.75,71807,,,
2016-07-05,220.0,248.5,220.0,241.2,2335123,,,
2016-07-07,248.0,257.3,230.05,233.7,1903465,,,
2016-07-08,232.2,235.05,227.05,231.2,173572,,,
2016-07-11,238.0,238.0,228.0,229.95,105683,,,
2016-07-12,230.05,238.75,221.8,237.4,203857,,,
2016-07-13,237.0,239.0,226.05,229.75,291095,,,
2016-07-14,232.95,232.95,220.05,222.35,151710,,,
2016-07-15,223.5,225.9,218.75,219.75,101852,,,
2016-07-18,219.0,224.9,219.0,221.45,62347,,,
2016-07-19,220.5,225.0,220.5,223.7,42423,,,
2016-07-20,223.95,226.65,221.2,224.55,22017,,,
2016-07-21,225.95,227.5,222.0,225.1,47844,,,
2016-07-22,222.2,227.7,222.0,223.6,33520,,,
2016-07-25,225.4,226.0,222.4,223.8,48611,,,
2016-07-26,225.4,225.85,222.7,224.05,41275,,,
2016-07-27,224.95,225.0,217.1,218.6,58124,,,
2016-07-28,220.0,222.7,217.0,218.8,52444,,,
2016-07-29,219.05,221.0,216.0,217.9,41987,,,
2016-08-01,219.95,222.5,213.0,214.65,102058,,,
2016-08-02,219.75,225.0,215.15,216.55,388273,,,
2016-08-03,219.9,220.0,211.55,212.9,74486,,,
2016-08-04,213.0,217.95,193.9,200.15,208934,,,
2016-08-05,203.0,203.95,187.1,193.85,398571,,,
2016-08-08,195.0,199.0,194.0,196.1,104497,,,
2016-08-09,199.7,199.7,189.0,189.75,128630,,,
2016-08-10,192.95,192.95,178.0,181.25,131118,,,
2016-08-11,184.5,184.5,169.1,170.6,308073,,,
2016-08-12,173.0,173.5,138.1,141.25,2117949,,,
2016-08-16,145.35,145.35,113.0,114.5,2401977,,,
2016-08-17,115.0,125.95,105.4,118.1,2394929,,,
2016-08-18,120.8,127.95,119.55,125.9,1373258,,,
2016-08-19,126.9,138.45,126.6,138.45,1477083,,,
2016-08-22,143.2,152.25,142.95,152.25,2513853,,,
2016-08-23,155.0,159.4,146.4,153.8,1369099,,,
2016-08-24,154.2,156.05,146.3,148.7,752911,,,
2016-08-25,151.0,156.1,151.0,156.1,434809,,,
2016-08-26,163.9,163.9,163.9,163.9,54957,,,
2016-08-29,172.05,172.05,172.05,172.05,39595,,,
2016-08-30,180.65,180.65,164.1,171.85,6739408,,,
2016-08-31,174.0,176.9,169.0,172.5,883504,,,
2016-09-01,173.5,174.95,163.9,163.9,453669,,,
2016-09-02,156.5,172.0,155.75,163.8,1480255,,,
2016-09-06,166.0,171.0,163.9,167.0,637433,,,
2016-09-07,166.5,169.15,159.6,160.95,283514,,,
2016-09-08,157.35,162.8,157.35,160.2,229430,,,
2016-09-09,158.9,164.0,157.6,161.35,290153,,,
2016-09-12,157.1,159.9,155.95,156.85,176782,,,
2016-09-14,160.0,164.65,158.2,162.1,1163438,,,
2016-09-15,162.5,170.2,161.0,170.2,625356,,,
2016-09-16,175.9,178.7,175.2,178.7,156504,,,
2016-09-19,187.6,187.6,183.2,187.6,707223,,,
2016-09-20,196.95,196.95,190.0,194.7,968115,,,
2016-09-21,197.25,199.7,190.1,191.5,502345,,,
2016-09-22,195.5,198.0,185.55,188.2,368116,,,
2016-09-23,189.9,194.75,185.65,189.3,318040,,,
2016-09-26,190.3,191.9,185.0,187.0,214889,,,
2016-09-27,189.9,190.65,178.3,181.35,302878,,,
2016-09-28,184.0,190.4,182.85,190.4,748766,,,
2016-09-29,193.9,195.0,180.9,180.9,418251,,,
2016-09-30,172.0,185.2,172.0,181.9,356679,,,
2016-10-03,184.9,190.95,173.0,190.7,541348,,,
2016-10-04,191.95,193.75,186.0,189.45,234079,,,
2016-10-05,193.95,198.9,188.75,198.7,1159474,,,
2016-10-06,204.0,208.6,200.0,208.6,1295358,,,
2016-10-07,212.4,228.0,208.0,218.95,2517567,,,
2016-10-10,220.7,225.0,215.8,219.1,504300,,,
2016-10-13,219.0,219.0,203.95,211.9,428963,,,
2016-10-14,212.3,214.7,207.0,208.35,220214,,,
2016-10-17,210.9,210.9,203.4,204.65,193562,,,
2016-10-18,207.7,219.95,206.05,215.5,622534,,,
2016-10-19,225.5,230.8,223.25,224.8,1700732,,,
2016-10-20,226.85,229.8,220.1,221.7,444046,,,
2016-10-21,221.0,224.15,218.1,219.8,405391,,,
2016-10-24,219.1,223.25,212.25,214.4,432724,,,
2016-10-25,217.4,223.9,214.55,218.5,703685,,,
2016-10-26,219.45,219.45,214.3,215.75,195694,,,
2016-10-27,214.05,219.5,213.5,215.7,208915,,,
2016-10-28,216.0,217.8,213.0,214.0,171785,,,
2016-10-30,217.85,218.5,215.0,215.8,60994,,,
2016-11-01,216.9,217.0,212.6,213.65,129024,,,
2016-11-02,210.45,210.45,203.0,205.0,265815,,,
2016-11-03,202.0,209.45,199.0,200.55,227917,,,
2016-11-04,201.0,203.7,184.7,189.9,493048,,,
2016-11-07,193.0,198.8,193.0,197.4,282674,,,
2016-11-08,202.0,204.85,195.65,198.95,214472,,,
2016-11-09,160.05,196.0,159.2,191.95,1244556,,,
2016-11-10,204.95,204.95,193.6,197.6,231366,,,
2016-11-11,194.0,195.35,185.55,187.95,234064,,,
2016-11-15,187.95,188.55,175.0,183.0,254004,,,
2016-11-16,190.0,193.95,180.0,192.25,298495,,,
2016-11-17,191.95,193.0,178.0,181.55,210276,,,
2016-11-18,186.0,187.0,181.0,183.0,113863,,,
2016-11-21,181.0,183.0,171.4,172.05,189650,,,
2016-11-22,174.95,177.3,172.15,175.6,166356,,,
2016-11-23,179.6,182.4,176.5,177.9,644089,,,
2016-11-24,179.8,181.8,172.65,175.9,114551,,,
2016-11-25,177.0,208.9,177.0,191.5,1594023,,,
2016-11-28,191.45,198.0,191.45,194.8,377859,,,
2016-11-29,195.85,198.55,190.55,192.1,258492,,,
2016-11-30,193.0,196.0,191.0,193.55,275796,,,
2016-12-01,194.0,195.2,189.65,191.5,175150,,,
2016-12-02,190.0,191.5,185.3,186.7,109945,,,
2016-12-05,183.05,190.6,183.05,188.05,129362,,,
2016-12-06,189.1,191.85,186.1,186.75,89332,,,
2016-12-07,187.1,191.5,185.65,188.05,132480,,,
2016-12-08,189.1,191.8,187.0,187.5,83347,,,
2016-12-09,189.9,194.55,189.0,192.9,213399,,,
2016-12-12,193.0,209.5,192.4,204.4,997276,,,
2016-12-13,206.45,209.8,202.1,206.7,432327,,,
2016-12-14,208.9,215.5,204.8,208.55,550095,,,
2016-12-15,203.0,212.4,203.0,206.0,258116,,,
2016-12-16,206.9,208.8,200.55,206.5,189968,,,
2016-12-19,200.0,212.55,200.0,210.2,207563,,,
2016-12-20,211.25,219.9,211.25,218.15,690541,,,
2016-12-21,222.8,222.8,210.25,212.7,553648,,,
2016-12-22,212.7,214.9,199.1,202.7,330408,,,
2016-12-23,203.9,205.75,195.55,196.95,249002,,,
2016-12-26,195.0,197.4,189.5,190.0,166430,,,
2016-12-27,187.25,194.9,185.85,193.1,173542,,,
2016-12-28,195.8,208.0,195.2,201.95,611488,,,
2016-12-29,202.1,206.5,202.0,205.35,197525,,,
2016-12-30,207.0,208.5,203.0,204.35,175778,,,
2017-01-02,215.0,215.0,206.05,211.4,259573,,,
2017-01-03,213.0,219.4,209.5,217.4,434593,,,
2017-01-04,219.4,219.65,215.6,216.5,326522,,,
2017-01-05,218.4,220.8,216.1,217.25,228920,,,
2017-01-06,218.6,230.5,217.9,228.55,1207973,,,
2017-01-09,230.3,230.3,219.4,226.55,266052,,,
2017-01-10,227.7,231.7,223.4,228.85,331775,,,
2017-01-11,230.0,230.5,225.7,226.65,169190,,,
2017-01-12,227.0,229.9,224.0,226.2,196748,,,
2017-01-13,226.5,242.5,223.5,239.8,1052224,,,
2017-01-16,237.9,244.4,235.0,242.9,427439,,,
2017-01-17,243.0,247.0,237.0,243.4,338531,,,
2017-01-18,243.0,244.95,235.75,237.65,189941,,,
2017-01-19,237.7,240.05,233.4,234.75,157621,,,
2017-01-20,234.75,240.4,230.0,232.4,238100,,,
2017-01-23,231.9,235.9,231.45,233.6,217493,,,
2017-01-24,233.9,235.0,227.05,229.25,210797,,,
2017-01-25,229.9,234.3,229.3,230.65,151686,,,
2017-01-27,230.65,233.8,230.0,230.75,136007,,,
2017-01-30,229.9,232.0,227.05,228.7,111139,,,
2017-01-31,227.9,236.0,220.8,222.95,369399,,,
2017-02-01,221.55,233.0,221.55,230.3,480424,,,
2017-02-02,230.8,234.9,228.5,230.95,255203,,,
2017-02-03,231.7,232.45,227.9,228.4,188630,,,
2017-02-06,228.1,236.0,228.0,232.55,251319,,,
2017-02-07,232.5,234.15,228.65,230.9,145349,,,
2017-02-08,231.95,234.95,229.0,231.65,187441,,,
2017-02-09,232.5,233.2,226.35,227.4,139465,,,
2017-02-10,228.85,232.0,228.0,230.1,125383,,,
2017-02-13,231.45,241.85,229.3,237.15,413177,,,
2017-02-14,241.2,242.4,230.6,233.1,442012,,,
2017-02-15,233.55,234.55,224.5,226.8,237421,,,
2017-02-16,229.0,229.0,222.05,223.05,320280,,,
2017-02-17,224.1,229.25,222.15,222.85,351059,,,
2017-02-20,224.45,225.9,218.1,219.25,384383,,,
2017-02-21,219.45,224.4,217.05,217.45,394285,,,
2017-02-22,218.0,228.9,218.0,227.8,543401,,,
2017-02-23,229.6,232.9,221.55,223.3,564515,,,
2017-02-27,223.3,227.0,220.35,224.15,149125,,,
2017-02-28,224.9,226.0,222.1,223.2,125093,,,
2017-03-01,223.2,227.7,221.75,224.95,200301,,,
2017-03-02,225.2,228.5,221.35,222.7,210240,,,
2017-03-03,222.8,230.0,221.05,228.5,245381,,,
2017-03-06,228.85,231.6,227.0,230.1,209101,,,
2017-03-07,230.5,231.5,226.5,230.4,140652,,,
2017-03-08,230.5,251.35,230.45,242.75,2802951,,,
2017-03-09,241.0,254.0,238.65,249.2,1251674,,,
2017-03-10,249.7,251.45,240.35,243.05,316799,,,
2017-03-14,254.0,254.0,245.65,250.45,900224,,,
2017-03-15,250.7,256.8,248.0,253.1,496889,,,
2017-03-16,253.05,260.45,252.6,255.35,431259,,,
2017-03-17,253.1,259.0,246.25,253.7,484681,,,
2017-03-20,254.0,255.0,247.1,248.15,131251,,,
2017-03-21,247.5,253.6,247.5,250.45,419283,,,
2017-03-22,247.0,266.0,247.0,262.05,1082568,,,
2017-03-23,260.5,272.9,259.45,270.6,524045,,,
2017-03-24,271.0,274.95,268.6,270.9,271905,,,
2017-03-27,270.95,273.35,266.05,269.65,187580,,,
2017-03-28,270.95,278.5,269.35,274.95,179021,,,
2017-03-29,270.25,271.5,262.6,269.3,433640,,,
2017-03-30,267.6,280.0,267.6,277.1,263919,,,
2017-03-31,250.0,274.4,246.25,258.5,2287537,,,
2017-04-03,258.5,261.35,254.65,258.65,324381,,,
2017-04-05,261.25,262.75,255.0,256.45,307698,,,
2017-04-06,256.45,258.4,247.05,250.5,172540,,,
2017-04-07,248.95,254.9,245.1,246.75,165013,,,
2017-04-10,249.0,251.95,245.2,247.2,80507,,,
2017-04-11,246.5,262.8,246.0,256.0,321374,,,
2017-04-12,256.4,257.8,248.5,252.75,154231,,,
2017-04-13,252.75,259.4,252.0,255.95,155627,,,
2017-04-17,256.0,259.9,253.0,256.7,62870,,,
2017-04-18,256.0,264.0,255.0,257.05,246700,,,
2017-04-19,257.25,264.8,257.0,262.6,134395,,,
2017-04-20,262.95,267.45,262.9,266.0,140511,,,
2017-04-21,267.4,271.0,266.05,269.05,132927,,,
2017-04-24,270.4,273.8,268.25,269.45,133447,,,
2017-04-25,271.25,275.5,269.45,270.7,218411,,,
2017-04-26,271.25,275.8,271.25,273.8,234020,,,
2017-04-27,274.0,295.5,272.5,286.65,852456,,,
2017-04-28,288.85,289.25,280.0,284.85,216051,,,
2017-05-02,285.0,294.0,284.5,290.55,163789,,,
2017-05-03,290.8,295.4,285.0,289.65,162949,,,
2017-05-04,285.8,293.0,282.35,287.75,333006,,,
2017-05-05,287.25,290.9,279.6,283.85,115909,,,
2017-05-08,284.0,294.0,284.0,292.5,151984,,,
2017-05-09,292.5,308.4,292.4,298.85,741418,,,
2017-05-10,310.0,312.55,302.1,304.6,210312,,,
2017-05-11,305.25,309.3,302.2,305.35,162920,,,
2017-05-12,304.75,307.9,300.0,301.7,155729,,,
2017-05-15,302.2,306.85,301.25,303.3,427390,,,
2017-05-16,302.2,318.0,302.2,314.6,281452,,,
2017-05-17,314.0,314.65,308.65,313.05,92691,,,
2017-05-18,310.6,314.45,306.75,312.75,145455,,,
2017-05-19,314.0,321.5,305.0,307.65,185351,,,
2017-05-22,308.6,313.1,301.6,304.55,258627,,,
2017-05-23,301.2,306.2,275.0,286.45,161943,,,
2017-05-24,287.3,293.0,281.15,282.95,85293,,,
2017-05-25,284.25,296.65,284.25,288.75,877266,,,
2017-05-26,289.5,309.8,287.65,305.55,150644,,,
2017-05-29,305.55,306.0,288.05,294.95,111559,,,
2017-05-30,295.0,302.0,290.75,298.55,74669,,,
2017-05-31,298.1,303.0,297.15,301.35,45635,,,
2017-06-01,301.35,301.75,293.95,296.3,35623,,,
2017-06-02,296.3,302.3,286.35,292.2,72933,,,
2017-06-05,291.5,299.0,289.15,294.4,63859,,,
2017-06-06,294.6,305.0,294.6,297.05,74781,,,
2017-06-07,296.6,302.9,296.0,299.9,36278,,,
2017-06-08,301.6,306.0,298.0,304.95,58387,,,
2017-06-09,303.5,306.7,300.2,303.0,42252,,,
2017-06-12,301.0,302.75,290.1,294.6,38609,,,
2017-06-13,294.95,299.0,292.35,293.0,38124,,,
2017-06-14,293.1,298.9,287.0,289.65,70520,,,
2017-06-15,289.65,296.0,289.65,293.0,66157,,,
2017-06-16,293.0,298.65,291.4,296.55,106448,,,
2017-06-19,295.5,297.4,292.0,296.05,106677,,,
2017-06-20,297.8,300.85,291.85,292.9,130858,,,
2017-06-21,292.95,294.0,285.25,287.35,93471,,,
2017-06-22,285.55,293.85,285.55,290.85,101746,,,
2017-06-23,290.9,292.45,284.0,286.95,207101,,,
2017-06-27,285.5,291.0,281.25,284.2,160983,,,
2017-06-28,282.0,291.0,281.0,289.55,59108,,,
2017-06-29,290.0,297.45,289.6,295.2,68866,,,
2017-06-30,293.5,301.4,288.05,297.95,131633,,,
2017-07-03,298.0,302.55,291.1,294.85,306870,,,
2017-07-04,295.0,301.5,291.2,298.35,101893,,,
2017-07-05,295.4,298.0,293.45,295.3,35177,,,
2017-07-06,295.5,309.75,295.5,303.4,167133,,,
2017-07-07,303.2,316.5,296.75,302.25,245297,,,
2017-07-10,302.5,306.25,294.05,304.7,15265,,,
2017-07-11,305.2,315.4,302.45,307.9,166097,,,
2017-07-12,311.9,312.9,305.25,307.55,38243,,,
2017-07-13,305.5,311.65,305.5,308.6,42091,,,
2017-07-14,308.8,310.55,301.0,302.0,60848,,,
2017-07-17,302.0,303.0,294.05,294.95,58963,,,
2017-07-18,294.9,300.0,294.15,294.8,43361,,,
2017-07-19,300.0,300.0,289.75,293.4,80819,,,
2017-07-20,293.0,297.5,293.0,296.15,63480,,,
2017-07-21,295.3,297.8,288.0,290.6,69130,,,
2017-07-24,285.8,296.9,285.8,295.75,96164,,,
2017-07-25,293.3,296.85,293.3,294.95,25644,,,
2017-07-26,295.1,299.9,293.5,296.7,43393,,,
2017-07-27,296.7,298.95,293.6,295.4,53533,,,
2017-07-28,295.45,298.95,293.5,296.35,28055,,,
2017-07-31,299.4,299.4,287.75,290.25,112599,,,
2017-08-01,290.0,296.0,288.15,295.0,44662,,,
2017-08-02,292.15,295.95,291.0,291.8,30913,,,
2017-08-03,294.8,295.0,285.0,289.95,62851,,,
2017-08-04,290.5,292.05,281.05,285.1,55808,,,
2017-08-07,286.0,287.95,281.95,284.15,31331,,,
2017-08-11,227.35,236.35,227.35,227.35,197004,,,
2017-08-14,182.55,206.0,181.9,187.25,5021035,,,
2017-08-16,191.4,205.95,187.0,205.95,1490938,,,
2017-08-17,214.0,220.8,208.0,211.45,1075391,,,
2017-08-18,208.0,209.8,200.3,208.55,311725,,,
2017-08-21,209.95,213.0,194.0,196.05,331300,,,
2017-08-22,197.4,200.3,185.1,189.8,286418,,,
2017-08-23,193.95,193.95,185.7,188.65,193156,,,
2017-08-24,190.0,202.7,182.5,196.1,848334,,,
2017-08-28,199.9,202.0,193.5,198.5,596188,,,
2017-08-29,199.0,200.55,193.05,193.95,174632,,,
2017-08-30,195.0,199.9,192.05,195.0,150766,,,
2017-08-31,197.5,197.5,192.5,195.15,164084,,,
2017-09-01,196.0,197.95,192.1,193.3,185780,,,
2017-09-04,192.0,196.0,188.0,192.15,322071,,,
2017-09-05,194.8,194.8,190.2,192.0,525011,,,
2017-09-06,193.3,201.65,189.4,199.4,207850,,,
2017-09-07,202.0,208.6,200.05,206.2,273939,,,
2017-09-08,207.2,210.55,207.05,209.6,270778,,,
2017-09-11,211.1,214.45,206.8,209.05,185274,,,
2017-09-12,210.9,212.9,207.5,209.65,659603,,,
2017-09-13,209.1,214.9,205.1,211.9,392170,,,
2017-09-14,212.0,214.9,209.1,213.75,214829,,,
2017-09-15,214.0,217.0,197.05,213.5,435097,,,
2017-09-18,212.0,234.85,212.0,234.85,295973,,,
2017-09-19,240.0,250.0,227.0,231.6,344717,,,
2017-09-20,226.1,234.9,225.2,226.7,63943,,,
2017-09-21,227.95,227.95,218.0,223.95,68048,,,
2017-09-22,221.1,223.8,213.1,218.95,105545,,,
2017-09-25,219.5,219.5,205.8,212.2,134554,,,
2017-09-26,215.0,217.5,206.1,209.65,75080,,,
2017-09-27,212.2,213.85,200.0,202.7,122872,,,
2017-09-28,202.0,210.25,201.5,208.1,62195,,,
2017-09-29,207.0,213.0,203.0,204.35,93559,,,
2017-10-03,208.7,210.0,202.0,203.85,52118,,,
2017-10-04,205.9,215.0,205.25,212.95,140064,,,
2017-10-05,210.3,216.0,210.1,211.05,47064,,,
2017-10-06,211.3,228.0,211.3,217.2,117449,,,
2017-10-09,223.0,231.0,218.1,229.45,271082,,,
2017-10-10,230.9,234.15,217.2,227.45,292814,,,
2017-10-11,227.25,231.9,217.3,220.15,256670,,,
2017-10-12,221.5,229.95,219.45,228.15,229452,,,
2017-10-13,226.0,232.8,219.0,221.0,119002,,,
2017-10-16,221.0,231.0,221.0,224.9,276258,,,
2017-10-17,226.2,229.85,220.1,225.55,353254,,,
2017-10-18,227.9,236.9,225.35,232.4,154539,,,
2017-10-19,232.5,234.95,227.25,229.7,35693,,,
2017-10-23,226.8,245.9,225.25,238.15,117599,,,
2017-10-24,238.15,244.0,233.05,241.8,244445,,,
2017-10-25,243.95,287.7,237.6,257.6,765571,,,
2017-10-26,260.0,276.1,257.95,270.75,322384,,,
2017-10-27,272.0,272.45,257.3,260.3,128416,,,
2017-10-30,264.9,275.35,261.0,272.6,174290,,,
2017-10-31,272.6,275.55,263.1,264.85,80326,,,
2017-11-01,269.9,270.9,264.05,266.9,50106,,,
2017-11-02,256.0,265.0,221.1,250.6,222931,,,
2017-11-03,255.8,258.2,249.5,253.5,90362,,,
2017-11-06,264.9,267.95,259.0,261.25,185517,,,
2017-11-07,262.0,265.3,248.2,255.0,119666,,,
2017-11-08,252.25,260.0,246.0,248.9,113359,,,
2017-11-09,252.8,254.75,248.0,249.5,74294,,,
2017-11-10,250.0,254.8,248.0,251.3,42495,,,
2017-11-13,250.0,254.4,248.0,250.2,34288,,,
2017-11-14,246.0,252.35,246.0,248.45,54623,,,
2017-11-15,248.45,250.65,240.0,247.25,112769,,,
2017-11-16,254.7,260.0,251.25,255.9,89277,,,
2017-11-17,268.0,268.0,259.0,263.7,95768,,,
2017-11-20,268.0,284.5,259.0,278.05,357238,,,
2017-11-21,280.0,292.0,278.2,289.85,881819,,,
2017-11-22,292.45,302.3,285.0,292.0,439757,,,
2017-11-23,293.45,301.9,290.05,299.9,341208,,,
2017-11-24,301.8,309.5,295.05,298.4,337149,,,
2017-11-27,298.4,304.8,295.6,301.3,69040,,,
2017-11-28,303.75,308.8,295.1,296.6,95709,,,
2017-11-29,296.6,301.0,286.15,290.65,113497,,,
2017-11-30,291.9,298.0,282.15,290.9,169033,,,
2017-12-01,293.8,297.4,278.0,285.45,120217,,,
2017-12-04,291.8,292.4,282.1,290.8,61204,,,
2017-12-05,292.0,293.5,279.95,291.55,71465,,,
2017-12-06,293.9,293.9,287.5,291.9,42451,,,
2017-12-07,292.05,299.0,292.05,295.3,68556,,,
2017-12-08,298.7,345.05,294.05,325.4,407290,,,
2017-12-11,331.85,333.9,308.75,311.2,181380,,,
2017-12-12,310.0,321.0,294.95,301.4,119460,,,
2017-12-13,304.95,310.0,292.5,295.5,86838,,,
2017-12-14,302.3,309.65,291.0,297.05,127004,,,
2017-12-15,304.4,320.0,301.1,307.65,198732,,,
2017-12-18,308.0,319.9,295.0,313.5,117463,,,
2017-12-19,315.0,320.0,309.25,316.3,70715,,,
2017-12-20,318.8,329.0,311.3,320.1,125470,,,
2017-12-21,323.0,325.0,316.05,318.45,83448,,,
2017-12-22,321.1,326.05,318.05,320.05,74042,,,
2017-12-26,316.1,323.55,316.1,319.35,75111,,,
2017-12-27,318.7,321.5,301.1,308.2,99336,,,
2017-12-28,308.6,312.7,299.85,301.75,104229,,,
2017-12-29,307.5,307.5,295.65,300.05,187396,,,
2018-01-01,297.7,312.4,297.7,306.35,98701,,,
2018-01-02,306.5,309.9,301.7,307.85,55124,,,
2018-01-03,310.0,318.7,305.0,316.0,114450,,,
2018-01-04,319.8,320.0,312.15,314.35,109014,,,
2018-01-05,316.7,322.0,315.05,317.95,67457,,,
2018-01-08,317.95,320.8,315.0,318.15,74648,,,
2018-01-09,318.15,350.0,315.6,335.7,441986,,,
2018-01-10,338.7,345.0,335.5,339.75,117266,,,
2018-01-11,339.75,362.8,334.2,355.05,363920,,,
2018-01-12,360.0,360.0,345.0,348.2,90852,,,
2018-01-15,352.0,355.5,335.25,340.3,97343,,,
2018-01-16,343.7,343.7,317.5,326.5,141501,,,
2018-01-17,327.25,339.0,317.75,335.05,75470,,,
2018-01-18,336.3,349.0,317.0,321.5,68010,,,
2018-01-19,328.55,330.2,318.1,320.4,102905,,,
2018-01-22,326.0,345.0,326.0,336.05,212094,,,
2018-01-23,336.15,342.35,330.0,334.35,72540,,,
2018-01-24,336.2,338.8,322.25,330.75,87104,,,
2018-01-25,330.75,336.65,325.0,327.25,49058,,,
2018-01-29,330.0,334.95,322.0,324.85,49293,,,
2018-01-30,321.0,321.9,304.85,315.1,115896,,,
2018-01-31,310.1,335.25,310.1,332.1,211587,,,
2018-02-01,333.0,339.5,310.1,321.85,168241,,,
2018-02-02,321.85,321.85,291.0,293.65,251879,,,
2018-02-05,290.0,296.0,269.55,288.55,188355,,,
2018-02-06,276.7,302.35,271.0,291.8,126840,,,
2018-02-07,307.9,315.2,291.25,296.8,96529,,,
2018-02-08,302.0,312.0,300.05,307.35,99268,,,
2018-02-09,292.1,320.0,292.1,316.15,116097,,,
2018-02-12,325.35,375.0,317.15,362.65,649070,,,
2018-02-14,368.05,374.85,342.25,351.0,366679,,,
2018-02-15,356.95,365.0,340.0,341.0,205635,,,
2018-02-16,341.55,351.35,326.4,328.4,112004,,,
2018-02-19,330.4,331.6,317.1,326.6,84128,,,
2018-02-20,331.9,335.0,323.7,328.4,78397,,,
2018-02-21,331.0,333.95,325.0,330.65,55632,,,
2018-02-22,328.0,332.8,323.65,329.4,40857,,,
2018-02-23,333.65,335.05,329.05,333.9,58007,,,
2018-02-26,339.0,339.0,322.9,325.35,62123,,,
2018-02-27,330.4,332.9,318.75,324.3,66344,,,
2018-02-28,320.0,327.5,316.8,322.35,60099,,,
2018-03-01,320.0,324.85,316.6,318.55,39320,,,
2018-03-05,317.0,322.0,307.0,309.9,63668,,,
2018-03-06,312.9,316.85,300.0,300.95,62631,,,
2018-03-07,301.0,302.95,291.0,297.05,68514,,,
2018-03-08,299.15,304.4,284.0,285.7,377331,,,
2018-03-09,289.0,292.0,282.0,284.45,91237,,,
2018-03-12,285.7,296.95,285.7,295.6,80833,,,
2018-03-13,293.7,308.9,291.05,300.1,88749,,,
2018-03-14,300.1,309.9,297.35,301.05,73853,,,
2018-03-15,298.05,309.7,298.05,306.6,50996,,,
2018-03-16,306.5,309.0,300.0,301.75,42800,,,
2018-03-19,308.2,308.2,296.15,300.25,62330,,,
2018-03-20,298.95,306.05,292.1,299.2,31916,,,
2018-03-21,306.05,306.85,295.3,297.95,36246,,,
2018-03-22,302.0,303.7,291.75,295.7,86584,,,
2018-03-23,288.0,291.9,280.45,283.1,91393,,,
2018-03-26,283.1,293.05,272.55,274.65,96055,,,
2018-03-27,278.4,280.0,273.5,274.85,49322,,,
2018-03-28,270.3,275.0,270.0,271.4,39724,,,
2018-04-02,273.0,288.95,273.0,285.85,98289,,,
2018-04-03,288.9,296.7,287.75,295.35,104887,,,
2018-04-04,297.0,302.0,289.5,292.2,62164,,,
2018-04-05,298.0,300.85,292.25,294.45,33088,,,
2018-04-06,295.0,297.5,291.0,291.9,15858,,,
2018-04-09,294.75,296.3,287.35,289.1,59555,,,
2018-04-10,292.2,294.6,282.95,285.0,129470,,,
2018-04-11,286.1,287.45,280.75,282.95,40185,,,
2018-04-12,284.4,286.8,280.55,283.6,46320,,,
2018-04-13,282.05,287.0,281.0,283.85,62018,,,
2018-04-16,281.3,287.65,281.0,284.2,56604,,,
2018-04-17,283.6,292.8,281.55,283.55,27923,,,
2018-04-18,283.4,285.0,282.0,282.25,29464,,,
2018-04-19,284.5,286.4,281.35,285.45,40495,,,
2018-04-20,283.2,287.5,283.1,284.45,31751,,,
2018-04-23,284.85,303.0,281.55,289.4,159457,,,
2018-04-24,293.0,301.0,288.9,295.05,318138,,,
2018-04-25,293.95,300.0,291.6,296.4,86265,,,
2018-04-26,297.95,300.25,295.15,296.6,52096,,,
2018-04-27,299.0,299.5,288.35,290.65,56835,,,
2018-04-30,289.5,293.45,282.0,284.35,89827,,,
2018-05-02,288.7,288.7,278.2,280.4,76663,,,
2018-05-03,282.4,282.4,275.4,277.6,36909,,,
2018-05-04,287.0,287.0,280.0,281.9,120223,,,
2018-05-07,284.9,284.9,279.1,280.8,44632,,,
2018-05-08,280.8,284.9,279.2,281.05,38153,,,
2018-05-09,284.0,286.4,282.5,283.15,36647,,,
2018-05-10,284.95,285.0,275.25,277.35,21636,,,
2018-05-11,282.4,290.0,276.2,280.0,64921,,,
2018-05-14,285.95,285.95,268.8,271.3,43045,,,
2018-05-15,271.45,285.05,268.0,271.9,31260,,,
2018-05-16,271.1,275.0,261.0,264.4,81889,,,
2018-05-17,264.5,274.7,264.5,265.6,29506,,,
2018-05-18,265.6,265.7,249.05,251.1,69769,,,
2018-05-21,255.0,260.0,234.6,245.85,208620,,,
2018-05-22,246.0,252.0,240.65,246.55,83332,,,
2018-05-23,243.3,247.9,236.0,237.5,163505,,,
2018-05-24,237.7,244.4,234.0,239.75,111620,,,
2018-05-25,240.0,264.9,240.0,259.6,276047,,,
2018-05-28,262.0,280.0,261.9,277.7,201428,,,
2018-05-29,277.7,286.45,272.0,282.4,89997,,,
2018-05-30,297.95,297.95,274.65,278.55,269200,,,
2018-05-31,278.6,282.0,265.35,270.5,94084,,,
2018-06-01,272.0,276.0,266.05,267.7,56614,,,
2018-06-04,268.1,274.0,261.65,266.05,163379,,,
2018-06-05,269.5,270.6,251.0,255.25,85930,,,
2018-06-06,257.7,268.95,255.55,260.65,75130,,,
2018-06-07,261.15,269.7,261.15,267.4,38517,,,
2018-06-08,267.0,298.8,265.1,276.65,60101,,,
2018-06-11,282.95,284.25,268.05,269.7,55745,,,
2018-06-12,272.95,279.0,267.5,276.35,36570,,,
2018-06-13,279.25,282.75,271.05,272.35,88452,,,
2018-06-14,271.95,271.95,262.5,264.75,88617,,,
2018-06-15,264.6,267.1,259.05,260.5,71437,,,
2018-06-18,257.6,267.0,257.6,263.1,32380,,,
2018-06-19,263.1,265.9,249.3,251.9,48521,,,
2018-06-20,256.0,256.0,241.6,246.3,78960,,,
2018-06-21,243.8,248.9,240.0,241.05,45260,,,
2018-06-22,237.35,245.45,237.35,242.75,70930,,,
2018-06-25,245.75,245.75,228.5,234.5,74453,,,
2018-06-26,233.6,235.0,228.3,228.9,53479,,,
2018-06-27,229.9,233.5,213.05,223.6,75717,,,
2018-06-28,224.0,224.0,212.1,217.15,51165,,,
2018-06-29,218.25,231.0,218.0,228.2,110943,,,
2018-07-02,232.85,232.85,221.45,226.0,81727,,,
2018-07-03,226.0,236.0,223.0,232.0,85828,,,
2018-07-04,232.9,237.0,225.0,234.35,72080,,,
2018-07-05,234.5,235.45,230.15,232.7,29163,,,
2018-07-06,234.8,237.25,230.15,234.2,39572,,,
2018-07-09,237.9,239.5,225.0,229.4,49353,,,
2018-07-10,227.65,234.55,227.65,230.05,47767,,,
2018-07-11,229.0,230.9,225.1,225.65,42299,,,
2018-07-12,228.55,233.25,227.05,229.9,33290,,,
2018-07-13,230.0,231.8,217.65,221.45,34930,,,
2018-07-16,221.9,223.05,214.0,219.85,123120,,,
2018-07-17,215.0,250.0,214.8,219.1,103061,,,
2018-07-18,219.1,225.0,215.0,218.2,48515,,,
2018-07-19,218.2,218.95,212.75,215.0,55962,,,
2018-07-20,215.0,219.0,212.2,216.55,55128,,,
2018-07-23,217.1,221.65,215.0,219.8,46881,,,
2018-07-24,219.8,225.25,217.0,218.85,97128,,,
2018-07-25,219.1,224.65,215.3,217.2,62942,,,
2018-07-26,217.8,219.8,214.0,214.9,72427,,,
2018-07-27,216.9,217.85,206.15,207.85,122990,,,
2018-07-30,208.0,215.0,206.15,207.8,248314,,,
2018-07-31,209.0,209.0,199.0,200.35,196793,,,
2018-08-01,200.6,204.85,199.0,200.0,278556,,,
2018-08-02,200.0,202.8,199.1,200.05,289781,,,
2018-08-03,201.0,214.5,201.0,208.7,343039,,,
2018-08-06,211.0,223.9,211.0,218.35,179306,,,
2018-08-07,221.0,229.5,221.0,228.15,147552,,,
2018-08-08,229.85,231.0,224.0,228.45,82499,,,
2018-08-09,228.45,239.0,227.9,235.9,411423,,,
2018-08-10,238.0,238.75,224.15,228.05,114743,,,
2018-08-13,226.0,234.4,222.5,224.85,103877,,,
2018-08-14,222.3,226.65,216.55,220.5,66506,,,
2018-08-16,220.5,226.0,219.0,222.2,55824,,,
2018-08-17,225.85,227.9,219.0,220.35,75799,,,
2018-08-20,223.05,224.5,220.0,220.55,100818,,,
2018-08-21,223.0,223.0,218.2,219.8,42752,,,
2018-08-23,220.3,239.7,220.3,231.4,267531,,,
2018-08-24,231.7,238.4,227.45,228.1,83939,,,
2018-08-27,229.95,234.5,224.0,225.65,50142,,,
2018-08-28,231.15,252.8,231.0,243.9,532161,,,
2018-08-29,250.05,257.85,249.0,255.15,369916,,,
2018-08-30,257.4,275.0,255.0,270.95,347497,,,
2018-08-31,271.0,272.45,252.0,259.1,239389,,,
2018-09-03,255.05,261.9,253.05,255.45,155778,,,
2018-09-04,257.45,259.8,245.25,249.65,147156,,,
2018-09-05,248.65,250.0,241.8,245.6,101857,,,
2018-09-06,246.9,255.0,245.1,253.35,78643,,,
2018-09-07,256.85,261.0,252.5,259.0,61958,,,
2018-09-10,258.4,259.9,245.6,247.05,64726,,,
2018-09-11,247.05,254.3,242.6,244.25,46887,,,
2018-09-12,244.0,246.4,237.65,238.8,74748,,,
2018-09-14,240.0,254.55,240.0,249.1,936683,,,
2018-09-17,249.2,255.5,245.4,253.45,89673,,,
2018-09-18,254.0,259.0,243.35,244.55,59146,,,
2018-09-19,246.5,248.95,240.4,243.25,66034,,,
2018-09-21,245.0,247.75,220.0,238.9,184390,,,
2018-09-24,238.9,243.85,226.25,230.95,108734,,,
2018-09-25,227.6,233.65,219.1,220.95,109381,,,
2018-09-26,223.0,229.0,218.45,225.1,110274,,,
2018-09-27,223.2,227.75,215.4,217.75,59148,,,
2018-09-28,220.1,226.05,200.0,203.2,101581,,,
2018-10-01,162.6,162.6,162.6,162.6,158753,,,
2018-10-03,150.0,157.0,146.35,146.35,1450431,,,
2018-10-04,133.5,145.7,133.5,138.25,400078,,,
2018-10-05,139.9,150.75,132.5,134.5,259401,,,
2018-10-08,132.0,140.65,121.05,126.7,207040,,,
2018-10-09,131.8,133.0,121.05,128.45,132891,,,
2018-10-10,127.15,132.2,127.15,130.15,314035,,,
2018-10-11,124.0,130.55,123.65,129.65,65967,,,
2018-10-12,134.95,136.1,132.15,135.75,335411,,,
2018-10-15,141.0,141.0,132.1,137.55,473804,,,
2018-10-16,136.6,142.65,136.5,138.3,203342,,,
2018-10-17,138.8,139.5,132.0,133.0,94396,,,
2018-10-19,135.7,137.5,128.05,131.45,47274,,,
2018-10-22,132.85,133.5,125.5,125.85,40597,,,
2018-10-23,128.0,128.0,121.5,121.9,38444,,,
2018-10-24,125.0,126.3,120.1,121.2,50364,,,
2018-10-25,120.0,122.65,118.5,119.2,20116,,,
2018-10-26,118.55,124.15,118.4,120.6,143108,,,
2018-10-29,120.35,124.65,119.5,119.95,130039,,,
2018-10-30,120.45,124.8,120.25,122.35,84118,,,
2018-10-31,124.6,127.9,121.0,125.6,97859,,,
2018-11-01,128.1,131.85,126.65,129.35,111893,,,
2018-11-02,133.9,135.8,132.0,135.7,110264,,,
2018-11-05,138.0,140.0,135.7,138.6,69111,,,
2018-11-06,139.0,145.0,139.0,143.8,172702,,,
2018-11-07,145.5,150.95,145.0,150.25,50053,,,
2018-11-09,151.25,157.75,151.25,157.75,225744,,,
2018-11-12,161.7,162.95,151.5,152.85,322777,,,
2018-11-13,152.85,155.7,148.65,150.8,172786,,,
2018-11-14,157.0,157.55,145.0,149.75,167029,,,
2018-11-15,153.8,153.8,142.5,142.8,253462,,,
2018-11-16,145.0,148.5,142.15,144.1,85761,,,
2018-11-19,144.1,148.5,138.0,139.95,173124,,,
2018-11-20,141.3,142.55,138.7,139.2,59763,,,
2018-11-21,137.0,141.4,137.0,139.95,77642,,,
2018-11-22,141.7,141.8,139.25,139.9,55392,,,
2018-11-26,141.15,141.15,132.95,133.05,100142,,,
2018-11-27,136.4,136.4,131.2,133.1,145767,,,
2018-11-28,137.9,137.9,132.1,133.9,60296,,,
2018-11-29,133.75,136.5,132.0,134.0,48070,,,
2018-11-30,135.9,137.0,133.1,135.8,75370,,,
2018-12-03,142.0,142.0,133.0,133.45,262350,,,
2018-12-04,134.15,134.95,127.1,130.25,97251,,,
2018-12-05,127.0,131.1,124.0,124.5,277467,,,
2018-12-06,122.0,128.0,120.65,123.95,208752,,,
2018-12-07,124.0,124.4,120.1,122.3,148939,,,
2018-12-10,120.0,126.35,118.35,121.7,55396,,,
2018-12-11,118.0,123.0,118.0,122.15,56533,,,
2018-12-12,120.55,123.95,120.55,122.5,97220,,,
2018-12-13,124.8,125.2,121.0,121.7,79781,,,
2018-12-14,121.75,122.7,118.6,118.95,83876,,,
2018-12-17,119.9,121.9,114.3,115.65,140161,,,
2018-12-18,115.0,138.75,111.05,136.65,892063,,,
2018-12-19,144.0,152.1,138.1,139.5,2321064,,,
2018-12-20,140.9,148.0,135.85,137.3,429326,,,
2018-12-21,138.4,138.8,132.5,135.0,167601,,,
2018-12-24,135.4,136.2,129.5,130.5,104601,,,
2018-12-26,130.5,139.35,125.45,135.0,185022,,,
2018-12-27,138.0,138.0,132.1,132.75,82849,,,
2018-12-28,133.0,134.0,131.5,132.45,55940,,,
2018-12-31,134.0,135.15,132.1,132.95,77720,,,
2019-01-01,134.45,134.45,132.5,132.75,32660,,,
2019-01-02,133.0,134.3,130.1,130.6,67200,,,
2019-01-03,131.0,132.0,129.5,129.95,61677,,,
2019-01-04,130.2,130.85,127.5,128.65,200581,,,
2019-01-07,131.0,131.0,127.5,127.85,42240,,,
2019-01-08,127.95,130.5,126.9,129.8,70693,,,
2019-01-09,128.65,130.25,126.1,127.75,88973,,,
2019-01-10,126.4,134.5,126.05,129.05,645303,,,
2019-01-11,129.9,130.1,126.9,127.15,321135,,,
2019-01-14,127.2,130.6,125.05,127.25,357101,,,
2019-01-15,127.95,129.0,127.4,128.0,47702,,,
2019-01-16,128.3,129.85,127.25,128.85,149765,,,
2019-01-17,129.95,129.95,126.1,127.6,111197,,,
2019-01-18,127.4,127.55,123.05,123.85,514747,,,
2019-01-21,123.6,124.5,120.6,121.2,70804,,,
2019-01-22,121.2,121.2,118.0,118.25,71546,,,
2019-01-23,119.0,122.5,117.0,118.1,132898,,,
2019-01-24,119.75,120.05,116.0,116.95,72108,,,
2019-01-25,117.0,118.35,115.1,115.25,50839,,,
2019-01-28,115.85,116.0,112.15,113.3,94044,,,
2019-01-29,113.35,114.55,108.05,108.5,118028,,,
2019-01-30,108.5,109.0,104.4,106.25,211964,,,
2019-01-31,107.1,112.2,105.0,105.95,485129,,,
2019-02-01,106.95,111.9,104.1,106.6,653043,,,
2019-02-04,107.0,110.85,106.05,108.9,197467,,,
2019-02-05,108.25,109.65,107.0,107.8,187066,,,
2019-02-06,107.95,109.5,105.75,107.2,424004,,,
2019-02-07,109.4,124.25,107.0,118.75,523047,,,
2019-02-08,117.9,127.9,117.05,124.55,468106,,,
2019-02-11,124.55,131.0,123.65,128.25,403359,,,
2019-02-12,128.0,133.0,121.35,122.85,530034,,,
2019-02-13,124.45,126.0,119.05,120.6,77625,,,
2019-02-14,122.95,126.0,120.5,124.65,136697,,,
2019-02-15,128.9,128.9,111.5,114.5,369556,,,
2019-02-18,116.0,116.9,111.2,114.95,107950,,,
2019-02-19,116.8,119.9,115.0,118.75,104595,,,
2019-02-20,118.75,122.55,116.85,121.8,114158,,,
2019-02-21,123.4,128.5,121.75,127.6,217798,,,
2019-02-22,128.6,130.35,124.65,129.55,166243,,,
2019-02-25,132.9,136.0,128.65,133.65,182082,,,
2019-02-26,132.0,134.5,126.85,132.55,249409,,,
2019-02-27,133.1,143.35,133.1,138.15,444594,,,
2019-02-28,138.8,143.5,135.15,137.0,239342,,,
2019-03-01,138.0,146.0,137.3,144.45,242376,,,
2019-03-05,147.0,161.0,145.3,159.8,1102858,,,
2019-03-06,162.0,168.0,161.7,166.25,599369,,,
2019-03-07,166.25,168.0,159.0,164.3,325979,,,
2019-03-08,163.8,169.9,162.5,166.5,204286,,,
2019-03-11,166.5,175.0,166.5,171.85,359673,,,
2019-03-12,173.3,177.0,172.05,176.05,307565,,,
2019-03-13,176.7,177.4,162.15,173.4,358051,,,
2019-03-14,175.95,176.55,170.0,171.95,174992,,,
2019-03-15,172.95,176.95,170.65,173.65,221265,,,
2019-03-18,174.0,176.55,172.0,173.9,55267,,,
2019-03-19,174.5,175.0,168.0,169.45,58355,,,
2019-03-20,172.9,172.9,162.0,162.65,81816,,,
2019-03-22,164.5,165.9,155.05,156.15,117292,,,
2019-03-25,154.7,154.7,150.2,152.2,143359,,,
2019-03-26,150.7,156.85,150.7,156.0,69614,,,
2019-03-27,155.75,164.9,155.75,159.35,137791,,,
2019-03-28,160.4,161.85,158.15,160.6,90902,,,
2019-03-29,161.95,162.5,158.0,160.65,68216,,,
2019-04-01,161.0,162.55,155.1,159.7,110295,,,
2019-04-02,159.3,161.3,157.6,159.6,67657,,,
2019-04-03,161.95,161.95,155.05,156.2,85418,,,
2019-04-04,156.3,157.0,153.0,153.85,46617,,,
2019-04-05,153.4,156.15,151.05,153.85,66319,,,
2019-04-08,154.0,155.5,151.05,152.45,78082,,,
2019-04-09,151.1,153.8,150.05,152.05,128843,,,
2019-04-10,151.2,152.9,148.5,149.85,55640,,,
2019-04-11,149.55,150.3,146.05,146.7,29494,,,
2019-04-12,148.0,148.0,140.85,141.95,392202,,,
2019-04-15,142.5,144.45,137.1,138.3,322287,,,
2019-04-16,139.95,140.9,137.8,139.1,82586,,,
2019-04-18,138.45,139.9,134.0,135.3,60293,,,
2019-04-22,135.3,137.0,130.25,132.2,108657,,,
2019-04-23,132.2,134.45,130.1,130.8,179376,,,
2019-04-24,130.0,133.0,128.5,129.95,91674,,,
2019-04-25,131.45,131.55,122.0,125.75,405003,,,
2019-04-26,127.0,127.2,121.6,124.55,678501,,,
2019-04-30,125.25,125.65,118.25,120.45,651405,,,
2019-05-02,119.95,137.75,113.15,129.75,2370031,,,
2019-05-03,131.95,137.75,130.55,132.45,476179,,,
2019-05-06,131.9,136.8,128.15,132.85,473919,,,
2019-05-07,133.9,135.05,127.15,128.25,152223,,,
2019-05-08,129.4,131.65,125.1,126.4,198854,,,
2019-05-09,126.4,128.3,122.7,127.05,186297,,,
2019-05-10,128.7,132.9,126.5,127.85,188718,,,
2019-05-13,127.0,132.5,126.0,128.9,187746,,,
2019-05-14,130.95,136.3,127.55,135.05,226665,,,
2019-05-15,135.05,137.75,130.0,131.55,130562,,,
2019-05-16,130.7,135.0,129.05,133.8,136160,,,
2019-05-17,134.8,140.8,133.1,135.5,542433,,,
2019-05-20,141.9,142.7,136.45,140.7,515375,,,
2019-05-21,143.0,143.5,134.55,137.05,503019,,,
2019-05-22,137.0,148.8,135.95,145.1,494374,,,
2019-05-23,148.6,152.9,143.5,144.55,497951,,,
2019-05-24,145.0,163.5,145.0,159.4,692008,,,
2019-05-27,161.6,174.2,161.0,171.15,593161,,,
2019-05-28,174.5,181.65,168.1,177.05,729921,,,
2019-05-29,176.7,176.7,165.2,168.3,258575,,,
2019-05-30,169.9,169.9,159.45,161.15,413002,,,
2019-05-31,161.1,164.4,156.0,157.2,164326,,,
2019-06-03,157.0,164.0,157.0,163.6,179308,,,
2019-06-04,165.4,166.5,160.0,161.4,235701,,,
2019-06-06,163.7,165.0,157.05,163.3,186731,,,
2019-06-07,163.5,166.85,159.05,162.7,146687,,,
2019-06-10,164.9,171.0,163.8,164.7,199197,,,
2019-06-11,166.6,166.6,161.0,162.15,77361,,,
2019-06-12,163.65,163.65,157.2,158.25,110937,,,
2019-06-13,158.25,159.5,153.45,156.25,97490,,,
2019-06-14,153.8,157.5,153.8,154.8,158096,,,
2019-06-17,154.0,154.75,150.05,150.6,72658,,,
2019-06-18,152.0,155.0,150.0,151.1,101795,,,
2019-06-19,151.5,155.35,143.0,145.1,201394,,,
2019-06-20,142.1,152.35,139.45,150.5,131483,,,
2019-06-21,151.7,154.6,150.05,152.5,44826,,,
2019-06-24,152.3,154.6,151.0,151.65,39617,,,
2019-06-25,154.65,154.8,150.0,152.2,40554,,,
2019-06-26,152.65,165.0,152.6,161.7,143621,,,
2019-06-27,163.0,163.85,158.15,160.15,54968,,,
2019-06-28,160.0,164.4,159.8,161.15,42955,,,
2019-07-01,160.0,162.95,158.25,159.6,32558,,,
2019-07-02,160.85,160.85,154.3,155.8,61271,,,
2019-07-03,154.2,156.0,152.8,155.1,59443,,,
2019-07-04,154.7,156.0,152.55,153.2,53532,,,
2019-07-05,155.0,156.8,152.0,153.1,105508,,,
2019-07-08,152.0,152.4,145.0,145.6,84373,,,
2019-07-09,145.1,148.0,142.25,146.45,170977,,,
2019-07-10,143.85,149.35,143.85,147.8,91241,,,
2019-07-11,148.95,149.8,144.25,145.4,49917,,,
2019-07-12,145.8,146.75,141.4,142.95,58576,,,
2019-07-15,144.0,147.75,142.15,145.95,52324,,,
2019-07-16,148.8,153.2,143.1,149.4,106176,,,
2019-07-17,150.5,151.45,145.25,149.8,91703,,,
2019-07-18,151.3,151.3,143.0,144.0,55881,,,
2019-07-19,143.7,145.45,125.2,134.85,185274,,,
2019-07-22,134.05,135.4,132.0,134.65,47346,,,
2019-07-23,135.0,139.4,133.05,137.85,50320,,,
2019-07-24,141.0,141.0,134.75,135.8,43838,,,
2019-07-25,134.05,137.7,133.15,134.5,27416,,,
2019-07-26,134.0,136.0,131.65,133.55,37717,,,
2019-07-29,133.0,134.95,130.0,131.95,51803,,,
2019-07-30,134.0,134.0,126.05,130.0,103606,,,
2019-07-31,126.0,130.8,122.15,126.4,81942,,,
2019-08-01,129.4,130.5,121.5,122.5,56542,,,
2019-08-02,121.55,123.45,120.0,121.7,61084,,,
2019-08-05,120.1,120.15,114.5,118.55,72318,,,
2019-08-06,120.0,135.0,116.45,128.8,101160,,,
2019-08-07,129.9,134.8,123.05,124.3,210999,,,
2019-08-08,125.85,129.4,121.4,126.8,74688,,,
2019-08-09,131.5,132.2,125.95,129.6,73208,,,
2019-08-13,133.0,140.0,129.05,131.05,351875,,,
2019-08-14,132.8,145.5,132.8,137.45,1105439,,,
2019-08-16,136.9,138.8,134.25,136.05,109542,,,
2019-08-19,136.0,141.0,136.0,137.9,97332,,,
2019-08-20,138.0,138.9,129.6,130.65,109385,,,
2019-08-21,131.0,132.35,124.65,125.45,82657,,,
2019-08-22,126.95,128.0,113.1,115.4,276262,,,
2019-08-23,116.4,123.4,111.0,121.35,134372,,,
2019-08-26,123.95,126.85,114.7,118.75,178666,,,
2019-08-27,120.6,124.9,118.65,120.85,136003,,,
2019-08-28,121.85,127.45,119.0,123.7,222412,,,
2019-08-29,123.0,123.7,119.25,120.4,90052,,,
2019-08-30,121.0,122.0,115.45,117.9,145962,,,
2019-09-03,117.5,120.5,116.1,116.95,133779,,,
2019-09-04,117.6,118.05,111.0,114.6,132273,,,
2019-09-05,116.5,117.75,114.5,116.0,149790,,,
2019-09-06,116.5,122.0,116.5,121.45,393636,,,
2019-09-09,121.9,124.9,117.9,121.65,189799,,,
2019-09-11,122.3,126.9,121.5,125.4,270141,,,
2019-09-12,126.6,132.3,126.55,130.35,271355,,,
2019-09-13,130.0,134.9,128.85,132.05,657999,,,
2019-09-16,130.1,133.25,128.8,132.5,222539,,,
2019-09-17,132.0,134.2,125.3,127.6,262812,,,
2019-09-18,128.55,132.35,122.85,131.35,247605,,,
2019-09-19,132.25,132.8,126.25,127.5,96087,,,
2019-09-20,127.8,138.5,126.4,131.45,453285,,,
2019-09-23,133.95,144.45,132.0,143.1,833455,,,
2019-09-24,142.05,145.8,138.05,139.85,479819,,,
2019-09-25,137.25,139.0,133.3,134.6,389984,,,
2019-09-26,134.9,137.5,132.25,134.35,218634,,,
2019-09-27,135.55,136.35,132.65,133.5,130865,,,
2019-09-30,132.0,132.9,126.3,129.65,201782,1279.0,157.77,33831.0
2019-10-01,129.65,131.35,125.1,128.6,145232,2352.0,61.75,85430.0
2019-10-03,129.0,133.05,126.1,131.75,83871,2185.0,38.38,36397.0
2019-10-04,129.15,134.25,129.15,130.7,162844,1956.0,83.25,94315.0
2019-10-07,128.7,131.9,127.05,127.95,107528,1001.0,107.42,83170.0
2019-10-09,142.0,153.5,141.15,143.85,1136687,11329.0,100.33,545682.0
2019-10-10,142.6,144.9,137.25,142.55,272445,4806.0,56.69,112599.0
2019-10-11,143.95,143.95,138.5,140.55,186284,2745.0,67.86,118527.0
2019-10-14,142.25,152.1,140.1,145.9,372420,3960.0,94.05,221512.0
2019-10-15,145.0,147.7,141.7,147.15,214486,2995.0,71.61,145157.0
2019-10-16,146.95,151.3,146.15,147.35,582916,3641.0,160.1,468408.0
2019-10-17,147.35,153.5,146.95,148.55,605146,2819.0,214.67,492660.0
2019-10-18,148.7,160.95,148.7,159.5,1341378,7577.0,177.03,905435.0
2019-10-22,159.9,162.9,156.0,157.45,284123,2794.0,101.69,159495.0
2019-10-23,157.65,159.9,152.2,157.25,246562,3640.0,67.74,121750.0
2019-10-24,157.9,158.8,153.3,154.65,136338,2677.0,50.93,74354.0
2019-10-25,154.55,156.0,150.75,152.7,60275,915.0,65.87,34524.0
2019-10-27,153.85,155.0,148.0,153.6,39961,812.0,49.21,19199.0
2019-10-29,156.7,157.4,153.0,155.65,153256,2094.0,73.19,116430.0
2019-10-30,156.9,166.55,154.0,158.35,680405,6021.0,113.01,309484.0
2019-10-31,157.5,158.9,154.55,156.65,218818,2342.0,93.43,171483.0
2019-11-01,156.7,156.85,153.05,155.9,121394,1384.0,87.71,98779.0
2019-11-04,157.0,157.0,149.7,151.7,327910,2180.0,150.42,168388.0
2019-11-05,151.15,153.0,149.15,150.95,92970,1282.0,72.52,66262.0
2019-11-06,152.0,152.0,148.65,149.95,97929,1027.0,95.35,70385.0
2019-11-07,151.15,159.9,150.2,158.0,1398141,4358.0,320.82,1246203.0
2019-11-08,159.35,162.0,157.6,158.2,306567,3028.0,101.24,188812.0
2019-11-11,156.0,159.1,152.5,153.55,141465,1860.0,76.06,78116.0
2019-11-13,154.35,157.5,151.5,155.95,152544,2199.0,69.37,73329.0
2019-11-14,156.0,158.9,153.6,157.85,88710,3308.0,26.82,38322.0
2019-11-15,162.4,165.75,156.25,160.05,687941,6082.0,113.11,437566.0
2019-11-18,161.4,162.9,157.25,158.95,394662,2889.0,136.61,276157.0
2019-11-19,159.85,161.75,156.65,160.1,302859,3155.0,95.99,182491.0
2019-11-20,160.15,169.9,156.7,166.45,442181,6834.0,64.7,191800.0
2019-11-21,170.2,179.5,170.05,170.75,927125,10857.0,85.39,215499.0
2019-11-22,171.0,174.0,167.85,170.35,243818,6268.0,38.9,145442.0
2019-11-25,171.8,172.65,164.05,166.95,361926,4726.0,76.58,169652.0
2019-11-26,167.5,169.9,161.0,162.8,222256,3445.0,64.52,121248.0
2019-11-27,163.5,164.8,157.05,158.85,197920,3906.0,50.67,120651.0
2019-11-28,157.6,161.75,154.25,157.3,127367,2368.0,53.79,61946.0
2019-11-29,157.8,170.0,155.95,159.9,140514,2049.0,68.58,63399.0
2019-12-02,160.5,160.5,153.65,155.2,99104,1584.0,62.57,64402.0
2019-12-03,155.0,155.0,131.5,139.65,942803,13143.0,71.73,448930.0
2019-12-04,135.65,147.0,135.65,143.9,309026,5412.0,57.1,122960.0
2019-12-05,144.0,145.05,138.0,138.7,163962,4600.0,35.64,83328.0
2019-12-06,138.5,140.05,130.4,134.85,298654,6876.0,43.43,179579.0
2019-12-09,137.9,139.3,132.05,136.45,238865,3140.0,76.07,157750.0
2019-12-10,136.0,138.9,134.1,137.65,93326,1543.0,60.48,46034.0
2019-12-11,136.05,143.5,136.0,137.85,239850,2737.0,87.63,157539.0
2019-12-12,139.25,142.0,138.45,141.3,70422,1516.0,46.45,24836.0
2019-12-13,141.6,143.0,139.6,142.2,90694,2253.0,40.25,42017.0
2019-12-16,142.2,143.55,140.0,141.0,93880,2507.0,37.45,27739.0
2019-12-17,140.05,142.15,139.25,140.05,146463,3948.0,37.1,87426.0
2019-12-18,139.05,142.25,138.0,138.7,116735,3739.0,31.22,63287.0
2019-12-19,136.4,139.95,133.25,134.35,161281,3160.0,51.04,107902.0
2019-12-20,134.9,137.3,134.7,136.35,47632,1988.0,23.96,25554.0
2019-12-23,137.0,137.0,134.3,135.35,237214,4062.0,58.4,173099.0
2019-12-24,136.25,136.25,134.4,134.8,72871,1260.0,57.83,57575.0
2019-12-26,135.4,137.0,133.25,134.9,78095,2545.0,30.69,49612.0
2019-12-27,133.65,137.5,133.65,135.7,62191,1645.0,37.81,39373.0
2019-12-30,136.9,146.5,134.8,143.9,599081,5320.0,112.61,280170.0
2019-12-31,143.5,143.55,139.4,140.9,147118,7429.0,19.8,74915.0
2020-01-01,142.3,144.5,140.1,142.95,78893,1703.0,46.33,45928.0
2020-01-02,143.75,152.95,143.0,151.4,443237,5218.0,84.94,239435.0
2020-01-03,150.8,157.75,149.55,153.25,235418,4092.0,57.53,112382.0
2020-01-06,152.9,153.95,143.95,145.35,123656,3027.0,40.85,52633.0
2020-01-07,147.2,150.05,144.3,147.55,79982,3604.0,22.19,31232.0
2020-01-08,143.15,153.9,132.0,150.75,210473,4256.0,49.45,112958.0
2020-01-09,152.25,156.05,150.2,151.95,95589,2432.0,39.3,30578.0
2020-01-10,150.65,158.1,150.65,156.3,308104,6242.0,49.36,189181.0
2020-01-13,156.3,160.0,151.05,155.1,130760,2826.0,46.27,75546.0
2020-01-14,155.8,155.8,152.2,154.35,72334,2077.0,34.83,30191.0
2020-01-15,155.0,158.95,151.9,154.2,111091,3790.0,29.31,56912.0
2020-01-16,156.0,156.0,153.65,154.25,97164,1805.0,53.83,53641.0
2020-01-17,154.6,155.6,152.1,153.1,142864,2326.0,61.42,87017.0
2020-01-20,156.4,156.4,152.0,152.95,63804,1143.0,55.82,32393.0
2020-01-21,153.8,170.7,152.5,161.25,1163279,11733.0,99.15,498240.0
2020-01-22,162.6,162.7,156.25,157.1,228793,3728.0,61.37,145336.0
2020-01-23,158.45,160.0,156.2,157.6,176147,3785.0,46.54,95636.0
2020-01-24,158.3,159.0,154.5,155.25,209447,4670.0,44.85,148451.0
2020-01-27,154.0,158.4,153.35,155.1,253148,3378.0,74.94,151790.0
2020-01-28,156.65,157.3,153.45,154.65,168504,6705.0,25.13,104540.0
2020-01-29,155.0,156.95,154.0,154.35,193302,4309.0,44.86,127552.0
2020-01-30,154.4,155.95,151.8,153.5,115342,4757.0,24.25,60850.0
2020-01-31,155.8,156.7,151.1,151.85,240222,8418.0,28.54,165531.0
2020-02-01,155.75,158.0,143.25,145.5,209806,7065.0,29.7,69949.0
2020-02-03,147.95,147.95,141.4,143.15,153017,4404.0,34.75,111583.0
2020-02-04,143.95,149.75,143.95,148.2,114568,3763.0,30.45,54605.0
2020-02-05,149.9,149.9,145.3,147.15,99787,1965.0,50.78,50170.0
2020-02-06,147.15,151.65,145.25,148.0,180345,4215.0,42.79,110137.0
2020-02-07,148.0,150.0,146.3,147.9,80366,2989.0,26.89,57286.0
2020-02-10,147.9,149.7,145.05,146.25,131900,2442.0,54.01,93380.0
2020-02-11,145.0,153.95,145.0,147.75,612412,7996.0,76.59,175924.0
2020-02-12,149.0,153.3,146.0,150.65,468011,5897.0,79.36,224477.0
2020-02-13,151.55,151.55,147.0,149.2,93653,1503.0,62.31,48285.0
2020-02-14,146.3,149.15,144.05,147.1,82133,1869.0,43.94,42805.0
2020-02-17,148.0,148.0,142.1,144.55,90659,2884.0,31.44,59266.0
2020-02-18,142.85,143.7,137.15,141.1,172170,5247.0,32.81,91876.0
2020-02-19,140.15,145.0,128.4,140.1,803511,9125.0,88.06,216766.0
2020-02-20,140.85,142.25,136.55,138.35,129073,2223.0,58.06,69667.0
2020-02-24,137.75,139.9,135.0,136.3,55085,1230.0,44.78,33161.0
2020-02-25,136.9,138.4,133.0,133.95,113181,1854.0,61.05,72104.0
2020-02-26,134.0,137.2,132.4,135.3,99736,3066.0,32.53,51945.0
2020-02-27,135.7,135.7,131.0,132.3,108142,2405.0,44.97,70101.0
2020-02-28,131.0,131.0,125.0,126.15,164041,5738.0,28.59,92189.0
2020-03-02,127.5,129.75,125.05,126.6,89057,3316.0,26.86,47870.0
2020-03-03,126.5,128.8,120.0,124.7,161559,4008.0,40.31,103142.0
2020-03-04,124.9,127.95,120.45,121.5,124637,4235.0,29.43,44913.0
2020-03-05,125.9,125.9,121.1,123.1,94159,2463.0,38.23,48702.0
2020-03-06,119.0,120.0,116.8,118.2,111629,2144.0,52.07,74059.0
2020-03-09,114.2,117.95,113.6,114.3,146262,6034.0,24.24,88919.0
2020-03-11,117.7,117.7,112.0,113.45,154898,2735.0,56.64,109964.0
2020-03-12,112.0,113.0,90.8,95.1,353108,4389.0,80.45,251875.0
2020-03-13,84.0,99.0,76.1,96.35,245838,3708.0,66.3,122476.0
2020-03-16,93.9,95.95,88.35,90.15,154013,1448.0,106.36,131566.0
2020-03-17,92.9,92.9,83.95,86.55,111204,3430.0,32.42,70281.0
2020-03-18,89.8,91.0,80.8,83.3,123959,2185.0,56.73,75317.0
2020-03-19,80.2,84.1,71.25,82.35,190752,3651.0,52.25,113762.0
2020-03-20,87.0,87.0,80.0,82.7,180952,4696.0,38.53,102736.0
2020-03-23,71.0,74.9,66.9,67.55,161814,1732.0,93.43,131134.0
2020-03-24,70.05,73.75,65.05,70.1,382408,1968.0,194.31,342513.0
2020-03-25,65.2,77.0,65.2,76.0,74898,1033.0,72.51,50991.0
2020-03-26,83.0,83.0,77.3,80.3,77439,1598.0,48.46,51119.0
2020-03-27,84.4,86.1,79.1,80.15,113363,2692.0,42.11,89508.0
2020-03-30,79.4,79.4,74.05,74.6,199324,1610.0,123.8,182376.0
2020-03-31,76.0,77.0,74.0,75.25,95545,926.0,103.18,70463.0
2020-04-01,73.95,79.0,73.05,76.95,74954,760.0,98.62,66227.0
2020-04-03,77.0,77.9,74.1,74.6,51786,935.0,55.39,37829.0
2020-04-07,77.5,77.5,73.5,75.7,149152,1332.0,111.98,113714.0
2020-04-08,74.2,78.15,74.2,77.4,58225,1026.0,56.75,41534.0
2020-04-09,77.8,82.0,77.8,81.5,120095,2109.0,56.94,66440.0
2020-04-13,81.5,81.5,77.5,79.6,141842,2790.0,50.84,86933.0
2020-04-15,79.6,85.8,78.5,80.35,159860,2667.0,59.94,86654.0
2020-04-16,80.2,89.0,78.5,80.75,368692,4794.0,76.91,210943.0
2020-04-17,84.0,86.9,83.15,85.95,286137,6112.0,46.82,169491.0
2020-04-20,92.8,96.6,87.3,89.15,651085,8638.0,75.37,257712.0
2020-04-21,86.8,86.8,81.6,82.9,173687,2920.0,59.48,80212.0
2020-04-22,84.9,88.0,82.1,83.65,553983,6943.0,79.79,156756.0
2020-04-23,85.0,85.0,81.3,81.75,159529,4040.0,39.49,93220.0
2020-04-24,81.6,81.6,75.2,76.65,202477,2821.0,71.77,154668.0
2020-04-27,77.5,82.5,77.5,79.9,276558,5151.0,53.69,120968.0
2020-04-28,80.25,81.5,79.1,80.05,109785,2092.0,52.48,59120.0
2020-04-29,80.75,82.5,78.6,79.55,139303,2468.0,56.44,91127.0
2020-04-30,80.7,81.4,79.0,79.6,198169,3322.0,59.65,119832.0
2020-05-04,77.75,78.25,75.0,76.0,110564,1896.0,58.31,74416.0
2020-05-05,76.4,77.4,74.45,75.35,78003,1674.0,46.6,42584.0
2020-05-06,78.0,78.0,73.6,74.9,170726,3013.0,56.66,68385.0
2020-05-07,74.9,79.0,72.1,77.0,312755,2700.0,115.84,239104.0
2020-05-08,79.8,79.8,73.05,74.1,598415,5870.0,101.94,280889.0
2020-05-11,74.0,77.85,74.0,74.75,241508,2222.0,108.69,83509.0
2020-05-12,73.15,75.9,72.05,75.5,113357,1744.0,65.0,56973.0
2020-05-13,78.9,80.7,77.2,78.9,284214,3506.0,81.07,148450.0
2020-05-14,78.75,81.75,76.1,80.2,164953,1872.0,88.12,79901.0
2020-05-15,80.5,85.9,78.4,83.1,768900,6666.0,115.35,137959.0
2020-05-18,84.35,84.35,77.0,77.65,142409,1680.0,84.77,85093.0
2020-05-19,76.55,78.65,75.2,76.9,115337,2056.0,56.1,66922.0
2020-05-20,79.0,79.0,76.55,77.3,61338,750.0,81.78,42547.0
2020-05-21,79.0,79.0,76.3,77.05,41346,671.0,61.62,19854.0
2020-05-22,76.2,79.75,76.2,77.85,101684,1330.0,76.45,42082.0
2020-05-26,79.45,79.45,77.1,77.35,41166,571.0,72.09,28401.0
2020-05-27,76.55,79.35,76.0,77.05,83673,1398.0,59.85,36859.0
2020-05-28,77.05,80.7,77.05,79.7,99036,1419.0,69.79,58771.0
2020-05-29,79.0,82.8,77.85,80.45,81078,1234.0,65.7,48252.0
2020-06-01,80.65,83.4,80.65,82.1,114395,1219.0,93.84,84149.0
2020-06-02,82.7,90.7,82.15,88.85,360226,3465.0,103.96,199470.0
2020-06-03,90.75,91.75,86.85,88.4,201218,2375.0,84.72,131518.0
2020-06-04,86.6,90.1,86.6,87.95,111946,1434.0,78.07,77550.0
2020-06-05,88.75,95.0,88.05,93.8,186906,2257.0,82.81,130231.0
2020-06-08,94.9,98.0,91.95,96.4,244656,4077.0,60.01,120821.0
2020-06-09,98.5,100.65,93.0,93.35,304694,5228.0,58.28,178210.0
2020-06-10,94.25,97.45,92.3,94.05,88763,1919.0,46.25,41093.0
2020-06-11,95.2,95.25,89.4,89.95,93895,1836.0,51.14,47542.0
2020-06-12,85.05,89.1,85.05,88.35,101014,1464.0,69.0,54070.0
2020-06-15,89.1,91.75,86.0,87.45,76454,1519.0,50.33,34245.0
2020-06-16,88.65,91.8,86.1,87.1,81297,1696.0,47.93,46807.0
2020-06-17,85.6,88.8,85.0,87.0,44059,826.0,53.34,25430.0
2020-06-18,86.55,93.3,86.55,91.75,121455,2339.0,51.93,71060.0
2020-06-19,92.5,97.75,92.15,95.6,175306,3163.0,55.42,80066.0
2020-06-22,96.0,96.85,94.0,95.15,104976,2008.0,52.28,68811.0
2020-06-23,95.35,102.5,95.35,100.5,254690,3784.0,67.31,135436.0
2020-06-24,101.0,106.8,97.0,100.05,386736,6918.0,55.9,218813.0
2020-06-25,98.5,101.5,96.75,99.2,320580,5021.0,63.85,81997.0
2020-06-26,101.8,103.95,96.1,96.6,416412,6062.0,68.69,185234.0
2020-06-29,97.0,97.55,93.0,93.35,122364,1877.0,65.19,76256.0
2020-06-30,95.55,100.0,95.0,95.8,288544,3485.0,82.8,121052.0
2020-07-01,96.4,97.45,94.15,96.15,128073,2786.0,45.97,70243.0
2020-07-02,97.45,97.95,95.25,97.05,141766,3110.0,45.58,76262.0
2020-07-03,98.95,101.4,97.35,99.25,182635,3320.0,55.01,91246.0
2020-07-06,101.9,108.5,100.5,104.2,1013119,11101.0,91.26,433836.0
2020-07-07,102.6,105.0,100.0,102.0,286460,4016.0,71.33,171117.0
2020-07-08,100.1,103.0,100.0,100.4,158500,2202.0,71.98,93168.0
2020-07-09,100.3,104.0,100.3,101.55,157817,4532.0,34.82,65461.0
2020-07-10,101.35,101.35,97.3,98.1,134588,2015.0,66.79,84897.0
2020-07-13,99.4,99.95,96.25,96.8,109753,2107.0,52.09,62736.0
2020-07-14,96.95,96.95,93.55,94.25,92078,1762.0,52.26,64065.0
2020-07-15,94.3,96.3,92.3,92.7,88535,1338.0,66.17,56147.0
2020-07-16,92.7,92.7,90.15,91.5,80548,1321.0,60.98,39272.0
2020-07-17,90.5,94.8,90.5,94.25,55510,1264.0,43.92,31554.0
2020-07-20,94.3,94.3,90.95,91.9,112069,2285.0,49.05,86740.0
2020-07-21,93.0,94.0,91.5,92.55,74331,1326.0,56.06,39870.0
2020-07-22,92.95,92.95,89.1,90.7,105670,2267.0,46.61,67544.0
2020-07-23,91.7,91.8,90.0,90.9,67214,996.0,67.48,37910.0
2020-07-24,90.1,90.9,88.9,89.35,84829,1599.0,53.05,59912.0
2020-07-27,90.0,91.0,85.3,86.85,189186,2429.0,77.89,136252.0
2020-07-28,87.0,88.05,84.55,86.6,137504,1954.0,70.37,89325.0
2020-07-29,87.55,88.5,85.25,86.05,104209,2015.0,51.72,71074.0
2020-07-30,85.2,95.5,85.2,92.95,390381,3982.0,98.04,244943.0
2020-07-31,94.5,99.0,94.1,95.9,1305940,10890.0,119.92,380157.0
2020-08-03,94.25,95.7,93.0,93.55,123362,1611.0,76.57,75545.0
2020-08-04,94.9,95.0,92.2,93.5,61942,1300.0,47.65,35048.0
2020-08-05,94.4,94.7,92.4,93.7,69181,1139.0,60.74,44902.0
2020-08-06,93.95,94.5,92.55,93.2,82389,1137.0,72.46,55164.0
2020-08-07,93.0,96.0,93.0,94.3,126364,1688.0,74.86,72899.0
2020-08-10,95.8,95.9,94.3,94.65,58144,907.0,64.11,40765.0
2020-08-11,94.65,100.85,94.0,97.25,593766,6445.0,92.13,215158.0
2020-08-12,96.8,97.8,94.7,96.55,116282,1470.0,79.1,64297.0
2020-08-13,97.0,99.95,95.7,98.65,203685,2513.0,81.05,124510.0
2020-08-14,98.65,104.2,97.7,101.35,414415,5278.0,78.52,247063.0
2020-08-17,102.2,103.9,100.0,100.6,156109,2370.0,65.87,98453.0
2020-08-18,101.4,104.0,100.55,102.3,143417,2260.0,63.46,88974.0
2020-08-19,102.95,115.5,102.35,110.75,835065,11055.0,75.54,486081.0
2020-08-20,109.0,118.9,107.95,111.9,1063295,13703.0,77.6,399795.0
2020-08-21,110.0,115.7,108.5,114.05,481000,7013.0,68.59,248274.0
2020-08-24,115.4,118.95,114.45,117.1,564249,6066.0,93.02,269022.0
2020-08-25,119.35,124.0,117.5,122.3,671356,8034.0,83.56,357049.0
2020-08-26,124.45,124.9,121.65,122.65,266569,3473.0,76.75,167913.0
2020-08-27,124.25,124.45,118.25,119.65,219110,2820.0,77.7,132303.0
2020-08-28,119.8,121.75,119.0,119.85,187093,1846.0,101.35,131108.0
2020-08-31,121.5,121.5,108.3,111.0,261000,3260.0,80.06,196059.0
2020-09-01,111.95,116.5,108.45,112.15,147309,1734.0,84.95,75606.0
2020-09-02,113.0,115.3,111.35,114.45,51344,958.0,53.59,29839.0
2020-09-03,113.2,116.95,113.0,115.3,49670,1139.0,43.61,26258.0
2020-09-04,111.6,114.35,110.0,111.65,55214,1207.0,45.74,26671.0
2020-09-07,112.1,113.65,110.55,112.05,78796,743.0,106.05,63513.0
2020-09-08,111.85,113.0,108.3,109.35,44417,915.0,48.54,25360.0
2020-09-09,108.0,108.35,104.35,105.7,79597,1641.0,48.51,46557.0
2020-09-10,110.5,110.5,106.1,109.3,58800,920.0,63.91,29883.0
2020-09-11,109.9,110.25,106.7,108.65,48038,843.0,56.98,29482.0
2020-09-14,109.0,114.0,109.0,112.95,103382,1258.0,82.18,72131.0
2020-09-15,113.9,117.3,111.55,112.95,96865,1508.0,64.23,43731.0
2020-09-16,112.9,114.35,112.1,113.05,37254,1229.0,30.31,20466.0
2020-09-17,112.8,112.95,109.75,111.25,36953,902.0,40.97,20554.0
2020-09-18,111.9,113.9,109.5,110.3,51462,791.0,65.06,36259.0
2020-09-21,110.3,111.9,104.6,107.45,61721,872.0,70.78,43468.0
2020-09-22,106.0,108.4,100.9,101.45,86819,1521.0,57.08,54848.0
2020-09-23,102.4,105.4,101.85,104.6,90351,775.0,116.58,77998.0
2020-09-24,103.9,103.9,98.25,99.75,180098,1954.0,92.17,117761.0
2020-09-25,99.75,104.4,99.7,104.0,127214,1987.0,64.02,80665.0
2020-09-28,105.0,106.25,102.65,105.25,84053,1382.0,60.82,58822.0
2020-09-29,104.1,106.5,103.1,105.15,53997,607.0,88.96,42877.0
2020-09-30,106.5,107.0,104.2,105.6,95719,2469.0,38.77,44878.0
2020-10-01,104.75,108.4,104.25,107.5,45231,1260.0,35.9,22357.0
2020-10-05,107.9,111.4,107.0,110.0,109791,1640.0,66.95,74966.0
2020-10-06,109.55,111.8,109.55,111.3,59131,608.0,97.25,43335.0
2020-10-07,111.3,113.45,109.25,110.4,113482,2395.0,47.38,50314.0
2020-10-08,111.95,111.95,107.45,108.25,52654,1733.0,30.38,29253.0
2020-10-09,108.95,109.9,107.3,108.55,34485,588.0,58.65,19519.0
2020-10-12,107.7,110.95,106.5,107.25,42424,933.0,45.47,16102.0
2020-10-13,107.0,108.0,105.5,106.45,35470,623.0,56.93,23266.0
2020-10-14,108.0,108.0,104.6,105.75,17291,647.0,26.72,9363.0
2020-10-15,105.95,111.3,105.3,106.5,129193,1765.0,73.2,89755.0
2020-10-16,107.75,109.85,105.15,107.95,30399,903.0,33.66,14231.0
2020-10-19,107.05,109.45,106.2,107.5,40706,1015.0,40.1,19730.0
2020-10-20,109.05,109.1,105.95,107.4,26926,769.0,35.01,11644.0
2020-10-21,108.05,108.5,105.25,105.65,52812,1189.0,44.42,31117.0
2020-10-22,106.05,108.6,105.65,106.5,36169,1231.0,29.38,15421.0
2020-10-23,107.9,109.9,105.25,107.15,103888,1961.0,52.98,47881.0
2020-10-26,108.1,109.5,105.5,106.05,35650,494.0,72.17,24534.0
2020-10-27,108.0,108.0,104.0,104.7,53601,830.0,64.58,31791.0
2020-10-28,106.9,108.0,103.0,103.6,38217,556.0,68.74,23093.0
2020-10-29,103.35,104.35,101.85,102.7,22030,662.0,33.28,11920.0
2020-10-30,108.0,108.0,102.2,102.85,27090,798.0,33.95,11628.0
2020-11-02,102.85,107.9,101.65,104.45,177766,2860.0,62.16,33063.0
2020-11-03,104.95,105.9,103.05,104.4,32712,535.0,61.14,23425.0
2020-11-04,104.0,105.0,102.1,104.15,47430,989.0,47.96,30887.0
2020-11-05,104.0,108.0,104.0,106.25,37916,724.0,52.37,23127.0
2020-11-06,107.6,107.85,104.35,106.0,41810,822.0,50.86,21641.0
2020-11-09,107.35,108.4,105.55,106.7,77434,1653.0,46.84,42375.0
2020-11-10,108.15,109.5,105.15,108.3,236016,3974.0,59.39,94545.0
2020-11-11,106.05,108.0,104.5,105.1,159835,2246.0,71.16,93583.0
2020-11-12,106.8,109.4,105.0,108.5,115872,1535.0,75.49,70079.0
2020-11-13,108.5,108.5,106.15,107.6,45072,820.0,54.97,29416.0
2020-11-14,106.0,110.5,106.0,109.2,38802,552.0,70.29,31844.0
2020-11-17,109.2,117.75,109.2,116.0,386890,3073.0,125.9,286962.0
2020-11-18,116.0,120.0,115.15,119.65,248630,2878.0,86.39,165444.0
2020-11-19,118.8,122.0,115.55,116.65,153828,2155.0,71.38,88879.0
2020-11-20,116.5,119.2,115.85,118.8,75581,1190.0,63.51,52284.0
2020-11-23,120.0,121.0,117.0,119.15,91980,1739.0,52.89,55670.0
2020-11-24,119.15,120.05,117.2,119.7,98812,1095.0,90.24,74074.0
2020-11-25,120.0,121.8,117.3,117.8,132495,2319.0,57.13,75429.0
2020-11-26,118.05,119.4,113.6,118.0,209085,2210.0,94.61,145820.0
2020-11-27,118.3,119.85,117.05,118.7,66544,968.0,68.74,39625.0
2020-12-01,119.1,121.45,118.0,119.1,134166,2214.0,60.6,87410.0
2020-12-02,118.9,131.0,118.9,130.05,654814,8244.0,79.43,341821.0
2020-12-03,130.0,133.5,127.5,131.85,307687,4277.0,71.94,167228.0
2020-12-04,132.85,141.85,132.2,139.0,674257,7179.0,93.92,362804.0
2020-12-07,139.0,142.7,137.05,139.85,281078,3323.0,84.59,182996.0
2020-12-08,140.7,144.8,137.25,141.6,248436,4082.0,60.86,112048.0
2020-12-09,141.95,145.5,139.1,140.05,245936,3650.0,67.38,149492.0
2020-12-10,140.2,140.3,132.45,135.85,212524,2798.0,75.96,143853.0
2020-12-11,136.8,140.35,134.1,135.3,123686,2199.0,56.25,79487.0
2020-12-14,135.0,137.7,133.65,135.95,86205,1658.0,51.99,58307.0
2020-12-15,135.95,135.95,133.0,134.55,70308,1442.0,48.76,45419.0
2020-12-16,135.85,139.75,135.0,135.8,133065,3158.0,42.14,89469.0
2020-12-17,136.8,136.8,131.3,132.4,97110,1824.0,53.24,63412.0
2020-12-18,132.0,133.65,127.45,131.95,165624,2783.0,59.51,101327.0
2020-12-21,132.8,133.55,120.0,127.35,296036,2815.0,105.16,222383.0
2020-12-22,127.0,128.65,117.6,125.05,278961,6233.0,44.76,144866.0
2020-12-23,128.0,130.55,125.45,129.65,75916,1267.0,59.92,39623.0
2020-12-24,131.0,132.45,128.0,128.9,53655,961.0,55.83,33822.0
2020-12-28,130.5,130.8,126.7,127.85,119313,1986.0,60.08,86019.0
2020-12-29,128.9,133.2,128.1,131.8,102645,2151.0,47.72,70830.0
2020-12-30,133.7,134.95,130.1,134.0,96418,2508.0,38.44,49396.0
2020-12-31,135.0,135.0,131.15,133.1,78309,1640.0,47.75,43971.0
2021-01-01,133.8,137.5,132.95,133.85,108481,1662.0,65.27,54348.0
2021-01-04,134.5,135.9,128.25,133.05,144517,1736.0,83.25,86659.0
2021-01-05,132.4,145.0,131.05,143.75,931441,7566.0,123.11,471991.0
2021-01-06,145.9,147.35,138.15,142.0,409937,7241.0,56.61,182636.0
2021-01-07,142.8,145.5,141.45,143.2,167855,2638.0,63.63,102355.0
2021-01-08,143.9,145.4,142.0,144.7,211108,3937.0,53.62,136232.0
2021-01-11,145.2,153.0,144.75,150.3,1455225,15281.0,95.23,473217.0
2021-01-12,149.5,151.0,146.0,147.9,359363,6552.0,54.85,240136.0
2021-01-13,148.6,149.85,145.0,148.8,371038,8268.0,44.88,211095.0
2021-01-14,147.0,149.5,145.35,148.6,137449,3423.0,40.15,69793.0
2021-01-15,149.5,149.7,145.15,146.9,127649,3434.0,37.17,74508.0
2021-01-18,142.3,145.5,139.5,140.6,149079,5483.0,27.19,82097.0
2021-01-19,143.65,144.75,141.15,143.75,99056,2335.0,42.42,51217.0
2021-01-20,142.3,146.8,141.55,145.55,100709,2496.0,40.35,58061.0
2021-01-21,145.6,154.55,145.6,150.15,414820,6413.0,64.68,272445.0
2021-01-22,150.15,151.65,144.0,145.6,87225,3942.0,22.13,37814.0
2021-01-25,148.7,148.7,140.9,143.5,84281,2597.0,32.45,24894.0
2021-01-27,145.0,145.0,140.35,143.3,117755,6126.0,19.22,65848.0
2021-01-28,141.15,148.9,140.5,146.05,132613,2688.0,49.34,70655.0
2021-01-29,147.3,148.6,144.8,146.45,81397,1207.0,67.44,49762.0
2021-02-01,148.5,154.0,145.45,149.9,275959,5606.0,49.23,124487.0
2021-02-02,154.1,160.0,153.1,158.05,533249,6767.0,78.8,303873.0
2021-02-03,158.2,169.5,152.35,167.65,658991,8134.0,81.02,351960.0
2021-02-04,167.0,175.0,164.7,167.9,412449,5992.0,68.83,227961.0
2021-02-05,169.4,174.0,166.35,169.05,368514,5274.0,69.87,220066.0
2021-02-08,170.5,191.6,170.1,188.45,1167345,13042.0,89.51,563834.0
2021-02-09,189.9,196.75,180.25,183.55,992107,15286.0,64.9,379362.0
2021-02-10,184.0,190.0,178.0,188.3,445020,7981.0,55.76,235079.0
2021-02-11,187.0,191.4,184.55,185.85,199519,2877.0,69.35,119059.0
2021-02-12,187.4,192.4,186.0,189.15,401089,4634.0,86.55,202990.0
2021-02-15,190.6,191.65,185.0,185.95,277568,4880.0,56.88,164177.0
2021-02-16,187.95,199.0,187.95,193.55,652685,9867.0,66.15,342882.0
2021-02-17,193.9,212.8,190.8,207.05,843479,12843.0,65.68,312594.0
2021-02-18,208.95,215.95,207.05,211.25,422600,10509.0,40.21,190165.0
2021-02-19,209.45,212.4,196.9,203.95,367381,13874.0,26.48,158994.0
2021-02-22,204.0,205.8,194.0,198.9,217546,5688.0,38.25,108897.0
2021-02-23,200.2,202.75,193.0,197.45,97312,2054.0,47.38,42576.0
2021-02-24,196.4,207.25,195.0,200.0,159707,2236.0,71.43,94945.0
2021-02-25,201.6,201.8,196.15,197.65,146430,3178.0,46.08,88386.0
2021-02-26,195.0,198.9,180.15,190.1,160158,6678.0,23.98,75647.0
2021-03-01,192.0,198.0,186.25,188.45,135522,5329.0,25.43,66284.0
2021-03-02,190.2,198.9,190.2,193.1,249346,9205.0,27.09,110826.0
2021-03-03,194.55,195.9,189.0,189.75,214249,6630.0,32.32,136530.0
2021-03-04,188.5,196.0,186.65,193.3,125617,10392.0,12.09,50818.0
2021-03-05,191.65,194.55,188.0,190.9,159141,10365.0,15.35,93709.0
2021-03-08,192.7,203.1,190.9,199.65,397675,10453.0,38.04,180805.0
2021-03-09,200.6,201.45,195.2,197.05,226827,10362.0,21.89,123050.0
2021-03-10,198.3,198.3,194.05,194.7,121890,5345.0,22.8,76182.0
2021-03-12,197.0,199.5,191.8,196.75,160003,6466.0,24.75,112702.0
2021-03-15,197.5,198.4,190.2,194.2,137689,2231.0,61.72,88290.0
2021-03-16,196.95,198.35,192.0,194.3,59494,2585.0,23.02,33868.0
2021-03-17,193.8,199.45,191.2,192.75,212670,12310.0,17.28,72234.0
2021-03-18,195.0,195.0,179.6,184.45,111563,6033.0,18.49,64045.0
2021-03-19,183.0,189.9,172.75,188.55,158320,4363.0,36.29,86687.0
2021-03-22,187.25,190.4,185.5,188.1,52065,2033.0,25.61,29919.0
2021-03-23,188.1,196.35,186.65,195.4,137159,6455.0,21.25,77577.0
2021-03-24,200.0,207.9,189.55,205.3,631026,11305.0,55.82,406350.0
2021-03-25,206.05,207.9,198.65,205.9,412691,5814.0,70.98,313773.0
2021-03-26,209.7,211.7,199.1,205.8,544086,6771.0,80.36,439975.0
2021-03-30,206.9,209.0,196.0,198.15,165307,5214.0,31.7,82678.0
2021-03-31,199.75,199.75,192.5,193.65,201353,5647.0,35.66,158196.0
2021-04-01,193.65,198.0,193.15,194.45,110213,3199.0,34.45,49681.0
2021-04-05,190.0,192.65,179.5,182.85,203649,3360.0,60.61,140719.0
2021-04-06,183.0,186.5,180.0,181.7,209103,4558.0,45.88,146966.0
2021-04-07,182.9,185.4,181.95,183.65,129218,4275.0,30.23,81905.0
2021-04-08,186.3,193.55,185.25,192.2,160616,8180.0,19.64,93591.0
2021-04-09,192.5,192.5,182.6,184.65,156623,4357.0,35.95,86414.0
2021-04-12,180.0,180.1,166.45,171.3,303508,11761.0,25.81,211138.0
2021-04-13,170.0,176.9,170.0,175.25,156097,9282.0,16.82,76057.0
2021-04-15,175.25,176.3,169.15,172.1,132374,9588.0,13.81,58021.0
2021-04-16,176.0,180.0,173.15,178.5,78914,6335.0,12.46,34738.0
2021-04-19,176.75,176.75,169.75,173.5,90946,6539.0,13.91,44916.0
2021-04-20,174.05,183.5,174.05,178.9,157981,7528.0,20.99,69057.0
2021-04-22,182.0,185.5,177.15,184.4,166834,15791.0,10.57,79419.0
2021-04-23,180.4,185.0,180.2,182.1,87272,8144.0,10.72,39748.0
2021-04-26,186.0,186.0,180.5,181.75,76930,7757.0,9.92,31400.0
2021-04-27,181.5,184.7,181.5,183.2,105915,13371.0,7.92,40153.0
2021-04-28,185.0,187.55,183.6,186.75,81213,9907.0,8.2,32018.0
2021-04-29,187.35,187.45,182.9,183.5,73039,7133.0,10.24,26966.0
2021-04-30,183.35,187.45,182.05,183.0,87672,6351.0,13.8,29893.0
2021-05-03,182.05,182.65,178.1,179.75,63655,6312.0,10.08,26579.0
2021-05-04,183.8,183.8,177.4,178.55,42539,2763.0,15.4,23639.0
2021-05-05,179.9,181.2,175.3,176.3,46526,2719.0,17.11,22653.0
2021-05-06,177.7,177.9,173.0,174.6,60852,1888.0,32.23,40096.0
2021-05-07,176.0,177.9,172.5,174.15,101853,3380.0,30.13,65325.0
2021-05-10,174.15,182.95,171.3,180.75,99977,3147.0,31.77,51575.0
2021-05-11,178.0,185.9,177.25,182.5,131607,4149.0,31.72,62571.0
2021-05-12,183.4,184.0,172.25,178.35,88983,3313.0,26.86,43089.0
2021-05-14,181.6,185.0,175.95,177.9,102338,3815.0,26.83,35565.0
2021-05-17,180.7,181.75,178.85,180.9,47579,1182.0,40.25,29156.0
2021-05-18,181.5,183.05,178.2,179.75,53124,2055.0,25.85,32840.0
2021-05-19,180.2,184.4,179.65,183.65,58403,2192.0,26.64,31515.0
2021-05-20,184.0,187.9,183.25,184.8,82326,3199.0,25.73,39973.0
2021-05-21,187.1,191.6,186.55,187.75,115515,5961.0,19.38,57639.0
2021-05-24,191.0,191.0,185.2,186.35,90005,2676.0,33.63,50841.0
2021-05-25,187.05,195.8,187.0,191.25,341914,7522.0,45.46,144623.0
2021-05-26,193.4,196.8,177.5,179.7,738602,13747.0,53.73,313335.0
2021-05-27,180.65,182.0,175.0,175.6,389388,6947.0,56.05,201618.0
2021-05-28,178.6,179.9,176.0,176.85,127271,4345.0,29.29,68224.0
2021-05-31,176.5,185.85,176.0,183.0,428788,11123.0,38.55,115967.0
2021-06-01,184.45,186.5,180.2,181.45,131251,8424.0,15.58,50860.0
2021-06-02,182.15,185.5,179.65,184.55,99820,4603.0,21.69,45147.0
2021-06-03,185.45,186.0,181.7,182.6,124817,3665.0,34.06,66520.0
2021-06-04,184.35,184.35,180.3,180.7,116994,2552.0,45.84,81951.0
2021-06-07,181.85,183.0,178.2,179.15,184475,3698.0,49.89,121819.0
2021-06-08,182.9,182.9,177.55,179.45,164887,5976.0,27.59,95794.0
2021-06-09,182.0,182.0,178.1,179.5,180930,3396.0,53.28,99563.0
2021-06-10,179.5,191.35,179.5,186.9,757201,10775.0,70.27,280193.0
2021-06-11,188.0,199.9,187.75,197.1,1271973,18659.0,68.17,501765.0
2021-06-14,198.65,206.4,187.5,200.55,1112395,23061.0,48.24,371426.0
2021-06-15,201.5,205.0,197.0,198.55,344983,7439.0,46.37,158738.0
2021-06-16,199.5,202.45,192.05,193.25,237924,6029.0,39.46,124233.0
2021-06-17,192.5,199.5,189.0,192.4,213726,6267.0,34.1,97748.0
2021-06-18,193.9,198.65,183.0,189.65,242413,7367.0,32.91,105978.0
2021-06-21,186.9,190.75,185.1,188.85,65683,2771.0,23.7,28911.0
2021-06-22,191.0,193.0,188.0,188.1,106950,2841.0,37.65,68635.0
2021-06-23,189.7,193.5,188.0,188.1,131803,4424.0,29.79,71575.0
2021-06-24,189.5,189.5,185.1,187.5,115639,6878.0,16.81,63939.0
2021-06-25,187.5,194.7,186.0,188.45,127113,6359.0,19.99,58123.0
2021-06-28,190.9,190.9,185.45,186.3,79666,4732.0,16.84,42967.0
2021-06-29,187.3,187.9,183.1,184.0,75519,2644.0,28.56,43118.0
2021-06-30,185.0,192.75,183.55,189.35,162707,5004.0,32.52,66304.0
2021-07-01,190.5,192.0,186.05,189.75,113383,3215.0,35.27,48381.0
2021-07-02,190.5,190.85,185.5,186.45,68479,2266.0,30.22,45157.0
2021-07-05,189.0,191.0,187.0,189.65,79474,2376.0,33.45,47783.0
2021-07-06,190.0,203.55,187.65,201.65,1546053,26990.0,57.28,538242.0
2021-07-07,202.95,205.0,195.65,198.05,771447,18734.0,41.18,326658.0
2021-07-08,199.55,202.9,191.5,194.45,288127,6831.0,42.18,158891.0
2021-07-09,193.5,198.8,193.1,194.55,185007,8059.0,22.96,64597.0
2021-07-12,196.1,203.4,195.0,198.0,628707,13698.0,45.9,308004.0
2021-07-13,202.7,204.85,198.05,199.7,488397,9745.0,50.12,228707.0
2021-07-14,202.9,227.65,200.6,221.55,6443965,81266.0,79.29,1360554.0
2021-07-15,222.9,228.95,216.6,224.85,1450982,25161.0,57.67,421336.0
2021-07-16,226.3,228.05,216.0,218.5,565724,12695.0,44.56,246136.0
2021-07-19,217.0,223.75,214.5,217.65,557155,11213.0,49.69,258243.0
2021-07-20,218.5,218.5,205.35,207.2,537427,13528.0,39.73,263819.0
2021-07-22,208.0,211.6,204.3,205.2,352541,9377.0,37.6,179053.0
2021-07-23,207.5,219.75,202.55,217.15,993183,19694.0,50.43,361372.0
2021-07-26,217.15,232.0,213.85,223.15,1195869,21697.0,55.12,468647.0
2021-07-27,224.45,229.8,216.05,219.0,521603,10681.0,48.83,248541.0
2021-07-28,220.05,220.3,210.05,213.9,294571,6691.0,44.02,122616.0
2021-07-29,214.9,217.7,208.2,210.95,359778,10084.0,35.68,210768.0
2021-07-30,212.4,222.0,212.35,220.6,456511,10851.0,42.07,225900.0
2021-08-02,223.0,225.0,218.5,219.65,292608,8619.0,33.95,120522.0
2021-08-03,220.7,224.5,216.5,221.7,286932,9897.0,28.99,119598.0
2021-08-04,224.0,225.0,211.3,214.0,409225,10189.0,40.16,225806.0
2021-08-05,214.1,214.35,205.0,209.2,427479,9255.0,46.19,190447.0
2021-08-06,210.0,216.0,206.75,208.45,248312,17032.0,14.58,55936.0
2021-08-09,209.6,213.8,207.1,209.3,262467,16433.0,15.97,78252.0
2021-08-10,208.3,218.5,194.0,204.15,1111326,28828.0,38.55,251171.0
2021-08-11,204.8,216.35,186.25,208.85,831649,16175.0,51.42,366911.0
2021-08-12,211.1,221.95,211.1,215.3,549870,12129.0,45.34,235285.0
2021-08-13,216.0,216.7,210.6,211.2,149877,3674.0,40.79,76174.0
2021-08-16,210.45,222.0,207.85,220.75,615756,15967.0,38.56,232153.0
2021-08-17,221.0,221.4,214.05,214.4,178253,7507.0,23.74,85849.0
2021-08-18,214.4,217.6,210.05,212.0,112755,3750.0,30.07,58001.0
2021-08-20,209.0,211.0,204.0,206.35,213397,8094.0,26.36,92367.0
2021-08-23,209.0,209.7,183.3,190.7,532783,10229.0,52.09,304712.0
2021-08-24,189.0,199.15,189.0,197.4,318464,8104.0,39.3,170024.0
2021-08-25,197.4,197.75,193.0,193.9,158613,3002.0,52.84,94741.0
2021-08-26,193.8,200.95,192.35,194.25,497521,11846.0,42.0,115145.0
2021-08-27,195.0,196.95,193.4,194.35,161824,6115.0,26.46,69544.0
2021-08-30,196.55,199.0,194.25,196.0,162948,13506.0,12.06,47020.0
2021-08-31,195.8,204.75,194.6,200.95,504549,11094.0,45.48,225501.0
2021-09-01,200.0,209.35,200.0,207.75,316702,6011.0,52.69,171822.0
2021-09-02,207.75,214.4,203.75,212.7,489579,11140.0,43.95,239821.0
2021-09-03,213.35,215.5,205.15,206.4,171701,7826.0,21.94,100765.0
2021-09-06,206.55,209.1,203.85,204.55,165599,8054.0,20.56,85118.0
2021-09-07,202.35,205.9,200.0,200.6,152941,5258.0,29.09,92470.0
2021-09-08,201.9,203.6,199.15,200.05,86168,4650.0,18.53,41151.0
2021-09-09,199.7,201.0,194.75,196.9,192940,5722.0,33.72,104056.0
2021-09-13,197.9,198.9,191.55,193.6,185079,4938.0,37.48,117572.0
2021-09-14,194.8,197.25,193.3,194.85,112959,3482.0,32.44,66072.0
2021-09-15,195.7,204.0,195.2,200.8,337597,9250.0,36.5,184361.0
2021-09-16,200.0,201.9,194.8,197.05,150437,5995.0,25.09,87435.0
2021-09-17,197.15,202.3,188.2,194.2,387842,14222.0,27.27,176206.0
2021-09-20,189.8,196.0,185.55,187.5,271345,6350.0,42.73,129875.0
2021-09-21,184.95,190.4,182.2,185.05,179358,6602.0,27.17,97903.0
2021-09-22,187.9,188.9,184.0,186.35,130012,5929.0,21.93,67528.0
2021-09-23,188.4,191.9,187.35,189.75,121743,4309.0,28.25,59996.0
2021-09-24,191.6,193.0,185.8,187.0,195849,8339.0,23.49,114528.0
2021-09-27,188.7,189.6,185.0,185.5,101852,4697.0,21.68,61554.0
2021-09-28,186.6,194.0,185.8,187.9,128971,5858.0,22.02,70351.0
2021-09-29,185.6,190.0,184.6,187.05,99688,3935.0,25.33,55449.0
2021-09-30,186.0,190.75,185.0,188.45,145751,6094.0,23.92,66922.0
2021-10-01,185.7,188.25,184.15,184.75,206131,6424.0,32.09,118809.0
2021-10-04,185.25,186.85,183.1,183.85,151594,5567.0,27.23,85653.0
2021-10-05,185.5,189.15,183.25,185.85,201150,7559.0,26.61,96149.0
2021-10-06,187.3,192.65,185.5,186.95,152183,5063.0,30.06,56787.0
2021-10-07,188.9,189.65,184.0,185.0,156029,6601.0,23.64,86480.0
2021-10-08,186.7,187.3,182.8,183.8,158507,7719.0,20.53,91887.0
2021-10-11,184.05,187.45,183.1,183.85,136220,4158.0,32.76,59817.0
2021-10-12,185.7,186.85,173.0,178.2,458714,11329.0,40.49,251540.0
2021-10-13,178.2,181.4,175.0,177.75,293071,5095.0,57.52,184832.0
2021-10-14,179.0,179.3,175.55,176.25,212087,6642.0,31.93,133784.0
2021-10-18,177.8,179.7,174.0,175.2,269057,7414.0,36.29,179977.0
2021-10-19,176.7,178.7,167.05,169.05,256720,8090.0,31.73,171641.0
2021-10-20,169.0,171.4,162.9,164.45,310954,12166.0,25.56,185309.0
2021-10-21,163.2,169.0,163.2,167.85,195454,8202.0,23.83,81613.0
2021-10-22,169.85,174.35,161.1,163.05,568088,12744.0,44.58,262948.0
2021-10-25,165.2,165.95,156.75,160.15,173842,6943.0,25.04,84658.0
2021-10-26,161.0,166.3,159.0,162.85,150329,4783.0,31.43,70660.0
2021-10-27,162.95,166.95,160.85,161.4,154280,3863.0,39.94,80150.0
2021-10-28,161.7,162.45,151.1,153.8,289644,7111.0,40.73,198418.0
2021-10-29,154.0,157.0,148.9,150.75,289932,7002.0,41.41,184816.0
2021-11-01,152.5,166.0,152.5,164.45,738671,13705.0,53.9,409251.0
2021-11-02,163.1,170.0,161.2,168.75,356239,8000.0,44.53,192626.0
2021-11-03,166.5,169.9,162.3,164.45,170440,4603.0,37.03,84321.0
2021-11-04,165.35,170.0,164.55,167.7,41915,4603.0,9.11,84321.0
2021-11-08,170.0,183.5,165.45,181.3,766283,11002.0,69.65,363479.0
2021-11-09,182.7,187.95,177.3,182.8,1644085,28519.0,57.65,489553.0
2021-11-10,183.7,187.35,181.9,182.5,345516,7623.0,45.33,177852.0
2021-11-11,184.45,185.5,177.55,180.3,508047,13790.0,36.84,145613.0
2021-11-12,181.3,182.8,175.75,178.7,163567,4664.0,35.07,82400.0
2021-11-15,180.0,180.4,175.7,176.4,85442,3049.0,28.02,40593.0
2021-11-16,178.45,179.65,173.2,174.55,146889,3467.0,42.37,87758.0
2021-11-17,174.55,180.0,173.65,177.4,99470,3284.0,30.29,47703.0
2021-11-18,179.0,179.0,170.3,174.1,154098,9064.0,17.0,64949.0
2021-11-22,176.8,176.8,164.25,166.5,138035,4788.0,28.83,72991.0
2021-11-23,165.8,173.8,164.75,171.4,126213,7958.0,15.86,47805.0
2021-11-24,171.4,177.0,171.4,173.3,90721,4637.0,19.56,34730.0
2021-11-25,176.8,176.8,173.15,174.15,64381,4192.0,15.36,27776.0
2021-11-26,172.8,173.65,168.1,170.3,123565,4066.0,30.39,84878.0
2021-11-29,166.0,170.85,160.05,166.25,164486,6885.0,23.89,92721.0
2021-11-30,169.35,170.25,162.5,163.5,81728,2562.0,31.9,50346.0
2021-12-01,164.0,168.0,163.1,165.35,95425,4541.0,21.01,49456.0
2021-12-02,167.9,170.65,165.5,167.9,131526,5150.0,25.54,63506.0
2021-12-03,169.5,171.5,166.65,168.0,120543,3602.0,33.47,69788.0
2021-12-06,169.6,174.95,167.15,169.6,175677,4961.0,35.41,72237.0
2021-12-07,172.0,174.7,170.35,171.7,55847,1431.0,39.03,37320.0
2021-12-08,174.7,174.7,169.65,170.45,116941,2915.0,40.12,72776.0
2021-12-09,171.1,174.0,169.7,170.5,134529,3245.0,41.46,74239.0
2021-12-10,170.0,175.8,170.0,171.6,120951,3463.0,34.93,55786.0
2021-12-13,173.65,174.6,171.65,172.95,73904,1608.0,45.96,45998.0
2021-12-14,172.0,174.0,171.0,171.35,79984,2221.0,36.01,45497.0
2021-12-15,171.0,172.5,168.7,169.5,71927,1899.0,37.88,43472.0
2021-12-16,171.0,172.2,165.35,167.1,76065,4346.0,17.5,31846.0
2021-12-17,169.65,169.65,161.25,162.4,98028,3814.0,25.7,50369.0
2021-12-20,161.8,161.8,153.0,156.85,106791,3509.0,30.43,56520.0
2021-12-21,157.75,161.5,157.75,160.1,56144,1645.0,34.13,28439.0
2021-12-22,162.0,162.7,160.3,161.15,84537,2128.0,39.73,44546.0
2021-12-23,163.0,166.8,162.25,165.4,103069,2923.0,35.26,56239.0
2021-12-24,165.55,166.0,162.2,163.9,97065,4233.0,22.93,42452.0
2021-12-27,164.7,164.7,160.0,162.15,82810,2351.0,35.22,40903.0
2021-12-28,162.15,169.05,161.8,162.85,187049,3554.0,52.63,123673.0
2021-12-29,164.4,164.45,161.0,161.7,76554,2076.0,36.88,45151.0
2021-12-30,163.8,163.8,160.2,161.1,68612,1919.0,35.75,39066.0
2021-12-31,162.9,166.1,161.05,161.75,125807,3046.0,41.3,69080.0
2022-01-03,162.7,164.5,160.95,163.05,123344,2466.0,50.02,69594.0
2022-01-04,162.1,165.8,162.1,164.55,133586,3749.0,35.63,74308.0
2022-01-05,163.1,169.0,163.1,166.75,127639,3041.0,41.97,74966.0
2022-01-06,166.0,166.15,164.0,165.25,82426,2061.0,39.99,49119.0
2022-01-07,165.25,168.15,163.5,164.6,108736,2589.0,42.0,59389.0
2022-01-10,164.0,174.25,164.0,172.35,361116,6931.0,52.1,177550.0
2022-01-11,173.5,174.75,169.2,170.8,130830,2953.0,44.3,70402.0
2022-01-12,173.7,173.95,170.8,172.8,113036,3571.0,31.65,61530.0
2022-01-13,171.5,174.0,170.25,171.65,72137,3808.0,18.94,38350.0
2022-01-14,171.5,176.25,171.5,174.35,175334,4134.0,42.41,89487.0
2022-01-17,175.6,177.9,173.5,175.4,161817,3784.0,42.76,100492.0
2022-01-18,176.4,176.75,169.35,170.15,131783,4115.0,32.03,67573.0
2022-01-19,169.75,172.65,167.5,171.75,137571,5306.0,25.93,77099.0
2022-01-20,172.55,173.7,170.05,172.15,131515,3226.0,40.77,83109.0
2022-01-21,171.0,181.35,169.85,173.95,433731,12806.0,33.87,167699.0
2022-01-24,173.95,173.95,158.75,161.45,262032,6790.0,38.59,158766.0
2022-01-25,160.8,167.9,158.05,166.2,120512,5442.0,22.14,49318.0
2022-01-27,163.65,165.55,160.4,163.2,131351,6936.0,18.94,66542.0
2022-01-28,164.55,171.55,164.5,168.0,146331,5290.0,27.66,73807.0
2022-01-31,171.25,171.6,166.15,167.75,71746,3215.0,22.32,38244.0
2022-02-01,169.45,172.5,167.5,170.85,132268,4678.0,28.27,54443.0
2022-02-02,172.35,177.0,170.6,174.1,140235,3811.0,36.8,82983.0
2022-02-03,175.4,180.45,175.0,178.9,387349,6124.0,63.25,224287.0
2022-02-04,180.5,180.5,176.25,178.1,160809,3522.0,45.66,94408.0
2022-02-07,179.0,181.05,173.7,174.3,127396,6554.0,19.44,57930.0
2022-02-08,175.5,184.9,169.0,181.3,552448,12544.0,44.04,145200.0
2022-02-09,182.0,185.85,178.2,179.9,503869,13376.0,37.67,222428.0
2022-02-10,183.5,184.0,177.0,177.9,195006,6243.0,31.24,104047.0
2022-02-11,176.5,177.0,174.25,175.1,157427,5104.0,30.84,69393.0
2022-02-14,170.0,178.8,167.5,171.1,250222,7346.0,34.06,127033.0
2022-02-15,173.0,176.0,168.3,174.7,126897,8399.0,15.11,48119.0
2022-02-16,177.5,178.45,174.0,174.6,68827,3266.0,21.07,33461.0
2022-02-17,175.45,177.8,173.8,174.25,47940,1954.0,24.53,21463.0
2022-02-18,174.25,179.35,170.0,174.2,92113,2970.0,31.01,45137.0
2022-02-21,174.2,174.2,166.95,170.8,110354,3107.0,35.52,56476.0
2022-02-22,167.0,169.4,163.35,165.3,130952,8259.0,15.86,53289.0
2022-02-23,167.8,168.85,165.0,165.55,79361,5778.0,13.74,35607.0
2022-02-24,160.0,165.0,152.05,154.4,240355,5503.0,43.68,140346.0
2022-02-25,157.5,162.45,157.25,161.2,154902,7574.0,20.45,81171.0
2022-02-28,160.05,162.5,156.35,161.9,82110,3476.0,23.62,36282.0
2022-03-02,162.3,163.45,160.45,161.45,81810,3029.0,27.01,47067.0
2022-03-03,161.45,165.85,160.9,161.75,110058,9032.0,12.19,48568.0
2022-03-04,163.9,163.9,159.3,162.0,100905,5746.0,17.56,50645.0
2022-03-07,158.1,159.35,154.25,156.0,225044,4524.0,49.74,143733.0
2022-03-08,158.6,161.6,154.05,159.2,159955,6447.0,24.81,72438.0
2022-03-09,162.4,170.5,159.0,167.3,379500,8306.0,45.69,116317.0
2022-03-10,172.0,173.4,167.75,169.75,158155,4284.0,36.92,58249.0
2022-03-11,174.0,175.0,169.0,169.8,215282,5160.0,41.72,85246.0
2022-03-14,171.7,174.0,167.6,169.1,244797,3531.0,69.33,167159.0
2022-03-15,171.65,173.5,167.0,167.8,111736,4952.0,22.56,38823.0
2022-03-16,169.5,173.0,167.85,169.9,68934,1856.0,37.14,33358.0
2022-03-17,172.9,172.9,166.25,168.1,106989,2434.0,43.96,59341.0
2022-03-21,169.8,172.5,169.0,169.95,346552,2537.0,136.6,304349.0
2022-03-22,170.05,174.5,168.25,169.75,147125,3135.0,46.93,60356.0
2022-03-23,171.8,171.8,167.1,167.4,106318,3164.0,33.6,60567.0
2022-03-24,168.0,168.95,165.6,166.3,411985,4442.0,92.75,293151.0
2022-03-25,167.3,169.0,163.25,168.05,381350,4392.0,86.83,210094.0
2022-03-28,168.9,169.15,162.0,162.75,132130,2694.0,49.05,82163.0
2022-03-29,163.5,164.55,160.0,160.25,172864,3912.0,44.19,97512.0
2022-03-30,162.5,169.6,159.75,167.1,217562,3540.0,61.46,135029.0
2022-03-31,167.0,168.75,162.85,166.9,151639,3156.0,48.05,77004.0
2022-04-01,166.2,172.0,165.2,171.5,153509,3303.0,46.48,77118.0
2022-04-04,172.05,175.9,172.05,173.75,195283,3553.0,54.96,134661.0
2022-04-05,174.95,182.65,174.2,181.7,451075,6496.0,69.44,232465.0
2022-04-06,181.8,188.95,179.3,187.5,491769,10971.0,44.82,272943.0
2022-04-07,187.45,192.55,185.0,188.35,286460,4997.0,57.33,153385.0
2022-04-08,189.0,193.0,185.1,189.05,263112,5263.0,49.99,113401.0
2022-04-11,190.0,193.0,187.95,189.15,233865,3748.0,62.4,126766.0
2022-04-12,189.4,197.0,182.95,195.05,486386,10287.0,47.28,235939.0
2022-04-13,196.15,200.0,192.25,199.35,746454,14195.0,52.59,389804.0
2022-04-18,202.0,214.7,201.1,211.7,1113864,14538.0,76.62,552290.0
2022-04-19,214.7,226.6,204.1,208.6,1856147,23564.0,78.77,692633.0
2022-04-20,217.0,218.5,208.0,209.75,599908,12941.0,46.36,199248.0
2022-04-21,219.0,219.0,205.4,207.55,336437,8944.0,37.62,140831.0
2022-04-22,204.0,214.55,204.0,208.7,448556,10951.0,40.96,175614.0
2022-04-25,206.05,213.7,202.4,205.5,472665,8409.0,56.21,215156.0
2022-04-26,206.55,214.4,206.55,209.7,330379,10314.0,32.03,147047.0
2022-04-27,209.3,213.9,208.1,210.55,402697,13152.0,30.62,145130.0
2022-04-28,212.8,221.0,209.5,217.95,1047422,21208.0,49.39,482098.0
2022-04-29,219.9,225.9,211.85,214.9,859237,13473.0,63.77,359921.0
2022-05-02,212.95,229.9,212.0,221.65,1869827,19458.0,96.1,847067.0
2022-05-04,223.3,251.4,221.1,241.9,5493384,65036.0,84.47,1445018.0
2022-05-05,248.0,250.0,229.0,235.05,2073281,28556.0,72.6,832769.0
2022-05-06,226.0,234.7,225.25,227.05,849958,11625.0,73.11,285857.0
2022-05-09,229.7,239.7,226.3,232.4,1555119,25814.0,60.24,470955.0
2022-05-10,231.2,246.25,227.6,235.45,1963127,29226.0,67.17,470739.0
2022-05-11,237.55,242.0,213.35,224.7,1220458,21648.0,56.38,461372.0
2022-05-12,221.5,221.8,208.8,218.45,738168,14803.0,49.87,293379.0
2022-05-13,220.05,226.5,215.95,218.85,611945,14214.0,43.05,212844.0
2022-05-16,222.9,231.7,216.4,228.7,453872,8580.0,52.9,177730.0
2022-05-17,230.4,237.7,226.05,231.4,495287,8296.0,59.7,195670.0
2022-05-18,233.25,237.0,226.0,231.65,363850,6436.0,56.53,121170.0
2022-05-19,225.0,229.3,220.1,221.95,313081,4882.0,64.13,151314.0
2022-05-20,225.7,234.6,223.45,230.3,399775,6708.0,59.6,170146.0
2022-05-23,230.0,237.8,228.0,234.35,578487,8061.0,71.76,247699.0
2022-05-24,236.0,242.0,226.9,231.75,418844,6568.0,63.77,172755.0
2022-05-25,232.3,233.2,212.1,218.35,535650,8072.0,66.36,280852.0
2022-05-26,218.4,237.0,215.0,232.4,551147,10949.0,50.34,216903.0
2022-05-27,237.0,239.4,228.9,232.9,413008,6407.0,64.46,174544.0
2022-05-30,235.0,250.0,233.45,247.2,1663136,23399.0,71.08,570916.0
2022-05-31,249.9,254.0,242.0,244.2,1143342,22292.0,51.29,364835.0
2022-06-01,244.0,249.7,242.5,245.4,381325,9389.0,40.61,109467.0
2022-06-02,245.0,264.6,243.55,258.5,2343843,31992.0,73.26,607129.0
2022-06-03,261.2,262.7,252.25,255.35,395814,11955.0,33.11,157884.0
2022-06-06,254.8,258.45,246.25,254.8,390832,11826.0,33.05,128218.0
2022-06-07,252.8,259.0,251.8,255.95,209947,5681.0,36.96,93676.0
2022-06-08,257.95,274.7,253.0,267.5,1755249,29335.0,59.83,428527.0
2022-06-09,268.25,284.2,266.5,280.75,1760552,39541.0,44.52,661210.0
2022-06-10,274.55,307.5,273.0,292.0,3496896,61692.0,56.68,841806.0
2022-06-13,287.7,291.95,278.6,287.2,861558,20512.0,42.0,251339.0
2022-06-14,283.9,297.5,272.05,275.65,994449,22585.0,44.03,275233.0
2022-06-15,277.8,300.0,274.55,290.95,815215,15818.0,51.54,221452.0
2022-06-16,298.2,303.3,263.85,268.6,919692,19454.0,47.28,251636.0
2022-06-17,268.6,279.0,260.05,275.25,807415,17466.0,46.23,205277.0
2022-06-20,276.65,278.1,245.1,254.55,901039,19733.0,45.66,382767.0
2022-06-21,257.0,283.35,257.0,279.5,1025696,21057.0,48.71,401077.0
2022-06-22,280.3,284.7,272.1,275.85,568480,17850.0,31.85,129368.0
2022-06-23,277.25,280.85,271.65,277.1,238233,10821.0,22.02,61369.0
2022-06-24,281.0,299.0,280.1,290.65,1250005,22171.0,56.38,333958.0
2022-06-27,292.8,304.0,292.65,296.1,747730,14724.0,50.78,265978.0
2022-06-28,293.25,297.2,287.1,293.75,389778,12929.0,30.15,122808.0
2022-06-29,288.5,293.25,284.4,285.0,211339,5017.0,42.12,88124.0
2022-06-30,285.95,289.25,283.3,285.55,285359,4923.0,57.96,113067.0
2022-07-01,284.0,296.0,281.3,289.7,617436,15338.0,40.26,223984.0
2022-07-04,291.4,294.4,285.45,289.0,419161,9184.0,45.64,137116.0
2022-07-05,290.3,311.0,285.0,288.1,2900556,37432.0,77.49,637148.0
2022-07-06,290.9,297.7,285.4,290.55,972220,20562.0,47.28,251192.0
2022-07-07,293.1,296.5,288.65,291.7,417220,9565.0,43.62,116992.0
2022-07-08,294.3,312.2,292.0,306.25,1825423,26853.0,67.98,544211.0
2022-07-11,304.0,309.0,295.25,305.85,812714,16560.0,49.08,247132.0
2022-07-12,301.0,310.5,298.4,300.0,883654,12878.0,68.62,330569.0
2022-07-13,302.0,304.7,293.75,296.1,579997,7677.0,75.55,254375.0
2022-07-14,297.0,299.4,290.2,292.55,340335,5510.0,61.77,107839.0
2022-07-15,295.6,309.4,294.0,307.5,873505,11216.0,77.88,379481.0
2022-07-18,308.6,323.1,305.65,319.5,1208524,16805.0,71.91,409913.0
2022-07-19,317.45,320.9,315.0,317.0,303843,5363.0,56.66,105929.0
2022-07-20,319.95,325.9,318.35,320.65,416313,7032.0,59.2,185856.0
2022-07-21,322.7,334.95,321.0,330.25,531941,8569.0,62.08,225943.0
2022-07-22,332.9,335.0,327.0,333.1,394873,6799.0,58.08,146687.0
2022-07-25,330.65,349.0,327.0,345.75,892843,13751.0,64.93,283468.0
2022-07-26,347.0,347.9,325.05,328.3,675679,16649.0,40.58,213210.0
2022-07-27,327.55,342.0,327.35,336.3,405449,7491.0,54.12,132505.0
2022-07-28,339.9,344.0,331.2,336.1,263772,5403.0,48.82,100312.0
2022-07-29,337.8,340.0,329.6,335.7,202938,4236.0,47.91,78453.0
2022-08-01,338.5,345.0,333.8,342.9,300900,6453.0,46.63,123393.0
2022-08-02,342.9,351.9,333.0,336.45,1097566,25561.0,42.94,241011.0
2022-08-03,339.0,340.2,327.5,332.15,311665,8677.0,35.92,117851.0
2022-08-04,333.5,335.25,320.2,322.9,347459,6521.0,53.28,138081.0
2022-08-05,324.5,324.7,305.2,307.95,472894,13611.0,34.74,231222.0
2022-08-08,307.95,312.75,296.6,306.35,466323,,,
2022-08-10,306.35,315.4,304.0,308.35,436363,10166.0,42.92,143517.0
2022-08-11,310.1,311.2,301.3,303.55,139174,3481.0,39.98,66976.0
2022-08-12,301.2,313.9,300.0,309.9,264222,5511.0,47.94,131339.0
2022-08-16,310.4,318.6,310.4,317.4,267733,6351.0,42.16,133918.0
2022-08-17,318.2,331.0,317.6,324.05,414414,9735.0,42.57,224174.0
2022-08-18,325.7,328.85,317.25,320.45,241127,6765.0,35.64,130485.0
2022-08-19,321.7,321.7,307.25,308.85,210917,5049.0,41.77,105450.0
2022-08-22,307.1,309.45,291.25,299.75,391804,8117.0,48.27,184319.0
2022-08-23,295.4,303.7,295.0,299.6,176559,3395.0,52.01,91477.0
2022-08-24,299.65,308.8,299.65,303.85,151201,4137.0,36.55,60534.0
2022-08-25,306.0,308.0,301.5,302.9,162990,4245.0,38.4,75286.0
2022-08-26,305.05,314.0,304.5,305.85,212792,4714.0,45.14,71462.0
2022-08-29,305.0,305.0,295.35,297.75,202676,5940.0,34.12,100132.0
2022-08-30,300.0,306.0,298.0,299.5,119177,3560.0,33.48,50766.0
2022-09-01,299.5,302.75,291.6,294.7,211207,5619.0,37.59,108850.0
2022-09-02,296.3,301.0,287.1,290.35,318013,5910.0,53.81,197562.0
2022-09-05,291.2,294.55,287.6,289.6,182127,5514.0,33.03,77103.0
2022-09-06,289.6,293.45,285.0,286.45,135606,3408.0,39.79,70155.0
2022-09-07,286.0,298.85,284.95,296.95,217085,5129.0,42.33,76969.0
2022-09-08,298.0,313.7,297.05,306.75,402627,9980.0,40.34,187444.0
2022-09-09,308.3,308.4,299.2,301.2,149811,4080.0,36.72,71658.0
2022-09-12,302.2,304.6,290.75,291.5,182836,4431.0,41.26,91173.0
2022-09-13,291.5,294.9,289.5,293.05,174015,3214.0,54.14,72405.0
2022-09-14,291.35,301.95,290.4,292.5,345684,8754.0,39.49,89641.0
2022-09-15,295.4,308.8,292.05,301.0,205484,7623.0,26.96,97554.0
2022-09-16,301.0,302.05,288.65,291.85,208981,5166.0,40.45,85271.0
2022-09-19,291.85,294.9,277.2,281.2,200423,4599.0,43.58,100113.0
2022-09-20,284.2,288.7,277.5,280.45,151567,3990.0,37.99,63840.0
2022-09-21,281.75,289.0,274.8,283.25,196186,5855.0,33.51,37873.0
2022-09-22,283.25,289.0,281.15,287.25,111380,4297.0,25.92,38621.0
2022-09-23,287.95,287.95,279.55,283.5,145006,4140.0,35.03,72382.0
2022-09-26,283.5,283.7,267.0,271.55,134611,5014.0,26.85,56573.0
2022-09-27,268.25,286.55,268.25,284.25,139577,6410.0,21.77,57191.0
2022-09-28,281.7,298.0,281.05,286.55,327040,8119.0,40.28,113524.0
2022-09-29,290.3,298.0,288.0,295.2,203050,5162.0,39.34,101230.0
2022-09-30,293.0,303.95,291.45,301.05,318121,8659.0,36.74,104153.0
2022-10-03,298.0,298.0,287.5,289.9,366415,9479.0,38.66,98843.0
2022-10-04,291.8,295.6,290.0,290.15,70712,2044.0,34.59,27505.0
2022-10-06,291.65,295.5,290.0,292.85,95130,2798.0,34.0,34253.0
2022-10-07,292.85,294.65,290.0,292.0,51845,1791.0,28.95,24987.0
2022-10-10,291.0,291.95,281.85,283.65,89020,2492.0,35.72,38121.0
2022-10-11,284.7,293.0,272.05,278.0,172500,4664.0,36.99,49318.0
2022-10-12,280.05,281.15,266.45,273.0,146457,4388.0,33.38,53396.0
2022-10-13,274.0,274.5,269.5,271.0,51805,1956.0,26.49,25673.0
2022-10-14,273.0,276.85,253.9,255.85,443046,10162.0,43.6,155436.0
2022-10-17,243.25,250.0,235.3,237.65,618916,22367.0,27.67,318980.0
2022-10-18,237.1,237.15,225.0,231.0,824866,25235.0,32.69,405647.0
2022-10-19,228.65,237.3,228.1,233.4,561957,15131.0,37.14,272231.0
2022-10-20,230.1,232.05,226.45,227.95,284796,7986.0,35.66,156792.0
2022-10-21,226.0,227.0,216.5,218.15,504761,16549.0,30.5,262950.0
2022-10-24,220.0,228.4,220.0,222.65,136002,1776.0,76.58,83484.0
2022-10-25,218.0,230.2,218.0,224.3,445099,15254.0,29.18,237088.0
2022-10-27,235.0,245.0,230.6,243.6,640833,14384.0,44.55,247141.0
2022-10-28,246.9,261.9,245.6,257.35,780427,14764.0,52.86,277364.0
2022-10-31,261.0,271.0,259.3,270.4,650845,16131.0,40.35,265239.0
2022-11-01,271.7,274.75,260.0,265.15,363022,10907.0,33.28,123233.0
2022-11-02,270.0,270.0,252.35,258.1,293911,8413.0,34.94,124575.0
2022-11-03,258.0,261.2,254.1,256.2,173575,5523.0,31.43,76882.0
2022-11-04,257.0,272.5,257.0,270.3,281151,7541.0,37.28,114212.0
2022-11-07,270.95,277.95,270.95,273.5,204166,5452.0,37.45,90452.0
2022-11-09,281.0,282.7,273.25,275.3,336366,7197.0,46.74,145283.0
2022-11-10,274.85,274.85,265.1,269.3,139355,3496.0,39.86,58992.0
2022-11-11,275.3,277.9,270.5,272.75,100147,3332.0,30.06,45537.0
2022-11-14,275.6,288.85,272.3,285.2,357903,9894.0,36.17,172573.0
2022-11-15,287.0,292.6,282.0,288.6,257699,9894.0,26.05,172573.0
2022-11-16,291.5,292.05,276.9,280.25,172539,5170.0,33.37,63923.0
2022-11-17,276.5,284.0,272.7,280.35,112815,3025.0,37.29,45954.0
2022-11-18,281.8,285.9,280.35,283.0,85582,2946.0,29.05,31309.0
2022-11-21,283.0,289.7,279.05,283.8,140962,5586.0,25.23,56515.0
2022-11-22,283.8,287.25,275.1,278.6,77955,3203.0,24.34,30834.0
2022-11-23,279.65,282.05,273.1,275.1,85662,2815.0,30.43,44965.0
2022-11-24,276.4,281.45,271.6,276.15,93823,2986.0,31.42,51432.0
2022-11-25,277.45,282.9,273.8,276.15,79893,3055.0,26.15,39264.0
2022-11-28,277.55,281.05,276.0,278.45,68304,2604.0,26.23,33369.0
2022-11-29,275.3,286.0,275.3,277.1,224421,6245.0,35.94,75131.0
2022-11-30,278.4,281.8,277.45,279.65,76523,2137.0,35.81,38996.0
2022-12-01,282.1,283.8,275.0,276.75,79779,2440.0,32.7,40545.0
2022-12-02,276.05,281.75,276.05,279.6,79091,2053.0,38.52,41506.0
2022-12-05,276.8,285.65,271.65,273.2,188129,5339.0,35.24,94176.0
2022-12-06,272.9,279.0,270.5,275.95,117557,3332.0,35.28,66379.0
2022-12-07,275.95,283.0,274.4,278.8,115260,2943.0,39.16,63552.0
2022-12-08,279.9,279.9,273.15,274.55,68493,2228.0,30.74,39112.0
2022-12-09,275.95,278.15,272.0,273.8,61392,2422.0,25.35,29568.0
2022-12-12,273.8,284.95,266.1,281.65,405522,9887.0,41.02,138879.0
2022-12-13,282.7,298.3,280.0,288.95,665906,17786.0,37.44,240832.0
2022-12-14,290.75,295.9,289.3,291.7,221007,6825.0,32.38,99181.0
2022-12-15,291.7,295.9,286.85,290.5,178567,5793.0,30.82,73808.0
2022-12-16,286.55,294.5,282.0,283.9,172880,5104.0,33.87,81471.0
2022-12-19,284.9,295.3,283.0,292.7,222293,6452.0,34.45,75506.0
2022-12-20,290.0,293.4,283.55,288.4,95242,3540.0,26.9,33758.0
2022-12-21,290.7,292.95,263.8,266.3,220088,6782.0,32.45,125968.0
2022-12-22,267.65,277.3,262.1,268.5,185380,6724.0,27.57,73186.0
2022-12-23,268.0,268.0,245.0,247.8,227732,8132.0,28.0,108485.0
2022-12-26,248.0,267.45,244.55,263.0,123797,5385.0,22.99,41138.0
2022-12-27,267.0,273.5,263.3,271.65,106544,4479.0,23.79,45313.0
2022-12-28,271.65,272.9,265.0,266.7,93521,3511.0,26.64,46472.0
2022-12-29,266.7,270.0,262.1,267.05,136105,3808.0,35.74,57915.0
2022-12-30,268.5,276.0,267.05,272.3,106506,3742.0,28.46,47856.0
2023-01-02,274.45,286.95,271.8,283.1,443366,9490.0,46.72,145674.0
2023-01-03,285.95,288.9,280.8,283.75,175917,6225.0,28.26,60920.0
2023-01-04,284.9,284.9,269.05,270.7,229589,7300.0,31.45,122737.0
2023-01-05,270.5,273.6,266.8,271.75,123352,4542.0,27.16,44777.0
2023-01-06,268.0,279.7,268.0,275.45,149891,4587.0,32.68,62564.0
2023-01-09,277.6,283.2,276.35,279.2,138329,4618.0,29.95,65965.0
2023-01-10,280.1,280.1,271.55,273.95,65457,2451.0,26.71,31608.0
2023-01-11,275.1,280.9,271.55,273.0,89653,3397.0,26.39,32045.0
2023-01-12,271.15,276.05,269.15,272.4,103083,3387.0,30.43,44104.0
2023-01-13,273.35,275.9,270.3,272.75,77024,2697.0,28.56,38122.0
2023-01-16,272.7,278.4,272.65,276.9,68782,2785.0,24.7,35497.0
2023-01-17,277.8,284.0,275.35,277.4,153039,5208.0,29.39,55636.0
2023-01-18,278.0,280.3,275.0,275.8,66923,2840.0,23.56,25066.0
2023-01-19,277.2,284.0,275.15,279.7,177128,5752.0,30.79,56973.0
2023-01-20,279.7,280.7,271.1,273.3,78079,3004.0,25.99,38969.0
2023-01-23,274.0,274.15,263.2,265.5,120621,4605.0,26.19,64257.0
2023-01-24,266.25,276.45,266.25,274.65,161379,5279.0,30.57,53128.0
2023-01-25,273.75,275.8,268.0,269.5,71307,2716.0,26.25,31296.0
2023-01-27,269.0,270.0,252.8,267.9,129824,5139.0,25.26,53825.0
2023-01-30,267.9,270.55,258.4,264.65,97345,4390.0,22.17,30785.0
2023-01-31,266.0,271.95,262.5,271.0,74074,3577.0,20.71,31713.0
2023-02-01,271.25,279.95,260.1,264.25,169662,6738.0,25.18,63009.0
2023-02-02,263.85,270.9,261.3,263.4,126376,9912.0,12.75,44316.0
2023-02-03,264.75,267.0,256.45,258.6,107131,7113.0,15.06,43151.0
2023-02-06,259.3,268.0,259.3,266.5,88284,5437.0,16.24,28082.0
2023-02-07,267.85,279.0,265.0,271.4,345638,10440.0,33.11,63836.0
2023-02-08,275.05,280.95,270.2,273.0,200725,5493.0,36.54,73477.0
2023-02-09,272.5,276.85,271.3,272.8,111721,5574.0,20.04,44262.0
2023-02-10,274.0,276.55,265.05,266.6,102103,4636.0,22.02,47530.0
2023-02-13,266.9,267.6,260.35,261.2,93454,2480.0,37.68,59537.0
2023-02-14,261.2,263.45,256.0,258.2,62551,2924.0,21.39,23037.0
2023-02-15,259.25,262.2,255.05,260.15,75470,3138.0,24.05,29962.0
2023-02-16,261.4,262.9,257.25,259.5,57584,3254.0,17.7,26017.0
2023-02-17,257.85,260.75,255.05,255.9,50630,1899.0,26.66,22706.0
2023-02-20,255.9,259.75,252.5,255.45,65792,2947.0,22.33,37853.0
2023-02-21,255.7,258.65,254.4,256.2,39754,1820.0,21.84,19359.0
2023-02-22,256.15,257.65,252.7,254.35,101728,2852.0,35.67,71840.0
2023-02-23,255.5,260.85,253.05,260.25,45155,1992.0,22.67,24312.0
2023-02-24,261.9,267.8,258.55,260.45,82999,2981.0,27.84,36729.0
2023-02-27,260.45,261.05,246.0,248.7,94722,3226.0,29.36,44483.0
2023-02-28,249.7,249.7,245.0,247.65,62352,1897.0,32.87,41176.0
2023-03-01,246.0,259.7,246.0,258.3,93300,2271.0,41.08,63060.0
2023-03-02,258.8,263.4,258.05,261.5,56015,1768.0,31.68,30330.0
2023-03-03,261.5,265.0,256.5,257.85,46273,2006.0,23.07,24590.0
2023-03-06,259.0,264.0,258.6,262.85,83319,2179.0,38.24,53895.0
2023-03-08,260.0,265.5,259.4,264.6,40187,1993.0,20.16,20134.0
2023-03-09,265.7,269.5,262.45,264.05,59843,2843.0,21.05,32798.0
2023-03-10,263.0,264.0,260.0,260.8,45204,1553.0,29.11,23587.0
2023-03-13,260.25,261.9,250.1,251.3,76614,2478.0,30.92,49202.0
2023-03-14,248.0,254.35,245.15,249.6,86823,5324.0,16.31,42035.0
2023-03-15,250.85,253.2,245.05,246.45,37596,2196.0,17.12,17568.0
2023-03-16,245.0,247.9,241.4,242.95,47765,3061.0,15.6,22051.0
2023-03-17,244.2,248.95,241.6,242.55,54111,3017.0,17.94,27492.0
2023-03-20,243.8,244.15,233.05,239.35,83729,4820.0,17.37,43990.0
2023-03-21,245.0,249.6,242.0,247.85,151742,5732.0,26.47,23068.0
2023-03-22,249.2,251.6,245.05,246.05,34999,2814.0,12.44,14814.0
2023-03-23,248.5,248.65,242.85,245.05,55996,2810.0,19.93,23279.0
2023-03-24,246.3,248.9,237.2,239.65,141548,5566.0,25.43,47811.0
2023-03-27,240.9,241.4,232.65,234.0,116864,5567.0,20.99,36509.0
2023-03-28,235.0,237.05,229.0,232.9,218561,5320.0,41.08,137909.0
2023-03-29,233.8,249.65,227.8,247.85,160148,6190.0,25.87,92088.0
2023-03-31,251.0,257.75,248.0,254.4,156262,4785.0,32.66,61533.0
2023-04-03,254.0,258.1,253.1,255.55,75359,2773.0,27.18,42973.0
2023-04-05,256.7,259.65,253.4,256.75,57355,2442.0,23.49,31887.0
2023-04-06,257.75,261.0,253.5,254.4,73507,2958.0,24.85,37146.0
2023-04-10,255.7,258.55,248.1,250.8,119916,4000.0,29.98,72630.0
2023-04-11,251.8,253.95,250.2,251.45,37142,1948.0,19.07,17913.0
2023-04-12,252.35,256.0,250.4,252.1,78815,2959.0,26.64,42950.0
2023-04-13,251.45,254.85,251.15,253.95,42921,1889.0,22.72,24478.0
2023-04-17,251.65,255.6,251.0,255.1,54767,2862.0,19.14,25886.0
2023-04-18,252.25,257.8,252.0,255.1,62042,3027.0,20.5,28668.0
2023-04-19,253.7,257.15,252.0,252.95,62325,3266.0,19.08,38486.0
2023-04-20,253.95,265.0,251.7,260.7,97684,4427.0,22.07,53729.0
2023-04-21,261.65,269.0,256.45,266.4,204902,7487.0,27.37,81344.0
2023-04-24,267.5,272.0,264.1,269.65,128979,5779.0,22.32,69595.0
2023-04-25,269.65,278.0,268.7,271.9,167892,5879.0,28.56,93736.0
2023-04-26,272.9,277.3,272.2,274.5,89200,3160.0,28.23,47974.0
2023-04-27,275.0,277.45,272.55,274.5,76604,2549.0,30.05,48843.0
2023-04-28,274.5,277.7,272.0,272.7,87781,2968.0,29.58,56821.0
2023-05-02,273.95,281.0,273.05,276.05,162315,4622.0,35.12,67759.0
2023-05-03,276.15,277.5,274.0,275.7,93489,2045.0,45.72,67205.0
2023-05-04,276.45,280.8,276.45,279.25,134419,3574.0,37.61,74406.0
2023-05-05,280.2,282.9,277.05,280.15,129695,4606.0,28.16,72756.0
2023-05-08,282.4,283.8,278.15,280.35,91238,2375.0,38.42,58281.0
2023-05-09,280.35,282.95,264.15,266.6,377449,7346.0,51.38,213004.0
2023-05-10,267.9,272.2,265.8,266.75,66296,2494.0,26.58,28308.0
2023-05-11,267.0,271.95,267.0,269.05,43146,1339.0,32.22,25115.0
2023-05-12,270.0,270.0,264.4,266.8,44685,1572.0,28.43,24544.0
2023-05-15,267.0,273.2,264.0,271.8,60267,2229.0,27.04,37204.0
2023-05-16,272.5,274.9,264.55,265.75,223345,3948.0,56.57,143079.0
2023-05-17,265.75,276.0,265.05,273.3,339381,5185.0,65.45,124833.0
2023-05-18,278.0,278.8,268.6,271.25,117465,2680.0,43.83,74340.0
2023-05-19,272.5,272.55,267.65,268.3,63295,2309.0,27.41,35263.0
2023-05-22,268.15,270.4,263.1,267.85,70818,2139.0,33.11,39262.0
2023-05-23,269.15,274.0,255.05,259.2,254910,6712.0,37.98,115741.0
2023-05-24,261.5,264.9,260.2,262.1,104700,2935.0,35.67,56396.0
2023-05-25,262.75,263.5,260.0,261.35,93744,3338.0,28.08,56280.0
2023-05-26,261.35,265.65,261.35,262.75,49436,2551.0,19.38,24122.0
2023-05-29,266.4,266.4,261.5,262.05,101159,2190.0,46.19,79688.0
2023-05-30,262.35,262.35,255.55,258.2,172181,6298.0,27.34,117446.0
2023-05-31,258.0,258.0,253.05,256.6,131259,3854.0,34.06,80708.0
2023-06-01,256.6,262.65,255.3,261.2,79079,3674.0,21.52,43351.0
2023-06-02,262.5,265.9,258.1,262.65,162263,7107.0,22.83,99775.0
2023-06-05,262.65,281.0,262.65,277.2,423013,11241.0,37.63,237773.0
2023-06-06,281.0,289.9,280.0,284.9,504060,8842.0,57.01,307394.0
2023-06-07,286.0,289.7,280.05,280.95,165419,5807.0,28.49,95907.0
2023-06-08,280.95,293.6,280.95,289.3,346740,7550.0,45.93,167269.0
2023-06-09,290.7,299.9,285.1,286.3,481395,9378.0,51.33,201173.0
2023-06-12,287.9,297.5,287.9,294.7,392289,9070.0,43.25,203728.0
2023-06-13,295.8,297.0,292.35,295.8,148106,4297.0,34.47,84754.0
2023-06-14,296.6,299.6,291.1,292.85,317385,5456.0,58.17,202776.0
2023-06-15,294.15,306.0,291.0,301.8,277825,5931.0,46.84,202017.0
2023-06-16,303.95,317.7,303.5,315.0,575601,9178.0,62.72,333777.0
2023-06-19,312.1,318.0,304.6,314.3,449343,8326.0,53.97,257528.0
2023-06-20,318.0,318.0,307.6,308.9,128356,3670.0,34.97,70071.0
2023-06-21,310.85,315.85,304.6,307.6,140459,5390.0,26.06,77293.0
2023-06-22,311.8,313.0,302.6,305.7,163610,3566.0,45.88,85682.0
2023-06-23,305.9,311.0,295.05,296.8,286203,7183.0,39.84,208086.0
2023-06-26,298.0,303.35,297.0,301.0,176547,5983.0,29.51,78212.0
2023-06-27,302.55,304.9,299.1,301.75,141942,2991.0,47.46,95843.0
2023-06-28,301.8,304.75,297.0,299.75,104506,3071.0,34.03,60822.0
2023-06-30,302.4,303.3,295.75,300.8,135086,4449.0,30.36,79438.0
2023-07-03,301.0,311.8,300.95,307.3,217686,5066.0,42.97,134412.0
2023-07-04,308.8,308.95,302.4,304.65,96733,3376.0,28.65,53644.0
2023-07-05,305.0,309.0,301.35,305.55,113050,4936.0,22.9,70657.0
2023-07-06,305.0,311.7,302.4,308.45,177891,4379.0,40.62,111525.0
2023-07-07,308.45,308.6,300.0,303.8,157856,4641.0,34.01,102150.0
2023-07-10,303.8,308.15,299.45,303.8,181334,4392.0,41.29,104575.0
2023-07-11,305.35,310.0,304.05,306.6,119951,3268.0,36.7,67340.0
2023-07-12,308.0,322.6,303.3,315.45,634524,12768.0,49.7,262925.0
2023-07-13,317.45,318.8,306.85,309.0,180855,4125.0,43.84,114925.0
2023-07-14,310.5,315.75,304.65,313.2,131486,6155.0,21.36,58066.0
2023-07-17,314.8,330.0,313.15,328.75,656343,9887.0,66.38,332313.0
2023-07-18,330.0,334.05,322.45,330.65,498963,7939.0,62.85,260656.0
2023-07-19,332.35,336.0,327.55,331.5,269928,6246.0,43.22,163542.0
2023-07-20,331.5,340.0,325.85,333.9,336101,6892.0,48.77,177152.0
2023-07-21,331.15,349.75,329.3,337.65,1351298,14472.0,93.37,862869.0
2023-07-24,339.95,343.3,334.4,338.35,552595,12350.0,44.74,277720.0
2023-07-25,339.9,346.3,335.95,339.35,376280,5811.0,64.75,157803.0
2023-07-26,340.9,344.9,336.3,339.65,158067,4633.0,34.12,73645.0
2023-07-27,340.95,351.9,340.95,342.8,375062,9926.0,37.79,185572.0
2023-07-28,343.45,345.3,337.1,341.55,176938,5364.0,32.99,76966.0
2023-07-31,351.0,365.45,345.75,361.05,1197100,23661.0,50.59,659559.0
2023-08-01,361.85,387.0,357.6,376.2,2222367,40832.0,54.43,747080.0
2023-08-02,375.9,376.7,360.0,362.0,674303,13850.0,48.69,364156.0
2023-08-03,361.35,372.0,357.1,370.45,281097,7421.0,37.88,135080.0
2023-08-04,373.3,373.3,365.1,370.4,320206,7806.0,41.02,178748.0
2023-08-07,373.0,380.1,352.4,375.0,286852,6657.0,43.09,161260.0
2023-08-08,380.0,395.1,375.15,391.9,965360,23542.0,41.01,379615.0
2023-08-09,397.45,418.0,394.5,405.35,1426889,42734.0,33.39,558920.0
2023-08-10,413.1,417.9,396.35,401.25,530423,13611.0,38.97,299495.0
2023-08-11,402.0,409.5,395.95,400.0,236610,8759.0,27.01,117999.0
2023-08-14,399.5,401.75,385.9,390.25,560528,17733.0,31.61,291125.0
2023-08-16,390.0,405.9,386.8,398.6,357645,12726.0,28.1,174886.0
2023-08-17,398.6,411.5,395.0,400.3,377838,9810.0,38.52,201384.0
2023-08-18,401.45,403.9,389.15,393.7,217907,8870.0,24.57,114167.0
2023-08-21,395.5,406.0,389.7,404.3,177668,7196.0,24.69,78444.0
2023-08-22,404.3,408.65,402.35,405.5,123937,5581.0,22.21,61578.0
2023-08-23,406.9,407.7,401.1,402.85,93784,4428.0,21.18,53652.0
2023-08-24,404.3,414.95,402.3,407.8,211742,9081.0,23.32,105417.0
2023-08-25,405.0,410.95,399.05,401.0,137189,6412.0,21.4,69197.0
2023-08-28,402.95,406.9,397.1,400.4,94952,4656.0,20.39,48239.0
2023-08-29,401.05,406.35,398.95,403.9,115228,5193.0,22.19,76052.0
2023-08-30,406.0,414.3,404.05,410.8,136281,6069.0,22.46,83671.0
2023-08-31,412.9,414.0,406.3,411.4,94210,5141.0,18.33,46605.0
2023-09-01,412.8,427.45,409.6,419.9,515625,18323.0,28.14,232908.0
2023-09-04,422.7,425.0,414.0,418.8,175731,7803.0,22.52,88793.0
2023-09-05,421.7,426.6,410.3,419.55,136304,8924.0,15.27,64362.0
2023-09-06,421.35,421.35,415.0,416.25,86078,4601.0,18.71,47898.0
2023-09-07,417.7,421.0,412.05,417.5,67327,5219.0,12.9,29523.0
2023-09-08,415.7,424.9,410.5,413.45,266262,12872.0,20.69,163006.0
2023-09-11,420.85,431.7,419.0,424.55,202094,8431.0,23.97,105747.0
2023-09-12,431.5,433.9,391.55,394.05,473631,14192.0,33.37,257902.0
2023-09-13,396.05,403.8,384.0,400.55,350850,11866.0,29.57,176200.0
2023-09-14,402.0,407.15,398.5,400.95,116712,4703.0,24.82,78022.0
2023-09-15,404.15,413.65,399.25,408.1,149528,5277.0,28.34,77359.0
2023-09-18,407.95,410.0,396.1,402.8,207430,8616.0,24.07,97866.0
2023-09-20,402.8,402.8,393.15,399.4,90517,4831.0,18.74,49102.0
2023-09-21,395.15,399.65,390.1,394.35,68979,4839.0,14.25,38747.0
2023-09-22,407.8,410.9,394.0,403.05,486960,13416.0,36.3,116370.0
2023-09-25,407.0,433.75,407.0,428.35,723052,21967.0,32.92,344589.0
2023-09-26,427.85,436.95,420.15,429.35,1746975,18354.0,95.18,1146224.0
2023-09-27,430.95,431.15,420.0,423.8,355359,7309.0,48.62,207642.0
2023-09-28,425.75,427.45,412.0,421.45,144915,7542.0,19.21,74810.0
2023-09-29,419.15,437.75,418.0,432.4,310416,13561.0,22.89,154391.0
2023-10-03,434.8,441.2,432.4,436.5,275716,10037.0,27.47,135269.0
2023-10-04,435.7,444.0,422.0,429.25,327240,11241.0,29.11,168661.0
2023-10-05,432.0,435.0,425.75,427.5,73738,4967.0,14.85,33622.0
2023-10-06,433.0,435.25,429.05,433.55,91382,4936.0,18.51,43949.0
2023-10-09,432.8,435.65,420.25,423.7,102613,7721.0,13.29,44937.0
2023-10-10,425.0,431.25,424.25,427.9,80172,4416.0,18.15,47475.0
2023-10-11,429.6,433.8,424.05,425.85,62157,3525.0,17.63,29874.0
2023-10-12,428.0,428.0,423.2,425.0,62703,3147.0,19.92,42296.0
2023-10-13,426.0,450.0,426.0,429.0,665563,17900.0,37.18,238038.0
2023-10-16,429.0,465.0,428.0,450.15,1041023,25528.0,40.78,323220.0
2023-10-17,456.9,473.0,455.35,466.45,827748,22974.0,36.03,305919.0
2023-10-18,470.0,470.45,450.1,457.1,285723,16224.0,17.61,134275.0
2023-10-19,457.1,464.9,450.45,456.5,104418,6232.0,16.76,47647.0
2023-10-20,456.5,459.9,445.45,449.15,96514,6032.0,16.0,51009.0
2023-10-23,452.0,453.7,413.25,419.35,302857,13872.0,21.83,180417.0
2023-10-25,419.55,431.2,393.55,407.95,459115,21656.0,21.2,260087.0
2023-10-26,405.0,405.0,393.7,400.85,350882,18049.0,19.44,209284.0
2023-10-27,402.9,418.0,402.9,414.25,231275,11800.0,19.6,102103.0
2023-10-30,416.6,422.8,404.8,407.25,224995,7574.0,29.71,59801.0
2023-10-31,410.35,413.3,400.0,402.7,120142,6170.0,19.47,56397.0
2023-11-01,404.35,417.0,400.05,407.5,241247,14218.0,16.97,96282.0
2023-11-02,409.95,417.0,408.5,414.95,91174,5726.0,15.92,51463.0
2023-11-03,417.05,426.0,414.4,424.15,142664,6327.0,22.55,80398.0
2023-11-06,427.15,430.4,415.35,417.3,88441,5885.0,15.03,49333.0
2023-11-07,418.6,422.15,414.1,416.8,44810,3481.0,12.87,20641.0
2023-11-08,415.2,435.0,415.2,432.9,605552,12102.0,50.04,466786.0
2023-11-09,435.6,439.9,422.75,433.1,261159,11871.0,22.0,91878.0
2023-11-10,432.0,436.95,425.15,428.1,125927,9318.0,13.51,40875.0
2023-11-12,428.85,434.0,427.8,430.8,19244,981.0,19.62,10838.0
2023-11-13,430.9,441.0,429.0,432.45,105835,6256.0,16.92,52251.0
2023-11-15,434.65,443.2,432.8,438.0,101857,7088.0,14.37,46930.0
2023-11-16,439.15,439.5,426.2,428.55,141133,8368.0,16.87,74115.0
2023-11-17,429.45,433.75,424.1,428.6,118773,7144.0,16.63,67539.0
2023-11-20,429.0,439.55,428.95,434.25,259254,12554.0,20.65,154699.0
2023-11-21,438.0,439.9,430.4,434.5,91018,6048.0,15.05,52843.0
2023-11-22,435.45,438.4,428.0,429.4,75583,6036.0,12.52,40289.0
2023-11-23,430.35,430.7,425.0,426.1,87600,5978.0,14.65,50001.0
2023-11-24,426.95,428.8,412.65,416.35,294962,17517.0,16.84,173365.0
2023-11-28,408.35,420.5,408.35,413.75,330222,16594.0,19.9,189005.0
2023-11-29,415.8,424.0,413.05,419.45,246347,7570.0,32.54,168947.0
2023-11-30,422.9,439.6,420.5,428.75,453795,20852.0,21.76,150436.0
2023-12-01,427.95,436.6,423.1,426.65,229880,10458.0,21.98,129361.0
2023-12-04,434.4,444.0,424.1,438.25,450114,24270.0,18.55,170800.0
2023-12-05,448.9,449.7,431.25,433.8,354307,26793.0,13.22,149787.0
2023-12-06,436.0,438.55,427.0,429.1,195227,16847.0,11.59,91165.0
2023-12-07,431.5,433.25,421.55,430.35,149867,14489.0,10.34,73025.0
2023-12-08,432.5,443.95,425.5,441.2,598679,33841.0,17.69,332433.0
2023-12-11,446.0,448.5,440.05,444.8,204011,12564.0,16.24,106926.0
2023-12-12,446.05,448.5,435.2,438.3,259051,13438.0,19.28,156828.0
2023-12-13,438.75,447.0,438.7,444.6,155060,7079.0,21.9,85313.0
2023-12-14,446.5,459.8,436.5,439.8,221157,11988.0,18.45,96074.0
2023-12-15,442.85,489.95,441.1,485.85,3384398,75492.0,44.83,1736580.0
2023-12-18,487.0,504.0,485.85,492.6,1407135,45311.0,31.06,579703.0
2023-12-19,492.6,506.95,488.0,496.65,526786,21901.0,24.05,232035.0
2023-12-20,496.95,499.15,460.5,467.3,433630,25067.0,17.3,210526.0
2023-12-21,472.0,493.2,466.0,489.5,272125,17805.0,15.28,112970.0
2023-12-22,493.0,498.8,486.55,494.6,254717,14506.0,17.56,112835.0
2023-12-26,565.0,593.5,545.95,593.5,5588775,81954.0,68.19,1250349.0
2023-12-27,606.05,635.7,594.25,624.1,5802549,153764.0,37.74,841436.0
2023-12-28,620.0,622.8,582.05,592.3,1492420,46087.0,32.38,370441.0
2023-12-29,596.8,598.2,568.55,577.3,551784,14434.0,38.23,269839.0
2024-01-01,591.0,600.7,578.0,594.25,391645,7421.0,52.78,141946.0
2024-01-02,591.95,594.25,572.5,581.9,188906,7336.0,25.75,90237.0
2024-01-03,589.0,589.0,572.0,581.25,140352,5386.0,26.06,57469.0
2024-01-04,584.95,592.0,572.6,577.6,206954,5174.0,40.0,121013.0
2024-01-05,581.1,595.0,568.0,573.75,183793,5205.0,35.31,103815.0
2024-01-08,575.0,591.0,565.1,573.45,205805,5629.0,36.56,116819.0
2024-01-09,572.2,584.0,572.2,579.75,97022,3445.0,28.16,41799.0
2024-01-10,580.95,584.4,565.1,577.4,188418,5803.0,32.47,85644.0
2024-01-11,580.0,585.25,573.7,579.45,125026,3665.0,34.11,77059.0
2024-01-12,584.95,585.0,575.85,577.65,97127,3511.0,27.66,64598.0
2024-01-15,580.0,606.8,554.35,590.4,427768,10611.0,40.31,194085.0
2024-01-16,595.05,602.0,572.9,588.8,238128,6171.0,38.59,122814.0
2024-01-17,584.05,596.55,573.55,575.9,171234,4550.0,37.63,107130.0
2024-01-18,578.8,596.0,529.15,589.45,308613,8122.0,38.0,144405.0
2024-01-19,585.15,593.0,576.35,582.2,92126,2910.0,31.66,50054.0
2024-01-20,593.0,593.0,575.0,578.9,83972,4753.0,17.67,46841.0
2024-01-23,580.05,591.0,564.8,579.35,264211,19389.0,13.63,100538.0
2024-01-24,577.1,589.1,566.1,584.6,169646,14822.0,11.45,65023.0
2024-01-25,585.65,611.8,585.0,602.15,511296,23784.0,21.5,214672.0
2024-01-29,613.9,679.95,609.55,655.3,2335252,73064.0,31.96,514609.0
2024-01-30,659.5,663.4,632.05,637.6,699903,39453.0,17.74,195955.0
2024-01-31,652.0,659.3,635.0,641.6,297194,14082.0,21.1,140294.0
2024-02-01,653.9,653.9,631.05,639.75,252082,16384.0,15.39,100428.0
2024-02-02,647.0,670.0,645.05,664.45,602755,25641.0,23.51,267549.0
2024-02-05,671.9,691.0,629.55,645.6,281146,20750.0,13.55,118184.0
2024-02-06,648.0,679.0,643.5,665.75,601699,28287.0,21.27,244132.0
2024-02-07,665.0,698.65,665.0,691.8,555476,34500.0,16.1,218403.0
2024-02-08,696.0,698.0,661.0,673.85,334616,23710.0,14.11,181580.0
2024-02-09,666.9,678.95,640.0,645.4,1035118,46594.0,22.22,343954.0
2024-02-12,647.8,662.8,606.9,611.65,545444,30666.0,17.79,255651.0
2024-02-13,619.6,638.65,594.5,597.85,377498,26049.0,14.49,156310.0
2024-02-14,597.85,643.95,594.05,634.0,376627,28090.0,13.41,142286.0
2024-02-15,642.35,648.35,630.0,635.4,135959,11425.0,11.9,60590.0
2024-02-16,636.8,663.25,634.4,642.2,294046,22160.0,13.27,125343.0
2024-02-19,648.0,656.0,634.8,647.5,145594,12367.0,11.77,61387.0
2024-02-20,646.55,656.0,639.05,643.2,125579,12260.0,10.24,48196.0
2024-02-21,645.85,672.95,642.7,664.45,565913,32419.0,17.46,282812.0
2024-02-22,662.9,666.0,647.15,661.4,171001,14718.0,11.62,71080.0
2024-02-23,663.0,683.1,663.0,678.25,294875,20038.0,14.72,129114.0
2024-02-26,681.0,715.0,679.0,691.8,795437,33576.0,23.69,304266.0
2024-02-27,693.55,707.4,693.0,699.75,214105,16695.0,12.82,103707.0
2024-02-28,699.75,703.1,655.0,659.25,266833,23453.0,11.38,119287.0
2024-02-29,658.8,669.6,637.0,645.75,1045252,32726.0,31.94,635238.0
2024-03-01,651.0,651.9,637.8,648.65,174558,12231.0,14.27,75065.0
2024-03-02,652.0,653.8,645.0,649.25,10256,598.0,17.15,7326.0
2024-03-04,651.4,653.45,641.0,645.65,112723,9743.0,11.57,58441.0
2024-03-05,639.25,657.95,629.95,646.55,613823,33933.0,18.09,166627.0
2024-03-06,645.0,654.0,627.2,636.65,513781,32362.0,15.88,129581.0
2024-03-07,640.5,657.5,637.35,642.1,145372,10467.0,13.89,51759.0
2024-03-11,646.0,649.4,632.0,638.05,193077,12591.0,15.33,76512.0
2024-03-12,638.05,642.7,599.1,602.0,269101,16412.0,16.4,127610.0
2024-03-13,602.0,614.7,537.5,546.65,360122,28079.0,12.83,163103.0
2024-03-14,542.45,607.95,536.1,601.0,430151,25450.0,16.9,179742.0
2024-03-15,598.3,619.35,577.15,597.3,242906,17119.0,14.19,94328.0
2024-03-18,600.55,612.45,577.25,597.9,265029,18651.0,14.21,90886.0
2024-03-19,606.85,609.3,585.1,588.0,108114,10257.0,10.54,47126.0
2024-03-20,588.4,608.0,582.55,600.6,151280,13342.0,11.34,53185.0
2024-03-21,602.05,616.5,600.1,603.2,107165,9407.0,11.39,46951.0
2024-03-22,603.2,629.55,601.0,624.25,137182,6994.0,19.61,73666.0
2024-03-26,624.25,624.9,611.6,619.4,96551,6948.0,13.9,40098.0
2024-03-27,621.25,659.0,615.55,644.2,425257,23443.0,18.14,152907.0
2024-03-28,648.45,649.95,626.25,631.05,129134,10294.0,12.54,57737.0
2024-04-01,634.95,665.7,634.95,663.4,316913,17216.0,18.41,144386.0
2024-04-02,652.35,658.0,647.1,649.1,132828,9090.0,14.61,63017.0
2024-04-03,649.0,655.15,640.05,643.8,139386,9306.0,14.98,70893.0
2024-04-04,645.8,649.95,626.4,631.7,153259,13523.0,11.33,82956.0
2024-04-05,630.0,638.0,621.75,625.8,154880,14843.0,10.43,79359.0
2024-04-08,629.65,633.95,610.25,613.8,207388,14986.0,13.84,111171.0
2024-04-09,615.0,643.9,606.6,639.55,292859,25101.0,11.67,112637.0
2024-04-10,641.9,643.0,626.0,640.45,118956,9488.0,12.54,51140.0
2024-04-12,638.5,645.0,616.8,621.55,109928,10322.0,10.65,57448.0
2024-04-15,620.0,626.85,592.35,611.25,164380,13835.0,11.88,63773.0
2024-04-16,607.1,621.0,603.5,612.2,70251,8225.0,8.54,34358.0
2024-04-18,612.2,622.0,609.55,611.3,83361,10945.0,7.62,45278.0
2024-04-19,602.0,626.95,595.05,621.95,106856,10017.0,10.67,42635.0
2024-04-22,628.5,641.95,618.4,636.65,120685,7424.0,16.26,73715.0
2024-04-23,642.0,648.0,629.95,633.25,167374,13062.0,12.81,86548.0
2024-04-24,634.0,646.0,630.7,643.0,159236,7241.0,21.99,91773.0
2024-04-25,641.5,657.95,633.1,650.05,332488,13985.0,23.77,205808.0
2024-04-26,652.0,657.65,641.0,648.3,251814,11820.0,21.3,186729.0
2024-04-29,648.0,691.0,646.1,686.85,640270,29560.0,21.66,253726.0
2024-04-30,693.0,693.2,669.0,676.15,178495,13199.0,13.52,76384.0
2024-05-02,680.35,691.0,670.1,676.4,159415,12229.0,13.04,68105.0
2024-05-03,679.95,689.0,671.0,678.3,122373,11255.0,10.87,60083.0
2024-05-06,680.0,708.85,652.2,658.35,349746,21795.0,16.05,119806.0
2024-05-07,661.6,663.0,621.2,631.85,260833,21417.0,12.18,115192.0
2024-05-08,630.45,654.6,624.05,646.0,98127,9732.0,10.08,42696.0
2024-05-09,644.7,644.7,612.05,618.0,201812,12607.0,16.01,127596.0
2024-05-10,617.95,625.0,605.05,620.15,130834,12290.0,10.65,72649.0
2024-05-13,620.15,629.9,606.8,620.4,171344,10239.0,16.73,105726.0
2024-05-14,629.95,640.0,619.0,630.4,119542,9541.0,12.53,69274.0
2024-05-15,631.35,640.0,629.35,633.55,83818,6588.0,12.72,50836.0
2024-05-16,634.9,643.7,624.55,629.3,331048,19491.0,16.98,157433.0
2024-05-17,630.0,639.4,628.1,630.3,192274,14943.0,12.87,103889.0
2024-05-18,630.3,639.15,627.0,633.2,20307,1154.0,17.6,12525.0
2024-05-21,637.5,668.0,626.95,664.0,376196,17577.0,21.4,168595.0
2024-05-22,671.9,676.1,657.0,671.5,323705,17185.0,18.84,143738.0
2024-05-23,668.7,675.0,659.25,660.8,118172,9430.0,12.53,58021.0
2024-05-24,662.3,675.0,657.4,666.8,137175,11192.0,12.26,69732.0
2024-05-27,665.8,679.95,644.75,663.7,216075,16130.0,13.4,78158.0
2024-05-28,665.0,685.0,655.2,678.25,746638,36886.0,20.24,169315.0
2024-05-29,680.3,680.3,646.15,661.35,362176,19870.0,18.23,149951.0
2024-05-30,670.0,698.75,658.9,663.45,596278,31585.0,18.88,186252.0
2024-05-31,675.95,764.3,675.95,755.75,7523505,164003.0,45.87,883830.0
2024-06-03,770.7,786.0,752.05,775.05,1445103,71113.0,20.32,418947.0
2024-06-04,775.0,775.05,630.0,671.8,1120471,58456.0,19.17,400012.0
2024-06-05,695.45,728.0,640.05,720.35,585933,38409.0,15.26,206441.0
2024-06-06,727.6,780.0,724.0,772.9,622566,39240.0,15.87,258483.0
2024-06-07,780.25,804.9,765.0,796.5,459643,27042.0,17.0,174263.0
2024-06-10,797.6,810.0,759.95,791.0,267794,16447.0,16.28,103313.0
2024-06-11,797.3,820.0,793.05,817.65,309577,19751.0,15.67,131752.0
2024-06-12,817.0,829.5,800.1,805.4,237736,16824.0,14.13,106865.0
2024-06-13,811.25,819.5,781.55,800.6,232946,17319.0,13.45,101392.0
2024-06-14,801.7,833.95,800.7,821.4,256563,14996.0,17.11,107479.0
2024-06-18,865.0,915.0,850.0,891.8,1700410,66905.0,25.42,395939.0
2024-06-19,892.0,894.0,861.7,867.35,292558,15883.0,18.42,116170.0
2024-06-20,874.8,899.95,874.35,876.9,240257,14406.0,16.68,79379.0
2024-06-21,877.05,888.0,865.05,877.4,169143,10448.0,16.19,66423.0
2024-06-24,878.0,878.0,840.05,848.75,325021,17116.0,18.99,162004.0
2024-06-25,854.1,866.0,838.0,847.5,206573,12822.0,16.11,98861.0
2024-06-26,844.55,871.8,844.55,851.9,209161,11764.0,17.78,112737.0
2024-06-27,857.8,865.85,824.3,838.6,272495,19704.0,13.83,152922.0
2024-06-28,847.0,851.8,826.15,830.75,223444,18214.0,12.27,107985.0
2024-07-01,834.95,910.0,834.95,898.15,670263,36811.0,18.21,264571.0
2024-07-02,904.9,925.0,863.2,875.1,514122,30610.0,16.8,192990.0
2024-07-03,877.75,936.8,874.55,900.2,907702,42886.0,21.17,285344.0
2024-07-04,907.0,917.3,894.75,899.8,441039,18921.0,23.31,162236.0
2024-07-05,900.45,906.95,888.0,903.3,158762,11179.0,14.2,67730.0
2024-07-08,905.95,910.0,871.15,878.0,173341,12916.0,13.42,81281.0
2024-07-09,885.5,892.65,858.5,861.05,256506,18320.0,14.0,129557.0
2024-07-10,866.5,870.0,820.0,850.1,253925,16546.0,15.35,113408.0
2024-07-11,862.85,873.85,844.05,864.8,456684,18266.0,25.0,235257.0
2024-07-12,864.8,875.0,852.55,860.4,192307,12662.0,15.19,103706.0
2024-07-15,862.5,869.6,844.85,863.35,131308,10839.0,12.11,56726.0
2024-07-16,864.0,873.95,858.05,864.8,136733,10733.0,12.74,68735.0
2024-07-18,864.8,882.05,833.25,834.85,371937,16103.0,23.1,117827.0
2024-07-19,837.65,839.45,797.6,813.9,270312,18917.0,14.29,125761.0
2024-07-22,810.0,837.0,791.35,821.95,138042,13044.0,10.58,66193.0
2024-07-23,829.35,832.95,781.2,809.5,320294,23548.0,13.6,131397.0
2024-07-24,809.5,868.7,809.5,831.6,310225,20075.0,15.45,135131.0
2024-07-25,831.6,865.0,831.6,853.35,231011,14353.0,16.09,96074.0
2024-07-26,858.6,867.55,840.15,846.1,104588,8987.0,11.64,52039.0
2024-07-29,854.5,862.6,836.3,841.0,132085,9575.0,13.79,69131.0
2024-07-30,850.0,858.0,836.35,841.65,144616,12066.0,11.99,69879.0
2024-07-31,847.5,877.25,843.0,861.45,354534,26190.0,13.54,159539.0
2024-08-01,860.0,867.5,837.0,840.45,111640,11001.0,10.15,62590.0
2024-08-02,830.0,852.5,825.5,842.85,147623,14158.0,10.43,63501.0
2024-08-05,821.0,836.15,800.0,808.2,304598,26017.0,11.71,160166.0
2024-08-06,829.7,840.6,763.75,784.1,472614,35457.0,13.33,175913.0
2024-08-07,796.85,816.6,791.4,808.65,281675,22169.0,12.71,153786.0
2024-08-08,810.0,814.3,791.0,793.65,205494,20873.0,9.84,126181.0
2024-08-09,800.5,840.0,800.45,829.35,340076,28866.0,11.78,169382.0
2024-08-12,862.2,874.9,851.0,860.3,403645,26113.0,15.46,189507.0
2024-08-13,865.1,865.1,841.0,844.4,159502,13889.0,11.48,83059.0
2024-08-14,853.1,858.65,831.1,851.45,173434,16341.0,10.61,77434.0
2024-08-16,853.95,865.0,845.0,858.4,169335,16728.0,10.12,98186.0
2024-08-19,875.55,903.95,865.1,870.2,559224,27775.0,20.13,255439.0
2024-08-20,877.25,881.25,849.1,860.6,155068,16738.0,9.26,84086.0
2024-08-21,867.6,867.6,847.0,853.25,126642,12189.0,10.39,68708.0
2024-08-22,860.1,870.0,851.0,858.0,112679,12583.0,8.95,64392.0
2024-08-23,862.0,879.4,841.35,852.25,218098,16734.0,13.03,101531.0
2024-08-26,861.25,890.0,841.2,845.5,240845,17701.0,13.61,106263.0
2024-08-27,845.85,857.2,843.4,851.25,97554,9464.0,10.31,52703.0
2024-08-28,854.8,856.4,830.1,834.75,120885,9141.0,13.22,68309.0
2024-08-29,840.5,843.45,812.2,828.15,175750,14311.0,12.28,91164.0
2024-08-30,840.55,864.9,812.8,850.8,291013,20601.0,14.13,155242.0
2024-09-02,850.8,856.8,800.15,804.85,394023,25451.0,15.48,244658.0
2024-09-03,810.0,816.3,800.0,805.85,204669,16392.0,12.49,113322.0
2024-09-04,804.7,817.05,794.0,797.05,197931,19481.0,10.16,114029.0
2024-09-05,797.05,812.0,790.0,794.9,169396,14647.0,11.57,106463.0
2024-09-06,800.0,820.0,784.25,789.2,237134,16327.0,14.52,112049.0
2024-09-09,793.0,800.0,761.55,773.05,241590,17497.0,13.81,123802.0
2024-09-10,781.95,789.9,770.0,780.95,152908,15679.0,9.75,76714.0
2024-09-11,780.95,791.9,766.0,770.1,115857,10161.0,11.4,69589.0
2024-09-12,781.95,788.95,744.25,750.8,414100,24598.0,16.83,246008.0
2024-09-13,755.95,779.65,749.95,772.9,172525,16047.0,10.75,90041.0
2024-09-16,776.6,785.6,756.0,759.05,214624,11917.0,18.01,126331.0
2024-09-17,754.25,766.0,749.0,758.3,170297,14286.0,11.92,97200.0
2024-09-18,760.05,771.8,755.05,767.95,166876,13216.0,12.63,94791.0
2024-09-19,773.8,776.9,743.45,751.75,143605,12471.0,11.52,78947.0
2024-09-20,755.05,767.0,741.1,760.45,162477,11882.0,13.67,102378.0
2024-09-23,766.95,777.85,757.05,767.75,131959,14788.0,8.92,71691.0
2024-09-24,769.5,782.0,765.0,780.45,136285,10816.0,12.6,86077.0
2024-09-25,784.4,784.4,767.15,779.1,140755,7820.0,18.0,95878.0
2024-09-26,782.0,785.95,766.0,783.1,164926,16715.0,9.87,83737.0
2024-09-27,784.9,787.4,772.45,777.6,129794,9673.0,13.42,84483.0
2024-09-30,781.4,802.0,771.0,793.15,485872,28979.0,16.77,222672.0
2024-10-01,793.3,797.05,775.05,779.5,107921,9028.0,11.95,50156.0
2024-10-03,775.85,803.0,747.05,756.4,739220,46781.0,15.8,217448.0
2024-10-04,762.0,765.9,739.85,749.25,228226,17651.0,12.93,82624.0
2024-10-07,756.55,759.25,710.0,717.5,347274,23761.0,14.62,203757.0
2024-10-08,723.95,747.0,708.75,743.55,177101,16065.0,11.02,75428.0
2024-10-09,747.7,751.1,736.2,738.2,83766,7757.0,10.8,49419.0
2024-10-10,741.0,747.0,736.9,740.6,53461,6951.0,7.69,28456.0
2024-10-11,733.75,745.1,726.75,736.15,114763,11686.0,9.82,56808.0
2024-10-14,736.15,743.6,728.9,737.05,91788,9307.0,9.86,50576.0
2024-10-15,755.0,759.0,737.05,740.2,288800,16330.0,17.69,93476.0
2024-10-16,740.05,755.05,727.45,751.6,301814,23413.0,12.89,129917.0
2024-10-17,751.65,754.8,730.1,732.95,100974,13288.0,7.6,47407.0
2024-10-18,729.0,749.0,714.05,737.95,82331,7830.0,10.51,37205.0
2024-10-21,743.0,744.55,714.35,725.4,129712,10855.0,11.95,65551.0
2024-10-22,728.0,728.0,703.5,716.0,214986,17601.0,12.21,125076.0
2024-10-23,704.0,733.0,689.15,721.5,234412,18152.0,12.91,110980.0
2024-10-24,722.45,729.85,707.5,724.9,85348,6378.0,13.38,41647.0
2024-10-25,728.9,728.9,686.0,697.15,198607,19851.0,10.0,100304.0
2024-10-28,702.95,725.45,690.0,722.2,103772,10961.0,9.47,44717.0
2024-10-29,733.0,759.8,722.85,754.2,264632,19206.0,13.78,117588.0
2024-10-30,751.75,767.85,748.65,766.3,151975,10723.0,14.17,71319.0
2024-10-31,764.3,797.5,752.0,793.35,213217,15632.0,13.64,124004.0
2024-11-01,792.4,798.95,786.0,792.85,60153,3644.0,16.51,36768.0
2024-11-04,794.1,798.0,737.3,745.35,220320,17217.0,12.8,118748.0
2024-11-05,742.25,762.0,742.25,747.15,122508,10838.0,11.3,49678.0
2024-11-06,753.4,771.95,753.4,762.45,138963,8989.0,15.46,71094.0
2024-11-07,764.65,771.6,752.5,755.15,59705,5132.0,11.63,30051.0
2024-11-08,756.95,766.4,749.05,752.2,56604,7595.0,7.45,29007.0
2024-11-11,752.0,756.6,730.0,733.6,103031,8026.0,12.84,47452.0
2024-11-12,736.25,750.0,725.0,727.2,78004,8155.0,9.57,39530.0
2024-11-13,722.2,725.65,687.0,693.7,153230,12849.0,11.93,81415.0
2024-11-14,695.15,709.5,687.0,700.0,94831,8734.0,10.86,51840.0
2024-11-18,690.0,708.0,682.1,683.1,192819,15088.0,12.78,118683.0
2024-11-19,683.3,704.9,681.0,683.4,156993,17120.0,9.17,99306.0
2024-11-21,680.95,690.95,671.25,674.4,221312,15438.0,14.34,163330.0
2024-11-22,674.85,698.25,671.75,687.95,131966,12565.0,10.5,56366.0
2024-11-25,727.05,796.4,725.0,754.95,2113162,105341.0,20.06,371997.0
2024-11-26,761.0,768.6,749.15,752.35,134636,10643.0,12.65,45099.0
2024-11-27,754.5,755.2,729.0,742.05,353486,19839.0,17.82,174008.0
2024-11-28,742.85,772.0,740.25,755.3,246314,15729.0,15.66,66071.0
2024-11-29,761.8,770.1,744.2,754.15,182976,9202.0,19.88,104801.0
2024-12-02,740.95,768.0,730.3,758.55,147574,9659.0,15.28,78092.0
2024-12-03,759.95,788.0,753.85,770.5,286900,22889.0,12.53,116179.0
2024-12-04,770.5,819.0,770.0,783.75,858885,44382.0,19.35,315159.0
2024-12-05,790.9,808.0,771.7,778.25,198101,12745.0,15.54,80328.0
2024-12-06,783.6,796.85,773.05,785.35,205260,15522.0,13.22,96922.0
2024-12-09,798.0,806.0,788.65,792.7,176554,9323.0,18.94,95365.0
2024-12-10,794.25,809.45,778.85,784.0,247677,14760.0,16.78,81942.0
2024-12-11,784.0,797.7,776.35,779.8,104437,7632.0,13.68,52458.0
2024-12-12,780.6,785.0,756.7,762.55,161119,11114.0,14.5,80216.0
2024-12-13,765.0,770.0,748.15,762.45,156517,8714.0,17.96,64170.0
2024-12-16,764.95,790.0,764.95,779.0,202672,12307.0,16.47,101014.0
2024-12-17,785.7,795.0,769.2,774.6,170372,12467.0,13.67,62965.0
2024-12-18,781.0,794.7,769.0,773.6,387293,24575.0,15.76,103785.0
2024-12-19,772.5,777.9,751.3,773.35,211568,13901.0,15.22,98201.0
2024-12-20,773.35,777.0,750.5,752.1,167307,9283.0,18.02,83485.0
2024-12-23,767.0,768.45,737.6,745.7,156622,10664.0,14.69,62514.0
2024-12-24,749.85,779.5,740.6,762.8,205738,14511.0,14.18,62646.0
2024-12-26,763.45,765.55,743.35,746.05,89008,6525.0,13.64,37802.0
2024-12-27,748.4,769.3,744.85,761.45,112345,10000.0,11.23,41326.0
2024-12-30,768.0,769.95,746.05,758.1,138713,16215.0,8.55,64670.0
2024-12-31,754.9,778.05,747.05,763.0,92648,6250.0,14.82,42986.0
2025-01-01,763.0,781.55,762.0,767.9,118314,8102.0,14.6,40738.0
2025-01-02,769.0,773.0,762.1,767.7,74610,7428.0,10.04,33410.0
2025-01-03,767.7,782.0,765.0,767.95,122587,8514.0,14.4,65894.0
2025-01-06,765.05,772.8,730.0,739.9,235573,21331.0,11.04,119140.0
2025-01-07,739.9,767.0,720.0,754.3,165580,13472.0,12.29,83645.0
2025-01-08,749.0,778.3,749.0,758.95,207229,20535.0,10.09,90125.0
2025-01-09,754.75,763.95,740.0,743.3,87197,11338.0,7.69,41765.0
2025-01-10,740.0,752.3,726.0,738.2,174900,17767.0,9.84,86889.0
2025-01-13,736.95,746.8,697.3,702.25,291512,29490.0,9.89,149415.0
2025-01-14,741.7,741.7,686.0,703.9,269906,20426.0,13.21,124410.0
2025-01-15,718.0,734.0,693.0,710.7,667835,44752.0,14.92,210080.0
2025-01-16,727.0,738.95,721.0,723.3,122867,14475.0,8.49,52810.0
2025-01-17,724.15,728.75,710.35,712.95,92279,7989.0,11.55,55271.0
2025-01-20,719.95,734.0,710.0,731.2,67500,8133.0,8.3,30311.0
2025-01-21,731.7,743.9,711.25,712.7,87605,7842.0,11.17,32495.0
2025-01-22,713.0,716.9,696.3,709.75,144466,12546.0,11.51,76781.0
2025-01-23,700.0,724.0,697.1,716.75,105632,12402.0,8.52,46904.0
2025-01-24,715.1,715.45,695.15,703.1,149154,12370.0,12.06,81539.0
2025-01-27,700.15,716.5,678.0,704.85,192077,18887.0,10.17,86333.0
2025-01-28,700.0,704.15,680.0,692.25,156813,20612.0,7.61,61587.0
2025-01-29,680.0,721.8,680.0,716.4,97123,9757.0,9.95,42819.0
2025-01-30,715.1,729.0,705.0,709.25,47977,5829.0,8.23,18947.0
2025-01-31,707.55,737.75,701.3,736.1,122092,9361.0,13.04,39696.0
2025-02-01,736.1,744.0,713.25,724.85,68521,7982.0,8.58,21870.0
2025-02-03,719.1,724.7,686.4,692.45,135111,13838.0,9.76,61882.0
2025-02-04,693.05,732.0,693.05,720.9,202098,18741.0,10.78,61907.0
2025-02-05,730.0,749.0,722.35,741.9,176195,17227.0,10.23,80313.0
2025-02-06,752.0,774.0,742.35,767.35,281239,23442.0,12.0,132960.0
2025-02-07,767.1,776.35,756.1,762.1,151516,13183.0,11.49,64072.0
2025-02-10,770.0,770.0,729.1,749.5,109852,10479.0,10.48,44878.0
2025-02-11,749.5,749.5,705.55,709.0,136141,11820.0,11.52,73065.0
2025-02-12,715.0,722.9,692.75,712.95,111980,14434.0,7.76,40360.0
2025-02-13,713.0,736.95,706.0,711.65,70622,8160.0,8.65,34522.0
2025-02-14,719.0,728.45,682.95,692.15,177848,19912.0,8.93,98377.0
2025-02-17,692.0,724.2,675.8,707.1,266044,36124.0,7.36,124661.0
2025-02-18,707.6,710.0,668.1,673.5,175426,14657.0,11.97,94095.0
2025-02-19,671.5,690.0,666.05,671.75,142650,10503.0,13.58,82839.0
2025-02-20,672.55,679.15,652.35,661.5,205219,15637.0,13.12,112460.0
2025-02-21,661.5,688.05,661.5,677.2,163463,15482.0,10.56,76213.0
2025-02-24,668.0,681.25,661.0,667.4,98001,17385.0,5.64,51309.0
2025-02-25,667.4,676.9,662.85,667.05,97774,16163.0,6.05,51742.0
2025-02-27,668.0,675.85,665.75,670.75,87924,7766.0,11.32,49056.0
2025-02-28,664.7,678.9,650.3,673.0,140503,11808.0,11.9,74586.0
2025-03-03,670.5,675.8,631.45,639.3,245622,19000.0,12.93,129591.0
2025-03-04,631.85,679.0,631.5,645.9,104024,10209.0,10.19,40105.0
2025-03-05,644.8,644.8,621.0,636.0,364450,33975.0,10.73,215807.0
2025-03-06,639.45,665.2,638.05,659.8,118822,13822.0,8.6,65016.0
2025-03-07,659.0,681.9,655.7,678.65,323565,25051.0,12.92,118999.0
2025-03-10,679.0,681.35,664.55,671.05,203423,20604.0,9.87,110246.0
2025-03-11,664.0,679.8,650.0,677.75,105160,11868.0,8.86,51555.0
2025-03-12,677.75,680.55,660.05,668.8,84007,10397.0,8.08,47174.0
2025-03-13,668.0,676.4,649.35,669.7,335644,22181.0,15.13,205070.0
2025-03-17,670.0,681.75,661.0,665.7,229908,16455.0,13.97,166225.0
2025-03-18,665.7,670.95,655.05,662.05,245589,13829.0,17.76,156408.0
2025-03-19,663.45,676.9,660.0,664.25,202613,22672.0,8.94,132605.0
2025-03-20,665.9,701.95,665.0,668.7,273233,23221.0,11.77,128742.0
2025-03-21,670.5,690.25,666.5,677.65,240925,17607.0,13.68,142159.0
2025-03-24,681.0,707.0,681.0,695.0,437362,31222.0,14.01,165162.0
2025-03-25,699.8,706.0,666.15,669.2,171359,15918.0,10.77,84738.0
2025-03-26,675.0,679.0,651.05,652.9,148856,14941.0,9.96,79043.0
2025-03-27,657.0,665.8,643.0,645.85,299947,20423.0,14.69,191403.0
2025-03-28,654.15,663.85,629.05,634.4,229096,19863.0,11.53,133877.0
2025-04-01,634.7,684.8,630.25,680.7,359018,29183.0,12.3,107766.0
2025-04-02,676.0,705.25,660.8,692.2,254229,18224.0,13.95,110151.0
2025-04-03,681.8,706.0,681.8,703.4,130043,11678.0,11.14,73275.0
2025-04-04,699.0,711.8,674.55,678.85,276593,24150.0,11.45,127760.0
2025-04-07,578.0,660.0,578.0,652.05,201117,20849.0,9.65,74534.0
2025-04-08,680.0,694.7,654.15,674.9,117707,11887.0,9.9,44141.0
2025-04-09,679.9,719.9,667.85,686.05,216716,18870.0,11.48,92649.0
2025-04-11,698.3,700.25,689.35,693.35,102645,11236.0,9.14,47559.0
2025-04-15,701.9,724.7,700.0,711.2,162675,14173.0,11.48,85414.0
2025-04-16,714.8,719.8,708.55,717.1,70245,5411.0,12.98,35097.0
2025-04-17,724.0,724.7,684.15,690.55,259336,15288.0,16.96,109584.0
2025-04-21,697.4,702.0,686.55,698.7,118419,11476.0,10.32,65238.0
2025-04-22,698.7,709.15,691.4,693.5,171563,14516.0,11.82,103449.0
2025-04-23,698.0,703.7,678.05,681.4,117584,12251.0,9.6,66284.0
2025-04-24,686.0,695.0,678.1,689.55,88822,8503.0,10.45,41850.0
2025-04-25,689.15,691.7,640.1,656.2,219782,24107.0,9.12,96987.0
2025-04-28,656.2,672.05,652.2,656.0,96974,12599.0,7.7,39552.0
2025-04-29,661.1,670.8,648.5,656.25,101533,12437.0,8.16,54261.0
2025-04-30,652.2,660.5,645.0,646.75,140129,10106.0,13.87,86168.0
2025-05-02,650.8,657.85,626.3,630.55,189913,12081.0,15.72,118231.0
2025-05-05,635.4,658.85,635.0,650.3,103543,7781,13.31,59965
2025-05-06,655.0,682.0,644.4,665.85,330862,23556,14.05,125069
2025-05-07,650.55,658.25,641.5,648.55,118152,10235,11.54,41502
2025-05-08,648.0,655.15,625.05,629.95,106059,11286,9.4,53741
2025-05-09,622.0,636.0,610.05,630.65,110712,13388,8.27,47728
2025-05-12,652.0,668.7,648.5,665.3,58190,6831,8.52,29576
2025-05-13,669.0,682.5,657.15,679.15,105426,8931,11.8,60186
2025-05-14,684.4,700.0,682.2,695.95,176132,10179,17.3,101511
2025-05-15,700.0,726.0,690.45,699.1,288838,17834,16.2,140859
2025-05-16,704.35,705.45,691.5,693.75,93535,9343,10.01,44008
2025-05-19,698.0,716.0,693.05,708.35,117197,8030,14.59,67851
2025-05-20,719.0,719.0,695.55,699.1,157690,13709,11.5,90942
2025-05-21,704.9,727.4,686.1,713.85,324224,20249,16.01,129429
2025-05-22,712.0,739.8,710.25,717.45,243613,15277,15.95,118981
2025-05-23,723.3,733.45,712.15,725.95,142789,8153,17.51,70562
2025-05-26,727.8,735.0,719.7,727.35,100509,7564,13.29,53704
2025-05-27,730.0,740.2,720.0,723.0,65374,5790,11.29,33128
2025-05-28,723.05,725.65,691.15,696.3,187642,10186,18.42,113979
2025-05-29,707.0,725.0,695.65,712.75,424436,19752,21.49,172870
2025-05-30,720.0,724.95,702.25,708.05,122772,7673,16.0,60763
2025-06-02,710.5,719.95,698.7,707.35,147279,9527,15.46,71003
2025-06-03,707.35,764.0,707.35,739.7,694356,35308,19.67,315568
2025-06-04,739.9,741.6,717.0,718.7,170251,11328,15.03,104443
2025-06-05,723.4,740.6,717.0,731.75,136031,9123,14.91,66770
2025-06-06,735.0,742.4,723.0,724.8,90379,5890,15.34,45738
2025-06-09,732.6,742.35,726.25,736.95,121475,9386,12.94,68545
2025-06-10,742.9,765.6,742.05,751.0,186916,11730,15.93,95530
2025-06-11,753.0,753.55,742.8,745.35,121266,11935,10.16,84077
2025-06-12,744.5,757.6,739.55,742.85,319989,18832,16.99,192220
2025-06-13,733.95,739.2,721.2,735.1,87295,9045,9.65,49184
2025-06-16,730.0,739.7,715.1,730.25,75664,6865,11.02,32107
2025-06-17,730.25,733.0,714.15,716.4,77094,9876,7.81,42696
2025-06-18,715.0,724.95,705.2,720.35,96430,8573,11.25,42913
2025-06-19,720.0,720.35,699.15,703.25,180374,13737,13.13,112502
2025-06-20,710.0,723.55,703.25,714.6,76210,5205,14.64,264942025-06-23,705.0,717.2,701.4,714.85,152951,11667,13.11,78413
2025-06-24,720.1,740.0,720.1,725.85,88949,7037,12.64,36462
2025-06-25,734.5,744.95,730.1,737.05,145013,11947,12.14,64308
2025-06-26,741.7,744.75,723.9,727.0,76439,6463,11.83,38414
2025-06-27,733.0,737.5,715.95,724.6,139644,6519,21.42,84698
2025-06-30,728.8,729.3,716.45,721.75,52433,3836,13.67,28901
2025-07-01,722.0,725.35,712.2,718.35,86702,9346,9.28,45896
2025-07-02,720.8,730.0,715.05,718.0,54563,4641,11.76,27672
2025-07-03,718.0,724.2,712.05,716.0,58576,5128,11.42,31940
2025-07-04,716.0,725.95,716.0,719.85,39444,3802,10.37,17885
2025-07-07,719.05,742.35,711.75,715.35,113344,8997,12.6,46068
2025-07-08,717.0,722.95,707.0,710.05,90192,6227,14.48,56933
2025-07-09,708.3,717.0,701.25,702.85,128233,6032,21.26,91509
2025-07-10,706.05,745.1,704.5,733.65,294835,15825,18.63,125572
2025-07-11,732.0,732.2,706.3,710.1,167808,12923,12.99,86006
2025-07-14,710.85,727.65,699.8,713.6,157834,13742,11.49,72922
2025-07-15,720.0,750.0,717.3,737.4,287843,13326,21.6,168209
2025-07-16,740.0,741.1,725.5,730.8,139453,11559,12.06,87826
2025-07-17,730.0,748.8,726.8,743.2,115439,10792,10.7,63627
2025-07-18,740.0,755.05,724.95,733.25,144021,9385,15.35,63003
2025-07-21,730.0,740.05,715.1,735.85,123704,7737,15.99,53298
2025-07-22,742.0,746.1,736.55,740.85,82185,5895,13.94,47613
2025-07-23,740.0,741.4,729.6,731.9,56655,3506,16.16,35907
2025-07-24,735.3,745.7,731.05,738.65,66222,5900,11.22,34908
2025-07-25,738.65,758.4,720.05,723.7,141477,10290,13.75,66685
2025-07-28,720.0,728.0,705.1,709.1,152329,10192,14.95,75439
2025-07-29,714.95,737.0,700.2,704.3,391311,19651,19.91,110679
2025-07-30,727.0,733.9,701.0,707.15,311013,13116,23.71,108991
2025-07-31,701.0,710.9,695.0,704.25,139384,8443,16.51,73424
2025-08-01,700.5,721.0,695.15,697.6,254033,10085,25.19,121750
2025-08-04,698.0,708.0,691.25,698.8,130042,9479,13.72,657382025-08-04,698.0,708.0,691.25,698.8,130042,9479,13.72,65738
2025-08-05,702.9,717.8,696.55,703.7,238579,12166,19.61,105703
2025-08-06,702.0,712.45,694.6,709.95,163975,9651,16.99,89271
2025-08-07,705.0,709.95,679.0,690.05,242515,16434,14.76,111205
2025-08-08,691.85,699.3,684.85,691.35,110163,7375,14.94,55446
2025-08-11,671.55,684.95,661.3,672.55,353354,18474,19.13,192345
2025-08-12,661.05,676.5,655.0,665.95,240526,16361,14.7,128782
2025-08-13,672.0,674.65,660.0,662.4,150252,9062,16.58,75516
2025-08-14,662.4,671.8,657.5,669.8,101654,5263,19.31,54100
2025-08-18,680.0,685.4,657.9,660.6,181608,13862,13.1,102497
2025-08-19,663.2,674.0,659.35,670.1,58706,7299,8.04,27778
2025-08-20,668.0,671.6,662.0,662.55,58255,4485,12.99,36475
2025-08-21,670.0,680.0,665.85,668.85,167044,10223,16.34,103180
2025-08-22,672.0,672.0,647.3,649.65,173006,9048,19.12,105333
2025-08-25,651.3,654.5,641.2,648.8,112182,9373,11.97,59772
2025-08-26,648.9,650.6,636.5,640.3,101640,9208,11.04,64789
2025-08-28,630.25,636.9,612.0,614.5,192902,14569,13.24,107344
2025-08-29,620.0,626.0,614.6,617.65,95284,7470,12.76,50606
2025-09-01,622.0,622.2,607.0,613.55,189026,10760,17.57,101652
2025-08-29,620.0,626.0,614.6,617.65,95284,7470,12.76,50606
2025-09-01,622.0,622.2,607.0,613.55,189026,10760,17.57,101652
2025-09-02,616.2,638.0,612.4,635.5,112694,7560,14.91,51357
2025-09-03,636.15,655.95,636.0,648.5,175267,8549,20.5,102048
2025-09-04,649.0,659.8,629.5,632.05,93383,11077,8.43,51351
2025-09-05,630.0,639.55,623.15,628.55,85254,7909,10.78,39071
2025-09-08,628.0,643.15,628.0,633.7,73333,6908,10.62,41366
2025-09-09,633.7,637.6,618.0,621.25,106253,10532,10.09,67266
2025-09-10,625.2,640.0,625.2,630.95,91167,7484,12.18,55714
2025-09-11,630.95,634.45,625.0,625.8,103697,7971,13.01,67195
2025-09-12,627.35,635.0,624.55,627.55,77041,6000,12.84,42359
2025-09-15,628.0,651.4,628.0,647.85,178282,11726,15.2,93385
2025-09-16,647.0,647.0,631.5,637.6,90204,7370,12.24,42898
2025-09-17,641.7,649.85,633.3,640.2,132406,12270,10.79,63565
2025-09-18,643.55,654.25,640.2,646.7,100432,6040,16.63,57868
2025-09-19,646.0,657.7,645.9,652.3,123153,9093,13.54,74034
