Date,Open,High,Low,Close,Volume,TOTAL_TRADES,QTY_PER_TRADE,DLV_QTY
2017-11-30,0,0,0,5877.72,1138780737,,,
2017-12-01,0,0,0,5822.57,679028313,,,
2017-12-04,0,0,0,5824.36,588232883,,,
2017-12-05,0,0,0,5829.39,604095923,,,
2017-12-06,0,0,0,5784.4,598533047,,,
2017-12-07,0,0,0,5855.06,588501434,,,
2017-12-08,0,0,0,5908.67,665422925,,,
2017-12-11,0,0,0,5934.65,477697878,,,
2017-12-12,0,0,0,5889.05,546942501,,,
2017-12-13,0,0,0,5850.37,582621065,,,
2017-12-14,0,0,0,5861.83,594067655,,,
2017-12-15,0,0,0,5922.02,641092182,,,
2017-12-18,0,0,0,5960.14,756545316,,,
2017-12-19,0,0,0,6021.85,629787889,,,
2017-12-20,0,0,0,6033.97,964147193,,,
2017-12-21,0,0,0,6064.86,1156001518,,,
2017-12-22,0,0,0,6086.76,900876417,,,
2017-12-26,0,0,0,6110.9,1117028956,,,
2017-12-27,0,0,0,6101.66,1464005467,,,
2017-12-28,0,0,0,6103.68,1750638800,,,
2017-12-29,0,0,0,6145.35,1494715088,,,
2018-01-01,0,0,0,6116.29,1175715447,,,
2018-01-02,0,0,0,6090.34,1155742768,,,
2018-01-03,0,0,0,6110.15,952208996,,,
2018-01-04,0,0,0,6151.3,1226930955,,,
2018-01-05,0,0,0,6201.96,1261513067,,,
2018-01-08,0,0,0,6248.45,946184946,,,
2018-01-09,0,0,0,6245.3,939470540,,,
2018-01-10,0,0,0,6231.16,942548909,,,
2018-01-11,0,0,0,6247.36,795064065,,,
2018-01-12,0,0,0,6249.51,893904077,,,
2018-01-15,0,0,0,6264.11,793228553,,,
2018-01-16,0,0,0,6192.73,1060991365,,,
2018-01-17,0,0,0,6239.88,1144783490,,,
2018-01-18,0,0,0,6188.64,1182086072,,,
2018-01-19,0,0,0,6243.61,844481976,,,
2018-01-22,0,0,0,6284.34,718708372,,,
2018-01-23,0,0,0,6337.99,1090742372,,,
2018-01-24,0,0,0,6313.03,958603471,,,
2018-01-25,0,0,0,6277.1,1249261214,,,
2018-01-29,0,0,0,6266.63,800522202,,,
2018-01-30,0,0,0,6218.42,984471736,,,
2018-01-31,0,0,0,6171.73,911447315,,,
2018-02-01,0,0,0,6157.72,995787137,,,
2018-02-02,0,0,0,5956.42,1293414131,,,
2018-02-05,0,0,0,5916.61,982666332,,,
2018-02-06,0,0,0,5816.9,1013977372,,,
2018-02-07,0,0,0,5830.82,856695151,,,
2018-02-08,0,0,0,5914.72,824787734,,,
2018-02-09,0,0,0,5885.95,782126441,,,
2018-02-12,0,0,0,5955.89,833281546,,,
2018-02-14,0,0,0,5953.07,947800547,,,
2018-02-15,0,0,0,5937.66,909989059,,,
2018-02-16,0,0,0,5884.82,834814949,,,
2018-02-19,0,0,0,5833.49,876711616,,,
2018-02-20,0,0,0,5825.45,792945212,,,
2018-02-21,0,0,0,5835.25,734971584,,,
2018-02-22,0,0,0,5812.67,1009953271,,,
2018-02-23,0,0,0,5892.42,780550738,,,
2018-02-26,0,0,0,5940.54,810953363,,,
2018-02-27,0,0,0,5919.84,879844644,,,
2018-02-28,0,0,0,5904.5,1109807540,,,
2018-03-01,0,0,0,5879.19,788057205,,,
2018-03-05,0,0,0,5825.4,864147715,,,
2018-03-06,0,0,0,5767.52,890824184,,,
2018-03-07,0,0,0,5696.65,1011417609,,,
2018-03-08,0,0,0,5738.58,967191819,,,
2018-03-09,0,0,0,5728.7,821577918,,,
2018-03-12,0,0,0,5802.57,863961128,,,
2018-03-13,0,0,0,5834.27,1083914424,,,
2018-03-14,0,0,0,5835.47,912312110,,,
2018-03-15,0,0,0,5833.92,817745230,,,
2018-03-16,0,0,0,5758.65,1123509796,,,
2018-03-19,0,0,0,5682.24,834320333,,,
2018-03-20,0,0,0,5699.64,785480866,,,
2018-03-21,0,0,0,5716.88,802092440,,,
2018-03-22,0,0,0,5685.51,797407199,,,
2018-03-23,0,0,0,5616.28,940913654,,,
2018-03-26,0,0,0,5690.04,907945426,,,
2018-03-27,0,0,0,5739.36,833315146,,,
2018-03-28,0,0,0,5705.9,1136830842,,,
2018-04-02,0,0,0,5782.28,596845261,,,
2018-04-03,0,0,0,5818.12,696550822,,,
2018-04-04,0,0,0,5757.36,822737811,,,
2018-04-05,0,0,0,5862.91,728359672,,,
2018-04-06,0,0,0,5881.6,783291790,,,
2018-04-09,0,0,0,5901.38,697433849,,,
2018-04-10,0,0,0,5911.27,732019005,,,
2018-04-11,0,0,0,5918.43,721587292,,,
2018-04-12,0,0,0,5918.95,751497046,,,
2018-04-13,0,0,0,5937.54,679261227,,,
2018-04-16,0,0,0,5969.12,632484567,,,
2018-04-17,0,0,0,5982.78,626979026,,,
2018-04-18,0,0,0,5972.49,707997298,,,
2018-04-19,0,0,0,6002.52,740862545,,,
2018-04-20,0,0,0,5991.87,730410223,,,
2018-04-23,0,0,0,6012.2,606777700,,,
2018-04-24,0,0,0,6018.77,695952270,,,
2018-04-25,0,0,0,5997.12,684545224,,,
2018-04-26,0,0,0,6018.32,1004810030,,,
2018-04-27,0,0,0,6058.52,772544103,,,
2018-04-30,0,0,0,6098.13,664713532,,,
2018-05-02,0,0,0,6049.06,790082821,,,
2018-05-03,0,0,0,6006.32,801065858,,,
2018-05-04,0,0,0,5978.84,757976047,,,
2018-05-07,0,0,0,6026.86,691085277,,,
2018-05-08,0,0,0,6025.78,877775192,,,
2018-05-09,0,0,0,6012.73,666405250,,,
2018-05-10,0,0,0,5960.86,781730529,,,
2018-05-11,0,0,0,5992.91,762030439,,,
2018-05-14,0,0,0,5962.12,707877558,,,
2018-05-15,0,0,0,5935.87,841417777,,,
2018-05-16,0,0,0,5916.78,815062933,,,
2018-05-17,0,0,0,5912.67,712510949,,,
2018-05-18,0,0,0,5849.87,690498049,,,
2018-05-21,0,0,0,5777.23,655112844,,,
2018-05-22,0,0,0,5796.65,769477852,,,
2018-05-23,0,0,0,5754.97,782213370,,,
2018-05-24,0,0,0,5765.59,738693011,,,
2018-05-25,0,0,0,5839.21,743073123,,,
2018-05-28,0,0,0,5901.64,741963331,,,
2018-05-29,0,0,0,5882.0,735810238,,,
2018-05-30,0,0,0,5876.25,725295587,,,
2018-05-31,0,0,0,5899.86,1588107722,,,
2018-06-01,0,0,0,5851.13,893604035,,,
2018-06-04,0,0,0,5800.32,686502712,,,
2018-06-05,0,0,0,5751.5,848172975,,,
2018-06-06,0,0,0,5815.84,713882356,,,
2018-06-07,0,0,0,5880.5,775798472,,,
2018-06-08,0,0,0,5897.62,682077658,,,
2018-06-11,0,0,0,5906.02,711687291,,,
2018-06-12,0,0,0,5944.07,621857287,,,
2018-06-13,0,0,0,5937.05,735067262,,,
2018-06-14,0,0,0,5927.33,627299792,,,
2018-06-15,0,0,0,5912.33,815394683,,,
2018-06-18,0,0,0,5895.79,554564259,,,
2018-06-19,0,0,0,5838.36,627561390,,,
2018-06-20,0,0,0,5863.66,568122597,,,
2018-06-21,0,0,0,5839.22,589781574,,,
2018-06-22,0,0,0,5869.19,645094057,,,
2018-06-25,0,0,0,5830.96,648261181,,,
2018-06-26,0,0,0,5826.78,723984039,,,
2018-06-27,0,0,0,5756.61,772312012,,,
2018-06-28,0,0,0,5684.47,1216485234,,,
2018-06-29,0,0,0,5768.36,791175754,,,
2018-07-02,0,0,0,5738.79,828343229,,,
2018-07-03,0,0,0,5768.95,662186116,,,
2018-07-04,0,0,0,5792.53,587171482,,,
2018-07-05,0,0,0,5767.51,611520270,,,
2018-07-06,0,0,0,5787.9,712705294,,,
2018-07-09,0,0,0,5851.78,609840932,,,
2018-07-10,0,0,0,5899.01,655938622,,,
2018-07-11,0,0,0,5885.65,839390071,,,
2018-07-12,0,0,0,5891.65,831718165,,,
2018-07-13,0,0,0,5860.55,798121864,,,
2018-07-16,0,0,0,5765.21,800577936,,,
2018-07-17,0,0,0,5841.27,945455887,,,
2018-07-18,0,0,0,5803.2,979641112,,,
2018-07-19,0,0,0,5775.41,874126260,,,
2018-07-20,0,0,0,5814.72,781577465,,,
2018-07-23,0,0,0,5866.71,879068791,,,
2018-07-24,0,0,0,5929.44,1038769191,,,
2018-07-25,0,0,0,5928.24,907097127,,,
2018-07-26,0,0,0,5952.21,1250933558,,,
2018-07-27,0,0,0,6007.02,954651841,,,
2018-07-30,0,0,0,6025.82,1015271339,,,
2018-07-31,0,0,0,6047.38,993590517,,,
2018-08-01,0,0,0,6053.46,1004057392,,,
2018-08-02,0,0,0,6027.62,829595463,,,
2018-08-03,0,0,0,6086.44,820173486,,,
2018-08-06,0,0,0,6103.64,766773261,,,
2018-08-07,0,0,0,6098.92,941154923,,,
2018-08-08,0,0,0,6115.99,823543948,,,
2018-08-09,0,0,0,6133.57,967329017,,,
2018-08-10,0,0,0,6108.02,919892044,,,
2018-08-13,0,0,0,6069.52,746042209,,,
2018-08-14,0,0,0,6125.13,717127238,,,
2018-08-16,0,0,0,6106.61,815028413,,,
2018-08-17,0,0,0,6161.11,786853994,,,
2018-08-20,0,0,0,6203.58,806143341,,,
2018-08-21,0,0,0,6219.05,705792781,,,
2018-08-23,0,0,0,6220.96,722790189,,,
2018-08-24,0,0,0,6206.36,777507520,,,
2018-08-27,0,0,0,6277.12,712047318,,,
2018-08-28,0,0,0,6287.61,798246219,,,
2018-08-29,0,0,0,6292.32,924118450,,,
2018-08-30,0,0,0,6295.4,1017087615,,,
2018-08-31,0,0,0,6310.15,1045540597,,,
2018-09-03,0,0,0,6274.02,832784928,,,
2018-09-04,0,0,0,6175.0,862062747,,,
2018-09-05,0,0,0,6144.22,975821672,,,
2018-09-06,0,0,0,6171.96,820077788,,,
2018-09-07,0,0,0,6220.6,839420950,,,
2018-09-10,0,0,0,6131.64,790526639,,,
2018-09-11,0,0,0,6051.38,832722735,,,
2018-09-12,0,0,0,6078.64,842937991,,,
2018-09-14,0,0,0,6165.61,727766890,,,
2018-09-17,0,0,0,6111.64,721641079,,,
2018-09-18,0,0,0,6041.14,884657712,,,
2018-09-19,0,0,0,6001.2,835195058,,,
2018-09-21,0,0,0,5914.08,1826154065,,,
2018-09-24,0,0,0,5785.16,1112023631,,,
2018-09-25,0,0,0,5807.88,1292188123,,,
2018-09-26,0,0,0,5815.88,1017940041,,,
2018-09-27,0,0,0,5733.12,1116323652,,,
2018-09-28,0,0,0,5667.51,1223835322,,,
2018-10-01,0,0,0,5692.56,1042356460,,,
2018-10-03,0,0,0,5624.77,1045124187,,,
2018-10-04,0,0,0,5504.09,1029154995,,,
2018-10-05,0,0,0,5359.92,1215938297,,,
2018-10-08,0,0,0,5317.83,1118378714,,,
2018-10-09,0,0,0,5295.58,1021891196,,,
2018-10-10,0,0,0,5442.0,1036047226,,,
2018-10-11,0,0,0,5327.38,1089217534,,,
2018-10-12,0,0,0,5457.55,935110283,,,
2018-10-15,0,0,0,5491.78,725867188,,,
2018-10-16,0,0,0,5553.46,775351186,,,
2018-10-17,0,0,0,5460.5,842788787,,,
2018-10-19,0,0,0,5385.15,956833769,,,
2018-10-22,0,0,0,5335.53,774679828,,,
2018-10-23,0,0,0,5283.08,773203487,,,
2018-10-24,0,0,0,5332.03,829544143,,,
2018-10-25,0,0,0,5289.61,1267205134,,,
2018-10-26,0,0,0,5265.45,932264496,,,
2018-10-29,0,0,0,5394.96,1000573716,,,
2018-10-30,0,0,0,5405.01,973787086,,,
2018-10-31,0,0,0,5501.76,1007998149,,,
2018-11-01,0,0,0,5524.3,995466239,,,
2018-11-02,0,0,0,5583.6,1225103507,,,
2018-11-05,0,0,0,5566.89,901649014,,,
2018-11-06,0,0,0,5554.18,772234913,,,
2018-11-07,0,0,0,5595.77,102491655,,,
2018-11-09,0,0,0,5621.31,801059777,,,
2018-11-12,0,0,0,5568.57,711608051,,,
2018-11-13,0,0,0,5599.98,729093815,,,
2018-11-14,0,0,0,5602.16,999732216,,,
2018-11-15,0,0,0,5626.39,807152956,,,
2018-11-16,0,0,0,5640.27,925098826,,,
2018-11-19,0,0,0,5672.09,754712959,,,
2018-11-20,0,0,0,5617.08,785752114,,,
2018-11-21,0,0,0,5616.87,769201774,,,
2018-11-22,0,0,0,5574.93,682835452,,,
2018-11-26,0,0,0,5607.9,784923120,,,
2018-11-27,0,0,0,5635.14,804896392,,,
2018-11-28,0,0,0,5622.84,938630354,,,
2018-11-29,0,0,0,5668.94,1344759516,,,
2018-11-30,0,0,0,5693.5,1177887589,,,
2018-12-03,0,0,0,5712.18,972165494,,,
2018-12-04,0,0,0,5706.5,767577428,,,
2018-12-05,0,0,0,5647.37,804065664,,,
2018-12-06,0,0,0,5557.79,854468354,,,
2018-12-07,0,0,0,5579.83,815284008,,,
2018-12-10,0,0,0,5471.52,822555434,,,
2018-12-11,0,0,0,5532.22,934319411,,,
2018-12-12,0,0,0,5652.88,885752083,,,
2018-12-13,0,0,0,5691.82,906658668,,,
2018-12-14,0,0,0,5700.56,908196957,,,
2018-12-17,0,0,0,5733.22,669771314,,,
2018-12-18,0,0,0,5747.0,749740630,,,
2018-12-19,0,0,0,5799.49,922945063,,,
2018-12-20,0,0,0,5795.81,829783371,,,
2018-12-21,0,0,0,5704.66,946306126,,,
2018-12-24,0,0,0,5660.02,673808992,,,
2018-12-26,0,0,0,5672.62,746681778,,,
2018-12-27,0,0,0,5696.51,1121092466,,,
2018-12-28,0,0,0,5745.83,695280707,,,
2018-12-31,0,0,0,5763.86,543278975,,,
2019-01-01,0,0,0,5774.99,434927952,,,
2019-01-02,0,0,0,5714.4,744652993,,,
2019-01-03,0,0,0,5665.08,707917102,,,
2019-01-04,0,0,0,5690.81,766835672,,,
2019-01-07,0,0,0,5701.76,683060263,,,
2019-01-08,0,0,0,5707.44,689258927,,,
2019-01-09,0,0,0,5717.41,805917389,,,
2019-01-10,0,0,0,5723.93,627378922,,,
2019-01-11,0,0,0,5713.76,568996795,,,
2019-01-14,0,0,0,5688.37,645293072,,,
2019-01-15,0,0,0,5740.78,660397136,,,
2019-01-16,0,0,0,5737.02,632957701,,,
2019-01-17,0,0,0,5733.25,683268825,,,
2019-01-18,0,0,0,5715.33,688768727,,,
2019-01-21,0,0,0,5706.81,701517518,,,
2019-01-22,0,0,0,5695.92,737410462,,,
2019-01-23,0,0,0,5666.15,683887216,,,
2019-01-24,0,0,0,5661.68,728976703,,,
2019-01-25,0,0,0,5603.69,1006456342,,,
2019-01-28,0,0,0,5523.2,1071152245,,,
2019-01-29,0,0,0,5527.75,937245136,,,
2019-01-30,0,0,0,5542.75,936373402,,,
2019-01-31,0,0,0,5600.62,1343078395,,,
2019-02-01,0,0,0,5632.44,1125932275,,,
2019-02-04,0,0,0,5614.86,1002404463,,,
2019-02-05,0,0,0,5596.09,1148098528,,,
2019-02-06,0,0,0,5630.7,1238114999,,,
2019-02-07,0,0,0,5654.89,1312867738,,,
2019-02-08,0,0,0,5588.17,1163158459,,,
2019-02-11,0,0,0,5529.81,889692525,,,
2019-02-12,0,0,0,5510.31,876267041,,,
2019-02-13,0,0,0,5490.57,884250532,,,
2019-02-14,0,0,0,5492.35,1309486304,,,
2019-02-15,0,0,0,5459.41,1104061745,,,
2019-02-18,0,0,0,5408.88,944867818,,,
2019-02-19,0,0,0,5413.58,855769628,,,
2019-02-20,0,0,0,5471.54,838491711,,,
2019-02-21,0,0,0,5511.76,922799805,,,
2019-02-22,0,0,0,5526.95,1002174690,,,
2019-02-25,0,0,0,5558.86,957435670,,,
2019-02-26,0,0,0,5545.93,1048650348,,,
2019-02-27,0,0,0,5551.48,1021595074,,,
2019-02-28,0,0,0,5564.89,1422784889,,,
2019-03-01,0,0,0,5620.39,1138935520,,,
2019-03-05,0,0,0,5712.51,1236638884,,,
2019-03-06,0,0,0,5742.31,1197232186,,,
2019-03-07,0,0,0,5734.27,1103055859,,,
2019-03-08,0,0,0,5726.2,916790035,,,
2019-03-11,0,0,0,5820.05,1008113908,,,
2019-03-12,0,0,0,5868.6,1069077719,,,
2019-03-13,0,0,0,5861.8,984055488,,,
2019-03-14,0,0,0,5860.72,932508047,,,
2019-03-15,0,0,0,5897.66,1372511688,,,
2019-03-18,0,0,0,5897.22,990076697,,,
2019-03-19,0,0,0,5930.17,1093294096,,,
2019-03-20,0,0,0,5914.9,1157999160,,,
2019-03-22,0,0,0,5885.18,1025356909,,,
2019-03-25,0,0,0,5833.97,904376767,,,
2019-03-26,0,0,0,5894.58,1050775257,,,
2019-03-27,0,0,0,5900.75,1154671415,,,
2019-03-28,0,0,0,5965.62,1516926323,,,
2019-03-29,0,0,0,6011.71,1549142438,,,
2019-04-01,0,0,0,6031.23,1111994620,,,
2019-04-02,0,0,0,6039.7,1154447688,,,
2019-04-03,0,0,0,5993.75,1111422568,,,
2019-04-04,0,0,0,5979.21,1068522622,,,
2019-04-05,0,0,0,6016.71,937432561,,,
2019-04-08,0,0,0,5980.11,948837815,,,
2019-04-09,0,0,0,5999.4,882581595,,,
2019-04-10,0,0,0,5973.39,896761043,,,
2019-04-11,0,0,0,5978.69,844613978,,,
2019-04-12,0,0,0,6002.1,786593582,,,
2019-04-15,0,0,0,6029.41,777419421,,,
2019-04-16,0,0,0,6056.76,874746994,,,
2019-04-18,0,0,0,6021.73,978228068,,,
2019-04-22,0,0,0,5933.76,776383141,,,
2019-04-23,0,0,0,5932.32,845604321,,,
2019-04-24,0,0,0,5976.15,900781095,,,
2019-04-25,0,0,0,5944.06,1279377598,,,
2019-04-26,0,0,0,5960.98,877936275,,,
2019-04-30,0,0,0,5934.22,1249205163,,,
2019-05-02,0,0,0,5910.57,1157180328,,,
2019-05-03,0,0,0,5905.13,956829395,,,
2019-05-06,0,0,0,5853.97,881531270,,,
2019-05-07,0,0,0,5800.75,896382307,,,
2019-05-08,0,0,0,5739.88,1148903666,,,
2019-05-09,0,0,0,5719.88,1033197235,,,
2019-05-10,0,0,0,5724.23,1069802242,,,
2019-05-13,0,0,0,5632.99,1050199893,,,
2019-05-14,0,0,0,5661.22,1284619280,,,
2019-05-15,0,0,0,5629.95,1064400684,,,
2019-05-16,0,0,0,5659.29,1048828999,,,
2019-05-17,0,0,0,5722.93,1102566880,,,
2019-05-20,0,0,0,5931.6,1344380122,,,
2019-05-21,0,0,0,5873.58,1047225808,,,
2019-05-22,0,0,0,5880.91,1148526721,,,
2019-05-23,0,0,0,5860.77,1701623636,,,
2019-05-24,0,0,0,5966.67,1275276341,,,
2019-05-27,0,0,0,6034.52,1115137002,,,
2019-05-28,0,0,0,6043.37,1701040212,,,
2019-05-29,0,0,0,6006.77,934748295,,,
2019-05-30,0,0,0,6043.53,1337427902,,,
2019-05-31,0,0,0,6042.41,1264301856,,,
2019-06-03,0,0,0,6108.17,920257210,,,
2019-06-04,0,0,0,6088.26,919061715,,,
2019-06-06,0,0,0,5995.35,1184862165,,,
2019-06-07,0,0,0,5997.2,1031165305,,,
2019-06-10,0,0,0,6012.98,1095799372,,,
2019-06-11,0,0,0,6042.5,995739848,,,
2019-06-12,0,0,0,6001.74,829010927,,,
2019-06-13,0,0,0,5994.63,1060190959,,,
2019-06-14,0,0,0,5946.09,941517610,,,
2019-06-17,0,0,0,5871.61,892952323,,,
2019-06-18,0,0,0,5872.92,999121129,,,
2019-06-19,0,0,0,5844.35,1281759427,,,
2019-06-20,0,0,0,5920.86,1190607677,,,
2019-06-21,0,0,0,5896.88,1207713554,,,
2019-06-24,0,0,0,5884.26,884967742,,,
2019-06-25,0,0,0,5925.22,978479887,,,
2019-06-26,0,0,0,5962.12,1148560277,,,
2019-06-27,0,0,0,5977.27,1457783471,,,
2019-06-28,0,0,0,5960.89,1040216452,,,
2019-07-01,0,0,0,5986.04,903958333,,,
2019-07-02,0,0,0,6005.98,1018726418,,,
2019-07-03,0,0,0,6013.84,922334209,,,
2019-07-04,0,0,0,6016.96,987686308,,,
2019-07-05,0,0,0,5936.55,1196585669,,,
2019-07-08,0,0,0,5800.88,1115784360,,,
2019-07-09,0,0,0,5810.86,1072969265,,,
2019-07-10,0,0,0,5770.17,889492081,,,
2019-07-11,0,0,0,5811.72,930774311,,,
2019-07-12,0,0,0,5816.85,1064160129,,,
2019-07-15,0,0,0,5805.83,891370789,,,
2019-07-16,0,0,0,5844.65,1054200480,,,
2019-07-17,0,0,0,5843.67,1037382907,,,
2019-07-18,0,0,0,5777.94,1072254144,,,
2019-07-19,0,0,0,5679.67,1158082826,,,
2019-07-22,0,0,0,5645.85,1091178044,,,
2019-07-23,0,0,0,5630.95,1118707604,,,
2019-07-24,0,0,0,5573.92,1157922091,,,
2019-07-25,0,0,0,5584.71,1281534266,,,
2019-07-26,0,0,0,5608.4,1190631474,,,
2019-07-29,0,0,0,5558.87,1664361153,,,
2019-07-30,0,0,0,5486.1,1504197469,,,
2019-07-31,0,0,0,5524.92,1337742271,,,
2019-08-01,0,0,0,5465.29,1234613273,,,
2019-08-02,0,0,0,5466.44,1470550529,,,
2019-08-05,0,0,0,5396.57,1236781041,,,
2019-08-06,0,0,0,5465.67,1261421036,,,
2019-08-07,0,0,0,5431.38,1304434551,,,
2019-08-08,0,0,0,5491.48,1274012242,,,
2019-08-09,0,0,0,5537.11,1319002235,,,
2019-08-13,0,0,0,5438.31,1386269360,,,
2019-08-14,0,0,0,5487.44,1249635256,,,
2019-08-16,0,0,0,5500.62,1271190501,,,
2019-08-19,0,0,0,5509.9,992973352,,,
2019-08-20,0,0,0,5479.37,1088898680,,,
2019-08-21,0,0,0,5416.77,1204685602,,,
2019-08-22,0,0,0,5327.48,1572471048,,,
2019-08-23,0,0,0,5372.73,1535887014,,,
2019-08-26,0,0,0,5464.88,1645329804,,,
2019-08-27,0,0,0,5503.25,1670673331,,,
2019-08-28,0,0,0,5465.31,1291109487,,,
2019-08-29,0,0,0,5433.22,1411338573,,,
2019-08-30,0,0,0,5479.67,1365766851,,,
2019-09-03,0,0,0,5381.71,1128606221,,,
2019-09-04,0,0,0,5400.77,1146969115,,,
2019-09-05,0,0,0,5409.91,1224759579,,,
2019-09-06,0,0,0,5450.58,1112164921,,,
2019-09-09,0,0,0,5493.21,983478886,,,
2019-09-11,0,0,0,5524.08,1460208865,,,
2019-09-12,0,0,0,5504.73,1328389920,,,
2019-09-13,0,0,0,5541.74,1318442660,,,
2019-09-16,0,0,0,5522.95,1002257345,,,
2019-09-17,0,0,0,5426.34,1244712780,,,
2019-09-18,0,0,0,5442.78,1140929917,,,
2019-09-19,0,0,0,5369.51,1484899397,,,
2019-09-20,0,0,0,5665.15,2894340986,,,
2019-09-23,0,0,0,5820.35,1965997738,,,
2019-09-24,0,0,0,5803.56,1430193700,,,
2019-09-25,0,0,0,5718.73,1393961298,,,
2019-09-26,0,0,0,5774.27,1700035341,,,
2019-09-27,0,0,0,5736.87,1279377031,,,
2019-09-30,0,0,0,5687.47,1778506243,,,
2019-10-01,0,0,0,5612.89,2293902292,,,
2019-10-03,0,0,0,5597.46,1695090093,,,
2019-10-04,0,0,0,5540.23,1550401854,,,
2019-10-07,0,0,0,5516.73,1369982897,,,
2019-10-09,0,0,0,5593.61,1551121346,,,
2019-10-10,0,0,0,5547.91,1544850797,,,
2019-10-11,0,0,0,5570.65,1471050514,,,
2019-10-14,0,0,0,5588.48,1258136715,,,
2019-10-15,0,0,0,5618.49,1215655513,,,
2019-10-16,0,0,0,5624.5,1426988949,,,
2019-10-17,0,0,0,5701.94,1607559837,,,
2019-10-18,0,0,0,5772.73,1871226110,,,
2019-10-22,0,0,0,5762.06,1665641020,,,
2019-10-23,0,0,0,5768.82,1394771830,,,
2019-10-24,0,0,0,5756.8,2018348451,,,
2019-10-25,0,0,0,5751.66,1789015438,,,
2019-10-27,0,0,0,5786.27,311942165,,,
2019-10-29,0,0,0,5854.45,1939076273,,,
2019-10-30,0,0,0,5883.23,1663487124,,,
2019-10-31,0,0,0,5929.44,2603642225,,,
2019-11-01,0,0,0,5942.04,2302644716,,,
2019-11-04,0,0,0,5949.44,1675069087,,,
2019-11-05,0,0,0,5913.87,1386270859,,,
2019-11-06,0,0,0,5922.15,1424018777,,,
2019-11-07,0,0,0,5953.69,1475899538,,,
2019-11-08,0,0,0,5908.94,1698593353,,,
2019-11-11,0,0,0,5926.72,1265989469,,,
2019-11-13,0,0,0,5885.26,1530406135,,,
2019-11-14,0,0,0,5897.7,1721772349,,,
2019-11-15,0,0,0,5911.09,2058090614,,,
2019-11-18,0,0,0,5927.57,1599949812,,,
2019-11-19,0,0,0,5946.61,2280389719,,,
2019-11-20,0,0,0,5966.92,3056627321,,,
2019-11-21,0,0,0,5937.65,1992460790,,,
2019-11-22,0,0,0,5926.72,1479969491,,,
2019-11-25,0,0,0,5995.69,1628798663,,,
2019-11-26,0,0,0,5963.16,3353850815,,,
2019-11-27,0,0,0,6000.97,1442678543,,,
2019-11-28,0,0,0,6040.58,1987632721,,,
2019-11-29,0,0,0,6023.45,2017669104,,,
2019-12-02,0,0,0,6005.67,2705016523,,,
2019-12-03,0,0,0,5963.24,1867115724,,,
2019-12-04,0,0,0,5992.32,1970990651,,,
2019-12-05,0,0,0,5977.22,1330866881,,,
2019-12-06,0,0,0,5914.17,1649200784,,,
2019-12-09,0,0,0,5917.01,1376858492,,,
2019-12-10,0,0,0,5863.07,1476018427,,,
2019-12-11,0,0,0,5893.14,1674442959,,,
2019-12-12,0,0,0,5930.6,1322503698,,,
2019-12-13,0,0,0,5986.57,1480502966,,,
2019-12-16,0,0,0,5964.46,1025969711,,,
2019-12-17,0,0,0,6005.28,1280188869,,,
2019-12-18,0,0,0,6011.09,1306839180,,,
2019-12-19,0,0,0,6024.89,1266602076,,,
2019-12-20,0,0,0,6029.33,1516104661,,,
2019-12-23,0,0,0,6022.1,1166511861,,,
2019-12-24,0,0,0,6008.12,943598445,,,
2019-12-26,0,0,0,5991.74,1148846655,,,
2019-12-27,0,0,0,6047.07,981289564,,,
2019-12-30,0,0,0,6061.88,931811496,,,
2019-12-31,0,0,0,6045.55,966734303,,,
2020-01-01,0,0,0,6059.15,652561059,,,
2020-01-02,0,0,0,6122.02,1050279192,,,
2020-01-03,0,0,0,6095.58,987599312,,,
2020-01-06,0,0,0,5971.95,944214439,,,
2020-01-07,0,0,0,6009.32,1040523890,,,
2020-01-08,0,0,0,6009.05,1272075446,,,
2020-01-09,0,0,0,6097.59,1386414000,,,
2020-01-10,0,0,0,6116.72,1266186432,,,
2020-01-13,0,0,0,6156.13,1032223183,,,
2020-01-14,0,0,0,6185.84,1141519346,,,
2020-01-15,0,0,0,6212.26,1330697123,,,
2020-01-16,0,0,0,6241.23,1092686982,,,
2020-01-17,0,0,0,6255.63,1989985723,,,
2020-01-20,0,0,0,6210.29,1368177197,,,
2020-01-21,0,0,0,6193.13,1553665233,,,
2020-01-22,0,0,0,6172.78,1339460167,,,
2020-01-23,0,0,0,6233.14,2031181789,,,
2020-01-24,0,0,0,6276.65,1245586565,,,
2020-01-27,0,0,0,6240.6,1034108707,,,
2020-01-28,0,0,0,6220.32,1184822592,,,
2020-01-29,0,0,0,6247.48,1160108383,,,
2020-01-30,0,0,0,6196.65,1309511388,,,
2020-01-31,0,0,0,6163.12,1474710499,,,
2020-02-01,0,0,0,6008.7,1162973952,,,
2020-02-03,0,0,0,6048.17,1335671716,,,
2020-02-04,0,0,0,6150.05,1203905049,,,
2020-02-05,0,0,0,6214.01,1433202379,,,
2020-02-06,0,0,0,6247.28,1347554670,,,
2020-02-07,0,0,0,6265.14,1122875275,,,
2020-02-10,0,0,0,6227.47,1094972769,,,
2020-02-11,0,0,0,6245.25,1102971855,,,
2020-02-12,0,0,0,6260.75,1213112506,,,
2020-02-13,0,0,0,6250.5,1047108822,,,
2020-02-14,0,0,0,6212.96,2480325340,,,
2020-02-17,0,0,0,6165.33,1772154570,,,
2020-02-18,0,0,0,6134.11,1870284633,,,
2020-02-19,0,0,0,6216.26,1990948453,,,
2020-02-20,0,0,0,6230.34,2086228118,,,
2020-02-24,0,0,0,6111.14,1735475414,,,
2020-02-25,0,0,0,6087.33,1592345228,,,
2020-02-26,0,0,0,6019.83,1417840993,,,
2020-02-27,0,0,0,5987.43,1567675920,,,
2020-02-28,0,0,0,5788.35,2019507460,,,
2020-03-02,0,0,0,5752.7,1644066246,,,
2020-03-03,0,0,0,5848.34,1611831375,,,
2020-03-04,0,0,0,5788.63,1656637578,,,
2020-03-05,0,0,0,5801.89,2286469126,,,
2020-03-06,0,0,0,5673.15,2754781598,,,
2020-03-09,0,0,0,5417.44,2972881636,,,
2020-03-11,0,0,0,5396.16,2642769896,,,
2020-03-12,0,0,0,4959.38,3213846499,,,
2020-03-13,0,0,0,5107.21,3836211905,,,
2020-03-16,0,0,0,4771.17,2945952103,,,
2020-03-17,0,0,0,4659.08,2325563078,,,
2020-03-18,0,0,0,4406.51,4647701465,,,
2020-03-19,0,0,0,4261.67,2515029016,,,
2020-03-20,0,0,0,4472.35,2552034320,,,
2020-03-23,0,0,0,3894.57,1502556753,,,
2020-03-24,0,0,0,3960.05,1659465772,,,
2020-03-25,0,0,0,4149.43,1461104433,,,
2020-03-26,0,0,0,4310.97,1820318107,,,
2020-03-27,0,0,0,4306.46,1721023464,,,
2020-03-30,0,0,0,4170.35,1174195044,,,
2020-03-31,0,0,0,4304.47,1435828366,,,
2020-04-01,0,0,0,4183.36,1192206680,,,
2020-04-03,0,0,0,4114.17,1463825645,,,
2020-04-07,0,0,0,4388.44,1722477318,,,
2020-04-08,0,0,0,4419.82,1958751638,,,
2020-04-09,0,0,0,4581.1,1665326810,,,
2020-04-13,0,0,0,4529.74,2131086027,,,
2020-04-15,0,0,0,4545.85,2450726978,,,
2020-04-16,0,0,0,4597.84,1862273600,,,
2020-04-17,0,0,0,4713.4,2186702987,,,
2020-04-20,0,0,0,4721.45,1937924619,,,
2020-04-21,0,0,0,4586.4,1612512120,,,
2020-04-22,0,0,0,4652.39,1872151006,,,
2020-04-23,0,0,0,4706.86,2032771639,,,
2020-04-24,0,0,0,4625.5,1701645054,,,
2020-04-27,0,0,0,4698.68,1409145180,,,
2020-04-28,0,0,0,4745.63,1579218932,,,
2020-04-29,0,0,0,4816.13,1848688430,,,
2020-04-30,0,0,0,4933.99,2316456927,,,
2020-05-04,0,0,0,4700.83,1953642013,,,
2020-05-05,0,0,0,4661.67,1675896435,,,
2020-05-06,0,0,0,4691.39,1907173865,,,
2020-05-07,0,0,0,4660.76,1468490994,,,
2020-05-08,0,0,0,4667.32,1426822303,,,
2020-05-11,0,0,0,4677.19,2319604986,,,
2020-05-12,0,0,0,4652.14,2053344195,,,
2020-05-13,0,0,0,4741.36,2625801203,,,
2020-05-14,0,0,0,4674.95,1943555107,,,
2020-05-15,0,0,0,4665.92,1623603191,,,
2020-05-18,0,0,0,4495.32,2014285013,,,
2020-05-19,0,0,0,4515.48,2454733197,,,
2020-05-20,0,0,0,4594.91,1864274020,,,
2020-05-21,0,0,0,4626.11,1770394911,,,
2020-05-22,0,0,0,4595.93,1785014918,,,
2020-05-26,0,0,0,4619.48,1668074340,,,
2020-05-27,0,0,0,4691.58,1807122689,,,
2020-05-28,0,0,0,4769.29,2297224526,,,
2020-05-29,0,0,0,4826.73,5012032782,,,
2020-06-01,0,0,0,4954.7,2551723858,,,
2020-06-02,0,0,0,5023.47,2792195810,,,
2020-06-03,0,0,0,5060.71,2994612247,,,
2020-06-04,0,0,0,5049.33,2781490577,,,
2020-06-05,0,0,0,5124.38,3990586802,,,
2020-06-08,0,0,0,5141.29,4273153361,,,
2020-06-09,0,0,0,5099.81,3614744120,,,
2020-06-10,0,0,0,5142.78,2897223012,,,
2020-06-11,0,0,0,5057.73,4148132188,,,
2020-06-12,0,0,0,5100.58,3363222956,,,
2020-06-15,0,0,0,5035.52,2531085566,,,
2020-06-16,0,0,0,5072.7,2728268146,,,
2020-06-17,0,0,0,5074.22,1991383425,,,
2020-06-18,0,0,0,5152.75,2603886516,,,
2020-06-19,0,0,0,5223.28,2738824376,,,
2020-06-22,0,0,0,5285.31,3309353371,,,
2020-06-23,0,0,0,5369.69,2385916868,,,
2020-06-24,0,0,0,5299.77,3010301779,,,
2020-06-25,0,0,0,5321.27,2911174776,,,
2020-06-26,0,0,0,5344.55,2741287019,,,
2020-06-29,0,0,0,5286.53,2449759251,,,
2020-06-30,0,0,0,5276.28,2324217389,,,
2020-07-01,0,0,0,5311.08,1848445951,,,
2020-07-02,0,0,0,5369.14,1868349135,,,
2020-07-03,0,0,0,5402.09,1767997095,,,
2020-07-06,0,0,0,5480.58,1828201610,,,
2020-07-07,0,0,0,5504.21,1947527430,,,
2020-07-08,0,0,0,5466.74,2582907641,,,
2020-07-09,0,0,0,5494.33,1751990240,,,
2020-07-10,0,0,0,5465.19,2345027904,,,
2020-07-13,0,0,0,5468.24,1653672350,,,
2020-07-14,0,0,0,5392.05,1617188484,,,
2020-07-15,0,0,0,5383.06,1931304747,,,
2020-07-16,0,0,0,5421.36,2382412406,,,
2020-07-17,0,0,0,5494.32,2232415156,,,
2020-07-20,0,0,0,5548.19,2319815881,,,
2020-07-21,0,0,0,5583.38,2120651468,,,
2020-07-22,0,0,0,5573.88,2115184005,,,
2020-07-23,0,0,0,5614.45,1406547793,,,
2020-07-24,0,0,0,5599.19,1650520895,,,
2020-07-27,0,0,0,5551.09,1385089836,,,
2020-07-28,0,0,0,5610.42,1534652182,,,
2020-07-29,0,0,0,5603.04,1764509863,,,
2020-07-30,0,0,0,5562.33,1722048853,,,
2020-07-31,0,0,0,5574.3,1703659059,,,
2020-08-03,0,0,0,5534.62,1863183863,,,
2020-08-04,0,0,0,5609.53,1574165344,,,
2020-08-05,0,0,0,5625.04,1686157177,,,
2020-08-06,0,0,0,5680.78,1568062256,,,
2020-08-07,0,0,0,5720.8,2015494594,,,
2020-08-10,0,0,0,5773.77,1733828459,,,
2020-08-11,0,0,0,5772.69,1629988788,,,
2020-08-12,0,0,0,5770.61,1670137824,,,
2020-08-13,0,0,0,5813.41,1914546356,,,
2020-08-14,0,0,0,5761.04,1961838627,,,
2020-08-17,0,0,0,5789.86,1394395669,,,
2020-08-18,0,0,0,5862.18,1530993854,,,
2020-08-19,0,0,0,5888.33,1723886613,,,
2020-08-20,0,0,0,5890.33,1983375362,,,
2020-08-21,0,0,0,5926.75,1890839752,,,
2020-08-24,0,0,0,5974.8,1880236008,,,
2020-08-25,0,0,0,5986.74,1692123325,,,
2020-08-26,0,0,0,6019.7,1666023233,,,
2020-08-27,0,0,0,6028.5,1932827094,,,
2020-08-28,0,0,0,6067.58,3600114179,,,
2020-08-31,0,0,0,5877.85,3468579591,,,
2020-09-01,0,0,0,5923.53,3450779568,,,
2020-09-02,0,0,0,5986.72,1790725395,,,
2020-09-03,0,0,0,6012.89,2723242824,,,
2020-09-04,0,0,0,5914.85,3034994251,,,
2020-09-07,0,0,0,5897.29,2474530443,,,
2020-09-08,0,0,0,5850.14,1650858803,,,
2020-09-09,0,0,0,5822.94,1775597018,,,
2020-09-10,0,0,0,5898.08,1599415642,,,
2020-09-11,0,0,0,5922.47,1281056112,,,
2020-09-14,0,0,0,5996.69,1776336010,,,
2020-09-15,0,0,0,6055.39,1901043567,,,
2020-09-16,0,0,0,6085.68,1319130413,,,
2020-09-17,0,0,0,6051.11,1230448851,,,
2020-09-18,0,0,0,6045.04,1864290695,,,
2020-09-21,0,0,0,5870.61,1637528655,,,
2020-09-22,0,0,0,5794.92,1950893528,,,
2020-09-23,0,0,0,5778.18,2027372110,,,
2020-09-24,0,0,0,5635.21,1938276599,,,
2020-09-25,0,0,0,5770.76,2069047070,,,
2020-09-28,0,0,0,5897.96,1631346451,,,
2020-09-29,0,0,0,5891.52,1743400017,,,
2020-09-30,0,0,0,5902.99,1493570963,,,
2020-10-01,0,0,0,5966.7,1363659507,,,
2020-10-05,0,0,0,5984.83,1500862611,,,
2020-10-06,0,0,0,6038.55,1330600292,,,
2020-10-07,0,0,0,6038.67,1322928276,,,
2020-10-08,0,0,0,6058.96,1524427826,,,
2020-10-09,0,0,0,6068.76,1439904453,,,
2020-10-12,0,0,0,6055.91,1287765784,,,
2020-10-13,0,0,0,6041.25,1113710388,,,
2020-10-14,0,0,0,6047.89,1388556215,,,
2020-10-15,0,0,0,5930.66,1422831599,,,
2020-10-16,0,0,0,5981.98,1268673236,,,
2020-10-19,0,0,0,6027.65,1419647688,,,
2020-10-20,0,0,0,6049.33,1366214613,,,
2020-10-21,0,0,0,6063.03,1507557568,,,
2020-10-22,0,0,0,6074.3,1391628533,,,
2020-10-23,0,0,0,6103.57,1629185671,,,
2020-10-26,0,0,0,6017.54,1399176020,,,
2020-10-27,0,0,0,6084.24,1441867652,,,
2020-10-28,0,0,0,6020.55,1520086446,,,
2020-10-29,0,0,0,5998.03,1389693188,,,
2020-10-30,0,0,0,6003.6,1721763489,,,
2020-11-02,0,0,0,6016.51,1527169156,,,
2020-11-03,0,0,0,6073.35,1499957924,,,
2020-11-04,0,0,0,6112.46,1360369428,,,
2020-11-05,0,0,0,6219.67,1524846247,,,
2020-11-06,0,0,0,6273.96,1574716805,,,
2020-11-09,0,0,0,6349.56,1491246151,,,
2020-11-10,0,0,0,6390.98,2063436534,,,
2020-11-11,0,0,0,6429.95,1937270374,,,
2020-11-12,0,0,0,6436.06,1927005263,,,
2020-11-13,0,0,0,6476.31,1548743384,,,
2020-11-14,0,0,0,6510.41,526875622,,,
2020-11-17,0,0,0,6575.23,2205860720,,,
2020-11-18,0,0,0,6638.08,2105476789,,,
2020-11-19,0,0,0,6583.0,2203176407,,,
2020-11-20,0,0,0,6637.02,2169259448,,,
2020-11-23,0,0,0,6695.18,2216381594,,,
2020-11-24,0,0,0,6754.29,1985382652,,,
2020-11-25,0,0,0,6651.59,2347950107,,,
2020-11-26,0,0,0,6707.59,1777531986,,,
2020-11-27,0,0,0,6787.85,4107149039,,,
2020-12-01,0,0,0,6855.34,2250283547,,,
2020-12-02,0,0,0,6881.17,2340286286,,,
2020-12-03,0,0,0,6904.81,2034386339,,,
2020-12-04,0,0,0,6947.35,2138099341,,,
2020-12-07,0,0,0,7010.51,1877560930,,,
2020-12-08,0,0,0,7016.44,2509529293,,,
2020-12-09,0,0,0,7067.23,2474343279,,,
2020-12-10,0,0,0,7031.64,2210902107,,,
2020-12-11,0,0,0,7048.52,2610313214,,,
2020-12-14,0,0,0,7080.31,1712587806,,,
2020-12-15,0,0,0,7091.68,1955274440,,,
2020-12-16,0,0,0,7160.06,2044047299,,,
2020-12-17,0,0,0,7164.59,1573699517,,,
2020-12-18,0,0,0,7164.43,1813573398,,,
2020-12-21,0,0,0,6895.02,2250127023,,,
2020-12-22,0,0,0,6953.99,2446602946,,,
2020-12-23,0,0,0,7071.36,2129379376,,,
2020-12-24,0,0,0,7116.73,1792315411,,,
2020-12-28,0,0,0,7185.59,1568193544,,,
2020-12-29,0,0,0,7195.5,1635418581,,,
2020-12-30,0,0,0,7220.71,1499962191,,,
2020-12-31,0,0,0,7234.79,2281570211,,,
2021-01-01,0,0,0,7288.37,1781399986,,,
2021-01-04,0,0,0,7374.24,2590398909,,,
2021-01-05,0,0,0,7425.81,2068751039,,,
2021-01-06,0,0,0,7426.46,2437113873,,,
2021-01-07,0,0,0,7473.9,2177407676,,,
2021-01-08,0,0,0,7566.68,2077039378,,,
2021-01-11,0,0,0,7591.96,1852892861,,,
2021-01-12,0,0,0,7626.42,2795863415,,,
2021-01-13,0,0,0,7603.77,3260641411,,,
2021-01-14,0,0,0,7616.3,2088102771,,,
2021-01-15,0,0,0,7531.46,3464244161,,,
2021-01-18,0,0,0,7417.01,2424635689,,,
2021-01-19,0,0,0,7559.26,1791032330,,,
2021-01-20,0,0,0,7624.56,1955486237,,,
2021-01-21,0,0,0,7568.28,2244816777,,,
2021-01-22,0,0,0,7467.22,2562800456,,,
2021-01-25,0,0,0,7393.4,2336684420,,,
2021-01-27,0,0,0,7272.8,2259610940,,,
2021-01-28,0,0,0,7215.09,2582716683,,,
2021-01-29,0,0,0,7154.54,2453633585,,,
2021-02-01,0,0,0,7421.27,2703575857,,,
2021-02-02,0,0,0,7599.41,2636865726,,,
2021-02-03,0,0,0,7686.59,2637262920,,,
2021-02-04,0,0,0,7766.82,2818708904,,,
2021-02-05,0,0,0,7734.16,2963825187,,,
2021-02-08,0,0,0,7841.41,2066677087,,,
2021-02-09,0,0,0,7841.46,2425246133,,,
2021-02-10,0,0,0,7870.24,1982633653,,,
2021-02-11,0,0,0,7896.37,1971855565,,,
2021-02-12,0,0,0,7891.05,2073194474,,,
2021-02-15,0,0,0,7977.61,1873575191,,,
2021-02-16,0,0,0,8000.39,2096993714,,,
2021-02-17,0,0,0,7989.64,2485212962,,,
2021-02-18,0,0,0,7988.7,2947697416,,,
2021-02-19,0,0,0,7896.34,3091975699,,,
2021-02-22,0,0,0,7770.56,2131719931,,,
2021-02-23,0,0,0,7819.73,2192266518,,,
2021-02-24,0,0,0,7923.03,1436878133,,,
2021-02-25,0,0,0,8009.87,2507378880,,,
2021-02-26,0,0,0,7820.44,3079631779,,,
2021-03-01,0,0,0,7939.01,1968703223,,,
2021-03-02,0,0,0,8047.8,2144270621,,,
2021-03-03,0,0,0,8196.18,2132917238,,,
2021-03-04,0,0,0,8180.72,2289170444,,,
2021-03-05,0,0,0,8058.33,2170100597,,,
2021-03-08,0,0,0,8076.45,1659116262,,,
2021-03-09,0,0,0,8090.67,1862195897,,,
2021-03-10,0,0,0,8142.16,1255983281,,,
2021-03-12,0,0,0,8092.56,1727034410,,,
2021-03-15,0,0,0,8038.39,1605317912,,,
2021-03-16,0,0,0,8048.54,1460854103,,,
2021-03-17,0,0,0,7904.55,1538778237,,,
2021-03-18,0,0,0,7805.11,1917575715,,,
2021-03-19,0,0,0,7887.15,2556103663,,,
2021-03-22,0,0,0,7922.23,1454509106,,,
2021-03-23,0,0,0,7974.53,1463196909,,,
2021-03-24,0,0,0,7832.54,1419047456,,,
2021-03-25,0,0,0,7698.42,2407338561,,,
2021-03-26,0,0,0,7805.91,1793397099,,,
2021-03-30,0,0,0,7953.9,1964085659,,,
2021-03-31,0,0,0,7935.05,1692611919,,,
2021-04-01,0,0,0,8046.98,1574390858,,,
2021-04-05,0,0,0,7933.55,1694330572,,,
2021-04-06,0,0,0,7975.15,1558141316,,,
2021-04-07,0,0,0,8060.58,1535181702,,,
2021-04-08,0,0,0,8101.61,1650525002,,,
2021-04-09,0,0,0,8099.2,1582791198,,,
2021-04-12,0,0,0,7739.27,2369782304,,,
2021-04-13,0,0,0,7845.2,1824103046,,,
2021-04-15,0,0,0,7867.81,1679662892,,,
2021-04-16,0,0,0,7922.91,1454179310,,,
2021-04-19,0,0,0,7776.67,1592154198,,,
2021-04-20,0,0,0,7772.97,1467092057,,,
2021-04-22,0,0,0,7814.66,1526680289,,,
2021-04-23,0,0,0,7813.23,1513022147,,,
2021-04-26,0,0,0,7880.44,1395807375,,,
2021-04-27,0,0,0,7981.05,1444235229,,,
2021-04-28,0,0,0,8076.38,1463798400,,,
2021-04-29,0,0,0,8073.89,1736216536,,,
2021-04-30,0,0,0,7992.27,1909555420,,,
2021-05-03,0,0,0,8014.21,1796589473,,,
2021-05-04,0,0,0,7967.68,2357829148,,,
2021-05-05,0,0,0,8039.02,1809118823,,,
2021-05-06,0,0,0,8096.04,1740348660,,,
2021-05-07,0,0,0,8107.57,1730558658,,,
2021-05-10,0,0,0,8167.01,2110833189,,,
2021-05-11,0,0,0,8179.69,2503628958,,,
2021-05-12,0,0,0,8117.83,2948703363,,,
2021-05-14,0,0,0,8045.99,2194210191,,,
2021-05-17,0,0,0,8177.74,1768386677,,,
2021-05-18,0,0,0,8296.76,1793021366,,,
2021-05-19,0,0,0,8282.61,1752830081,,,
2021-05-20,0,0,0,8247.63,1959419907,,,
2021-05-21,0,0,0,8344.13,1930413969,,,
2021-05-24,0,0,0,8384.54,2271493276,,,
2021-05-25,0,0,0,8382.31,1745338758,,,
2021-05-26,0,0,0,8409.78,1546736475,,,
2021-05-27,0,0,0,8443.75,2833297810,,,
2021-05-28,0,0,0,8463.77,1923193688,,,
2021-05-31,0,0,0,8521.2,1654882853,,,
2021-06-01,0,0,0,8510.62,1513046244,,,
2021-06-02,0,0,0,8577.0,1938966209,,,
2021-06-03,0,0,0,8646.99,1981984926,,,
2021-06-04,0,0,0,8674.15,2064664323,,,
2021-06-07,0,0,0,8747.97,2353896424,,,
2021-06-08,0,0,0,8775.83,1934785884,,,
2021-06-09,0,0,0,8713.2,2523765119,,,
2021-06-10,0,0,0,8809.43,1716649304,,,
2021-06-11,0,0,0,8836.3,1639395780,,,
2021-06-14,0,0,0,8823.69,1905587706,,,
2021-06-15,0,0,0,8864.71,1543161892,,,
2021-06-16,0,0,0,8794.73,1511722904,,,
2021-06-17,0,0,0,8724.79,1583443033,,,
2021-06-18,0,0,0,8679.21,2755145906,,,
2021-06-21,0,0,0,8727.41,1826219020,,,
2021-06-22,0,0,0,8744.35,1596339691,,,
2021-06-23,0,0,0,8713.35,1604838531,,,
2021-06-24,0,0,0,8723.89,1422544863,,,
2021-06-25,0,0,0,8783.74,1746476877,,,
2021-06-28,0,0,0,8797.09,1482235877,,,
2021-06-29,0,0,0,8761.16,1468506935,,,
2021-06-30,0,0,0,8768.45,1368157465,,,
2021-07-01,0,0,0,8750.56,1551897154,,,
2021-07-02,0,0,0,8786.06,1260714449,,,
2021-07-05,0,0,0,8834.42,1343641625,,,
2021-07-06,0,0,0,8835.0,1370271572,,,
2021-07-07,0,0,0,8872.92,1170710527,,,
2021-07-08,0,0,0,8817.85,1228122114,,,
2021-07-09,0,0,0,8830.37,1053084303,,,
2021-07-12,0,0,0,8849.54,1043343186,,,
2021-07-13,0,0,0,8889.65,945641950,,,
2021-07-14,0,0,0,8914.44,859612721,,,
2021-07-15,0,0,0,8948.99,1052965577,,,
2021-07-16,0,0,0,8964.61,1594990169,,,
2021-07-19,0,0,0,8890.44,1728639934,,,
2021-07-20,0,0,0,8796.51,1286039078,,,
2021-07-22,0,0,0,8901.93,1603224008,,,
2021-07-23,0,0,0,8914.7,2147222365,,,
2021-07-26,0,0,0,8909.8,1362244837,,,
2021-07-27,0,0,0,8866.68,1236880346,,,
2021-07-28,0,0,0,8841.74,1385288562,,,
2021-07-29,0,0,0,8891.17,1495410495,,,
2021-07-30,0,0,0,8930.27,1469935479,,,
2021-08-02,0,0,0,9024.64,1398681491,,,
2021-08-03,0,0,0,9098.26,1978375017,,,
2021-08-04,0,0,0,9079.86,2586868084,,,
2021-08-05,0,0,0,9088.2,3503591705,,,
2021-08-06,0,0,0,9077.31,2369420952,,,
2021-08-09,9099.05,9106.7,9004.3,9049.55,1943072857,,,
2021-08-10,9070.8,9087.45,8944.1,9001.35,1476612678,,,
2021-08-11,9018.55,9031.15,8855.9,8981.7,1473200163,,,
2021-08-12,9000.4,9055.4,8988.85,9049.4,1041110601,,,
2021-08-13,9069.65,9102.2,9063.8,9084.25,1157153967,,,
2021-08-16,9086.35,9097.25,9050.5,9077.55,971919654,,,
2021-08-17,9076.45,9114.4,9040.45,9109.35,1254811555,,,
2021-08-18,9145.45,9158.8,9096.8,9110.65,1425832105,,,
2021-08-20,9028.7,9083.65,8967.75,8988.75,1468381791,,,
2021-08-23,9067.1,9076.15,8899.25,8963.45,1627949398,,,
2021-08-24,9001.25,9061.5,8975.35,9054.65,1199881183,,,
2021-08-25,9085.2,9109.05,9058.85,9079.05,1042182620,,,
2021-08-26,9096.15,9121.3,9067.35,9090.2,1205182950,,,
2021-08-27,9108.4,9166.6,9068.65,9157.25,983122660,,,
2021-08-30,9199.9,9313.1,9196,9304.45,1036635766,,,
2021-08-31,9324.6,9400.25,9302.9,9391.65,1538504714,,,
2021-09-01,9434.9,9454.1,9378.45,9412.05,1490694464,,,
2021-09-02,9426.2,9499.8,9412.35,9493.8,1744906216,,,
2021-09-03,9527.8,9547.9,9489.25,9537.65,2020366271,,,
2021-09-06,9579.5,9593.75,9554.05,9571.45,1019849938,,,
2021-09-07,9591.65,9602.95,9501.35,9555.65,1905710048,,,
2021-09-08,9570.55,9593.95,9517.7,9575.85,2268876825,,,
2021-09-09,9562.45,9603.7,9553.7,9599.2,1173219287,,,
2021-09-13,9601.9,9627.9,9562.9,9622.35,1113954427,,,
2021-09-14,9667.95,9697.2,9659.4,9690.0,2505224813,,,
2021-09-15,9713.2,9779.3,9707,9773.4,2564683447,,,
2021-09-16,9797.35,9829.1,9760.8,9823.85,4829884683,,,
2021-09-17,9868.85,9875.35,9708.9,9742.35,3608160712,,,
2021-09-20,9664.85,9754.95,9578.45,9592.85,1969379892,,,
2021-09-21,9610.35,9670.5,9511.8,9661.45,1848022977,,,
2021-09-22,9691.65,9753.85,9680.55,9730.4,1553495416,,,
2021-09-23,9802.85,9874.95,9798.5,9866.5,1599755734,,,
2021-09-24,9914.4,9931.6,9813.8,9833.9,2191945601,,,
2021-09-27,9877,9879.9,9788.45,9827.9,1361226291,,,
2021-09-28,9859.85,9862.15,9688.45,9765.45,1784065556,,,
2021-09-29,9724.65,9823.45,9693.65,9794.4,2450051198,,,
2021-09-30,9817.05,9842,9778.7,9797.05,2518021813,,,
2021-10-01,9765.5,9793.35,9727.45,9783.65,1917351646,,,
2021-10-04,9837.55,9913.5,9829.15,9908.25,1535960085,,,
2021-10-05,9907.5,9971.65,9889.15,9965.15,2070723153,,,
2021-10-06,10003.3,10012.95,9857.55,9874.3,1902146190,,,
2021-10-07,9964.4,10030.2,9956.35,10007.65,1512817813,,,
2021-10-08,10065.2,10079.65,10020.55,10055.6,1307667902,,,
2021-10-11,10073.45,10141.1,10051.45,10099.7,1603018279,,,
2021-10-12,10110.05,10138.9,10059.75,10132.95,1823897056,,,
2021-10-13,10189.2,10262.15,10174.45,10244.15,2337578752,,,
2021-10-14,10315.9,10353.55,10298.05,10324.95,1832461609,,,
2021-10-18,10428.5,10459.95,10397.5,10412.05,2944578443,,,
2021-10-19,10489.75,10495.35,10251.55,10284.0,2145219113,,,
2021-10-20,10285.2,10288.6,10069.1,10129.3,2066359891,,,
2021-10-21,10191,10194.05,9993.95,10074.5,1915071560,,,
2021-10-22,10102.4,10147.45,9952.75,10011.85,1950525657,,,
2021-10-25,10070.55,10072.7,9813.4,9927.4,1927848568,,,
2021-10-26,9942.65,10067.95,9940.7,10052.65,1919529410,,,
2021-10-27,10090.6,10107.5,10030.7,10048.6,1499799422,,,
2021-10-28,10048.6,10048.7,9842.2,9866.85,1970148016,,,
2021-10-29,9833.85,9925.4,9699.05,9819.55,1925574418,,,
2021-11-01,9872.6,9981.05,9835.6,9970.6,1525204918,,,
2021-11-02,10001.6,10030,9979.1,10006.6,1325996890,,,
2021-11-03,10042.8,10063.55,9938.6,9984.6,1231405176,,,
2021-11-04,10050.45,10065.85,10042.9,10054.55,251427658,,,
2021-11-08,10107.75,10165.4,10009.65,10156.65,1329067789,,,
2021-11-09,10175.8,10219.8,10161.45,10205.3,1564182224,,,
2021-11-10,10179.2,10209.6,10153.95,10180.75,1403118779,,,
2021-11-11,10176.35,10177.55,10066.55,10110.2,1166194334,,,
2021-11-12,10174.45,10203.8,10107.3,10198.4,1150929601,,,
2021-11-15,10231.8,10247.7,10187.4,10219.55,973765844,,,
2021-11-16,10234.7,10246.1,10160.25,10181.55,1039147393,,,
2021-11-17,10161.4,10200.85,10121.95,10134.3,972845473,,,
2021-11-18,10142.4,10166.75,9976.65,10016.85,1260956735,,,
2021-11-22,10033.9,10037.55,9692.4,9779.35,1649845932,,,
2021-11-23,9716.5,9902.2,9673.85,9886.35,1714202464,,,
2021-11-24,9925.45,9950.8,9815.55,9847.2,1405545230,,,
2021-11-25,9856.7,9916.55,9804.5,9905.35,1468895442,,,
2021-11-26,9808.4,9829.35,9592.8,9614.3,1633183725,,,
2021-11-29,9573.15,9620.15,9378.25,9562.3,1796796103,,,
2021-11-30,9577,9746,9554.05,9580.5,2137182380,,,
2021-12-01,9642.05,9689.45,9596.1,9667.9,1938446972,,,
2021-12-02,9687.6,9798.8,9669.15,9788.2,1742157173,,,
2021-12-03,9809.8,9842.45,9720.4,9729.7,2055054064,,,
2021-12-06,9743.45,9748.2,9572.4,9585.05,2568177923,,,
2021-12-07,9656.3,9736.8,9618.1,9716.6,1710194212,,,
2021-12-08,9786.8,9875,9784.1,9869.0,1311765002,,,
2021-12-09,9908.45,9917,9846.95,9910.3,2461082624,,,
2021-12-10,9897.3,9952.9,9882.55,9945.15,1606376338,,,
2021-12-13,10015.2,10032.15,9896.4,9906.05,1465722828,,,
2021-12-14,9874.2,9903.35,9820.8,9885.0,1289932059,,,
2021-12-15,9892.1,9909.8,9816.05,9827.05,1053435317,,,
2021-12-16,9898.05,9908.45,9775.6,9799.45,1116207327,,,
2021-12-17,9807.6,9814.3,9606.7,9619.1,1415667302,,,
2021-12-20,9512.75,9521.55,9227,9345.15,1667310258,,,
2021-12-21,9415.2,9526.95,9397.3,9456.15,1294758453,,,
2021-12-22,9503.95,9590.95,9498.95,9580.55,1117575215,,,
2021-12-23,9647.15,9671.15,9630.25,9656.85,824227609,,,
2021-12-24,9696.65,9699.35,9555.25,9585.2,954963723,,,
2021-12-27,9551.6,9632,9482.35,9622.45,937979593,,,
2021-12-28,9673.4,9725.65,9671.15,9718.7,882579554,,,
2021-12-29,9719.1,9756.5,9700.55,9719.45,1009765828,,,
2021-12-30,9716.55,9733.95,9685.9,9704.05,1419723271,,,
2021-12-31,9729.35,9823.6,9728.4,9814.15,1361126275,,,
2022-01-03,9833.65,9948,9832.75,9940.4,1322545785,,,
2022-01-04,9976.6,10005.3,9915.3,9996.2,1309764052,,,
2022-01-05,10004.4,10038.5,9958.3,10029.8,1382718082,,,
2022-01-06,9955.3,9990.8,9906.1,9982.15,1219236693,,,
2022-01-07,10007.7,10058.05,9959.55,10019.6,1207269418,,,
2022-01-10,10065.8,10107.35,10050.65,10101.65,1111796284,,,
2022-01-11,10100.9,10146.45,10081.9,10122.5,3003663065,,,
2022-01-12,10181.45,10232.6,10163,10225.6,1690363580,,,
2022-01-13,10253.5,10272.1,10196.9,10265.6,1232595938,,,
2022-01-14,10233.4,10280.45,10200.45,10264.9,959691367,,,
2022-01-17,10272.75,10308.55,10260.1,10296.65,973937037,,,
2022-01-18,10328.9,10338.6,10120.6,10142.2,1057831899,,,
2022-01-19,10142.1,10142.1,10029.95,10092.3,1154037416,,,
2022-01-20,10087.55,10107.1,9988.6,10035.75,924970921,,,
2022-01-21,9973.35,9995.65,9813.3,9883.55,1088895991,,,
2022-01-24,9872.2,9874.85,9470.8,9562.05,1589116251,,,
2022-01-25,9472.75,9651.35,9349,9640.7,1516555502,,,
2022-01-27,9551.4,9561.7,9413.7,9535.1,1711103412,,,
2022-01-28,9597.9,9747.6,9586.3,9601.3,1557189221,,,
2022-01-31,9711.15,9768.05,9688.95,9738.95,1268043025,,,
2022-02-01,9835.3,9869.55,9695.7,9858.2,1611152297,,,
2022-02-02,9917.45,9978.45,9911,9970.05,1510608408,,,
2022-02-03,9965.6,9967.85,9843.1,9864.7,1251324355,,,
2022-02-04,9874.25,9895.25,9795.95,9816.15,1340773956,,,
2022-02-07,9814.95,9852.05,9647.95,9695.65,1370145761,,,
2022-02-08,9731.8,9751.55,9563.6,9666.45,1366725764,,,
2022-02-09,9718.45,9782.3,9709.45,9775.1,1024975839,,,
2022-02-10,9815.4,9838.2,9741.85,9823.65,1237625850,,,
2022-02-11,9746.65,9747.4,9643.45,9663.05,1023336429,,,
2022-02-14,9464.8,9492.7,9307.15,9328.7,1315236287,,,
2022-02-15,9370.95,9596,9274.25,9585.55,1326784982,,,
2022-02-16,9639.4,9664.3,9546.65,9569.55,1106165578,,,
2022-02-17,9613.35,9637.25,9527.6,9554.95,913463640,,,
2022-02-18,9509.8,9576.9,9490.95,9500.6,847494066,,,
2022-02-21,9454.35,9508.4,9356,9421.3,1231099257,,,
2022-02-22,9199,9371.5,9198,9349.35,1316515173,,,
2022-02-23,9410.1,9449.4,9351.65,9365.75,1028509562,,,
2022-02-24,9077.9,9155.7,8871.4,8884.3,2379312308,,,
2022-02-25,9045.85,9205.5,9042.75,9175.3,1637174790,,,
2022-02-28,9086.85,9261.75,9009.35,9253.5,1623441834,,,
2022-03-02,9170.45,9242.05,9139.6,9198.15,1621443102,,,
2022-03-03,9290.95,9311,9134.8,9160.05,1642769095,,,
2022-03-04,9095.3,9108.05,8964.9,8990.4,1813228224,,,
2022-03-07,8807.25,8829,8697.55,8783.5,1786463901,,,
2022-03-08,8758.45,8885.35,8699.3,8875.1,1630280724,,,
2022-03-09,8935.65,9085.85,8896.8,9052.5,1460972912,,,
2022-03-10,9255,9260.7,9113.25,9171.95,1564627171,,,
2022-03-11,9147,9219.9,9115.4,9208.0,1136761092,,,
2022-03-14,9219.05,9280.1,9166.4,9269.55,1113947856,,,
2022-03-15,9294.6,9316.5,9126.1,9176.8,1355696476,,,
2022-03-16,9286.7,9358.8,9273.75,9354.55,977145679,,,
2022-03-17,9470.55,9509.8,9457.95,9495.65,2118151794,,,
2022-03-21,9539.1,9544.65,9431.4,9439.4,1102040936,,,
2022-03-22,9446.55,9501.2,9355.5,9494.35,1120302581,,,
2022-03-23,9547.4,9567.95,9471.55,9495.75,1316840668,,,
2022-03-24,9449.95,9536.1,9443.7,9515.55,1196785496,,,
2022-03-25,9558.8,9561.45,9451,9489.4,995069686,,,
2022-03-28,9512.25,9517.85,9398.1,9496.2,1085843592,,,
2022-03-29,9542.15,9562.9,9502,9552.7,1154882826,,,
2022-03-30,9627.25,9656.6,9591,9639.7,1670214876,,,
2022-03-31,9660.4,9686.25,9635.15,9650.2,1404435674,,,
2022-04-01,9652.55,9785.1,9646.4,9771.5,1384775762,,,
2022-04-04,9833.15,9951.9,9830.45,9946.85,1406496648,,,
2022-04-05,9990.95,10036.35,9954.9,10003.55,1313201180,,,
2022-04-06,9970.2,10022.1,9950.35,9993.25,2260633460,,,
2022-04-07,9984.85,10021.95,9893.35,9906.55,2412780457,,,
2022-04-08,9957.65,10025.5,9915.2,9999.8,1747266981,,,
2022-04-11,10009.7,10051.05,9997.35,10019.45,1227134953,,,
2022-04-12,10000.05,10000.05,9822.05,9885.95,1243673271,,,
2022-04-13,9938.7,9960.9,9863.05,9869.9,940743634,,,
2022-04-18,9764.3,9775.65,9671.1,9739.35,1193435447,,,
2022-04-19,9800.05,9823.4,9543.05,9615.3,1221734403,,,
2022-04-20,9666.55,9734.1,9628.95,9691.8,999278636,,,
2022-04-21,9756.25,9821.8,9745.1,9811.85,1001700418,,,
2022-04-22,9751.6,9794.9,9700.15,9713.6,912624027,,,
2022-04-25,9628.8,9628.8,9527.2,9558.55,1075407007,,,
2022-04-26,9652.75,9714.25,9639.15,9704.15,971353943,,,
2022-04-27,9643.55,9664.5,9557.3,9614.5,1038280622,,,
2022-04-28,9696.35,9728,9612.8,9702.35,982886077,,,
2022-04-29,9756.55,9773.15,9603.5,9625.55,1070338896,,,
2022-05-02,9545.75,9599.5,9520.2,9590.45,1014807515,,,
2022-05-04,9618.85,9635.95,9346.05,9377.8,1196274443,,,
2022-05-05,9465.3,9511.1,9361.8,9382.35,997490225,,,
2022-05-06,9229.55,9258.15,9168.85,9222.6,1157601608,,,
2022-05-09,9134.55,9165.5,9031.35,9102.3,1070206402,,,
2022-05-10,9080.1,9162.4,8966.6,8987.7,1019060424,,,
2022-05-11,9007.2,9055,8805.55,8938.95,1265311002,,,
2022-05-12,8867.75,8877.85,8684.7,8740.55,1382203376,,,
2022-05-13,8843.15,8941,8750.5,8773.0,1315379132,,,
2022-05-16,8816.75,8885.45,8747.15,8854.2,1186434911,,,
2022-05-17,8903.3,9093.2,8891.3,9081.4,1196063339,,,
2022-05-18,9126.25,9171.1,9058.45,9072.4,1196726675,,,
2022-05-19,8880.5,8913.35,8805.3,8828.45,1203286525,,,
2022-05-20,8960.7,9043.8,8951.65,9036.5,1052390171,,,
2022-05-23,9067.9,9112.7,8986,9000.1,1272883398,,,
2022-05-24,9017.65,9033.85,8922.25,8945.5,1295630230,,,
2022-05-25,8979.75,8991.05,8799.3,8809.65,1049505396,,,
2022-05-26,8847.05,8929.2,8700.2,8903.95,1227485629,,,
2022-05-27,8983.8,9013.15,8940.1,9007.35,963287742,,,
2022-05-30,9103.35,9205.75,9097.7,9201.05,1087098084,,,
2022-05-31,9179.65,9251.05,9164.5,9183.55,2093045459,,,
2022-06-01,9194.8,9239.15,9131.15,9178.65,990158456,,,
2022-06-02,9171.6,9239.45,9152.8,9231.7,873505898,,,
2022-06-03,9301.35,9312.55,9134.65,9141.85,814673633,,,
2022-06-06,9124.35,9139.8,9040,9127.25,770785804,,,
2022-06-07,9084.95,9089.95,9020.1,9054.65,795887560,,,
2022-06-08,9077.4,9108.15,8987.6,9019.9,826021736,,,
2022-06-09,8979.4,9080.65,8958.35,9072.6,761962445,,,
2022-06-10,8979.3,9009.1,8954.4,8968.35,725835880,,,
2022-06-13,8809.35,8812.85,8700.25,8732.6,893956809,,,
2022-06-14,8683.45,8796.55,8673.65,8713.7,847021051,,,
2022-06-15,8738.65,8761.05,8706.05,8719.85,668019947,,,
2022-06-16,8805.25,8817.5,8508.1,8531.7,993072979,,,
2022-06-17,8476.85,8541.6,8397.7,8456.55,1243290068,,,
2022-06-20,8472.55,8486.75,8318.55,8383.95,1159737431,,,
2022-06-21,8439.55,8612.85,8428.05,8596.95,1090900717,,,
2022-06-22,8562.25,8563.95,8459.45,8469.8,914577834,,,
2022-06-23,8492.3,8589.75,8456.9,8559.2,939484076,,,
2022-06-24,8618.7,8667.45,8610.5,8659.85,864766452,,,
2022-06-27,8774.9,8780.55,8732.2,8740.45,880323460,,,
2022-06-28,8707.7,8772.55,8665.5,8762.5,938604929,,,
2022-06-29,8680.9,8758.5,8672.05,8737.4,1094862476,,,
2022-06-30,8739.1,8780.85,8684.65,8705.95,1021026676,,,
2022-07-01,8672.35,8735.7,8593.1,8720.15,1041051368,,,
2022-07-04,8715.45,8780.7,8687,8773.8,860640379,,,
2022-07-05,8809.9,8866.15,8750.45,8764.05,821315908,,,
2022-07-06,8774.2,8905.85,8752.85,8895.85,882199422,,,
2022-07-07,8963.4,9001.35,8941.15,8994.5,911015004,,,
2022-07-08,9058.3,9058.6,8987.45,9027.3,788469904,,,
2022-07-11,8994.7,9096.4,8982,9084.15,963516444,,,
2022-07-12,9047.8,9083.8,9008.1,9020.6,886912219,,,
2022-07-13,9063,9080.7,8991.4,9001.65,798085162,,,
2022-07-14,9027.95,9044.45,8926.4,8991.55,811369989,,,
2022-07-15,9027.35,9060,8991.05,9050.65,808383115,,,
2022-07-18,9114.7,9182.7,9110.8,9176.05,879937333,,,
2022-07-19,9143,9238.85,9141.65,9228.6,920861206,,,
2022-07-20,9327.95,9328.05,9262.45,9278.3,990485724,,,
2022-07-21,9285.4,9379.05,9267.6,9368.9,1017948610,,,
2022-07-22,9406.75,9423,9364.15,9401.7,865927378,,,
2022-07-25,9390.8,9406.35,9343.2,9376.8,1094136405,,,
2022-07-26,9381.8,9382.55,9271,9282.5,1171728854,,,
2022-07-27,9275.4,9373.1,9256.5,9365.7,1248748958,,,
2022-07-28,9429.85,9484.6,9396.6,9477.35,1398636788,,,
2022-07-29,9551.35,9616,9535.75,9607.3,1527091900,,,
2022-08-01,9657.8,9741.1,9609.45,9734.85,1645546048,,,
2022-08-02,9728.6,9780.35,9681.55,9762.9,2789113921,,,
2022-08-03,9763.1,9776.65,9664.55,9744.6,1999137935,,,
2022-08-04,9788.8,9814.2,9626.05,9772.95,1873817399,,,
2022-08-05,9800.15,9825.6,9768.4,9789.15,1703521152,,,
2022-08-08,9796.6,9856.4,9763.75,9837.1,1070510090,,,
2022-08-10,9866.55,9869.75,9789.05,9826.75,1243438182,,,
2022-08-11,9911.95,9918.4,9884.95,9901.75,1135514572,,,
2022-08-12,9911.85,9958.85,9889.85,9945.65,1338606402,,,
2022-08-16,9998.4,10059.15,9985.7,10054.85,1365937281,,,
2022-08-17,10087.7,10123.7,10079.85,10111.0,1499919388,,,
2022-08-18,10101.9,10139.5,10082.75,10127.1,1368151939,,,
2022-08-19,10147.75,10160.25,9990.4,10010.15,1474609419,,,
2022-08-22,9977.55,9978.7,9826.25,9842.45,1120311889,,,
2022-08-23,9764.3,9935.2,9760.95,9912.95,1233823522,,,
2022-08-24,9898.9,9963.75,9886.4,9956.4,1197966789,,,
2022-08-25,10004.5,10030.9,9925.65,9941.8,1540219717,,,
2022-08-26,9998.35,10033.35,9954.6,9973.75,1145466088,,,
2022-08-29,9730.9,9887.85,9729,9869.45,1035554467,,,
2022-08-30,9937.75,10101.35,9934.85,10092.6,1399689938,,,
2022-09-01,9996,10100.95,9994.25,10053.55,1386073448,,,
2022-09-02,10097.35,10118.4,10027.45,10037.75,1217233124,,,
2022-09-05,10056.4,10109.15,10054.4,10094.75,1227363384,,,
2022-09-06,10130.25,10155,10074.45,10116.55,1245007019,,,
2022-09-07,10069.55,10145.6,10057.6,10137.6,1732172052,,,
2022-09-08,10209.75,10221.75,10160.85,10199.95,1445513870,,,
2022-09-09,10267.75,10282.4,10202.45,10228.9,1364855279,,,
2022-09-12,10268.8,10316.5,10264.4,10304.8,976654522,,,
2022-09-13,10361.25,10372.95,10340.45,10349.35,1354419084,,,
2022-09-14,10199.65,10348.8,10198.8,10318.0,1476164819,,,
2022-09-15,10359.85,10388.15,10275.45,10310.35,1293220696,,,
2022-09-16,10287.95,10298.55,10032.8,10072.95,1881386250,,,
2022-09-19,10087.65,10130.4,9990.65,10098.4,1163160554,,,
2022-09-20,10181.25,10283.8,10174.8,10227.75,1027587563,,,
2022-09-21,10222.05,10272.45,10131.15,10155.85,1088624484,,,
2022-09-22,10112.4,10185.45,10065.7,10156.0,1123923704,,,
2022-09-23,10155.25,10176.35,9946.75,9960.25,1248339112,,,
2022-09-26,9870.2,9877.15,9667.05,9715.05,1470981085,,,
2022-09-27,9766.15,9810,9655.7,9716.2,1125848336,,,
2022-09-28,9648.8,9753.15,9626.05,9662.65,1094614183,,,
2022-09-29,9750.25,9776.2,9633.7,9669.45,1351449572,,,
2022-09-30,9659.45,9837.15,9596.9,9815.5,1431920087,,,
2022-10-03,9820.25,9836.9,9658.3,9694.9,1141929823,,,
2022-10-04,9840.45,9923.55,9824.5,9916.9,1113554878,,,
2022-10-06,9983.9,10033.25,9980.2,9996.35,1142306387,,,
2022-10-07,9990.35,10002.9,9914.95,9977.55,1045700127,,,
2022-10-10,9862.55,9932.7,9831,9907.5,867458324,,,
2022-10-11,9929.9,9931.3,9733.1,9752.65,974978192,,,
2022-10-12,9780.3,9829.9,9711.45,9818.85,918222695,,,
2022-10-13,9812.55,9826.55,9721.6,9754.15,873514896,,,
2022-10-14,9905.5,9916.85,9779.15,9787.2,864455458,,,
2022-10-17,9764.15,9840.05,9709.9,9831.45,883999307,,,
2022-10-18,9899.25,9938.15,9889.8,9931.2,1217603622,,,
2022-10-19,9968.45,9988.3,9920.7,9939.75,960544280,,,
2022-10-20,9893.45,9956.75,9863.15,9946.8,1048675512,,,
2022-10-21,9974.65,9994.1,9884.9,9911.95,1230304264,,,
2022-10-24,10010.75,10016.75,9967.9,9979.55,256568032,,,
2022-10-25,10006.35,10007.3,9945.55,9968.4,1320322071,,,
2022-10-27,10017.1,10044.4,9981.75,10027.7,1297145698,,,
2022-10-28,10043.1,10052.55,9973.85,10003.3,1069957287,,,
2022-10-31,10057.8,10135.8,10055.6,10131.25,978038986,,,
2022-11-01,10178.2,10220,10158.75,10212.6,1255429160,,,
2022-11-02,10224,10232.75,10176.15,10194.6,955408781,,,
2022-11-03,10140.55,10211.2,10137.1,10195.7,1112725226,,,
2022-11-04,10205.6,10231.1,10169.65,10210.85,1193419315,,,
2022-11-07,10262.95,10289.2,10208.3,10272.9,1421825770,,,
2022-11-09,10317.65,10318.6,10211,10228.95,1676728188,,,
2022-11-10,10188.2,10199.5,10106.4,10143.7,1269562425,,,
2022-11-11,10264.3,10283,10218.55,10236.45,1803063331,,,
2022-11-14,10245.45,10259.7,10212.35,10232.95,1485597965,,,
2022-11-15,10247.3,10258.1,10206.25,10249.45,964587602,,,
2022-11-16,10255.3,10269.15,10178.5,10213.55,1245122005,,,
2022-11-17,10196.7,10210.2,10156.45,10169.3,1231733414,,,
2022-11-18,10195.05,10202.75,10082.15,10135.6,1180991625,,,
2022-11-21,10119.2,10123.55,10075.85,10093.85,1151066925,,,
2022-11-22,10109.2,10138.6,10090.8,10132.45,1242513527,,,
2022-11-23,10170.4,10175.6,10139.55,10151.5,1176500553,,,
2022-11-24,10185.6,10237.7,10171.25,10225.75,1314219412,,,
2022-11-25,10250.6,10285.35,10230.9,10277.55,1695039554,,,
2022-11-28,10260.85,10337.25,10242.45,10324.9,1532369111,,,
2022-11-29,10325.55,10351.5,10312.85,10324.0,1386276099,,,
2022-11-30,10334.15,10443.9,10332.4,10415.9,2376471895,,,
2022-12-01,10475.45,10489.75,10442.85,10469.7,1423388733,,,
2022-12-02,10462.35,10489.3,10443,10485.1,1593939972,,,
2022-12-05,10510.6,10512.15,10435.35,10488.15,1357198853,,,
2022-12-06,10455.45,10473.25,10426.3,10450.15,1473116741,,,
2022-12-07,10459.95,10470.35,10390.8,10405.65,1137409693,,,
2022-12-08,10423.8,10449.6,10406.6,10443.75,1183017790,,,
2022-12-09,10484.1,10487.75,10323.6,10388.25,2645592207,,,
2022-12-12,10366.7,10411,10306.95,10404.95,1934347284,,,
2022-12-13,10430.8,10457.95,10404.3,10452.2,2313251434,,,
2022-12-14,10487.5,10513.1,10479.75,10501.3,2805716693,,,
2022-12-15,10490.85,10511.4,10370.45,10388.8,1822920825,,,
2022-12-16,10343.25,10389.25,10255.55,10269.75,1727474907,,,
2022-12-19,10285,10344.05,10237.65,10338.45,1185347048,,,
2022-12-20,10310.5,10328.4,10226.4,10320.25,1342901154,,,
2022-12-21,10352.6,10381.2,10161,10181.1,1622594121,,,
2022-12-22,10227.1,10253,10059.7,10110.75,1629137273,,,
2022-12-23,10021.85,10049.55,9808.55,9826.35,1812945566,,,
2022-12-26,9833.55,10043.85,9772.7,10014.85,1806242292,,,
2022-12-27,10069.5,10111.85,10009.2,10097.05,1607042189,,,
2022-12-28,10085.5,10137.15,10055.45,10115.25,1466572416,,,
2022-12-29,10076.95,10160.65,10025.3,10142.8,1422290864,,,
2022-12-30,10195.7,10217.65,10126.7,10143.55,1348231247,,,
2023-01-02,10168.35,10208.2,10134.7,10200.7,1473070581,,,
2023-01-03,10205.15,10234.8,10187.7,10222.7,1365422102,,,
2023-01-04,10230.65,10240.3,10105.25,10120.5,1481677718,,,
2023-01-05,10154.5,10163.6,10065.6,10133.7,1190110231,,,
2023-01-06,10145.35,10149.05,10025.95,10060.85,1142458184,,,
2023-01-09,10123.7,10176.45,10109.2,10167.8,1168807239,,,
2023-01-10,10181.3,10181.45,10053.35,10100.35,1181653498,,,
2023-01-11,10115.4,10130.65,10057.45,10077.25,1137538396,,,
2023-01-12,10100.45,10104.1,10013.65,10058.7,1072467426,,,
2023-01-13,10073.4,10098.1,10010.8,10083.2,1183653240,,,
2023-01-16,10113.35,10133.85,10040.7,10055.9,1154492021,,,
2023-01-17,10072.5,10101.6,10026.65,10092.3,1121918275,,,
2023-01-18,10108.95,10144.9,10081.3,10138.95,1058905718,,,
2023-01-19,10114.15,10134.85,10088.65,10116.75,1041487198,,,
2023-01-20,10120.75,10126.95,10052.3,10060.2,1032107399,,,
2023-01-23,10091.65,10099.65,10058.25,10091.75,1338128931,,,
2023-01-24,10117.65,10123,10058.95,10073.0,1028414788,,,
2023-01-25,10058.75,10060.45,9914.65,9935.2,1415745192,,,
2023-01-27,9936.35,9941.55,9692.75,9768.65,1861273274,,,
2023-01-30,9736.75,9826.9,9655.05,9754.95,1706612010,,,
2023-01-31,9787.3,9854.25,9715.85,9837.8,1591248864,,,
2023-02-01,9915.7,9981.25,9620.95,9771.9,1925334734,,,
2023-02-02,9723.2,9811.05,9685.35,9773.5,1555005986,,,
2023-02-03,9809.75,9831.35,9682.25,9822.2,1511601329,,,
2023-02-06,9812,9852.25,9783.75,9843.4,1779895908,,,
2023-02-07,9855.35,9868.2,9789.4,9831.3,1324788175,,,
2023-02-08,9849.95,9926.4,9843.1,9914.7,1347595718,,,
2023-02-09,9925.45,9936.45,9877.3,9920.15,1165466826,,,
2023-02-10,9897.75,9930.25,9881.05,9921.9,1153134296,,,
2023-02-13,9915,9922.15,9816.05,9825.65,1034170773,,,
2023-02-14,9842.35,9854.05,9789.05,9839.35,926176494,,,
2023-02-15,9822.55,9895.2,9815.55,9886.45,865813599,,,
2023-02-16,9926.1,9959.3,9917.05,9932.3,916059092,,,
2023-02-17,9904.5,9928.2,9854.3,9874.8,849274163,,,
2023-02-20,9891.95,9898.2,9837.55,9849.1,1064401920,,,
2023-02-21,9874.6,9887.3,9816.6,9829.55,1018918209,,,
2023-02-22,9793.3,9799.5,9681.75,9705.45,969856377,,,
2023-02-23,9712.45,9720.8,9626.7,9680.0,1259280605,,,
2023-02-24,9713.65,9733.45,9640.75,9655.85,1008547663,,,
2023-02-27,9640.85,9645,9540,9604.85,982764807,,,
2023-02-28,9612.75,9642.55,9583.2,9615.6,1641064434,,,
2023-03-01,9636.9,9733.25,9634.25,9727.45,1209799902,,,
2023-03-02,9725.3,9732.2,9679.65,9686.65,1128056650,,,
2023-03-03,9745.25,9807.7,9737.65,9782.3,1323169800,,,
2023-03-06,9827.55,9896.05,9824.85,9850.6,1159042998,,,
2023-03-08,9823.05,9888.1,9794.85,9879.65,950508215,,,
2023-03-09,9899.1,9904.9,9798.3,9809.25,888150863,,,
2023-03-10,9743.2,9743.95,9668.8,9733.35,843044272,,,
2023-03-13,9725.9,9767.75,9551,9576.3,1397279351,,,
2023-03-14,9583.1,9599.3,9480.3,9515.55,1116786638,,,
2023-03-15,9581.15,9603.5,9487.2,9500.25,969289312,,,
2023-03-16,9498.1,9540.4,9401.65,9506.2,1708380269,,,
2023-03-17,9573,9592.7,9503.65,9558.3,1871107539,,,
2023-03-20,9544.1,9549.6,9405.1,9480.75,1203809198,,,
2023-03-21,9519.45,9549.45,9494.85,9540.0,1013860762,,,
2023-03-22,9577.75,9594.55,9554.15,9568.75,1012134699,,,
2023-03-23,9548.95,9577.3,9524,9531.35,840645598,,,
2023-03-24,9532.7,9546.15,9425.1,9440.1,984529677,,,
2023-03-27,9454.2,9474.15,9404.1,9418.05,998720844,,,
2023-03-28,9435.2,9439.85,9358.55,9387.5,975863243,,,
2023-03-29,9386.55,9517.35,9386.55,9500.9,1275068598,,,
2023-03-31,9555.95,9637,9554.1,9618.9,1149523771,,,
2023-04-03,9663.15,9663.75,9613.15,9651.8,946066957,,,
2023-04-05,9661.05,9704,9653.5,9698.3,954842813,,,
2023-04-06,9694.05,9757.85,9670.8,9741.7,936384179,,,
2023-04-10,9769.05,9786.2,9740.95,9768.2,841671963,,,
2023-04-11,9803.75,9833.45,9779.85,9815.8,884920443,,,
2023-04-12,9837.9,9873.65,9822.6,9869.35,828299365,,,
2023-04-13,9879.15,9894.55,9838.95,9879.65,890110973,,,
2023-04-17,9879.6,9879.6,9800.2,9872.4,947474394,,,
2023-04-18,9898.95,9912.95,9863.2,9892.5,1202120177,,,
2023-04-19,9900.85,9906.4,9857.5,9868.8,1059225255,,,
2023-04-20,9883.3,9899.35,9855.3,9866.65,764562948,,,
2023-04-21,9879.95,9881.7,9807.75,9844.85,1130236413,,,
2023-04-24,9873.3,9892.45,9834.15,9888.5,1035532778,,,
2023-04-25,9897.6,9912.45,9875.4,9895.05,1287998459,,,
2023-04-26,9890.4,9918.2,9861.6,9913.1,1140061934,,,
2023-04-27,9917.75,9974.35,9911.85,9968.5,1404237068,,,
2023-04-28,9991.7,10079.25,9975.6,10070.35,1450150151,,,
2023-05-02,10110.05,10153.2,10102.45,10133.9,1441617621,,,
2023-05-03,10120.45,10154.2,10100.55,10133.0,1399743399,,,
2023-05-04,10141.9,10217.35,10136.1,10210.75,1373869507,,,
2023-05-05,10180.8,10211.9,10122.9,10132.15,1251392768,,,
2023-05-08,10162.65,10237.65,10155.85,10229.65,1207815977,,,
2023-05-09,10254.8,10290.25,10214,10231.5,1171890179,,,
2023-05-10,10256.75,10257.9,10189.45,10251.7,1075700071,,,
2023-05-11,10284.25,10293,10253.95,10268.6,1150267870,,,
2023-05-12,10270.3,10275.6,10215.15,10255.15,956181999,,,
2023-05-15,10265,10331.45,10249.9,10305.55,908178347,,,
2023-05-16,10333.15,10355.65,10282.1,10290.8,1240933276,,,
2023-05-17,10300,10304.35,10213,10257.6,1092536246,,,
2023-05-18,10305.85,10312,10199,10207.85,950228577,,,
2023-05-19,10227.35,10229.35,10135.25,10222.2,977203654,,,
2023-05-22,10220.3,10290.95,10201.85,10283.95,1021414195,,,
2023-05-23,10317.25,10349.75,10311,10324.95,950158821,,,
2023-05-24,10315.35,10359.6,10292.7,10318.8,972001741,,,
2023-05-25,10317.2,10356.3,10300.5,10347.2,1189246147,,,
2023-05-26,10365.5,10442.6,10355.45,10437.5,1003877487,,,
2023-05-29,10493.7,10502.65,10466,10483.25,1133503695,,,
2023-05-30,10493.8,10523.65,10477.9,10510.2,921635008,,,
2023-05-31,10498.85,10520.45,10462.45,10508.1,2200465616,,,
2023-06-01,10525.6,10551.5,10498.3,10509.4,925457020,,,
2023-06-02,10545.65,10559.45,10529.2,10548.15,1064544910,,,
2023-06-05,10592.6,10607.3,10575.25,10580.15,958862787,,,
2023-06-06,10589.55,10600.45,10544.25,10590.0,807205493,,,
2023-06-07,10629.4,10694.6,10622.35,10687.7,1149088561,,,
2023-06-08,10705.6,10719.95,10620.25,10631.2,1415483243,,,
2023-06-09,10653.2,10664.95,10598.6,10607.15,980860990,,,
2023-06-12,10634,10660.1,10599.9,10651.55,851687449,,,
2023-06-13,10676.45,10756.85,10675.95,10750.05,1104821718,,,
2023-06-14,10777.05,10781,10744.35,10775.95,1302372435,,,
2023-06-15,10792.4,10817.5,10754.8,10770.9,1116741061,,,
2023-06-16,10802.05,10867.8,10795.55,10850.45,1157892828,,,
2023-06-19,10886.95,10902.95,10823.35,10833.0,1083871509,,,
2023-06-20,10836.5,10885.65,10794.85,10876.1,921696791,,,
2023-06-21,10921.4,10955.3,10900.55,10926.7,1193062943,,,
2023-06-22,10940.15,10942.1,10835.85,10850.0,1194884993,,,
2023-06-23,10842.85,10845.85,10737.2,10744.8,968884252,,,
2023-06-26,10748.2,10811.55,10723.25,10801.85,866303971,,,
2023-06-27,10837.8,10866.4,10826.55,10861.75,986136784,,,
2023-06-28,10911.85,10944.95,10891.55,10931.55,1407105641,,,
2023-06-30,10978.05,11028.1,10965.2,11023.85,1128911602,,,
2023-07-03,11070.55,11085.8,11055.3,11070.6,1187253193,,,
2023-07-04,11114.1,11114.9,11047.35,11074.95,1541991867,,,
2023-07-05,11093.35,11123,11071.25,11114.2,1366266761,,,
2023-07-06,11122.25,11191.7,11115.35,11188.55,1377172134,,,
2023-07-07,11168.15,11199.85,11083.9,11099.25,1266438140,,,
2023-07-10,11134.45,11135.6,11060.8,11077.65,1085539661,,,
2023-07-11,11115.2,11177.6,11107.35,11146.1,1090295361,,,
2023-07-12,11178.65,11184.6,11141.25,11161.45,1182900680,,,
2023-07-13,11212.45,11238.45,11113.7,11132.65,1411428015,,,
2023-07-14,11180.6,11241.85,11158.45,11231.25,1035702272,,,
2023-07-17,11262.9,11296.8,11246.45,11290.2,1251177680,,,
2023-07-18,11326.25,11331.35,11246.9,11287.65,1341397919,,,
2023-07-19,11318.55,11350.5,11291.25,11345.7,1216199160,,,
2023-07-20,11359.4,11398.4,11331.7,11392.85,1299483891,,,
2023-07-21,11332.95,11367.3,11306.05,11321.6,1645630275,,,
2023-07-24,11337.45,11355.55,11289.2,11299.35,1640794816,,,
2023-07-25,11342,11344.8,11282.95,11334.55,1376061833,,,
2023-07-26,11370.1,11403.25,11354.7,11380.1,1665893301,,,
2023-07-27,11425.2,11436.4,11331.25,11363.25,1605456345,,,
2023-07-28,11377.85,11406.4,11352.1,11399.05,1309814289,,,
2023-07-31,11414.45,11503.5,11397.75,11495.15,1603019168,,,
2023-08-01,11525.4,11529.6,11477.3,11494.05,1432046338,,,
2023-08-02,11471.35,11478.05,11281.8,11360.3,1459920001,,,
2023-08-03,11340.8,11381.45,11270.1,11322.7,1860992692,,,
2023-08-04,11374.65,11417.75,11362.8,11403.75,1790043456,,,
2023-08-07,11438.2,11459.3,11407.95,11453.9,1561293393,,,
2023-08-08,11483.35,11489.75,11405,11461.85,1643785238,,,
2023-08-09,11476.35,11502.1,11417.85,11496.45,1244041312,,,
2023-08-10,11501.5,11513.3,11436.15,11469.45,1515904633,,,
2023-08-11,11501.45,11503.65,11413.1,11423.7,1244409407,,,
2023-08-14,11406.8,11419.55,11280.1,11400.6,1264947407,,,
2023-08-16,11376.05,11426.9,11339.75,11416.15,1217297766,,,
2023-08-17,11429.4,11447.05,11394.75,11406.85,1275790787,,,
2023-08-18,11395.45,11413.2,11357.25,11381.95,1130108058,,,
2023-08-21,11400.4,11464.4,11387.35,11453.85,1087890035,,,
2023-08-22,11483.45,11528.25,11477,11522.9,1450587440,,,
2023-08-23,11557.7,11582.85,11544.4,11556.1,1221201605,,,
2023-08-24,11620.05,11645.1,11551.45,11560.95,1346702111,,,
2023-08-25,11528.75,11550.95,11458.65,11479.5,1708254979,,,
2023-08-28,11513.1,11544.85,11484.4,11519.35,1559743620,,,
2023-08-29,11555.4,11565.2,11533.85,11556.45,1566212601,,,
2023-08-30,11610.1,11635.05,11593.9,11600.4,1432718367,,,
2023-08-31,11627.9,11638.35,11560.05,11587.05,2701190722,,,
2023-09-01,11599.9,11694.1,11587.3,11686.3,2885032659,,,
2023-09-04,11741.3,11774.7,11686.3,11767.3,2918339559,,,
2023-09-05,11804.85,11855.6,11767.3,11848.8,2396070759,,,
2023-09-06,11870.7,11874.4,11815.95,11863.7,1969753352,,,
2023-09-07,11874.85,11942.45,11860.15,11935.6,1756810880,,,
2023-09-08,11970.95,12035.2,11935.6,12022.3,1860588339,,,
2023-09-11,12081.4,12147.25,12070.8,12142.15,2240141750,,,
2023-09-12,12212.8,12213.05,11923.95,11933.0,2690390223,,,
2023-09-13,11928.9,11969.45,11829.4,11961.45,2046413215,,,
2023-09-14,12011.95,12057,11989,12033.15,1613968392,,,
2023-09-15,12080.1,12089.7,12037.2,12064.75,2466532127,,,
2023-09-18,12072.1,12073.35,12020.65,12027.4,2296599344,,,
2023-09-20,11969.15,12010.6,11920.9,11943.65,1682244006,,,
2023-09-21,11919.8,11942.65,11822.9,11844.55,1431826209,,,
2023-09-22,11855.25,11890.4,11783,11820.8,1556488183,,,
2023-09-25,11834.3,11866.45,11766.3,11851.55,1251173473,,,
2023-09-26,11859.95,11877.95,11830.7,11847.5,1425204506,,,
2023-09-27,11852.95,11916.05,11828.35,11908.15,1467168384,,,
2023-09-28,11936.45,11938.55,11764.2,11778.35,1731684483,,,
2023-09-29,11819.4,11918.2,11798.55,11877.5,1329348413,,,
2023-10-03,11881.55,11883.55,11826.8,11867.6,1414011648,,,
2023-10-04,11831.7,11834.7,11687.6,11755.35,1599343632,,,
2023-10-05,11808.45,11834.3,11765.45,11781.85,1313010026,,,
2023-10-06,11828.6,11859.75,11807.4,11849.2,1033896512,,,
2023-10-09,11758.3,11783.1,11705.05,11722.6,1361383400,,,
2023-10-10,11765,11862.5,11765,11852.15,1105201035,,,
2023-10-11,11910.7,11959.4,11908.15,11918.05,1412536162,,,
2023-10-12,11947.7,11960.95,11919.95,11929.85,1149785200,,,
2023-10-13,11872.8,11942,11860.8,11912.25,1329961720,,,
2023-10-16,11917.9,11943.9,11891.55,11919.2,1053945766,,,
2023-10-17,11983.2,11989.55,11949.55,11969.2,1303535520,,,
2023-10-18,11981.95,11985.6,11870.45,11881.85,1208849759,,,
2023-10-19,11824.9,11876.6,11780.75,11859.65,1096300765,,,
2023-10-20,11829.45,11849.05,11755.55,11774.6,1281439078,,,
2023-10-23,11773.3,11785.05,11506.65,11530.25,1510202273,,,
2023-10-25,11552.15,11585.6,11375.75,11449.35,1434137554,,,
2023-10-26,11389.75,11396.65,11230.95,11307.65,1626721634,,,
2023-10-27,11368.25,11475.85,11367.6,11454.85,1235978057,,,
2023-10-30,11471.7,11495,11377.25,11488.25,1333412247,,,
2023-10-31,11545.65,11550.3,11477.5,11487.45,1214666091,,,
2023-11-01,11500.4,11509.5,11442.05,11451.0,1849573704,,,
2023-11-02,11527.9,11575.85,11525.15,11569.15,1663348834,,,
2023-11-03,11639.45,11659.7,11626.35,11643.4,1794937163,,,
2023-11-06,11715.55,11755.45,11698.65,11749.95,1261380475,,,
2023-11-07,11763,11778.8,11729.85,11771.2,1380795974,,,
2023-11-08,11816.4,11850,11802.95,11844.25,1532197759,,,
2023-11-09,11863.95,11871.05,11822.15,11828.85,1579036456,,,
2023-11-10,11813.6,11870.85,11775.25,11860.4,1171806776,,,
2023-11-12,11947.15,11952.2,11920.4,11929.85,266526200,,,
2023-11-13,11913.45,11915.95,11875,11906.4,1569832038,,,
2023-11-15,12019.4,12031.3,11989.6,12025.9,1937136040,,,
2023-11-16,12037.05,12137,12019.85,12094.85,1457431308,,,
2023-11-17,12065.35,12135.65,12057.35,12112.1,2057167886,,,
2023-11-20,12130.65,12145,12086,12100.6,1462842151,,,
2023-11-21,12147.85,12153.25,12118.2,12125.6,1243869965,,,
2023-11-22,12137.95,12151.65,12065.6,12141.5,1218788325,,,
2023-11-23,12168.25,12184.4,12140.7,12147.85,1083902933,,,
2023-11-24,12166.35,12180.65,12147.45,12158.2,1163245419,,,
2023-11-28,12198.8,12228.65,12169.2,12220.35,1600442781,,,
2023-11-29,12281.75,12327.2,12278.55,12321.25,1554555712,,,
2023-11-30,12339.95,12402.35,12283.1,12389.8,2961080222,,,
2023-12-01,12443.6,12503.75,12437.6,12487.4,1620730056,,,
2023-12-04,12693.8,12700.9,12609.35,12691.65,2029873819,,,
2023-12-05,12750,12778.9,12671.35,12773.7,1999084460,,,
2023-12-06,12832.1,12848.8,12760.6,12821.25,1827563179,,,
2023-12-07,12835.95,12867.85,12777.95,12857.7,1996909110,,,
2023-12-08,12893.85,12916.05,12767.3,12854.45,2186609170,,,
2023-12-11,12878.1,12920.8,12867.65,12915.25,2057381499,,,
2023-12-12,12948.4,12955.6,12810.25,12856.4,2250274892,,,
2023-12-13,12886.55,12937.1,12811.25,12923.7,2217061288,,,
2023-12-14,13025.4,13091.1,13014.15,13076.2,2817027732,,,
2023-12-15,13145.25,13170.8,13105.35,13160.3,2647784191,,,
2023-12-18,13166.85,13203.55,13106.05,13177.9,2236678251,,,
2023-12-19,13214,13215.1,13099.05,13163.35,2034944194,,,
2023-12-20,13229.05,13261.9,12819.25,12853.9,2665107057,,,
2023-12-21,12757.95,13004,12699.25,12987.9,2127308781,,,
2023-12-22,13045.4,13100.3,12988.2,13072.25,1732497061,,,
2023-12-26,13108.6,13162,13078.7,13141.95,1478935711,,,
2023-12-27,13196.25,13241.4,13159.9,13227.7,1282353791,,,
2023-12-28,13269.55,13303.95,13232.85,13294.85,1999969239,,,
2023-12-29,13301.55,13361.85,13264.45,13347.0,3379400254,,,
2024-01-01,13372.7,13437.8,13351.15,13389.75,3449839439,,,
2024-01-02,13412.2,13415.1,13243.7,13358.5,3032366628,,,
2024-01-03,13373.5,13382.2,13307.45,13346.35,2460822073,,,
2024-01-04,13404.2,13506.85,13397.1,13495.25,2163743511,,,
2024-01-05,13543.6,13572.1,13453.55,13529.35,2775846344,,,
2024-01-08,13562.2,13567.25,13397.1,13409.05,2534260516,,,
2024-01-09,13500.95,13525.25,13419.95,13434.85,2356311781,,,
2024-01-10,13443.75,13480.9,13350.55,13473.3,2188492155,,,
2024-01-11,13523.2,13550.55,13483.15,13519.85,1822759589,,,
2024-01-12,13589.6,13629.85,13544.25,13610.6,1819052020,,,
2024-01-15,13694.8,13711.4,13613.55,13701.4,2283042857,,,
2024-01-16,13718.5,13736.85,13581.25,13659.75,2906143918,,,
2024-01-17,13497.25,13592.55,13441.65,13454.55,2911645806,,,
2024-01-18,13401.05,13445.7,13184.15,13419.75,2607333316,,,
2024-01-19,13519.95,13584.55,13505.2,13578.55,2430856772,,,
2024-01-20,13655.5,13673.05,13576.45,13588.85,1483577453,,,
2024-01-23,13688.75,13693.65,13224.8,13271.55,2994907600,,,
2024-01-24,13274.7,13473.15,13170.1,13458.25,2765733600,,,
2024-01-25,13483.65,13484.4,13338.2,13402.05,2345958108,,,
2024-01-29,13458.1,13626.9,13454.05,13616.3,2362480894,,,
2024-01-30,13664.6,13684.05,13522.45,13532.4,2276114589,,,
2024-01-31,13537.05,13710.35,13521.35,13703.45,2091086255,,,
2024-02-01,13745.8,13746.2,13599.95,13659.95,2397358128,,,
2024-02-02,13727.55,13854.3,13720.9,13743.85,2894522237,,,
2024-02-05,13795.85,13844.95,13686.1,13717.1,3077448184,,,
2024-02-06,13769.35,13863.45,13698.5,13856.0,3111399274,,,
2024-02-07,13944.75,13957.75,13843.05,13923.05,4036491515,,,
2024-02-08,14005.3,14006.85,13832.3,13857.85,4306353911,,,
2024-02-09,13879.2,13884.6,13636.35,13809.4,4214131860,,,
2024-02-12,13851.4,13855.95,13546.9,13578.3,2964193636,,,
2024-02-13,13603.15,13651.9,13436.9,13640.45,2739402358,,,
2024-02-14,13519.1,13764.05,13482.2,13739.7,2433147111,,,
2024-02-15,13809.95,13851.3,13777.35,13833.45,2529439696,,,
2024-02-16,13900.7,13946.45,13871.2,13929.3,2185379808,,,
2024-02-19,13994.7,14028.55,13947.45,13986.1,1925042856,,,
2024-02-20,13989.15,14004.1,13942.2,13995.15,1933000450,,,
2024-02-21,14037.95,14045,13841.15,13875.7,2360737400,,,
2024-02-22,13919,14001.05,13783.25,13985.9,2443534487,,,
2024-02-23,14040.65,14059.4,13989.3,14014.5,3343649532,,,
2024-02-26,14011.25,14032,13925.75,13972.3,2105109248,,,
2024-02-27,13973.35,14021.55,13940.65,13981.6,2184434249,,,
2024-02-28,14005.75,14012.3,13747.95,13773.85,3195554657,,,
2024-02-29,13769.05,13871.85,13671,13826.85,3992619794,,,
2024-03-01,13887.75,13992.2,13887.05,13985.1,2246417763,,,
2024-03-02,14036.65,14067.3,14022.5,14047.7,229435612,,,
2024-03-04,14075.4,14086.5,14016.55,14063.25,1952722347,,,
2024-03-05,14062.6,14078.9,13999.6,14032.25,1863956696,,,
2024-03-06,14037.05,14041.65,13837.1,14013.85,2726967764,,,
2024-03-07,14035.8,14082.1,14023.05,14046.25,1638120186,,,
2024-03-11,14088.25,14090.9,13955.05,13970.65,1575234070,,,
2024-03-12,13982.55,13991.95,13825.2,13865.55,1705245772,,,
2024-03-13,13905.75,13916.65,13368.15,13442.7,3138389033,,,
2024-03-14,13397.75,13667.35,13323.1,13652.05,2807534488,,,
2024-03-15,13632,13683.75,13467.95,13591.5,3070209014,,,
2024-03-18,13580.05,13622,13488.3,13590.6,1641744429,,,
2024-03-19,13567.15,13573,13406.25,13434.0,1589595140,,,
2024-03-20,13469.25,13498.95,13318.95,13439.75,1562569696,,,
2024-03-21,13558.35,13671.55,13558.35,13660.55,1543085956,,,
2024-03-22,13637.55,13758.1,13602.45,13731.05,2003798659,,,
2024-03-26,13671.7,13803.3,13671.4,13784.4,1762134958,,,
2024-03-27,13826.6,13885.2,13810.35,13822.35,1950377582,,,
2024-03-28,13875.45,13990.6,13847.9,13921.1,1981876776,,,
2024-04-01,14018.6,14110.65,14012.25,14102.85,1873301326,,,
2024-04-02,14134.15,14196.4,14099.5,14191.6,2205944491,,,
2024-04-03,14167.9,14255.05,14141.5,14227.3,2357169972,,,
2024-04-04,14327.05,14337.8,14185.6,14251.2,2660870708,,,
2024-04-05,14249.95,14304.55,14223.05,14295.95,2161890912,,,
2024-04-08,14368.9,14392,14314.7,14353.15,2124120396,,,
2024-04-09,14417.9,14418.55,14291.1,14325.75,1632670820,,,
2024-04-10,14376.05,14439.6,14348.75,14426.65,2001445664,,,
2024-04-12,14406.1,14453.7,14315.6,14324.45,2744622944,,,
2024-04-15,14126.2,14233.45,14034.7,14138.5,2561385297,,,
2024-04-16,14059.7,14162.5,14029.5,14100.3,2570816015,,,
2024-04-18,14168.85,14233.95,14011.7,14035.4,2438112430,,,
2024-04-19,13930.2,14075.55,13812.2,14038.4,2233287552,,,
2024-04-22,14161.95,14171.45,14101.45,14153.1,3148565439,,,
2024-04-23,14232.4,14259.35,14194.75,14236.5,4221587872,,,
2024-04-24,14292.35,14331.85,14283.2,14311.3,3042862394,,,
2024-04-25,14294.5,14398.2,14270.6,14389.8,10137518026,,,
2024-04-26,14429.75,14459.05,14397.4,14414.95,5821929640,,,
2024-04-29,14458.35,14511.3,14410.35,14504.4,3402837880,,,
2024-04-30,14547.9,14619.35,14504.4,14520.25,2995477437,,,
2024-05-02,14547.15,14610.05,14532.05,14584.3,2758668783,,,
2024-05-03,14653.15,14660.55,14427.35,14509.8,3476948636,,,
2024-05-06,14578.35,14580.5,14388.05,14450.1,2570872040,,,
2024-05-07,14481.6,14484.7,14187.1,14253.95,3238541861,,,
2024-05-08,14225.05,14350.05,14163.95,14310.9,2272169597,,,
2024-05-09,14308.5,14334.6,14049.75,14070.0,2196691597,,,
2024-05-10,14109.2,14186.45,14009.55,14176.0,1808688509,,,
2024-05-13,14179.5,14247.4,13965.05,14227.05,1984799520,,,
2024-05-14,14252.5,14357.3,14216.65,14344.15,2174700910,,,
2024-05-15,14387.8,14453.5,14364.15,14417.8,1762286386,,,
2024-05-16,14481.7,14567.65,14393.9,14553.45,2026776318,,,
2024-05-17,14585.6,14670.45,14559.9,14662.75,2120231551,,,
2024-05-18,14717.1,14736.45,14702.9,14722.85,361294563,,,
2024-05-21,14713.45,14775.85,14657.85,14765.25,2780071803,,,
2024-05-22,14818.25,14833.9,14707.7,14806.7,2275964743,,,
2024-05-23,14848.5,14956.75,14797.4,14948.75,2867619608,,,
2024-05-24,14951.15,15010.9,14916.6,14944.35,4659260016,,,
2024-05-27,15008,15046.85,14917.35,14966.85,2796558427,,,
2024-05-28,15002.25,15017.3,14841.25,14881.5,2118428795,,,
2024-05-29,14823.8,14868.4,14785.85,14804.0,1917301161,,,
2024-05-30,14779.85,14810.5,14617.9,14648.75,2676887958,,,
2024-05-31,14720.65,14750.8,14615.85,14708.6,5782694494,,,
2024-06-03,15273.75,15273.75,15061.6,15186.9,4248122573,,,
2024-06-04,15176.55,15176.55,13635.6,14145.35,8038273576,,,
2024-06-05,14313.2,14699.4,13979.2,14671.45,4745775708,,,
2024-06-06,14816.3,14987.05,14785.8,14913.45,3100908455,,,
2024-06-07,14938.15,15169.5,14893.65,15161.15,3002032589,,,
2024-06-10,15222.65,15285.8,15145.2,15191.3,2916425117,,,
2024-06-11,15235.8,15325.6,15189.45,15255.6,2784407681,,,
2024-06-12,15315.55,15388.3,15299.75,15358.65,2614012507,,,
2024-06-13,15472.5,15477,15387.7,15451.7,2179948857,,,
2024-06-14,15502.45,15583.4,15444.8,15574.7,2587415703,,,
2024-06-18,15644.3,15658.7,15590.7,15652.4,2343229828,,,
2024-06-19,15703.95,15704,15476.55,15541.1,4163576309,,,
2024-06-20,15593.35,15637.35,15514,15625.3,2302309004,,,
2024-06-21,15691.6,15696.2,15551.65,15584.45,3854945759,,,
2024-06-24,15536.95,15643.9,15462,15623.6,2412227154,,,
2024-06-25,15667.55,15703.3,15600.95,15645.1,1961760966,,,
2024-06-26,15655.65,15700,15594.6,15656.75,3048552860,,,
2024-06-27,15679.5,15752.2,15616.15,15721.5,3464988007,,,
2024-06-28,15761.55,15815.65,15735.85,15756.45,3629184144,,,
2024-07-01,15780.45,15883.55,15765,15878.0,2130803405,,,
2024-07-02,15933.75,15935.85,15752.95,15821.5,2204746987,,,
2024-07-03,15916.15,15960.5,15876.75,15941.9,2262431620,,,
2024-07-04,16003.45,16030.45,15956.55,16006.95,2037461651,,,
2024-07-05,15996.45,16087.3,15962.4,16074.1,3155909095,,,
2024-07-08,16110,16117.1,16001.5,16051.0,2863905585,,,
2024-07-09,16103.05,16133.2,16046.05,16111.35,2301065753,,,
2024-07-10,16161.05,16163.75,15815.4,16052.55,2421617908,,,
2024-07-11,16116.4,16118.6,16012.05,16072.3,2551299958,,,
2024-07-12,16131.1,16172.75,16072.5,16113.15,2580198003,,,
2024-07-15,16179.8,16219.2,16091.35,16206.7,2592744479,,,
2024-07-16,16249.4,16265.4,16185.25,16204.25,2489395778,,,
2024-07-18,16184.7,16190.75,16027.55,16161.85,2517319888,,,
2024-07-19,16168.4,16168.4,15869.75,15889.15,2021094414,,,
2024-07-22,15832.65,16017.85,15753,15987.65,2156572517,,,
2024-07-23,16053.6,16061.2,15507.5,15930.4,3403680795,,,
2024-07-24,15929.1,16015.6,15902.2,15990.7,2192195695,,,
2024-07-25,15875.1,15996.9,15853.75,15976.6,2485830124,,,
2024-07-26,16024,16258.55,16021.85,16250.35,2575376341,,,
2024-07-29,16351.45,16399.35,16288.55,16345.65,2615661045,,,
2024-07-30,16366.75,16443.7,16341.2,16388.95,2056853625,,,
2024-07-31,16442.55,16484.8,16411.25,16466.25,2483923092,,,
2024-08-01,16527.75,16538.2,16354.75,16418.0,2171943723,,,
2024-08-02,16269.05,16341.45,16208.45,16246.95,2399424248,,,
2024-08-05,15878.05,15956.05,15629.05,15730.95,3216009769,,,
2024-08-06,15838.15,15996.15,15620.3,15651.95,1935515827,,,
2024-08-07,15896.2,15967.25,15801.65,15951.65,1768373683,,,
2024-08-08,15959.65,16001.6,15844.85,15865.0,1795108491,,,
2024-08-09,16022.9,16056.15,15970.55,16008.9,1493234218,,,
2024-08-12,15963.8,16062.3,15886.95,16018.15,1774383007,,,
2024-08-13,16055.6,16063.7,15865.95,15883.45,1870894517,,,
2024-08-14,15927.9,15938.5,15787.15,15837.15,1743968429,,,
2024-08-16,15952.9,16123.2,15897.95,16112.7,1509233204,,,
2024-08-19,16194.45,16209.85,16123.5,16151.55,1471974901,,,
2024-08-20,16215,16272.35,16178.35,16264.15,1487027164,,,
2024-08-21,16268.85,16330.8,16245.5,16319.95,1412259755,,,
2024-08-22,16391.6,16409.75,16359.45,16391.9,1409244871,,,
2024-08-23,16422,16428.35,16340.1,16347.15,1652564359,,,
2024-08-26,16414.55,16453.1,16375.15,16443.65,1260757435,,,
2024-08-27,16470.75,16501.8,16451.55,16487.7,1463414007,,,
2024-08-28,16522.55,16530.7,16431.4,16486.55,1471523818,,,
2024-08-29,16493.75,16513.5,16376.75,16472.55,2018851518,,,
2024-08-30,16539.25,16590.25,16501.8,16568.95,6216250844,,,
2024-09-02,16636.85,16636.85,16518.1,16564.55,1972259926,,,
2024-09-03,16601.8,16612.95,16574.45,16585.85,1293693981,,,
2024-09-04,16466.25,16568.4,16454.85,16558.05,1360009257,,,
2024-09-05,16618.75,16625.5,16567.2,16577.25,1529493806,,,
2024-09-06,16573.6,16595.65,16336.4,16365.6,3198146108,,,
2024-09-09,16352.3,16391,16225.05,16371.2,1853184011,,,
2024-09-10,16449.65,16539.95,16424.85,16491.55,1676677617,,,
2024-09-11,16518.4,16566.2,16404.8,16430.7,1755252135,,,
2024-09-12,16542.7,16689.55,16489.4,16674.1,1765523371,,,
2024-09-13,16719.7,16743.9,16680,16714.85,1488496994,,,
2024-09-16,16779.6,16791.25,16711.45,16753.45,1265119369,,,
2024-09-17,16783.3,16783.35,16707.9,16748.05,1136521069,,,
2024-09-18,16754.85,16762.9,16600.35,16673.25,1324127760,,,
2024-09-19,16753,16798,16474.5,16631.6,3915453916,,,
2024-09-20,16702.9,16907.3,16652,16866.35,3349292410,,,
2024-09-23,16940.3,17004.9,16897.15,16993.75,2867385063,,,
2024-09-24,17012.3,17037.95,16986.35,17021.1,1878000340,,,
2024-09-25,17017.9,17025.5,16914.3,16977.45,1504294185,,,
2024-09-26,17003.4,17055.45,16922.3,17046.05,2250771784,,,
2024-09-27,17070.65,17095.2,17021.05,17042.65,3146965090,,,
2024-09-30,16987.15,17018.65,16878.45,16910.05,1827826433,,,
2024-10-01,16917.4,16959.55,16857,16934.3,1432288207,,,
2024-10-03,16699.2,16838.7,16539.05,16571.9,1942168967,,,
2024-10-04,16541.1,16668.65,16347.8,16420.0,1930168960,,,
2024-10-07,16479.3,16506.75,16087.95,16154.4,2318952632,,,
2024-10-08,16133.45,16435.85,16087.85,16410.95,1891526977,,,
2024-10-09,16489.05,16629.9,16477.2,16505.45,1730403315,,,
2024-10-10,16579.3,16616.8,16479.95,16493.85,1243794742,,,
2024-10-11,16505.5,16535.95,16458.75,16521.6,1151390067,,,
2024-10-14,16560.75,16604.7,16531.5,16596.9,1122825114,,,
2024-10-15,16649.75,16657.65,16550.9,16608.25,1212437454,,,
2024-10-16,16585.4,16626.85,16501.2,16563.2,1203070843,,,
2024-10-17,16589.85,16591.45,16323.2,16332.0,1245446223,,,
2024-10-18,16267.25,16395.5,16137.4,16373.8,1342243722,,,
2024-10-21,16425.75,16455.5,16191.1,16213.95,1434936534,,,
2024-10-22,16223,16248.05,15862.8,15881.8,1739991084,,,
2024-10-23,15843.65,16026.95,15763.85,15913.55,1976735505,,,
2024-10-24,15912.6,15953.15,15848.5,15879.45,1424224771,,,
2024-10-25,15908.2,15917.65,15547.8,15659.6,2020276606,,,
2024-10-28,15684.45,15820.75,15597.6,15757.7,2353589690,,,
2024-10-29,15788.8,15878.85,15621.05,15868.85,1869502873,,,
2024-10-30,15827.8,15958.4,15789.8,15848.15,2263854558,,,
2024-10-31,15853.15,15866.1,15732.6,15790.55,1908750789,,,
2024-11-01,15878,15926.5,15867.35,15884.7,482579786,,,
2024-11-04,15895.4,15895.5,15587.65,15685.8,1859277700,,,
2024-11-05,15651.1,15797.5,15551.05,15785.35,1712997470,,,
2024-11-06,15860.95,16073.05,15826.7,16058.7,1632553458,,,
2024-11-07,16098.05,16103.85,15917.35,15927.85,1483465855,,,
2024-11-08,15943.55,15959.35,15756.1,15789.35,1408985375,,,
2024-11-11,15751.9,15851.35,15662.25,15727.8,1431864373,,,
2024-11-12,15781.8,15835,15528.15,15562.55,1243577595,,,
2024-11-13,15511,15542.35,15201.5,15237.75,1775684150,,,
2024-11-14,15246.95,15373.5,15241.05,15279.7,1460636316,,,
2024-11-18,15340.6,15349.1,15162.85,15245.4,1550104358,,,
2024-11-19,15300.6,15488.55,15297.2,15340.7,1435740136,,,
2024-11-21,15311.3,15313.25,15135.95,15236.4,2206621816,,,
2024-11-22,15262.65,15505.45,15234.05,15487.3,1878292148,,,
2024-11-25,15733.9,15801.45,15693.45,15712.4,3111894401,,,
2024-11-26,15777.6,15807.9,15701.65,15712.65,2746389671,,,
2024-11-27,15741.95,15809.6,15671.15,15793.25,2255584432,,,
2024-11-28,15817.8,15889.75,15675.65,15706.75,2372668648,,,
2024-11-29,15721.1,15833.8,15706.65,15800.2,1799398046,,,
2024-12-02,15804.9,15928.8,15752.35,15921.25,1273893020,,,
2024-12-03,15994.8,16058.8,15963.9,16052.9,1523376524,,,
2024-12-04,16097.8,16151.3,16043.95,16137.8,1855567949,,,
2024-12-05,16205.1,16275.65,16073.3,16244.75,2163748456,,,
2024-12-06,16272.95,16306.6,16208,16280.1,1766973387,,,
2024-12-09,16265.55,16320.65,16246.4,16290.0,1426914763,,,
2024-12-10,16312.4,16325.3,16242.65,16314.95,1438515058,,,
2024-12-11,16322.15,16373.4,16308.4,16352.7,1190439388,,,
2024-12-12,16354.5,16376.05,16273,16283.25,1355755618,,,
2024-12-13,16248.75,16341.9,16022.85,16330.6,1640019315,,,
2024-12-16,16350.95,16390.1,16305.15,16365.6,957280374,,,
2024-12-17,16344.8,16377.7,16185.9,16206.95,1462995840,,,
2024-12-18,16198.2,16223.25,16049.35,16099.5,1338538633,,,
2024-12-19,15853.25,16012.8,15850.4,16000.75,1206395199,,,
2024-12-20,16032.05,16069.1,15639.95,15666.0,1993729706,,,
2024-12-23,15748.2,15810.95,15650.4,15722.9,1168541667,,,
2024-12-24,15737.7,15789.1,15659.4,15716.1,998815264,,,
2024-12-26,15742.35,15768.05,15650.75,15734.4,0,,,
2024-12-27,15766.5,15807.85,15724.45,15731.3,789975364,,,
2024-12-30,15726.8,15794.25,15614.9,15704.55,2500630670,,,
2024-12-31,15639.7,15745.35,15552.1,15714.8,1309354317,,,
2025-01-01,15716.95,15797.1,15669.25,15786.1,1061036371,,,
2025-01-02,15814.35,16018.1,15782.05,16009.05,1430806028,,,
2025-01-03,16032.95,16046.65,15921.5,15941.35,1694632019,,,
2025-01-06,15976,15977.8,15543.1,15588.2,1756575606,,,
2025-01-07,15625.1,15747.8,15608.75,15679.25,1449888297,,,
2025-01-08,15705.8,15709.05,15453.35,15580.35,1343829340,,,
2025-01-09,15582.8,15592.2,15441.25,15456.5,1287610347,,,
2025-01-10,15447.5,15465.7,15219.9,15245.8,1494069721,,,
2025-01-13,15075.25,15114.4,14761.05,14796.7,2075906286,,,
2025-01-14,14855.5,15046.95,14854.05,15013.95,2025092779,,,
2025-01-15,15078.25,15133.2,14977.8,15062.75,2591884385,,,
2025-01-16,15197.15,15245.05,15169.55,15190.25,1746530164,,,
2025-01-17,15185.3,15223.2,15100.75,15180.2,1497813079,,,
2025-01-20,15252.35,15307.9,15133.6,15277.25,2936443544,,,
2025-01-21,15306.95,15314.45,14991.45,15003.6,1885273799,,,
2025-01-22,15035.35,15044.6,14768.05,14934.15,1603566122,,,
2025-01-23,14932.55,15129.05,14907.35,15092.2,1364720409,,,
2025-01-24,15090,15142.25,14881.75,14913.65,1269357508,,,
2025-01-27,14795.7,14798.05,14562.35,14597.2,1770400143,,,
2025-01-28,14656.5,14715.35,14456.45,14586.0,1895135270,,,
2025-01-29,14616.3,14847.35,14613.95,14840.45,1311079829,,,
2025-01-30,14877.95,14957.55,14818.95,14876.9,1520026511,,,
2025-01-31,14908.3,15113.05,14883.35,15092.3,1794674408,,,
2025-02-01,15134.85,15180.15,14916.75,15064.4,2344054699,,,
2025-02-03,14957.9,14978.05,14846,14940.7,1829491420,,,
2025-02-04,15042.15,15172.9,14995.55,15163.95,1682247372,,,
2025-02-05,15217.6,15282.85,15199,15215.95,1458248318,,,
2025-02-06,15272.55,15279.85,15069.2,15105.35,1169591082,,,
2025-02-07,15128.1,15184.3,14995.45,15103.65,1707108184,,,
2025-02-10,15098.85,15113.1,14832.15,14876.65,1094569034,,,
2025-02-11,14877.35,14884.9,14476.1,14546.9,1334355835,,,
2025-02-12,14525.7,14585.05,14229.3,14513.55,1937846395,,,
2025-02-13,14530.35,14683.9,14487.85,14523.65,1696387975,,,
2025-02-14,14567.6,14583.2,14180.7,14298.25,1540474448,,,
2025-02-17,14209.8,14339.1,14063.15,14327.05,1454860038,,,
2025-02-18,14338.05,14355.7,14187.95,14311.1,1281028520,,,
2025-02-19,14240.3,14464.8,14195.1,14423.4,1307521674,,,
2025-02-20,14371.5,14535.35,14350.8,14528.15,1155425181,,,
2025-02-21,14504.6,14592.9,14353.75,14406.85,1383811491,,,
2025-02-24,14278.5,14306.25,14210.7,14260.0,1089712529,,,
2025-02-25,14244.2,14316.25,14191.2,14213.45,1080004822,,,
2025-02-27,14222,14249.15,14084.45,14114.45,1465844960,,,
2025-02-28,14017.35,14024.75,13738.05,13805.6,2452415042,,,
2025-03-03,13835.4,13879.3,13620.45,13827.15,1791705683,,,
2025-03-04,13704.2,13875.05,13646.7,13834.9,1584851188,,,
2025-03-05,13812.95,14101.3,13812.95,14096.7,1646171682,,,
2025-03-06,14211.5,14237.35,14113.1,14204.65,1495109677,,,
2025-03-07,14192.65,14271.3,14151.2,14182.3,1398145021,,,
2025-03-10,14181.9,14254.25,14011.95,14041.65,1534577030,,,
2025-03-11,13935.95,14110.1,13900.85,14086.55,1562257988,,,
2025-03-12,14124.6,14159.75,13922.1,14044.7,1705057880,,,
2025-03-13,14096.65,14111.95,13960,13976.6,1394284680,,,
2025-03-17,13977.55,14110.6,13977.35,14066.35,1231846089,,,
2025-03-18,14151.6,14341,14117.05,14326.15,1347443688,,,
2025-03-19,14371.4,14550.8,14338.15,14529.75,1965563656,,,
2025-03-20,14616.4,14667.85,14518.85,14652.4,1598683079,,,
2025-03-21,14652.35,14817.8,14624.85,14802.25,2546187096,,,
2025-03-24,14910.1,15027.3,14851.7,14982.2,1812452379,,,
2025-03-25,15069.4,15073.4,14850.75,14893.95,1790561866,,,
2025-03-26,14913.3,14975.45,14779.7,14794.4,1820396292,,,
2025-03-27,14747.95,14894.45,14723.9,14869.45,3495047531,,,
2025-03-28,14905.1,14964.9,14770.6,14821.1,2204604667,,,
2025-04-01,14758.25,14873.8,14619.8,14642.05,3455061308,,,
2025-04-02,14667.65,14812.65,14586.35,14804.4,2039767083,,,
2025-04-03,14689.15,14815.6,14687.05,14797.9,1777176908,,,
2025-04-04,14766.4,14775.35,14399.4,14456.35,2007745380,,,
2025-04-07,13527.3,14025.25,13526.3,13963.95,2570417839,,,
2025-04-08,14208.6,14301.6,14055.7,14235.1,1953900856,,,
2025-04-09,14197.5,14197.55,14045.9,14152.25,1651955397,,,
2025-04-11,14389.6,14458.15,14326.05,14412.95,1759264928,,,
2025-04-15,14706.6,14819.05,14619.45,14800.55,1795896675,,,
2025-04-16,14821,14900.65,14784.75,14892.6,1777647864,,,
2025-04-17,14877.2,15069.5,14818.25,15053.65,1936242005,,,
2025-04-21,15127.7,15332.8,15091.45,15315.15,2729038871,,,
2025-04-22,15363.7,15441.3,15279.1,15394.25,1970427570,,,
2025-04-23,15498.85,15529.25,15320.6,15521.85,2040158540,,,
2025-04-24,15515.35,15549.4,15470.6,15485.0,1770524306,,,
2025-04-25,15513.5,15545.8,15083.4,15205.2,3416494620,,,
2025-04-28,15196.9,15408.3,15196.2,15400.7,1510420631,,,
2025-04-29,15443.5,15519.75,15391.15,15416.05,1668812256,,,
2025-04-30,15423.8,15476.45,15281.9,15355.15,1767679424,,,
2025-05-02,15334.5,15492.1,15252.25,15304.4,1604505930,,,
2025-05-05,15363.85,15485.05,15357.35,15474.6,1416345595.0,,,
2025-05-06,15504.25,15517.3,15239.75,15265.15,1926515479.0,,,
2025-05-07,15114.95,15405.5,15112.55,15395.85,1825319715.0,,,
2025-05-08,15431.3,15461.65,15116.75,15195.0,1876070249.0,,,
2025-05-09,14914.35,15149.0,14914.35,15122.65,2377588757.0,,,
2025-05-12,15475.55,15706.2,15457.6,15698.4,2242625533.0,,,
2025-05-13,15697.15,15750.35,15602.3,15626.35,1997481865.0,,,
2025-05-14,15671.65,15775.1,15640.05,15759.35,1918404815.0,,,
2025-05-15,15798.9,15941.3,15710.55,15931.75,2309473011.0,,,
2025-05-16,15970.2,16020.65,15912.75,16007.35,2410974480.0,,,
2025-05-19,16035.1,16082.75,15964.85,16007.25,3023617704.0,,,
2025-05-20,16072.05,16080.1,15769.85,15786.95,2277368092.0,,,
2025-05-21,15813.65,15947.15,15769.3,15899.75,1735570590.0,,,
2025-05-22,15862.8,15865.35,15723.15,15812.65,1716000420.0,,,
2025-05-23,15840.35,15950.0,15796.9,15931.0,1360022829.0,,,
2025-05-26,15984.25,16063.0,15979.55,16020.4,1692192359.0,,,
2025-05-27,16021.3,16063.35,15914.5,15987.95,1792335540.0,,,
2025-05-28,16008.1,16029.1,15956.7,15968.65,2219239939.0,,,
2025-05-29,16032.0,16062.45,15960.55,16037.85,1553218726.0,,,
2025-05-30,16055.4,16089.65,15965.9,15994.95,3616264102.0,,,
2025-06-02,15970.55,16054.55,15917.55,16036.35,2407368964.0,,,
2025-06-03,16092.1,16109.9,15942.05,15954.05,3618132883.0,,,
2025-06-04,15981.2,16052.35,15918.2,16044.1,2187423194.0,,,
2025-06-05,16096.45,16181.35,16063.1,16138.9,1720540487.0,,,
2025-06-06,16169.85,16316.6,16117.15,16304.0,1997464518.0,,,
2025-06-09,16406.15,16437.45,16372.4,16432.5,2028073096.0,,,
2025-06-10,16497.75,16500.25,16400.55,16437.3,1604557183.0,,,
2025-06-11,16466.95,16483.1,16365.1,16416.85,1854464858.0,,,
2025-06-12,16433.9,16434.25,16170.4,16195.45,1611933592.0,,,
2025-06-13,15897.35,16129.75,15897.35,16110.25,1680185428.0,,,
2025-06-16,16113.25,16250.75,16003.0,16242.2,1605592282.0,,,
2025-06-17,16265.3,16270.9,16141.4,16156.6,2343530262.0,,,
2025-06-18,16124.9,16213.55,16062.05,16101.85,1450416316.0,,,
2025-06-19,16103.9,16132.45,15913.05,15947.8,1878451915.0,,,
2025-06-20,15944.8,16170.45,15944.8,16150.7,2649808277.0,,,2025-06-23,16039.5,16190.15,16023.3,16148.35,1422980195.0,,,
2025-06-24,16302.2,16356.55,16207.45,16237.55,2445890231.0,,,
2025-06-25,16307.5,16347.5,16285.2,16341.9,2138146486.0,,,
2025-06-26,16377.15,16485.0,16346.2,16477.5,2222413381.0,,,
2025-06-27,16518.85,16575.4,16504.3,16542.8,2603019783.0,,,
2025-06-30,16591.75,16595.65,16528.0,16572.25,1726208999.0,,,
2025-07-01,16603.5,16610.4,16514.5,16563.3,1906613757.0,,,
2025-07-02,16585.3,16594.4,16463.35,16531.35,1889503903.0,,,
2025-07-03,16564.65,16611.1,16512.75,16524.75,1843816380.0,,,
2025-07-04,16548.7,16564.95,16463.3,16543.35,1321245986.0,,,
2025-07-07,16545.15,16562.6,16497.35,16524.35,1144217251.0,,,
2025-07-08,16520.9,16561.45,16443.5,16529.3,1304208732.0,,,
2025-07-09,16534.4,16551.55,16483.05,16513.15,1302859706.0,,,
2025-07-10,16537.05,16544.05,16427.95,16454.7,1149660062.0,,,
2025-07-11,16419.4,16454.4,16298.1,16319.4,1297049026.0,,,
2025-07-14,16331.7,16373.1,16269.3,16359.75,2511996620.0,,,
2025-07-15,16383.2,16489.4,16377.2,16475.15,1783801698.0,,,
2025-07-16,16489.15,16513.55,16451.35,16490.55,1790239266.0,,,
2025-07-17,16521.6,16525.55,16454.05,16464.0,1374748026.0,,,
2025-07-18,16474.45,16484.7,16337.65,16359.95,1305718968.0,,,
2025-07-21,16372.05,16462.15,16295.9,16450.65,1267879877.0,,,
2025-07-22,16498.45,16502.05,16383.25,16394.9,1567564021.0,,,
2025-07-23,16434.1,16469.75,16362.25,16464.5,1524682541.0,,,
2025-07-24,16474.25,16474.75,16351.35,16383.75,1462475606.0,,,
2025-07-25,16350.95,16350.95,16150.15,16167.7,1328754555.0,,,
2025-07-28,16137.85,16244.15,16023.05,16047.5,1471668618.0,,,
2025-07-29,16014.65,16176.55,16006.55,16167.95,1275582611.0,,,
2025-07-30,16205.55,16213.6,16130.8,16193.05,1271765724.0,,,
2025-07-31,16023.5,16195.5,16018.15,16095.25,1535638057.0,,,
2025-08-01,16094.4,16109.1,15899.55,15919.25,1636853758.0,,,2025-08-04,15931.05,16076.65,15898.4,16067.3,1414023254.0,,,
2025-08-05,16074.65,16086.3,15978.2,16029.1,1361611716.0,,,
2025-08-06,16047.3,16052.45,15883.6,15924.45,1120619003.0,,,
2025-08-07,15852.2,15977.45,15747.95,15954.45,1609707571.0,,,
2025-08-08,15960.9,15963.7,15741.95,15760.3,1281913339.0,,,
2025-08-11,15760.75,15900.95,15727.05,15886.85,1097121266.0,,,
2025-08-12,15893.35,15949.85,15831.15,15841.0,1116491293.0,,,
2025-08-13,15904.3,15960.8,15884.7,15934.5,1535476548.0,,,
2025-08-14,15954.6,15982.15,15887.1,15916.5,1678833948.0,,,
2025-08-18,16104.8,16177.35,16076.65,16095.1,1974582022.0,,,
2025-08-19,16120.15,16216.0,16068.45,16208.75,1907993138.0,,,
2025-08-20,16211.55,16288.35,16181.45,16270.25,2574184681.0,,,
2025-08-21,16323.75,16330.45,16235.4,16241.35,1763884744.0,,,
2025-08-22,16243.75,16257.95,16151.2,16160.7,2733837830.0,,,
2025-08-25,16217.25,16232.65,16180.7,16188.25,2401063727.0,,,
2025-08-26,16143.3,16161.65,15962.1,15982.7,3904914926.0,,,
2025-08-28,15981.2,15981.2,15802.75,15812.25,2441250690.0,,,
2025-08-29,15801.9,15869.85,15731.15,15745.15,2329463802.0,,,
2025-09-01,15775.1,15959.6,15774.85,15953.85,2348818409.0,,,
2025-08-29,15801.9,15869.85,15731.15,15745.15,2329463802.0,,,
2025-09-01,15775.1,15959.6,15774.85,15953.85,2348818409.0,,,
2025-09-02,15991.1,16050.75,15931.55,15963.0,2029331768.0,,,
2025-09-03,15992.55,16070.75,15957.75,16062.35,2609698347.0,,,
2025-09-04,16239.85,16239.85,15992.15,16010.45,2564925987.0,,,
2025-09-05,16062.0,16090.7,15937.6,16016.55,2981622859.0,,,
2025-09-08,16063.3,16129.85,16019.55,16061.6,1952947673.0,,,
2025-09-09,16106.05,16116.65,16058.35,16104.95,1624640839.0,,,
2025-09-10,16182.8,16239.8,16175.4,16215.5,1806648259.0,,,
2025-09-11,16222.25,16255.5,16205.25,16232.25,1655149899.0,,,
2025-09-12,16282.8,16303.75,16257.1,16288.35,2095540994.0,,,
2025-09-15,16306.95,16338.1,16282.4,16318.75,2803451166.0,,,
2025-09-16,16338.6,16434.9,16316.05,16423.05,1784180017.0,,,
2025-09-17,16462.4,16485.5,16430.6,16465.6,1656314341.0,,,
2025-09-18,16524.6,16528.8,16450.4,16520.1,1519613742.0,,,
2025-09-19,16530.6,16538.85,16482.85,16503.05,4225792509.0,,,
