Date,Open,High,Low,Close,Volume,TOTAL_TRADES,QTY_PER_TRADE,DLV_QTY
1995-01-02,410.0,420.0,410.0,415.2,400,,,
1995-01-03,405.0,415.0,405.0,414.0,600,,,
1995-01-04,405.0,410.0,405.0,410.0,700,,,
1995-01-05,408.0,408.0,395.0,395.0,200,,,
1995-01-06,410.0,410.0,406.5,406.75,750,,,
1995-01-09,402.0,404.5,390.0,390.0,400,,,
1995-01-10,405.0,405.0,385.0,385.5,950,,,
1995-01-11,390.0,390.0,382.5,382.5,1000,,,
1995-01-12,385.0,390.0,383.5,388.0,1500,,,
1995-01-13,380.0,385.0,370.0,385.0,750,,,
1995-01-16,400.0,400.0,388.75,399.5,800,,,
1995-01-17,395.0,410.0,385.0,403.15,1400,,,
1995-01-18,400.0,406.0,400.0,400.0,1000,,,
1995-01-19,400.0,404.75,390.0,402.0,7350,,,
1995-01-20,392.5,396.25,382.0,382.0,200,,,
1995-01-23,386.0,390.0,382.0,385.0,5700,,,
1995-01-24,380.0,388.0,370.0,388.0,1650,,,
1995-01-25,383.0,393.5,383.0,389.25,5400,,,
1995-01-27,389.0,397.0,389.0,396.7,900,,,
1995-01-30,390.0,395.0,386.0,395.0,1050,,,
1995-01-31,395.0,399.0,393.5,396.5,2350,,,
1995-02-01,400.0,402.0,397.5,397.7,11300,,,
1995-02-02,405.0,405.0,395.0,401.0,9300,,,
1995-02-03,400.0,415.0,400.0,415.0,4450,,,
1995-02-06,410.0,410.0,400.0,403.0,1450,,,
1995-02-07,400.0,414.0,400.0,403.0,2850,,,
1995-02-08,405.0,408.0,403.0,408.0,950,,,
1995-02-09,407.0,410.0,407.0,408.35,1950,,,
1995-02-10,408.0,415.0,405.0,412.4,23450,,,
1995-02-13,402.5,407.0,400.0,405.8,14400,,,
1995-02-14,402.5,406.0,400.0,403.0,2850,,,
1995-02-15,397.0,400.0,396.0,396.0,200,,,
1995-02-16,399.95,399.95,397.5,397.5,200,,,
1995-02-17,380.0,382.5,376.5,382.5,2900,,,
1995-02-20,375.0,380.0,375.0,375.75,1450,,,
1995-02-21,370.0,371.0,360.0,360.0,2650,,,
1995-02-22,360.0,365.0,360.0,365.0,1000,,,
1995-02-23,375.0,380.0,373.0,376.0,1700,,,
1995-02-24,389.0,390.0,371.0,373.0,1300,,,
1995-02-28,380.0,380.0,370.0,370.0,1000,,,
1995-03-01,380.0,380.0,370.0,380.0,1100,,,
1995-03-02,395.0,396.0,383.0,383.1,2300,,,
1995-03-03,392.0,396.0,388.5,393.0,1100,,,
1995-03-06,385.0,385.0,377.5,385.0,350,,,
1995-03-07,380.0,385.0,373.0,378.0,4650,,,
1995-03-08,376.0,380.0,376.0,380.0,1150,,,
1995-03-09,378.0,383.0,375.0,380.0,650,,,
1995-03-10,385.0,385.0,377.0,379.2,7650,,,
1995-03-13,375.0,375.0,365.0,365.0,900,,,
1995-03-14,371.0,374.5,370.0,371.0,4350,,,
1995-03-15,385.0,385.0,370.0,370.0,6850,,,
1995-03-16,360.0,363.25,359.0,360.0,7200,,,
1995-03-20,360.0,364.0,360.0,360.0,6400,,,
1995-03-21,360.0,361.0,350.0,350.0,11300,,,
1995-03-22,359.0,360.75,352.0,356.35,21300,,,
1995-03-23,370.0,370.0,340.0,352.35,15700,,,
1995-03-24,350.0,350.0,348.0,348.0,10150,,,
1995-03-27,350.0,351.0,346.0,346.0,550,,,
1995-03-28,350.0,358.0,350.0,350.4,1200,,,
1995-03-29,352.0,357.5,352.0,352.0,650,,,
1995-03-30,350.0,350.0,345.0,350.0,900,,,
1995-03-31,345.0,345.0,341.0,345.0,950,,,
1995-04-03,350.0,350.0,340.0,340.0,10500,,,
1995-04-04,344.5,350.0,335.0,345.0,2100,,,
1995-04-05,355.0,364.75,350.0,364.75,4300,,,
1995-04-06,370.0,370.0,360.0,360.35,1500,,,
1995-04-07,360.0,376.0,355.0,376.0,1900,,,
1995-04-10,373.85,373.85,360.0,360.0,650,,,
1995-04-11,361.0,377.0,359.5,374.8,5750,,,
1995-04-12,366.0,368.0,366.0,366.4,900,,,
1995-04-17,369.9,370.0,360.0,366.55,2500,,,
1995-04-18,369.75,369.75,360.05,360.05,1750,,,
1995-04-19,370.0,370.0,355.0,360.55,950,,,
1995-04-20,365.0,365.0,345.1,358.0,5700,,,
1995-04-21,360.0,362.0,345.0,360.0,3900,,,
1995-04-24,346.0,350.0,346.0,350.0,1150,,,
1995-04-25,345.0,350.0,340.05,340.3,14300,,,
1995-04-26,342.0,344.0,340.0,340.25,4500,,,
1995-04-27,340.0,340.95,320.0,325.0,16850,,,
1995-04-28,330.0,330.0,314.0,316.0,2350,,,
1995-05-02,324.0,324.0,312.0,315.7,2500,,,
1995-05-03,311.0,323.5,307.0,323.5,2150,,,
1995-05-04,329.0,337.0,325.0,336.5,3800,,,
1995-05-05,335.0,342.0,333.5,342.0,3050,,,
1995-05-08,340.0,346.0,340.0,345.5,2750,,,
1995-05-09,342.0,344.95,330.0,344.3,2000,,,
1995-05-10,354.5,355.0,343.0,343.0,1200,,,
1995-05-12,340.0,340.0,330.0,335.0,3350,,,
1995-05-15,325.0,329.0,320.0,326.75,900,,,
1995-05-16,325.0,329.95,320.0,329.75,2500,,,
1995-05-17,330.0,335.5,330.0,333.95,1650,,,
1995-05-18,335.0,345.0,335.0,341.25,2900,,,
1995-05-19,343.0,345.0,339.0,341.5,1150,,,
1995-05-22,340.0,340.0,327.0,333.0,1600,,,
1995-05-23,330.0,331.0,325.5,327.9,2200,,,
1995-05-24,330.0,333.0,328.0,330.0,1550,,,
1995-05-25,326.0,329.5,325.0,329.5,500,,,
1995-05-26,328.0,332.0,325.0,326.0,4050,,,
1995-05-29,327.0,328.5,320.0,327.7,2350,,,
1995-05-30,324.0,327.45,324.0,327.0,650,,,
1995-05-31,325.0,340.0,325.0,340.0,1400,,,
1995-06-01,338.0,355.5,338.0,353.65,3500,,,
1995-06-02,359.0,368.0,359.0,359.15,6500,,,
1995-06-05,360.0,360.0,352.5,356.45,2400,,,
1995-06-06,351.0,356.0,351.0,354.5,5300,,,
1995-06-07,357.05,361.0,357.05,360.0,4600,,,
1995-06-08,355.0,369.0,355.0,366.05,6200,,,
1995-06-09,385.0,392.0,375.25,380.4,18450,,,
1995-06-12,390.0,394.75,382.5,385.4,12650,,,
1995-06-13,390.0,390.0,383.0,383.5,11850,,,
1995-06-14,387.0,389.0,378.0,379.3,23650,,,
1995-06-15,382.0,382.0,362.0,364.35,35050,,,
1995-06-16,348.0,375.0,348.0,369.0,32300,,,
1995-06-19,376.0,378.5,370.9,371.5,25000,,,
1995-06-20,373.0,373.0,366.5,368.25,37900,,,
1995-06-21,373.0,373.0,365.0,366.1,4150,,,
1995-06-22,362.0,362.0,355.0,355.6,9250,,,
1995-06-23,352.0,352.0,345.0,345.25,8750,,,
1995-06-26,340.0,341.0,336.0,338.5,6300,,,
1995-06-27,338.5,341.0,334.0,337.8,15250,,,
1995-06-28,338.0,345.0,337.0,343.0,7600,,,
1995-06-29,348.0,349.0,342.05,343.8,4250,,,
1995-06-30,341.1,344.0,340.0,342.5,1650,,,
1995-07-03,335.0,340.0,335.0,337.3,4150,,,
1995-07-05,336.0,336.0,325.0,329.85,7250,,,
1995-07-10,332.0,337.5,331.25,336.85,1900,,,
1995-07-11,332.05,340.0,332.05,334.75,7500,,,
1995-07-12,338.0,343.5,338.0,338.5,2400,,,
1995-07-13,344.0,349.0,343.5,348.95,5600,,,
1995-07-14,344.0,351.0,344.0,348.3,4550,,,
1995-07-17,350.0,352.0,348.0,350.0,5250,,,
1995-07-18,352.0,356.9,347.0,352.5,9100,,,
1995-07-19,357.5,365.5,356.5,364.15,22250,,,
1995-07-20,365.0,368.75,363.0,364.95,22350,,,
1995-07-21,362.5,364.95,362.0,363.8,3050,,,
1995-07-24,365.0,369.75,365.0,367.1,10950,,,
1995-07-25,367.0,385.0,366.5,381.3,14950,,,
1995-07-26,382.05,388.0,372.0,374.25,22600,,,
1995-07-27,375.0,375.0,369.0,370.5,7100,,,
1995-07-28,352.0,365.0,352.0,362.75,5500,,,
1995-07-31,352.5,359.0,352.0,352.35,5800,,,
1995-08-01,355.0,360.0,354.0,359.35,6350,,,
1995-08-03,355.05,359.0,350.5,350.5,3200,,,
1995-08-11,355.0,355.0,344.5,345.95,11550,,,
1995-08-14,340.05,342.0,326.8,330.55,23050,,,
1995-08-16,335.0,341.0,335.0,339.0,1050,,,
1995-08-17,340.0,342.0,338.0,338.05,1050,,,
1995-08-18,339.0,340.0,338.0,339.0,1250,,,
1995-08-21,335.0,345.0,335.0,345.0,2000,,,
1995-08-22,345.0,346.5,345.0,345.85,3850,,,
1995-08-23,342.0,350.0,342.0,348.75,2650,,,
1995-08-24,345.55,348.0,345.5,347.0,1150,,,
1995-08-25,344.0,345.95,340.0,345.65,2700,,,
1995-08-28,340.0,343.0,336.0,336.35,4550,,,
1995-08-30,338.25,340.0,338.25,340.0,700,,,
1995-08-31,336.0,337.05,333.0,337.05,2150,,,
1995-09-01,335.0,338.0,335.0,338.0,2750,,,
1995-09-05,330.0,334.75,328.0,330.25,1700,,,
1995-09-11,337.0,341.95,337.0,341.8,3100,,,
1995-09-12,340.1,344.0,337.0,339.05,2200,,,
1995-09-13,338.0,340.0,337.1,340.0,2150,,,
1995-09-14,338.0,338.5,337.0,337.0,2000,,,
1995-09-15,336.0,338.0,335.0,336.0,1550,,,
1995-09-18,337.0,341.0,337.0,339.95,5300,,,
1995-09-19,341.95,343.0,337.5,340.0,8150,,,
1995-09-20,343.0,346.0,339.0,340.5,2500,,,
1995-09-21,340.0,340.0,338.0,338.0,1200,,,
1995-09-22,339.95,344.0,339.0,343.0,2200,,,
1995-09-25,335.0,345.0,335.0,343.0,3200,,,
1995-09-26,340.0,348.0,340.0,343.85,3950,,,
1995-09-27,347.0,350.0,344.5,348.0,2050,,,
1995-09-28,340.0,349.9,340.0,347.0,1650,,,
1995-09-29,344.25,350.0,343.0,346.5,3100,,,
1995-10-10,355.0,356.95,354.0,354.65,6700,,,
1995-10-11,354.0,356.5,353.0,354.0,1900,,,
1995-10-12,355.0,356.0,354.0,355.5,2250,,,
1995-10-13,354.0,356.0,354.0,355.1,1850,,,
1995-10-16,354.05,356.0,353.0,353.0,2650,,,
1995-10-17,353.0,353.75,345.25,347.0,5800,,,
1995-10-18,217.0,227.0,222.25,222.5,1600,,,
1995-10-19,221.0,223.5,220.0,223.5,750,,,
1995-10-20,221.0,221.25,218.25,219.5,7150,,,
1995-10-23,219.5,220.0,215.0,218.45,8150,,,
1995-10-24,218.45,216.95,210.0,211.0,1300,,,
1995-10-25,211.0,212.0,210.25,212.0,350,,,
1995-10-26,212.0,213.0,209.25,210.4,1850,,,
1995-10-27,210.4,212.0,210.0,211.15,1400,,,
1995-10-30,211.15,211.0,201.0,205.1,2600,,,
1995-10-31,200.0,204.7,197.0,198.35,7300,,,
1995-11-01,198.35,201.0,197.1,200.75,3800,,,
1995-11-10,196.1,196.0,190.0,194.0,19750,,,
1995-11-13,194.0,194.0,186.0,187.15,5700,,,
1995-11-14,187.15,193.0,175.0,190.05,15300,,,
1995-11-15,186.0,190.0,186.0,188.25,3100,,,
1995-11-16,188.25,191.0,187.0,188.0,14500,,,
1995-11-17,187.0,190.0,187.0,189.85,7900,,,
1995-11-20,189.85,190.5,185.15,186.25,3200,,,
1995-11-21,186.25,189.75,178.15,187.0,12650,,,
1995-11-22,182.0,184.9,179.1,180.0,2900,,,
1995-11-23,180.0,180.0,170.0,175.95,9700,,,
1995-11-24,175.95,180.0,176.25,179.85,3850,,,
1995-11-27,179.85,196.0,180.5,193.8,6950,,,
1995-11-28,193.8,192.0,188.0,190.8,7250,,,
1995-11-29,190.8,191.95,187.0,190.85,4750,,,
1995-11-30,190.0,194.0,189.0,193.0,3200,,,
1995-12-01,193.0,200.0,193.0,194.75,7050,,,
1995-12-08,207.0,209.0,202.0,203.3,4350,,,
1995-12-11,203.3,204.0,199.0,199.7,4900,,,
1995-12-12,199.7,202.0,197.0,198.95,6600,,,
1995-12-13,198.95,201.95,200.0,201.85,3150,,,
1995-12-14,201.75,210.3,201.05,203.0,4100,,,
1995-12-15,201.0,203.0,200.0,201.25,4450,,,
1995-12-18,201.25,200.5,196.5,198.55,4350,,,
1995-12-19,198.55,199.5,196.9,198.15,6800,,,
1995-12-20,198.15,202.0,198.0,198.5,6100,,,
1995-12-21,198.5,202.0,198.3,202.0,8150,,,
1995-12-22,199.5,206.0,199.5,204.95,15250,,,
1995-12-26,204.95,202.95,198.75,202.65,5350,,,
1995-12-27,202.65,206.7,202.0,206.55,13950,,,
1995-12-28,206.55,213.0,205.05,206.05,9650,,,
1995-12-29,206.05,206.25,203.0,204.35,6400,,,
1996-01-01,204.35,225.0,203.5,204.1,4700,,,
1996-01-02,204.1,204.0,200.0,200.7,10300,,,
1996-01-09,194.0,195.0,188.0,192.3,14500,,,
1996-01-10,192.3,192.3,189.3,191.85,5650,,,
1996-01-11,191.85,193.5,190.25,193.5,9700,,,
1996-01-12,193.5,193.25,192.0,192.0,14900,,,
1996-01-15,192.0,193.1,180.0,190.65,10800,,,
1996-01-16,190.65,191.5,189.05,190.25,20400,,,
1996-01-17,190.25,188.75,185.0,185.0,13250,,,
1996-01-18,185.0,184.0,180.0,181.1,39300,,,
1996-01-19,181.1,181.0,178.0,178.45,15050,,,
1996-01-22,178.45,180.0,176.0,177.05,11250,,,
1996-01-23,177.05,178.0,172.0,174.95,13900,,,
1996-01-24,174.95,173.5,168.0,171.3,5900,,,
1996-01-25,171.3,170.95,168.0,170.55,7350,,,
1996-01-29,170.55,172.25,167.55,171.1,9300,,,
1996-01-30,171.1,177.0,172.0,174.5,8350,,,
1996-01-31,174.5,178.0,174.5,176.6,3100,,,
1996-02-02,179.5,193.0,181.0,189.0,12400,,,
1996-02-12,210.7,225.0,211.75,218.95,50000,,,
1996-02-13,218.95,219.0,193.75,216.4,30750,,,
1996-02-14,216.4,230.0,220.0,227.9,29650,,,
1996-02-15,227.9,231.0,225.05,230.05,33650,,,
1996-02-16,230.05,228.75,223.5,227.1,24550,,,
1996-02-19,227.1,227.0,222.1,222.4,11450,,,
1996-02-20,222.4,223.5,217.5,218.2,37850,,,
1996-02-22,218.2,223.0,219.0,221.45,17050,,,
1996-02-23,221.45,224.95,220.0,223.45,18550,,,
1996-02-26,223.45,231.0,221.05,226.35,37450,,,
1996-02-27,226.35,228.0,223.0,226.5,12800,,,
1996-02-28,226.5,230.0,226.0,226.65,6650,,,
1996-02-29,215.0,222.0,211.1,212.45,5200,,,
1996-03-01,212.45,218.0,211.5,215.05,7850,,,
1996-03-11,215.85,216.0,209.0,214.4,15450,,,
1996-03-12,214.4,214.75,211.0,212.2,16500,,,
1996-03-13,212.2,221.0,212.4,220.8,13700,,,
1996-03-14,220.8,221.25,216.3,218.0,10800,,,
1996-03-15,218.0,217.2,200.0,214.55,5900,,,
1996-03-18,214.55,213.0,197.75,210.3,26500,,,
1996-03-19,210.3,214.0,208.0,209.55,15250,,,
1996-03-21,209.55,212.5,208.5,210.05,3800,,,
1996-03-22,210.05,210.0,206.05,209.75,3450,,,
1996-03-25,209.75,209.05,207.6,208.35,2750,,,
1996-03-26,208.35,206.05,203.0,204.1,8850,,,
1996-03-27,204.1,222.0,207.0,208.15,5850,,,
1996-03-28,208.15,212.5,208.55,212.0,7400,,,
1996-03-29,212.0,213.0,208.0,210.05,5850,,,
1996-04-01,210.05,212.95,210.0,211.85,5050,,,
1996-04-02,211.85,218.5,211.3,215.45,12650,,,
1996-04-03,215.45,220.0,217.0,217.6,7400,,,
1996-04-04,217.6,222.0,213.0,220.0,12000,,,
1996-04-08,220.0,226.0,223.0,225.5,17300,,,
1996-04-09,225.5,234.5,224.0,225.9,50650,,,
1996-04-10,225.9,230.15,226.25,227.0,13100,,,
1996-04-11,227.0,228.0,221.0,227.15,14300,,,
1996-04-12,227.15,230.0,224.0,229.65,13800,,,
1996-04-15,229.65,236.0,229.0,233.2,61250,,,
1996-04-16,233.2,237.0,230.0,236.05,53450,,,
1996-04-17,236.05,246.0,240.0,241.5,24850,,,
1996-04-18,241.5,250.0,242.0,245.35,52900,,,
1996-04-19,245.35,254.0,247.0,252.3,75050,,,
1996-04-22,252.3,256.0,246.5,248.9,38200,,,
1996-04-23,248.9,248.0,243.05,246.35,29300,,,
1996-04-24,246.35,259.0,251.5,257.45,40600,,,
1996-04-25,260.0,265.0,244.0,248.1,50500,,,
1996-04-26,248.1,257.0,247.5,255.35,61000,,,
1996-04-29,255.35,257.0,253.25,256.0,28450,,,
1996-04-30,256.0,257.0,254.1,255.4,33950,,,
1996-05-01,255.4,260.0,256.25,259.1,14750,,,
1996-05-02,259.1,258.75,251.3,255.95,22050,,,
1996-05-03,255.95,256.0,253.3,254.75,13100,,,
1996-05-06,254.75,252.4,246.0,250.2,29850,,,
1996-05-07,250.2,253.5,248.0,251.35,33850,,,
1996-05-08,251.35,255.0,245.1,253.75,29000,,,
1996-05-09,248.0,255.0,247.25,253.85,83450,,,
1996-05-10,253.85,247.0,240.5,244.5,22900,,,
1996-05-13,244.5,248.0,242.0,247.2,12300,,,
1996-05-14,247.2,254.0,248.0,252.35,23350,,,
1996-05-15,252.35,257.0,250.0,255.7,43150,,,
1996-05-16,255.7,262.95,258.15,259.6,34450,,,
1996-05-17,259.6,261.25,255.0,259.75,24250,,,
1996-05-20,255.1,256.0,250.15,251.3,18550,,,
1996-05-21,251.3,250.5,245.25,248.15,38350,,,
1996-05-22,248.15,251.0,245.5,246.1,10150,,,
1996-05-23,246.1,247.6,241.95,247.45,10650,,,
1996-05-24,247.45,248.0,244.05,246.4,10550,,,
1996-05-27,246.4,245.0,242.0,243.05,23100,,,
1996-05-28,243.05,248.0,242.05,246.45,64500,,,
1996-05-29,247.0,253.85,247.0,252.6,27600,,,
1996-05-30,252.6,253.25,250.1,250.95,11500,,,
1996-05-31,250.95,252.0,250.1,251.05,8550,,,
1996-06-03,251.05,256.9,252.0,255.3,35650,,,
1996-06-04,255.3,260.0,255.3,256.25,36250,,,
1996-06-05,257.5,260.0,254.3,257.25,322050,,,
1996-06-06,259.05,266.0,259.05,264.85,191200,,,
1996-06-07,260.05,271.0,260.05,268.25,82250,,,
1996-06-10,272.0,274.9,268.55,272.8,78100,,,
1996-06-11,271.5,273.0,266.7,272.35,49450,,,
1996-06-12,275.5,283.6,274.0,282.45,244650,,,
1996-06-13,284.5,297.0,284.0,292.65,438150,,,
1996-06-14,294.0,301.0,294.0,297.35,328050,,,
1996-06-17,302.0,306.0,294.0,295.1,388450,,,
1996-06-18,290.1,295.95,290.0,293.2,283700,,,
1996-06-19,294.3,294.95,282.0,283.65,222300,,,
1996-06-20,284.0,286.75,275.0,285.2,282450,,,
1996-06-21,285.0,286.0,280.0,280.5,140000,,,
1996-06-24,284.0,284.0,275.0,276.7,152700,,,
1996-06-25,275.6,279.75,255.25,259.15,514250,,,
1996-06-26,257.25,269.0,257.05,262.35,144650,,,
1996-06-27,259.0,266.0,258.0,264.85,129350,,,
1996-06-28,268.0,268.0,259.0,260.2,119900,,,
1996-07-01,258.0,260.0,253.25,254.8,77950,,,
1996-07-02,255.0,256.0,248.1,249.25,170750,,,
1996-07-03,245.0,248.95,242.1,244.55,62300,,,
1996-07-04,242.8,251.0,239.5,247.6,85100,,,
1996-07-05,248.95,249.0,243.5,245.4,46000,,,
1996-07-08,247.0,247.5,244.4,247.15,13850,,,
1996-07-09,247.4,247.4,244.0,245.9,59550,,,
1996-07-10,242.75,254.0,242.3,250.45,45950,,,
1996-07-11,252.0,256.3,252.0,254.3,38000,,,
1996-07-12,253.05,255.0,251.1,251.95,31250,,,
1996-07-15,252.0,253.7,250.3,253.2,32350,,,
1996-07-16,253.85,254.55,246.25,252.0,42500,,,
1996-07-17,254.0,266.7,254.0,258.2,24650,,,
1996-07-18,260.25,268.0,258.25,260.0,23050,,,
1996-07-19,263.0,265.55,257.75,257.95,14250,,,
1996-07-22,257.0,260.5,254.0,255.2,3850,,,
1996-07-23,255.0,255.0,236.0,238.7,39350,,,
1996-07-24,230.0,243.95,230.0,239.4,31100,,,
1996-07-25,240.0,240.0,236.05,237.3,15250,,,
1996-07-26,236.0,236.5,234.0,235.6,7950,,,
1996-07-29,236.0,239.0,230.1,231.45,12700,,,
1996-07-30,230.05,230.05,220.0,227.65,20250,,,
1996-07-31,225.0,234.0,223.05,231.45,45800,,,
1996-08-01,240.0,240.0,231.0,231.55,22250,,,
1996-08-02,235.0,235.0,227.5,230.7,10150,,,
1996-08-05,229.25,230.0,226.0,227.15,9450,,,
1996-08-06,228.5,228.5,225.05,226.25,24100,,,
1996-08-07,223.75,233.5,223.75,230.75,11200,,,
1996-08-08,232.75,233.0,228.25,229.3,11550,,,
1996-08-09,229.2,229.95,226.9,227.15,4650,,,
1996-08-12,226.0,226.0,218.35,221.15,31550,,,
1996-08-13,216.5,221.5,216.5,219.85,34400,,,
1996-08-14,220.0,221.0,218.35,219.25,12800,,,
1996-08-16,217.65,218.25,205.0,207.25,31550,,,
1996-08-19,201.0,206.95,196.0,199.9,22650,,,
1996-08-20,193.75,210.0,193.75,195.5,115150,,,
1996-08-21,196.0,203.95,196.0,201.25,79650,,,
1996-08-22,203.4,213.95,201.5,206.75,113250,,,
1996-08-23,207.0,210.0,206.25,209.2,43000,,,
1996-08-26,210.0,213.5,206.5,208.0,34000,,,
1996-08-27,208.5,209.7,206.05,208.0,38750,,,
1996-08-28,211.45,214.0,196.25,213.35,103150,,,
1996-08-29,214.4,216.0,211.05,211.95,26100,,,
1996-08-30,211.9,212.25,210.0,211.05,14800,,,
1996-09-02,211.9,213.75,211.25,212.0,19650,,,
1996-09-03,213.5,217.25,210.0,212.6,85250,,,
1996-09-04,209.0,213.5,209.0,212.25,18000,,,
1996-09-05,212.95,214.5,212.05,213.1,12350,,,
1996-09-06,213.95,214.0,211.5,211.6,8350,,,
1996-09-09,210.95,210.95,208.0,208.25,15300,,,
1996-09-10,206.75,207.0,204.5,205.2,26100,,,
1996-09-11,207.0,215.75,203.45,204.25,93250,,,
1996-09-12,201.0,205.0,201.0,204.45,11150,,,
1996-09-13,205.4,205.4,203.35,204.05,3350,,,
1996-09-16,201.0,203.5,201.0,203.35,13200,,,
1996-09-17,204.6,204.6,202.25,203.15,11950,,,
1996-09-18,203.15,206.75,203.15,206.0,17400,,,
1996-09-19,205.5,207.0,204.0,204.7,14850,,,
1996-09-20,203.65,206.5,203.65,205.9,14000,,,
1996-09-23,205.0,206.0,204.25,204.55,15650,,,
1996-09-24,205.0,206.0,203.5,203.7,48500,,,
1996-09-25,205.9,206.0,204.05,204.75,5800,,,
1996-09-26,204.25,204.25,203.0,203.35,6650,,,
1996-09-27,201.7,203.0,199.55,202.5,38000,,,
1996-09-30,200.15,204.0,200.15,202.9,16250,,,
1996-10-01,202.0,203.55,201.25,202.9,30350,,,
1996-10-03,200.0,203.5,198.05,203.0,10300,,,
1996-10-04,202.3,202.5,199.5,201.05,41350,,,
1996-10-07,199.75,201.0,192.5,200.1,43500,,,
1996-10-08,198.5,202.0,195.2,199.05,37400,,,
1996-10-09,199.1,203.0,198.25,202.7,16600,,,
1996-10-10,203.25,207.5,203.25,206.7,16250,,,
1996-10-11,208.0,209.45,205.05,207.8,19600,,,
1996-10-14,205.3,206.5,203.05,205.35,12500,,,
1996-10-15,205.5,205.95,203.0,204.5,19250,,,
1996-10-16,206.0,208.9,205.85,206.2,7200,,,
1996-10-17,206.0,207.0,204.5,206.25,10100,,,
1996-10-18,205.75,207.25,205.6,207.05,4600,,,
1996-10-22,211.0,213.95,207.0,209.2,19650,,,
1996-10-23,215.0,218.9,215.0,216.65,23500,,,
1996-10-24,215.1,216.0,208.0,209.6,19700,,,
1996-10-25,210.5,211.0,207.35,208.9,6500,,,
1996-10-28,210.95,212.5,207.9,208.3,9650,,,
1996-10-29,204.0,208.0,200.5,204.85,32850,,,
1996-10-31,200.1,205.5,198.0,205.25,27150,,,
1996-11-01,204.4,206.5,204.25,204.75,15800,,,
1996-11-04,201.5,203.85,201.5,203.3,21200,,,
1996-11-05,202.5,205.0,200.6,202.8,29100,,,
1996-11-06,196.0,202.0,196.0,200.4,11150,,,
1996-11-07,200.0,202.45,200.0,202.2,5100,,,
1996-11-08,203.95,203.95,202.0,202.85,5600,,,
1996-11-10,202.5,203.0,200.25,201.2,3350,,,
1996-11-11,200.5,201.5,198.75,199.25,6500,,,
1996-11-13,202.45,202.95,199.0,200.95,8150,,,
1996-11-14,200.0,203.5,200.0,201.4,4500,,,
1996-11-15,200.1,202.0,200.0,201.0,6950,,,
1996-11-18,201.9,202.45,200.0,200.2,7900,,,
1996-11-19,203.0,205.0,199.7,200.05,10550,,,
1996-11-20,200.2,201.0,198.5,199.85,21450,,,
1996-11-21,198.55,198.55,185.9,185.9,24050,,,
1996-11-22,177.5,179.0,172.9,172.9,99950,,,
1996-11-25,162.25,176.0,161.0,171.7,49550,,,
1996-11-26,170.5,174.8,165.25,168.8,42700,,,
1996-11-27,163.3,167.4,163.0,165.55,21050,,,
1996-11-28,165.95,165.95,163.8,164.1,11350,,,
1996-11-29,165.0,166.8,164.9,165.15,17050,,,
1996-12-02,165.0,166.5,162.2,162.8,22650,,,
1996-12-03,160.3,165.0,156.5,160.95,21050,,,
1996-12-04,157.5,157.5,154.0,156.05,12850,,,
1996-12-05,153.1,158.95,151.55,156.95,9900,,,
1996-12-06,157.0,164.85,156.0,159.3,10600,,,
1996-12-09,161.5,161.5,158.4,159.3,6100,,,
1996-12-10,159.0,159.1,156.25,157.15,15800,,,
1996-12-11,160.9,168.0,159.7,165.95,18050,,,
1996-12-12,165.5,165.95,156.5,160.45,44900,,,
1996-12-13,159.05,160.0,157.55,158.55,14150,,,
1996-12-16,160.05,163.0,160.05,162.55,11450,,,
1996-12-17,160.1,165.5,160.1,164.8,18550,,,
1996-12-18,166.95,176.35,166.95,171.0,42200,,,
1996-12-19,168.75,176.0,168.5,173.7,22400,,,
1996-12-20,175.0,177.95,170.0,174.95,22050,,,
1996-12-23,173.0,175.5,173.0,173.95,10450,,,
1996-12-24,174.9,176.1,170.45,172.9,22000,,,
1996-12-26,177.4,180.5,175.45,179.2,10900,,,
1996-12-31,182.75,182.75,167.1,169.2,20900,,,
1997-01-01,180.5,181.05,175.0,181.05,18450,,,
1997-01-02,186.0,186.0,179.5,180.1,22650,,,
1997-01-03,177.5,180.25,177.5,179.65,14700,,,
1997-01-06,181.5,184.0,181.5,182.95,22100,,,
1997-01-07,182.0,184.2,181.5,183.2,17900,,,
1997-01-08,188.0,193.5,186.5,191.0,34300,,,
1997-01-09,190.0,193.2,189.0,189.7,22400,,,
1997-01-10,193.0,197.85,193.0,194.2,48450,,,
1997-01-13,195.0,195.05,190.1,193.05,29500,,,
1997-01-14,193.95,197.0,190.05,191.1,79700,,,
1997-01-15,195.0,204.5,195.0,204.45,122750,,,
1997-01-16,209.5,216.0,192.0,195.4,130700,,,
1997-01-17,187.0,198.0,186.0,192.75,52250,,,
1997-01-20,191.0,191.5,186.75,188.35,38950,,,
1997-01-21,186.0,186.0,178.9,180.85,81400,,,
1997-01-22,185.0,187.1,183.0,185.7,18700,,,
1997-01-24,184.75,185.5,181.55,182.55,15600,,,
1997-01-27,183.9,190.0,183.0,183.85,29150,,,
1997-01-28,187.5,187.9,180.0,182.1,39750,,,
1997-01-29,190.0,194.5,185.0,188.6,119250,,,
1997-01-30,184.8,186.0,182.0,182.85,42500,,,
1997-01-31,177.0,181.5,175.0,176.8,25400,,,
1997-02-03,176.8,177.0,172.0,173.15,18750,,,
1997-02-04,172.0,176.5,170.05,171.15,59100,,,
1997-02-05,175.85,179.0,175.0,175.9,16250,,,
1997-02-06,175.0,177.8,173.05,176.1,7050,,,
1997-02-07,175.0,176.3,174.05,175.6,9500,,,
1997-02-10,176.0,176.9,174.25,175.4,8400,,,
1997-02-11,174.4,176.9,174.0,175.6,20850,,,
1997-02-12,178.45,180.1,177.1,178.95,13400,,,
1997-02-13,180.0,186.7,178.55,182.15,27350,,,
1997-02-14,183.0,183.25,179.2,180.0,16200,,,
1997-02-17,181.5,184.0,181.0,181.55,25550,,,
1997-02-18,181.0,181.65,176.45,177.25,31400,,,
1997-02-19,178.45,179.5,176.0,177.65,29150,,,
1997-02-20,175.0,177.75,175.0,176.1,36150,,,
1997-02-21,174.75,176.2,173.25,174.7,9150,,,
1997-02-24,172.0,174.75,171.0,173.9,115550,,,
1997-02-25,169.75,173.0,168.7,170.25,70500,,,
1997-02-26,172.95,173.8,169.55,172.3,77000,,,
1997-02-27,172.75,177.5,172.6,176.55,14300,,,
1997-02-28,185.0,187.0,176.0,181.25,21650,,,
1997-03-01,188.4,190.0,180.05,186.05,41300,,,
1997-03-03,185.5,190.9,181.15,183.35,58500,,,
1997-03-04,183.5,186.0,178.5,179.7,36850,,,
1997-03-05,187.0,192.0,180.3,181.85,72750,,,
1997-03-06,179.5,184.0,179.5,182.1,19650,,,
1997-03-10,177.1,180.5,175.2,178.6,50550,,,
1997-03-11,177.05,178.1,170.5,171.65,45500,,,
1997-03-12,176.95,177.7,171.95,172.1,26350,,,
1997-03-13,172.2,173.0,168.25,168.65,75500,,,
1997-03-14,168.1,171.05,168.0,168.5,14800,,,
1997-03-17,169.75,169.9,166.0,166.25,7850,,,
1997-03-18,166.5,167.95,164.05,164.95,49800,,,
1997-03-19,166.75,167.5,164.0,166.05,16000,,,
1997-03-20,165.0,167.2,164.75,166.2,11950,,,
1997-03-21,167.5,169.8,167.5,167.75,19550,,,
1997-03-25,168.5,168.5,166.25,167.75,25650,,,
1997-03-26,170.9,170.9,167.75,169.35,15650,,,
1997-03-27,168.0,171.0,167.05,170.55,33050,,,
1997-03-31,158.75,160.0,156.05,158.35,41000,,,
1997-04-01,154.95,163.5,154.9,161.45,20900,,,
1997-04-02,164.5,166.0,157.0,165.3,62050,,,
1997-04-03,165.25,166.5,163.0,166.3,14400,,,
1997-04-04,165.0,166.0,163.15,164.4,4850,,,
1997-04-07,162.45,164.0,161.25,163.25,21700,,,
1997-04-09,167.0,167.95,161.95,163.1,51950,,,
1997-04-10,161.0,161.95,156.5,158.6,15100,,,
1997-04-11,151.0,159.0,150.0,157.9,12600,,,
1997-04-12,155.05,157.65,155.05,157.0,5700,,,
1997-04-15,155.25,158.0,155.25,157.55,25400,,,
1997-04-17,159.75,160.0,157.45,159.2,9850,,,
1997-04-21,160.25,162.0,159.75,160.2,17750,,,
1997-04-22,161.25,162.7,158.5,161.35,26650,,,
1997-04-23,161.5,165.0,161.3,162.25,18350,,,
1997-04-24,162.1,163.0,160.65,161.3,27000,,,
1997-04-25,161.05,161.45,158.8,160.15,10550,,,
1997-04-28,158.0,158.0,154.0,156.1,30350,,,
1997-04-29,153.1,155.0,151.0,154.2,40450,,,
1997-04-30,158.0,162.25,156.5,160.5,44900,,,
1997-05-02,158.7,161.75,157.05,159.7,22100,,,
1997-05-05,159.0,159.0,156.85,157.65,16300,,,
1997-05-06,158.0,160.95,155.05,158.0,32250,,,
1997-05-07,157.5,158.0,155.1,157.5,18400,,,
1997-05-08,158.0,158.0,156.2,157.15,6750,,,
1997-05-09,157.0,157.7,156.05,157.6,18150,,,
1997-05-12,156.5,157.25,156.1,157.15,20550,,,
1997-05-13,155.15,158.0,154.5,155.8,30750,,,
1997-05-14,156.25,157.5,152.05,156.8,15100,,,
1997-05-15,154.15,156.5,153.5,154.25,30050,,,
1997-05-16,153.0,157.55,151.75,156.0,59800,,,
1997-05-19,157.75,163.0,156.75,158.05,47150,,,
1997-05-20,158.0,159.0,157.05,158.0,101850,,,
1997-05-21,158.5,159.0,157.05,158.3,18300,,,
1997-05-22,158.8,159.25,157.6,157.8,3700,,,
1997-05-23,158.9,159.0,157.0,158.6,28700,,,
1997-05-26,157.0,157.5,156.6,157.35,13150,,,
1997-05-27,157.5,158.2,156.25,157.9,20450,,,
1997-05-28,157.5,157.75,156.5,157.3,14800,,,
1997-05-29,156.95,158.0,156.5,157.95,7900,,,
1997-05-30,157.75,158.5,157.0,158.1,7050,,,
1997-06-03,158.75,159.75,157.5,159.3,30150,,,
1997-06-04,160.0,162.0,156.0,156.85,100750,,,
1997-06-05,161.0,161.0,154.05,154.45,24150,,,
1997-06-06,155.0,155.9,154.0,155.55,13600,,,
1997-06-09,154.5,157.0,153.25,155.85,34700,,,
1997-06-10,155.1,155.95,150.5,151.75,41550,,,
1997-06-11,152.25,154.0,145.0,149.85,55800,,,
1997-06-12,151.0,154.5,150.05,151.9,31100,,,
1997-06-13,153.9,159.0,149.05,150.3,40650,,,
1997-06-16,149.1,150.4,147.1,147.4,15350,,,
1997-06-17,145.6,148.9,145.6,147.75,58350,,,
1997-06-18,149.5,158.0,149.3,152.6,51450,,,
1997-06-19,152.45,157.95,151.5,155.7,52150,,,
1997-06-20,156.0,166.6,156.0,164.85,219950,,,
1997-06-23,165.5,176.4,165.5,176.4,175400,,,
1997-06-24,177.15,177.15,177.15,177.15,18900,,,
1997-06-25,187.0,187.95,176.6,178.55,183350,,,
1997-06-26,177.0,183.4,173.55,182.15,258200,,,
1997-06-27,182.0,184.0,177.1,178.9,98300,,,
1997-06-30,179.5,180.0,178.45,179.7,47850,,,
1997-07-01,180.85,185.5,178.0,179.35,129100,,,
1997-07-02,184.0,191.9,179.0,188.1,180500,,,
1997-07-03,188.1,197.0,186.0,189.85,251800,,,
1997-07-04,189.85,194.6,188.05,192.5,194950,,,
1997-07-07,192.9,197.8,191.5,191.8,158300,,,
1997-07-08,192.55,193.0,179.0,183.8,151050,,,
1997-07-09,191.9,195.0,189.25,193.4,129000,,,
1997-07-10,194.0,195.0,190.0,191.15,97600,,,
1997-07-11,187.5,190.0,182.0,183.1,89950,,,
1997-07-14,185.1,185.1,172.25,173.0,66050,,,
1997-07-15,173.0,177.9,165.0,168.1,184900,,,
1997-07-16,173.0,175.0,170.0,170.9,95450,,,
1997-07-17,171.05,173.25,170.0,172.35,32050,,,
1997-07-21,168.0,179.7,166.25,173.9,141500,,,
1997-07-22,177.0,179.9,173.5,176.9,139650,,,
1997-07-23,183.5,189.2,183.25,187.65,376050,,,
1997-07-24,187.9,194.5,187.1,187.8,287800,,,
1997-07-25,186.25,187.5,185.1,186.3,143950,,,
1997-07-28,186.9,187.5,186.05,186.3,49150,,,
1997-07-29,186.0,191.9,186.0,187.5,121500,,,
1997-07-30,182.0,189.0,182.0,186.55,50650,,,
1997-07-31,185.5,188.5,185.5,187.0,132200,,,
1997-08-01,188.35,188.4,186.35,187.4,88150,,,
1997-08-04,188.4,200.5,188.4,198.75,588450,,,
1997-08-05,200.5,212.0,200.5,210.65,816200,,,
1997-08-06,212.5,218.0,208.0,215.55,455650,,,
1997-08-07,204.0,212.75,201.05,203.9,554150,,,
1997-08-08,201.25,205.0,201.0,204.35,228500,,,
1997-08-11,205.0,207.45,202.0,203.4,170350,,,
1997-08-12,205.9,206.0,195.05,195.75,398600,,,
1997-08-13,196.0,196.0,188.1,190.5,392300,,,
1997-08-14,190.3,193.0,185.0,185.45,357950,,,
1997-08-18,187.2,188.0,175.0,181.35,285200,,,
1997-08-19,175.05,181.9,168.7,169.05,796150,,,
1997-08-20,168.9,174.25,160.0,173.85,430250,,,
1997-08-21,176.0,176.0,170.0,171.5,176050,,,
1997-08-22,172.0,172.5,167.65,168.9,145250,,,
1997-08-25,168.1,174.45,165.0,173.25,177800,,,
1997-08-26,175.5,176.2,170.5,171.55,274500,,,
1997-08-27,175.0,179.0,173.0,174.35,124500,,,
1997-08-28,173.3,173.7,166.75,168.5,98100,,,
1997-08-29,165.1,165.4,161.15,162.65,133300,,,
1997-09-01,163.0,164.4,160.2,161.3,44650,,,
1997-09-02,161.0,163.7,150.05,151.65,260600,,,
1997-09-03,155.0,158.9,152.5,153.25,140550,,,
1997-09-04,153.4,154.5,151.0,153.35,84550,,,
1997-09-05,154.85,155.0,152.2,153.45,93500,,,
1997-09-08,152.25,155.6,151.5,153.6,105650,,,
1997-09-09,155.0,161.0,153.0,154.0,130300,,,
1997-09-10,154.05,155.85,153.55,154.65,43550,,,
1997-09-11,155.5,157.5,155.0,155.85,40850,,,
1997-09-12,154.25,156.5,154.05,156.05,44350,,,
1997-09-15,156.0,156.05,155.0,155.6,12750,,,
1997-09-16,156.0,158.0,155.0,155.45,60900,,,
1997-09-17,156.0,156.2,154.8,155.75,17450,,,
1997-09-18,153.5,154.25,151.75,152.05,49100,,,
1997-09-19,152.25,152.8,150.0,151.6,45250,,,
1997-09-22,150.0,151.0,148.25,150.15,28000,,,
1997-09-23,149.15,151.15,149.15,150.25,33150,,,
1997-09-24,152.9,153.75,152.0,152.05,17800,,,
1997-09-25,153.0,153.0,152.0,152.7,14050,,,
1997-09-26,153.95,154.0,152.05,153.1,12850,,,
1997-09-29,153.35,154.75,153.25,154.4,15300,,,
1997-09-30,153.8,156.7,152.05,155.75,33400,,,
1997-10-01,150.0,156.7,145.0,155.5,56950,,,
1997-10-09,161.0,164.0,158.4,160.35,53200,,,
1997-10-10,160.0,161.9,156.05,159.2,49650,,,
1997-10-13,158.5,168.0,157.1,163.1,112800,,,
1997-10-14,163.45,163.45,156.0,157.75,71350,,,
1997-10-15,159.5,164.9,159.5,161.55,52650,,,
1997-10-16,164.75,165.0,160.3,160.65,41850,,,
1997-10-17,161.5,162.0,160.0,160.8,48500,,,
1997-10-20,159.6,159.6,150.1,155.65,103050,,,
1997-10-21,155.9,156.0,153.75,155.05,88250,,,
1997-10-22,153.5,155.95,153.1,154.35,26200,,,
1997-10-23,153.0,157.25,153.0,156.2,59350,,,
1997-10-24,154.15,157.0,151.75,153.35,43100,,,
1997-10-27,150.0,152.35,149.0,149.3,33500,,,
1997-10-28,148.0,148.0,140.1,141.15,39100,,,
1997-10-29,143.25,148.5,143.25,147.7,14750,,,
1997-10-30,154.05,154.05,146.5,147.85,10750,,,
1997-11-03,149.15,149.15,145.5,147.0,13400,,,
1997-11-04,147.0,155.0,146.5,151.9,42750,,,
1997-11-05,149.0,151.25,148.0,150.25,15000,,,
1997-11-06,148.6,150.2,146.95,149.35,35050,,,
1997-11-07,148.45,150.0,148.0,148.75,33550,,,
1997-11-10,148.55,149.35,147.25,148.95,26600,,,
1997-11-11,147.55,148.7,143.6,145.05,42200,,,
1997-11-12,146.75,146.75,137.0,140.15,32750,,,
1997-11-13,138.4,139.95,135.5,136.8,33800,,,
1997-11-17,138.05,140.5,137.5,140.1,26100,,,
1997-11-18,140.0,140.0,137.5,138.45,26250,,,
1997-11-19,136.0,138.5,136.0,137.55,15800,,,
1997-11-20,137.0,138.3,136.0,137.4,8200,,,
1997-11-21,137.95,138.0,135.55,137.7,33300,,,
1997-11-24,135.3,136.45,134.75,134.8,29850,,,
1997-11-25,134.25,138.0,134.25,137.1,17150,,,
1997-11-26,139.25,141.5,138.6,141.0,29450,,,
1997-11-27,150.0,155.1,150.0,152.1,122650,,,
1997-11-28,151.9,152.0,145.55,148.3,102900,,,
1997-12-01,143.0,147.0,143.0,146.75,54250,,,
1997-12-02,145.1,146.95,143.8,145.25,54300,,,
1997-12-03,144.2,147.5,144.0,146.1,21750,,,
1997-12-04,142.5,145.75,142.0,145.0,32950,,,
1997-12-05,143.2,146.0,143.2,144.1,16200,,,
1997-12-08,143.0,143.0,138.0,141.7,16600,,,
1997-12-09,140.0,141.9,138.3,139.75,32150,,,
1997-12-10,139.2,140.45,138.3,138.7,12700,,,
1997-12-11,138.9,139.95,138.0,139.6,18500,,,
1997-12-12,140.2,140.2,138.5,139.3,7900,,,
1997-12-15,138.25,145.0,138.05,144.2,27650,,,
1997-12-16,144.75,148.0,143.0,143.9,21250,,,
1997-12-17,145.5,149.0,145.5,145.9,19200,,,
1997-12-18,147.0,147.0,144.25,144.7,10750,,,
1997-12-19,144.55,146.25,144.4,145.95,18050,,,
1997-12-22,142.0,149.2,142.0,147.9,36950,,,
1997-12-23,148.0,150.0,145.0,146.65,27350,,,
1997-12-24,146.5,149.0,145.2,147.5,33250,,,
1997-12-26,146.75,149.85,146.75,147.15,27400,,,
1997-12-29,148.0,158.0,147.55,153.1,43350,,,
1997-12-30,153.5,154.9,148.5,148.95,40450,,,
1997-12-31,149.0,153.9,149.0,150.45,60800,,,
1998-01-01,146.0,152.0,146.0,149.4,41350,,,
1998-01-02,150.9,153.35,149.05,150.35,65150,,,
1998-01-05,151.85,152.9,149.5,149.85,77050,,,
1998-01-06,149.05,149.05,146.8,147.9,66650,,,
1998-01-07,149.7,151.0,146.95,147.9,47450,,,
1998-01-08,147.0,147.05,143.3,143.85,35800,,,
1998-01-09,140.1,141.6,138.75,139.35,45550,,,
1998-01-12,136.0,138.9,135.25,137.25,26200,,,
1998-01-13,139.4,140.0,136.0,136.6,47000,,,
1998-01-14,141.0,141.0,137.2,137.5,16400,,,
1998-01-15,138.0,138.0,135.9,136.3,13500,,,
1998-01-16,137.0,137.85,135.5,136.05,19400,,,
1998-01-19,136.0,137.9,135.5,137.55,8350,,,
1998-01-20,137.95,138.95,136.4,136.65,26800,,,
1998-01-21,137.5,138.25,137.2,138.15,5000,,,
1998-01-22,136.5,137.0,135.7,135.9,9650,,,
1998-01-23,135.6,135.6,133.9,134.05,15050,,,
1998-01-27,133.5,133.5,131.0,131.5,22000,,,
1998-01-28,133.95,134.0,128.15,130.1,26350,,,
1998-01-29,128.55,130.85,127.85,128.35,14700,,,
1998-01-30,129.8,130.0,128.0,128.6,26650,,,
1998-02-02,130.0,132.0,129.75,131.5,22450,,,
1998-02-03,130.0,130.9,129.0,129.75,21450,,,
1998-02-04,133.0,133.95,129.5,129.85,12500,,,
1998-02-05,130.8,130.9,129.5,129.65,13200,,,
1998-02-06,129.55,130.1,128.5,128.8,9350,,,
1998-02-09,130.0,130.0,127.0,128.25,10600,,,
1998-02-10,126.45,127.15,124.45,125.2,15950,,,
1998-02-11,125.0,126.9,124.5,124.9,9600,,,
1998-02-12,124.5,125.5,123.5,124.5,11150,,,
1998-02-13,124.55,126.0,123.5,123.85,13900,,,
1998-02-17,126.0,126.5,123.7,123.95,16700,,,
1998-02-18,125.0,125.2,124.25,124.8,6000,,,
1998-02-19,125.2,125.4,124.55,124.85,6650,,,
1998-02-20,124.1,125.5,123.6,123.65,14450,,,
1998-02-23,123.75,124.5,122.25,123.15,16050,,,
1998-02-24,124.4,125.0,122.55,123.5,20200,,,
1998-02-25,126.9,128.95,126.2,127.8,55350,,,
1998-02-26,128.95,136.0,127.5,131.7,62100,,,
1998-02-27,133.0,135.5,132.0,133.45,53550,,,
1998-03-02,134.0,141.0,134.0,140.15,89950,,,
1998-03-03,138.2,138.2,127.05,130.55,64450,,,
1998-03-04,136.5,138.6,134.05,137.65,50600,,,
1998-03-05,135.5,139.0,135.0,136.7,34600,,,
1998-03-06,138.15,141.0,135.0,136.25,29700,,,
1998-03-09,139.0,148.0,138.0,138.95,45250,,,
1998-03-10,139.25,142.4,138.1,138.9,42300,,,
1998-03-11,140.0,141.75,136.0,138.25,44800,,,
1998-03-12,136.75,138.7,136.0,136.25,13350,,,
1998-03-16,140.75,141.0,137.5,137.9,23900,,,
1998-03-17,137.05,137.05,134.35,134.85,30950,,,
1998-03-18,137.25,139.7,137.0,138.95,44850,,,
1998-03-19,140.9,142.0,136.0,137.3,50050,,,
1998-03-20,137.0,139.4,136.0,138.15,39900,,,
1998-03-23,138.5,143.9,138.5,143.0,50600,,,
1998-03-24,145.0,148.0,138.0,143.95,153800,,,
1998-03-25,146.0,158.2,144.85,153.7,360150,,,
1998-03-26,155.0,161.7,150.05,151.2,368650,,,
1998-03-27,150.0,154.45,148.5,153.1,121500,,,
1998-03-30,157.45,157.45,148.0,149.7,152300,,,
1998-03-31,148.75,150.5,145.05,146.8,161950,,,
1998-04-01,150.0,153.35,149.0,152.55,93000,,,
1998-04-02,154.0,154.0,148.5,149.8,90300,,,
1998-04-03,150.75,150.75,147.6,148.75,102600,,,
1998-04-06,152.0,163.65,150.05,163.65,408550,,,
1998-04-07,168.0,169.75,161.5,163.2,252500,,,
1998-04-09,167.0,174.75,165.5,168.25,180800,,,
1998-04-10,167.0,168.9,162.5,163.65,227200,,,
1998-04-13,160.0,163.5,155.0,156.5,234500,,,
1998-04-15,164.0,172.15,164.0,172.15,164100,,,
1998-04-16,180.0,186.5,176.7,178.05,542400,,,
1998-04-17,178.0,183.9,177.1,181.1,291300,,,
1998-04-20,177.0,195.5,177.0,189.65,807100,,,
1998-04-21,188.65,195.5,188.65,195.5,248200,,,
1998-04-22,209.0,214.7,199.1,201.75,962900,,,
1998-04-23,198.0,206.95,196.0,197.5,520200,,,
1998-04-24,196.0,202.0,177.75,187.6,728200,,,
1998-04-27,187.9,191.3,179.5,180.45,432450,,,
1998-04-28,180.2,180.2,164.5,166.05,673850,,,
1998-04-29,168.5,176.0,163.25,166.1,448350,,,
1998-04-30,168.0,176.15,161.6,174.85,549450,,,
1998-05-05,175.0,176.4,170.1,173.35,305250,,,
1998-05-06,175.05,176.9,167.2,168.35,179350,,,
1998-05-08,166.1,167.0,163.0,164.05,175200,,,
1998-05-11,164.9,164.9,162.0,163.8,35100,,,
1998-05-12,162.1,162.1,148.1,156.05,274300,,,
1998-05-13,152.1,160.0,151.1,153.1,163700,,,
1998-05-14,152.1,158.95,152.1,158.15,99350,,,
1998-05-15,158.0,158.4,153.5,154.4,109450,,,
1998-05-18,158.0,162.75,155.55,160.85,166400,,,
1998-05-19,160.75,167.0,160.75,162.95,169450,,,
1998-05-20,175.0,175.0,164.2,171.55,309650,,,
1998-05-21,170.05,172.0,160.0,161.45,220250,,,
1998-05-22,163.0,163.5,159.0,160.85,113800,,,
1998-05-25,160.9,163.25,158.05,161.3,99100,,,
1998-05-26,160.15,162.0,153.1,154.85,194000,,,
1998-05-27,156.9,159.0,154.5,155.45,116200,,,
1998-05-28,154.05,156.5,151.5,152.45,51350,,,
1998-05-29,148.0,152.0,146.15,148.0,134250,,,
1998-06-01,152.0,159.0,148.0,149.4,204350,,,
1998-06-02,149.0,150.5,143.25,144.55,167350,,,
1998-06-03,148.5,150.0,143.2,147.8,61500,,,
1998-06-04,149.0,149.0,144.65,145.6,46250,,,
1998-06-05,143.25,143.4,131.15,132.65,109600,,,
1998-06-08,132.25,134.75,125.0,129.9,134600,,,
1998-06-09,131.0,134.0,128.3,132.25,211600,,,
1998-06-10,135.0,140.0,129.05,131.0,274800,,,
1998-06-11,129.3,131.85,126.6,130.65,155950,,,
1998-06-12,132.85,135.5,132.0,132.4,184700,,,
1998-06-15,131.95,131.95,127.5,128.0,97400,,,
1998-06-16,127.25,127.25,116.0,125.35,164800,,,
1998-06-17,126.9,135.0,126.9,134.1,156700,,,
1998-06-18,136.0,137.0,130.0,130.6,122450,,,
1998-06-19,128.0,129.9,125.0,126.4,96700,,,
1998-06-22,123.0,124.75,118.75,123.2,98950,,,
1998-06-23,124.75,126.0,120.6,124.55,61450,,,
1998-06-24,121.3,129.0,121.0,127.4,65250,,,
1998-06-25,128.95,130.0,127.05,128.9,73300,,,
1998-06-26,127.9,127.9,124.75,125.5,53200,,,
1998-06-29,127.5,128.25,125.6,127.8,40550,,,
1998-06-30,128.0,128.0,125.1,126.9,41350,,,
1998-07-01,125.5,125.75,122.6,125.3,54550,,,
1998-07-02,126.45,126.75,123.15,124.3,22850,,,
1998-07-03,123.2,124.2,120.25,120.95,50800,,,
1998-07-06,122.5,124.0,120.55,122.7,51650,,,
1998-07-07,123.0,125.5,121.2,124.05,61050,,,
1998-07-08,124.5,127.0,123.6,125.1,56400,,,
1998-07-09,124.1,128.0,124.1,125.05,76500,,,
1998-07-10,126.4,129.0,124.35,126.15,107650,,,
1998-07-13,127.0,131.0,125.05,125.85,173700,,,
1998-07-14,125.5,126.9,124.0,125.15,181700,,,
1998-07-15,129.9,130.0,125.0,125.2,61600,,,
1998-07-16,124.75,127.1,124.5,126.7,36400,,,
1998-07-17,126.5,129.4,125.25,125.75,88100,,,
1998-07-20,126.0,126.0,124.15,124.55,43300,,,
1998-07-21,124.0,125.0,121.05,121.55,85350,,,
1998-07-22,123.9,124.4,122.05,122.5,46550,,,
1998-07-23,122.5,123.2,117.8,118.3,47350,,,
1998-07-24,117.0,117.9,109.0,110.1,91900,,,
1998-07-27,111.8,111.8,106.5,108.75,44700,,,
1998-07-28,110.7,113.0,108.7,111.85,75850,,,
1998-07-29,113.0,114.5,110.0,114.15,42000,,,
1998-07-30,114.5,116.0,109.1,110.3,37500,,,
1998-07-31,112.9,112.9,109.0,109.75,20150,,,
1998-08-03,107.85,108.3,105.55,107.0,27600,,,
1998-08-04,105.55,108.95,105.15,106.0,36750,,,
1998-08-05,107.75,111.35,104.5,108.65,43950,,,
1998-08-06,108.0,111.0,107.0,107.55,59050,,,
1998-08-07,106.3,107.75,105.7,106.1,25250,,,
1998-08-10,106.0,107.0,105.5,105.8,10750,,,
1998-08-11,104.0,105.0,102.1,102.95,35400,,,
1998-08-12,102.0,104.9,101.0,103.6,20200,,,
1998-08-13,104.0,104.45,102.5,103.4,30550,,,
1998-08-14,103.95,104.2,101.1,101.85,30950,,,
1998-08-17,101.5,102.8,101.25,101.85,16850,,,
1998-08-18,101.05,101.5,99.5,99.75,34500,,,
1998-08-19,101.9,102.0,100.0,100.45,21200,,,
1998-08-20,102.15,104.4,100.1,103.45,39500,,,
1998-08-21,104.0,104.0,100.9,101.05,38350,,,
1998-08-24,100.25,101.95,100.0,101.35,13600,,,
1998-08-25,101.15,102.5,100.3,100.9,41650,,,
1998-08-27,104.0,105.45,101.1,102.25,23200,,,
1998-08-28,100.5,101.25,99.0,99.15,31400,,,
1998-08-31,99.95,100.9,98.7,99.8,12850,,,
1998-09-01,98.6,99.0,97.55,98.0,29600,,,
1998-09-02,99.0,101.0,97.1,97.5,26200,,,
1998-09-03,98.5,98.95,95.8,96.25,36900,,,
1998-09-04,97.45,98.25,95.5,97.4,25200,,,
1998-09-07,99.5,102.95,97.5,102.4,70950,,,
1998-09-08,102.5,104.5,101.55,102.85,43100,,,
1998-09-09,105.0,107.0,102.5,102.95,98600,,,
1998-09-10,101.0,105.0,100.8,102.55,21700,,,
1998-09-11,100.5,101.5,98.8,99.5,37500,,,
1998-09-14,101.7,102.0,100.1,101.4,37500,,,
1998-09-15,101.0,101.5,99.0,99.45,72250,,,
1998-09-16,101.0,103.5,100.1,100.35,50000,,,
1998-09-17,101.7,102.7,101.0,101.4,35500,,,
1998-09-18,98.5,99.35,98.0,98.95,37900,,,
1998-09-21,99.0,100.45,98.15,98.5,32800,,,
1998-09-22,98.25,98.7,96.3,96.8,44450,,,
1998-09-23,97.9,98.9,97.25,98.3,17300,,,
1998-09-24,98.75,100.5,98.75,99.8,24900,,,
1998-09-25,100.0,100.7,98.5,98.9,31300,,,
1998-09-28,100.95,100.95,98.0,98.55,30350,,,
1998-09-29,98.05,98.15,96.05,96.4,30750,,,
1998-09-30,96.5,97.8,95.1,96.35,19250,,,
1998-10-05,95.0,95.0,90.05,90.45,30250,,,
1998-10-06,92.5,92.5,89.5,90.9,26500,,,
1998-10-07,92.5,92.95,91.3,92.0,23800,,,
1998-10-08,93.9,93.9,90.0,90.15,16450,,,
1998-10-09,89.5,90.95,88.0,88.75,28200,,,
1998-10-12,88.65,89.4,85.6,87.1,17900,,,
1998-10-13,85.6,85.6,80.5,81.75,40750,,,
1998-10-14,83.5,85.25,80.5,84.25,25550,,,
1998-10-15,83.5,84.0,82.5,83.0,22100,,,
1998-10-16,81.75,82.55,80.15,81.5,20350,,,
1998-10-19,83.5,83.5,81.0,81.3,7750,,,
1998-10-20,80.1,81.4,75.5,76.2,42050,,,
1998-10-22,77.75,82.25,77.7,78.0,23900,,,
1998-10-23,76.15,79.1,76.15,78.8,20700,,,
1998-10-26,81.0,85.1,81.0,85.1,35750,,,
1998-10-27,86.0,89.0,83.5,86.15,47000,,,
1998-10-28,87.3,91.0,85.0,85.1,67950,,,
1998-10-29,82.75,83.1,79.1,82.75,35400,,,
1998-10-30,82.5,86.2,82.0,85.1,37400,,,
1998-10-31,83.3,84.45,82.5,84.0,12000,,,
1998-11-02,85.25,86.35,83.0,84.05,23400,,,
1998-11-03,83.3,84.1,81.25,82.0,42350,,,
1998-11-05,83.2,84.5,82.7,84.0,34950,,,
1998-11-06,84.3,85.4,83.3,84.1,44450,,,
1998-11-09,86.9,88.5,85.0,87.65,56050,,,
1998-11-10,89.4,89.4,85.0,86.5,35050,,,
1998-11-11,89.0,90.0,86.9,87.15,57950,,,
1998-11-12,87.0,87.0,85.05,86.05,24650,,,
1998-11-13,85.5,89.0,85.1,86.4,65500,,,
1998-11-16,86.0,87.15,85.45,85.65,42850,,,
1998-11-17,85.35,87.2,85.35,86.9,35300,,,
1998-11-18,87.9,93.85,87.0,93.85,161400,,,
1998-11-19,94.95,97.35,93.5,93.5,231550,,,
1998-11-20,94.6,95.0,91.25,92.35,79300,,,
1998-11-21,91.3,92.8,91.0,92.8,14100,,,
1998-11-23,91.35,91.35,88.75,89.45,54900,,,
1998-11-24,89.45,90.5,86.7,86.7,103000,,,
1998-11-26,85.55,88.5,83.0,83.1,55200,,,
1998-11-27,83.3,83.75,81.05,81.2,67250,,,
1998-11-28,80.65,82.75,80.6,81.65,36150,,,
1998-11-30,80.05,82.0,77.6,78.0,83250,,,
1998-12-01,78.25,80.95,78.0,79.65,81050,,,
1998-12-02,82.25,82.9,81.7,82.9,66350,,,
1998-12-03,82.8,82.8,80.15,80.15,45650,,,
1998-12-04,80.75,80.9,79.8,80.8,42850,,,
1998-12-07,80.9,83.9,80.9,82.95,83900,,,
1998-12-08,83.0,83.2,81.3,82.8,61850,,,
1998-12-09,83.0,84.35,82.75,83.2,66100,,,
1998-12-10,82.65,83.85,82.5,83.0,26550,,,
1998-12-11,82.5,85.9,82.5,85.75,116500,,,
1998-12-14,85.0,91.9,85.0,87.75,162450,,,
1998-12-15,87.0,87.7,85.15,86.1,95200,,,
1998-12-16,86.25,87.7,84.05,87.5,92050,,,
1998-12-17,85.0,86.0,83.2,83.7,87450,,,
1998-12-18,83.7,84.75,82.65,83.35,58600,,,
1998-12-21,86.0,89.0,86.0,89.0,116700,,,
1998-12-22,89.0,90.4,86.05,88.95,96950,,,
1998-12-23,92.0,93.0,90.25,90.25,192100,,,
1998-12-24,90.25,92.5,89.05,92.5,162450,,,
1998-12-28,93.8,99.9,93.25,99.9,330800,,,
1998-12-29,101.0,104.6,99.25,102.95,303250,,,
1998-12-30,107.9,111.2,107.0,111.2,408400,,,
1998-12-31,111.95,111.95,102.3,102.3,314300,,,
1999-01-01,101.0,104.7,99.0,104.25,263300,,,
1999-01-04,106.5,109.8,105.5,106.0,294450,,,
1999-01-05,105.25,107.5,104.65,107.25,255550,,,
1999-01-06,110.05,110.5,106.1,107.0,261800,,,
1999-01-07,107.95,110.5,107.3,107.9,265400,,,
1999-01-08,110.35,115.9,109.5,115.05,762550,,,
1999-01-11,117.0,119.95,113.0,114.5,753050,,,
1999-01-12,111.05,113.5,107.25,109.6,385750,,,
1999-01-13,112.0,114.0,106.55,107.5,344400,,,
1999-01-14,105.0,106.9,102.1,103.0,218900,,,
1999-01-15,104.85,106.0,96.1,96.75,260800,,,
1999-01-18,97.75,99.4,93.95,93.95,149350,,,
1999-01-19,90.0,91.0,86.45,86.45,218700,,,
1999-01-21,83.25,87.9,81.0,87.8,165450,,,
1999-01-22,87.0,89.7,83.0,83.9,135250,,,
1999-01-25,83.6,84.0,81.0,81.95,149900,,,
1999-01-27,83.45,83.65,80.8,82.6,234800,,,
1999-01-28,81.8,82.8,81.2,81.25,55250,,,
1999-01-29,82.5,83.0,79.0,79.1,105800,,,
1999-02-01,79.0,79.8,76.5,76.5,75450,,,
1999-02-02,76.4,76.6,72.9,72.9,169500,,,
1999-02-03,76.45,77.4,74.85,76.0,116250,,,
1999-02-04,76.45,76.45,73.65,74.0,56400,,,
1999-02-05,74.05,74.4,71.5,71.65,83800,,,
1999-02-08,72.85,72.85,70.15,70.45,55650,,,
1999-02-09,71.0,73.0,68.3,73.0,160800,,,
1999-02-10,74.0,77.0,72.1,76.5,140550,,,
1999-02-11,77.75,78.95,74.0,74.55,129250,,,
1999-02-12,74.1,74.55,71.5,72.65,129900,,,
1999-02-15,72.85,74.8,71.55,71.65,90100,,,
1999-02-16,72.0,72.0,70.05,70.5,115900,,,
1999-02-17,72.0,74.6,72.0,73.5,98300,,,
1999-02-18,74.0,78.5,73.6,75.1,194250,,,
1999-02-19,76.1,79.0,75.0,75.0,106650,,,
1999-02-22,75.5,76.0,73.0,73.05,105750,,,
1999-02-23,72.0,73.8,71.25,71.55,144750,,,
1999-02-24,73.4,74.5,73.0,73.9,61350,,,
1999-02-25,74.65,74.65,72.2,72.7,70000,,,
1999-02-26,72.5,72.9,69.0,71.0,125700,,,
1999-02-27,71.7,74.0,70.25,72.2,95200,,,
1999-03-01,73.1,73.5,69.0,71.25,118500,,,
1999-03-03,76.95,76.95,71.5,73.0,316300,,,
1999-03-04,72.5,73.0,69.8,70.25,150800,,,
1999-03-05,70.05,71.0,69.3,69.3,88750,,,
1999-03-08,69.0,70.95,64.55,64.9,186400,,,
1999-03-09,65.05,66.25,64.1,64.5,165800,,,
1999-03-10,66.5,69.7,65.05,69.3,209250,,,
1999-03-11,70.0,72.5,66.55,67.6,203600,,,
1999-03-12,67.0,67.9,65.0,66.5,123900,,,
1999-03-15,66.35,66.8,65.05,65.05,98350,,,
1999-03-16,65.25,70.25,64.0,70.25,286000,,,
1999-03-17,75.9,75.9,75.9,75.9,11200,,,
1999-03-18,82.0,82.0,82.0,82.0,7300,,,
1999-03-19,88.6,88.6,81.0,82.75,961750,,,
1999-03-20,84.8,84.8,78.5,82.25,119350,,,
1999-03-22,80.05,82.0,75.75,76.3,237100,,,
1999-03-23,76.35,76.5,72.25,73.5,348500,,,
1999-03-24,75.5,77.5,73.0,73.8,236950,,,
1999-03-25,73.75,74.6,72.0,72.6,57900,,,
1999-03-26,72.0,72.0,67.7,70.0,146000,,,
1999-03-30,65.55,68.25,65.1,68.25,317850,,,
1999-03-31,72.95,73.75,71.6,72.25,201562,,,
1999-04-01,72.05,72.5,70.5,70.5,105278,,,
1999-04-05,68.15,69.0,66.2,66.5,77839,,,
1999-04-06,67.95,67.95,65.0,67.0,111760,,,
1999-04-07,67.6,68.45,66.4,66.5,81926,,,
1999-04-08,67.0,67.3,65.5,66.25,33231,,,
1999-04-09,66.0,66.0,62.5,62.8,82028,,,
1999-04-12,62.25,64.5,60.5,63.4,47046,,,
1999-04-13,62.55,63.35,61.0,61.0,100460,,,
1999-04-15,59.3,61.8,59.3,60.85,103409,,,
1999-04-16,61.9,65.75,61.0,65.75,398954,,,
1999-04-17,65.75,67.95,60.5,60.5,194177,,,
1999-04-19,58.15,61.7,58.15,61.0,97298,,,
1999-04-20,60.5,61.7,59.25,59.25,98378,,,
1999-04-21,61.0,61.9,59.75,60.0,171923,,,
1999-04-22,60.0,60.75,58.8,59.0,95230,,,
1999-04-23,59.7,60.5,58.0,58.35,84838,,,
1999-04-26,53.8,55.85,53.7,53.7,141738,,,
1999-04-28,53.6,57.2,53.55,56.65,66137,,,
1999-04-29,56.65,57.0,55.4,56.1,121360,,,
1999-04-30,56.2,60.6,56.0,60.6,92751,,,
1999-05-03,60.25,62.2,57.1,57.6,80152,,,
1999-05-04,57.25,60.4,57.2,60.0,103951,,,
1999-05-05,59.1,61.4,58.75,59.5,176089,,,
1999-05-06,59.95,61.7,59.1,61.0,200226,,,
1999-05-07,62.5,63.65,59.7,60.0,235936,,,
1999-05-10,60.8,64.35,60.5,63.5,360974,,,
1999-05-11,63.8,68.6,62.75,68.6,453236,,,
1999-05-12,70.8,72.95,65.6,68.0,873321,,,
1999-05-13,69.5,71.0,68.55,70.0,408386,,,
1999-05-14,70.5,72.0,69.7,70.3,461381,,,
1999-05-17,70.15,73.5,68.1,70.25,563736,,,
1999-05-18,69.5,75.9,69.5,75.9,614848,,,
1999-05-19,78.25,80.0,74.0,78.15,772668,,,
1999-05-20,77.5,79.0,73.0,73.0,356312,,,
1999-05-21,73.05,73.95,68.5,68.6,278762,,,
1999-05-24,69.0,71.25,68.1,69.7,205770,,,
1999-05-25,68.65,74.85,68.65,73.0,548497,,,
1999-05-26,73.95,74.75,69.15,70.2,297562,,,
1999-05-27,67.5,68.45,65.0,65.0,253140,,,
1999-05-28,64.1,64.55,60.0,61.25,316464,,,
1999-05-31,62.9,65.0,62.8,64.95,235564,,,
1999-06-01,64.9,64.9,62.35,63.3,225012,,,
1999-06-02,64.45,64.45,62.85,63.0,97831,,,
1999-06-03,63.3,64.35,62.85,62.85,144984,,,
1999-06-04,63.85,67.9,63.25,66.25,578317,,,
1999-06-07,66.75,71.55,65.5,71.0,766037,,,
1999-06-08,70.4,76.7,68.5,76.7,453305,,,
1999-06-09,71.75,72.95,70.6,70.6,379497,,,
1999-06-10,70.5,72.7,69.05,70.1,465135,,,
1999-06-11,69.05,70.1,67.5,67.95,206774,,,
1999-06-14,67.1,67.1,63.15,65.8,187850,,,
1999-06-15,66.5,69.8,65.25,66.4,652586,,,
1999-06-16,68.0,69.45,66.75,68.85,256249,,,
1999-06-17,69.5,72.0,68.3,70.0,475879,,,
1999-06-18,70.45,74.4,70.45,73.2,905244,,,
1999-06-21,74.85,79.1,74.5,79.1,1060761,,,
1999-06-22,81.0,81.85,77.2,79.15,795332,,,
1999-06-23,82.0,82.0,76.1,76.55,553999,,,
1999-06-24,75.1,76.25,73.5,74.8,223534,,,
1999-06-25,74.8,80.8,74.6,75.45,726686,,,
1999-06-28,76.65,78.0,76.05,76.8,280247,,,
1999-06-29,76.85,80.1,76.0,78.55,778552,,,
1999-06-30,80.1,80.1,77.0,78.2,296194,,,
1999-07-01,78.25,79.5,76.8,77.05,352299,,,
1999-07-02,78.4,80.9,77.5,79.3,872465,,,
1999-07-05,81.0,84.2,80.05,82.95,1269126,,,
1999-07-06,81.8,83.8,81.8,83.05,670166,,,
1999-07-07,78.95,79.8,77.6,78.9,1128993,,,
1999-07-08,78.4,80.0,77.9,78.4,551831,,,
1999-07-09,78.5,79.35,77.75,78.15,741388,,,
1999-07-12,79.45,84.2,79.3,83.9,1976693,,,
1999-07-13,87.2,90.65,83.9,89.5,2481883,,,
1999-07-14,89.05,90.0,85.0,87.4,819752,,,
1999-07-15,89.0,90.75,83.5,85.35,1176989,,,
1999-07-16,84.15,84.15,78.55,78.55,271746,,,
1999-07-19,73.0,79.45,72.3,76.05,1180335,,,
1999-07-20,74.6,76.0,73.75,74.05,517687,,,
1999-07-21,74.3,75.4,73.5,74.2,300509,,,
1999-07-22,73.2,74.55,70.45,71.0,461816,,,
1999-07-23,71.5,72.0,69.5,70.05,492144,,,
1999-07-26,69.0,71.9,67.55,67.95,475921,,,
1999-07-27,67.65,68.2,65.25,65.8,995300,,,
1999-07-28,68.0,68.5,67.25,67.5,264996,,,
1999-07-29,68.0,69.9,66.75,68.25,486592,,,
1999-07-30,67.55,68.5,66.0,66.25,262615,,,
1999-08-02,65.6,66.75,64.5,64.95,124487,,,
1999-08-03,64.45,64.75,62.1,62.75,410377,,,
1999-08-04,64.6,67.8,64.0,65.75,465877,,,
1999-08-05,64.9,66.9,63.1,63.8,156260,,,
1999-08-06,64.0,64.75,63.3,63.5,186034,,,
1999-08-09,64.0,67.0,63.3,66.6,326859,,,
1999-08-10,65.5,66.5,64.6,65.3,318495,,,
1999-08-11,65.7,66.0,64.5,65.1,285376,,,
1999-08-12,64.5,70.0,64.5,69.1,492439,,,
1999-08-13,70.0,74.65,70.0,74.65,880400,,,
1999-08-16,78.75,78.95,73.1,74.1,814816,,,
1999-08-17,74.55,75.25,72.1,73.9,524794,,,
1999-08-18,76.8,79.85,75.4,79.85,1100473,,,
1999-08-19,80.0,81.7,73.5,74.2,597415,,,
1999-08-20,75.85,75.85,73.0,74.5,394781,,,
1999-08-23,78.0,79.2,76.0,77.0,531114,,,
1999-08-24,78.0,78.0,75.05,76.15,681612,,,
1999-08-25,77.8,78.0,71.0,73.1,482349,,,
1999-08-26,74.2,76.0,72.7,74.3,423856,,,
1999-08-27,74.9,75.25,73.1,73.9,261194,,,
1999-08-30,75.0,79.4,74.0,78.05,948133,,,
1999-08-31,79.0,84.3,77.0,84.05,1440549,,,
1999-09-01,85.45,86.3,81.0,82.6,1413324,,,
1999-09-02,80.0,82.5,78.5,79.05,632027,,,
1999-09-03,78.5,80.95,76.5,77.2,765345,,,
1999-09-06,77.95,80.75,77.05,78.05,835033,,,
1999-09-07,78.9,79.25,76.0,76.7,803677,,,
1999-09-08,78.9,79.35,77.1,77.7,293821,,,
1999-09-09,78.4,78.45,76.5,76.85,167914,,,
1999-09-10,77.95,80.3,76.45,76.6,724474,,,
1999-09-14,77.45,77.85,72.55,73.15,631334,,,
1999-09-15,74.5,75.2,70.4,71.3,644853,,,
1999-09-16,71.0,72.9,70.4,71.8,372527,,,
1999-09-17,72.8,72.9,70.1,72.2,435077,,,
1999-09-20,72.5,72.7,70.65,70.85,192647,,,
1999-09-21,70.5,71.4,68.0,68.25,599006,,,
1999-09-22,70.0,71.7,68.95,70.35,287946,,,
1999-09-23,71.45,71.45,68.8,69.15,161572,,,
1999-09-24,69.0,70.55,68.75,69.15,344031,,,
1999-09-27,69.1,69.55,67.9,68.1,182665,,,
1999-09-28,67.6,71.0,66.7,69.65,535814,,,
1999-09-29,74.95,74.95,68.55,70.45,345401,,,
1999-09-30,70.9,71.7,69.5,69.95,225003,,,
1999-10-01,69.05,69.95,67.0,67.85,321865,,,
1999-10-04,68.3,68.3,66.1,66.95,193240,,,
1999-10-05,66.2,66.95,65.25,66.3,427000,,,
1999-10-06,69.9,69.9,66.15,66.9,379864,,,
1999-10-07,68.2,70.5,67.25,68.5,479142,,,
1999-10-08,69.9,70.3,67.8,68.25,435357,,,
1999-10-11,69.0,69.55,68.1,68.3,244533,,,
1999-10-12,68.75,68.8,66.5,66.9,442447,,,
1999-10-13,67.45,69.0,67.15,68.55,267764,,,
1999-10-14,69.0,69.3,67.6,68.05,157888,,,
1999-10-15,68.0,68.0,64.5,65.05,190312,,,
1999-10-18,65.8,65.95,64.55,64.95,309362,,,
1999-10-20,68.8,68.8,65.05,67.1,232421,,,
1999-10-21,67.45,67.5,66.2,66.45,116241,,,
1999-10-22,65.1,66.9,65.0,65.15,216589,,,
1999-10-23,64.5,65.55,62.0,65.0,72870,,,
1999-10-25,65.8,65.85,63.9,64.05,185289,,,
1999-10-26,63.6,68.45,63.5,66.45,436057,,,
1999-10-27,68.9,69.9,65.5,65.95,275925,,,
1999-10-28,65.65,66.7,64.1,64.45,120163,,,
1999-10-29,64.05,64.05,59.5,61.15,536507,,,
1999-11-01,60.35,60.85,57.15,57.85,260421,,,
1999-11-02,57.1,60.8,55.0,60.15,413700,,,
1999-11-03,61.8,61.8,57.75,58.5,174114,,,
1999-11-04,58.95,58.95,57.2,58.1,65655,,,
1999-11-05,58.0,58.25,57.5,57.65,163770,,,
1999-11-09,58.45,58.45,57.05,58.2,157684,,,
1999-11-10,58.5,59.8,57.7,59.0,75157,,,
1999-11-11,59.45,59.45,58.0,58.2,61064,,,
1999-11-12,57.5,58.1,57.25,57.6,89545,,,
1999-11-15,57.0,58.0,57.0,57.65,60059,,,
1999-11-16,57.15,57.85,56.5,56.7,130211,,,
1999-11-17,57.25,57.75,56.9,56.9,85032,,,
1999-11-18,56.5,56.85,55.5,56.5,73417,,,
1999-11-19,56.45,56.45,54.5,54.85,160269,,,
1999-11-22,57.0,57.0,54.5,55.0,134371,,,
1999-11-24,55.0,56.6,55.0,56.4,143105,,,
1999-11-25,56.8,59.45,56.5,57.65,165318,,,
1999-11-26,58.25,58.25,56.15,57.15,128531,,,
1999-11-29,57.35,57.5,56.0,56.35,94456,,,
1999-11-30,55.6,56.5,55.45,55.6,131872,,,
1999-12-01,56.9,57.2,56.2,56.45,129230,,,
1999-12-02,56.9,56.9,55.85,56.3,103679,,,
1999-12-03,56.65,57.25,55.75,55.95,109027,,,
1999-12-06,55.55,60.45,55.55,59.75,379677,,,
1999-12-07,60.0,60.0,57.6,58.0,239985,,,
1999-12-08,59.1,59.85,56.5,56.95,168761,,,
1999-12-09,58.0,58.0,56.2,56.45,98812,,,
1999-12-10,56.9,57.5,55.75,56.1,105152,,,
1999-12-13,56.5,56.5,55.25,55.5,55583,,,
1999-12-14,55.05,55.5,52.0,52.55,262946,,,
1999-12-15,52.5,54.5,52.05,53.5,167794,,,
1999-12-16,53.65,54.5,53.25,53.85,165559,,,
1999-12-17,54.75,56.9,53.3,53.75,129689,,,
1999-12-20,53.0,55.9,53.0,54.85,216131,,,
1999-12-21,54.9,55.25,53.5,53.95,194581,,,
1999-12-22,55.2,58.3,55.05,58.25,316424,,,
1999-12-23,62.95,62.95,62.95,62.95,14542,,,
1999-12-24,68.0,68.0,63.0,67.95,1286471,,,
1999-12-27,69.8,69.8,62.55,62.8,437937,,,
1999-12-28,60.6,62.45,60.55,61.05,532318,,,
1999-12-29,62.25,62.25,60.0,60.45,142310,,,
1999-12-30,60.7,61.6,58.55,59.1,141338,,,
2000-01-03,62.0,62.9,59.15,62.4,264785,,,
2000-01-04,62.0,63.15,60.1,60.55,188555,,,
2000-01-05,57.5,60.5,57.5,58.2,305858,,,
2000-01-06,59.75,62.0,58.3,60.0,442750,,,
2000-01-07,60.0,61.0,58.6,59.35,218315,,,
2000-01-10,60.4,61.05,59.25,59.75,232082,,,
2000-01-11,60.0,60.0,56.1,56.65,327426,,,
2000-01-12,58.0,58.75,57.05,58.2,151986,,,
2000-01-13,58.5,58.9,56.5,56.85,138751,,,
2000-01-14,56.55,57.0,55.1,55.55,213648,,,
2000-01-17,56.5,57.45,56.1,56.45,132441,,,
2000-01-18,56.0,56.85,55.6,56.1,204009,,,
2000-01-19,57.0,58.35,56.6,57.35,212696,,,
2000-01-20,58.05,58.2,56.1,56.45,183999,,,
2000-01-21,58.1,61.0,58.1,61.0,940460,,,
2000-01-24,62.9,64.9,60.2,60.55,685911,,,
2000-01-25,60.05,60.9,58.65,59.25,323223,,,
2000-01-27,60.8,60.8,58.5,58.9,243476,,,
2000-01-28,58.1,59.05,57.05,57.3,211503,,,
2000-01-31,57.0,57.5,55.5,55.8,188390,,,
2000-02-01,55.5,56.5,55.25,55.55,233902,,,
2000-02-02,57.0,60.0,56.25,57.95,425584,,,
2000-02-03,56.3,58.5,56.3,56.7,179100,,,
2000-02-04,57.15,57.15,54.1,54.65,366235,,,
2000-02-07,54.4,55.0,53.75,54.0,148726,,,
2000-02-08,53.5,54.25,53.0,53.1,282251,,,
2000-02-09,55.0,55.9,54.25,54.7,201954,,,
2000-02-10,54.6,54.8,53.8,54.0,137306,,,
2000-02-11,53.05,54.7,52.25,52.7,210686,,,
2000-02-14,53.5,53.5,51.0,51.3,157367,,,
2000-02-15,52.0,52.0,49.5,49.95,307699,,,
2000-02-16,50.25,51.9,50.25,50.95,131487,,,
2000-02-17,51.6,51.9,50.5,51.6,129325,,,
2000-02-18,51.75,51.75,50.15,50.65,104372,,,
2000-02-21,49.35,50.4,49.0,49.9,125518,,,
2000-02-22,49.3,50.4,49.05,49.45,238623,,,
2000-02-23,45.7,50.5,45.7,49.2,138010,,,
2000-02-24,49.8,49.9,48.0,48.15,108284,,,
2000-02-25,48.5,48.9,46.95,47.1,118903,,,
2000-02-28,48.0,50.9,47.0,50.9,121209,,,
2000-02-29,52.0,55.0,48.0,49.65,334919,,,
2000-03-01,53.0,53.0,47.8,50.0,112974,,,
2000-03-02,50.45,50.45,47.1,47.4,116412,,,
2000-03-03,46.5,47.0,44.0,45.25,131922,,,
2000-03-06,46.8,46.9,45.05,45.45,178537,,,
2000-03-07,44.5,46.35,43.5,43.9,217075,,,
2000-03-08,43.6,45.0,43.0,43.65,82148,,,
2000-03-09,44.9,44.9,43.0,44.6,145710,,,
2000-03-10,45.3,45.3,43.1,43.45,101501,,,
2000-03-13,44.0,44.0,41.55,42.25,115308,,,
2000-03-14,41.9,45.65,40.05,44.15,257146,,,
2000-03-15,45.0,46.85,44.9,46.25,179119,,,
2000-03-16,46.45,46.5,43.5,43.8,105127,,,
2000-03-21,42.5,44.0,42.0,42.2,183022,,,
2000-03-22,44.7,45.5,43.9,44.35,127591,,,
2000-03-23,44.05,44.95,43.0,43.85,69378,,,
2000-03-24,44.0,47.4,43.15,47.1,142701,,,
2000-03-27,49.9,50.5,46.5,47.55,209261,,,
2000-03-28,46.25,48.0,46.25,47.75,220587,,,
2000-03-29,49.0,51.6,48.1,51.4,437764,,,
2000-03-30,49.35,52.9,49.35,50.4,344799,,,
2000-03-31,50.1,54.4,49.1,52.25,463791,,,
2000-04-03,52.1,54.0,52.0,53.1,266243,,,
2000-04-04,52.5,52.55,48.85,49.7,577100,,,
2000-04-05,50.8,53.7,50.7,52.2,275520,,,
2000-04-06,53.0,53.65,50.45,51.95,138958,,,
2000-04-07,53.65,56.15,51.6,55.0,540511,,,
2000-04-10,55.0,55.9,52.85,53.7,436522,,,
2000-04-11,53.5,54.45,52.65,54.2,275928,,,
2000-04-12,54.0,55.5,53.6,54.25,211764,,,
2000-04-13,54.0,55.4,53.0,54.35,243114,,,
2000-04-17,53.0,53.5,51.0,53.0,272618,,,
2000-04-18,52.9,53.95,52.5,52.95,488961,,,
2000-04-19,44.3,48.5,44.3,45.95,260685,,,
2000-04-20,45.0,45.9,43.6,45.3,171333,,,
2000-04-24,48.9,48.9,44.1,44.6,62391,,,
2000-04-25,43.05,44.25,42.6,43.7,154292,,,
2000-04-26,45.5,45.5,43.25,45.3,109289,,,
2000-04-27,44.2,45.0,44.05,44.4,42575,,,
2000-04-28,45.45,45.45,43.1,43.8,69261,,,
2000-05-02,43.1,43.55,42.5,42.8,94706,,,
2000-05-03,42.15,43.0,41.7,42.15,131135,,,
2000-05-04,42.85,43.4,42.3,42.8,58475,,,
2000-05-05,42.5,43.25,42.5,42.85,48048,,,
2000-05-08,42.95,42.95,41.55,41.85,100742,,,
2000-05-09,41.5,42.5,40.65,42.15,207832,,,
2000-05-10,42.25,42.6,41.7,41.85,50265,,,
2000-05-11,41.75,41.95,41.05,41.45,63392,,,
2000-05-12,41.1,41.45,40.35,40.45,94474,,,
2000-05-15,40.0,40.5,39.1,39.75,90581,,,
2000-05-16,40.4,40.4,39.05,39.25,111318,,,
2000-05-17,39.95,40.35,39.6,40.05,66397,,,
2000-05-18,39.7,40.35,39.7,39.95,40999,,,
2000-05-19,40.3,40.5,39.25,39.5,43123,,,
2000-05-22,39.8,39.8,38.8,39.3,52359,,,
2000-05-23,39.05,39.9,39.0,39.35,80901,,,
2000-05-24,39.5,40.5,39.0,40.25,45571,,,
2000-05-25,40.6,41.25,40.2,40.8,58429,,,
2000-05-26,40.8,44.1,40.7,43.85,226712,,,
2000-05-29,44.0,45.5,44.0,44.8,140312,,,
2000-05-30,44.0,44.9,43.7,44.65,96116,,,
2000-05-31,47.9,47.9,43.65,44.05,136287,,,
2000-06-01,42.5,43.0,40.65,41.2,102557,,,
2000-06-02,40.6,42.0,40.6,41.1,104717,,,
2000-06-05,41.95,42.7,40.0,41.25,117612,,,
2000-06-06,41.0,41.9,40.7,41.5,115239,,,
2000-06-07,40.1,43.95,40.1,41.5,103733,,,
2000-06-08,42.0,42.4,41.5,41.95,81599,,,
2000-06-09,42.3,44.05,42.1,43.45,178947,,,
2000-06-12,44.45,48.5,44.45,47.1,349466,,,
2000-06-13,47.0,47.25,45.4,46.75,155199,,,
2000-06-14,48.0,48.0,46.0,46.05,82096,,,
2000-06-15,46.3,46.3,44.5,44.85,55807,,,
2000-06-16,44.15,45.25,44.15,44.9,68293,,,
2000-06-19,45.5,45.5,44.65,44.9,36710,,,
2000-06-20,45.1,45.5,44.15,45.35,90883,,,
2000-06-21,45.65,46.0,45.0,45.2,96182,,,
2000-06-22,44.4,45.15,44.0,44.35,51429,,,
2000-06-23,44.7,44.7,43.35,43.55,53371,,,
2000-06-26,42.5,43.75,42.5,43.45,33983,,,
2000-06-27,43.1,43.5,42.75,42.9,73452,,,
2000-06-28,43.6,43.6,42.5,42.85,34977,,,
2000-06-29,42.6,43.25,42.5,42.65,45141,,,
2000-06-30,43.0,43.0,41.65,41.95,60238,,,
2000-07-03,42.6,42.6,41.75,42.4,43501,,,
2000-07-04,42.5,42.6,42.0,42.15,65036,,,
2000-07-05,43.0,43.25,42.0,42.55,59315,,,
2000-07-06,43.2,43.2,42.05,42.4,33743,,,
2000-07-07,42.15,43.5,42.0,43.15,63691,,,
2000-07-10,43.75,43.8,42.75,43.0,82367,,,
2000-07-11,42.75,46.45,42.5,44.9,230976,,,
2000-07-12,45.25,48.5,45.1,46.65,446419,,,
2000-07-13,47.95,47.95,44.65,45.0,136151,,,
2000-07-14,44.6,45.4,44.0,44.1,97632,,,
2000-07-17,45.0,47.1,44.6,45.1,103940,,,
2000-07-18,44.55,45.8,44.15,44.3,181106,,,
2000-07-19,44.95,44.95,43.4,43.45,85986,,,
2000-07-20,44.8,44.8,43.0,43.1,46909,,,
2000-07-21,43.25,43.35,42.25,42.55,79921,,,
2000-07-24,42.05,42.1,39.75,40.0,161530,,,
2000-07-25,38.4,41.5,38.0,41.0,249378,,,
2000-07-26,41.8,43.9,41.1,41.55,110524,,,
2000-07-27,40.0,40.0,38.05,39.0,270083,,,
2000-07-28,38.5,39.0,37.75,38.0,172636,,,
2000-07-31,38.2,38.2,37.5,37.75,72606,,,
2000-08-01,39.0,39.0,37.6,38.25,67579,,,
2000-08-02,38.55,38.65,37.8,38.25,46724,,,
2000-08-03,37.1,38.0,37.0,37.75,77877,,,
2000-08-04,38.0,38.0,37.0,37.25,69896,,,
2000-08-07,36.95,37.0,35.6,36.05,139505,,,
2000-08-08,35.4,36.3,35.4,35.9,168109,,,
2000-08-09,36.2,36.5,35.2,35.4,113561,,,
2000-08-10,35.4,35.95,35.0,35.5,62053,,,
2000-08-11,35.4,35.8,34.7,34.9,67436,,,
2000-08-14,36.0,37.5,33.9,34.05,121885,,,
2000-08-16,34.9,35.0,34.1,34.45,64020,,,
2000-08-17,34.3,35.15,34.3,34.85,39327,,,
2000-08-18,34.75,36.0,34.25,35.25,77032,,,
2000-08-21,34.05,36.0,34.05,35.75,63670,,,
2000-08-22,35.05,37.4,35.05,36.95,94514,,,
2000-08-23,37.5,38.0,37.0,37.15,72433,,,
2000-08-24,36.9,37.65,36.0,36.25,42997,,,
2000-08-25,37.4,37.4,36.1,36.95,71446,,,
2000-08-28,39.5,39.9,37.0,39.6,139203,,,
2000-08-29,39.65,39.65,38.3,38.75,103028,,,
2000-08-30,39.55,40.9,38.8,39.0,76067,,,
2000-08-31,38.5,39.0,37.75,37.9,46880,,,
2000-09-04,39.95,40.95,39.0,39.8,119316,,,
2000-09-05,39.45,40.7,39.4,40.15,101574,,,
2000-09-06,40.45,40.9,39.75,40.45,90100,,,
2000-09-07,40.5,40.95,40.25,40.35,60931,,,
2000-09-08,40.9,41.0,39.3,39.5,59459,,,
2000-09-11,40.5,40.6,38.55,39.25,55045,,,
2000-09-12,39.0,39.1,37.9,38.0,85126,,,
2000-09-13,38.75,39.25,38.0,38.2,63668,,,
2000-09-14,38.15,38.75,37.7,38.45,23245,,,
2000-09-15,38.0,38.8,37.1,37.3,47788,,,
2000-09-18,36.3,37.2,36.15,36.3,40014,,,
2000-09-19,37.0,37.0,35.4,35.5,99718,,,
2000-09-20,36.05,37.2,35.05,36.55,29554,,,
2000-09-21,36.9,36.9,36.0,36.05,28325,,,
2000-09-22,34.75,35.75,34.3,35.1,84113,,,
2000-09-25,36.5,36.5,35.0,35.2,48400,,,
2000-09-26,35.4,35.4,34.7,34.95,65232,,,
2000-09-27,35.0,37.75,34.85,36.8,107830,,,
2000-09-28,35.05,38.0,35.05,35.6,74267,,,
2000-09-29,36.1,36.1,34.5,34.75,44691,,,
2000-10-03,34.0,35.25,34.0,34.85,54766,,,
2000-10-04,34.15,37.65,34.15,35.75,86226,,,
2000-10-05,35.6,36.3,35.2,35.25,22727,,,
2000-10-06,35.5,35.5,34.05,34.8,37835,,,
2000-10-09,34.75,34.8,34.4,34.6,31832,,,
2000-10-10,34.25,34.6,33.5,33.75,60806,,,
2000-10-11,31.5,34.8,31.5,33.7,39077,,,
2000-10-12,33.25,34.35,33.25,34.15,29273,,,
2000-10-13,34.5,34.5,33.0,33.3,37887,,,
2000-10-16,34.0,34.65,32.0,34.15,48064,,,
2000-10-17,33.55,34.0,33.0,33.1,59298,,,
2000-10-18,33.85,34.0,33.0,33.2,49503,,,
2000-10-19,33.55,33.85,33.1,33.6,38835,,,
2000-10-20,34.1,34.1,33.5,33.65,36975,,,
2000-10-23,34.25,35.7,33.0,34.8,68668,,,
2000-10-24,34.2,36.25,34.2,35.8,132902,,,
2000-10-25,36.0,38.4,35.1,37.45,108863,,,
2000-10-26,38.4,38.75,37.1,38.45,57287,,,
2000-10-27,39.7,39.7,37.4,37.95,39847,,,
2000-10-30,37.3,37.85,37.05,37.25,48103,,,
2000-10-31,38.4,38.5,36.5,37.7,118078,,,
2000-11-01,37.65,39.1,37.3,38.1,94552,,,
2000-11-02,38.25,39.0,37.05,38.5,67232,,,
2000-11-03,38.5,39.5,38.5,39.15,108708,,,
2000-11-06,39.8,43.05,39.05,42.55,280272,,,
2000-11-07,42.5,42.8,41.0,42.3,133734,,,
2000-11-08,43.1,43.1,40.65,41.1,119525,,,
2000-11-09,41.9,41.9,40.0,40.55,57498,,,
2000-11-10,40.35,40.5,38.65,39.45,93393,,,
2000-11-13,38.1,39.0,38.0,38.45,49744,,,
2000-11-14,38.15,41.55,38.15,40.1,187044,,,
2000-11-15,42.0,42.0,40.15,40.65,88938,,,
2000-11-16,41.75,43.9,40.3,41.45,354495,,,
2000-11-17,40.75,42.4,40.75,41.55,74301,,,
2000-11-20,40.1,44.9,40.1,42.35,218431,,,
2000-11-21,42.0,42.0,41.25,41.6,146214,,,
2000-11-22,43.0,43.2,41.0,41.25,76474,,,
2000-11-23,42.0,42.0,40.8,41.25,63512,,,
2000-11-24,41.75,41.8,40.9,41.0,60483,,,
2000-11-27,41.3,42.4,40.9,42.1,93430,,,
2000-11-28,42.25,44.85,42.25,43.8,310587,,,
2000-11-29,44.15,45.25,43.25,43.65,236602,,,
2000-11-30,44.0,44.95,43.5,44.35,146463,,,
2000-12-01,43.95,44.5,43.35,43.8,224993,,,
2000-12-04,44.5,47.3,44.0,46.45,584768,,,
2000-12-05,46.75,50.15,46.75,49.55,535896,,,
2000-12-06,50.9,52.4,49.3,50.05,875541,,,
2000-12-07,50.0,52.25,49.8,50.8,461704,,,
2000-12-08,51.9,52.05,50.8,51.45,359639,,,
2000-12-11,52.0,54.25,51.25,52.55,710498,,,
2000-12-12,53.15,53.25,50.25,50.65,442317,,,
2000-12-13,51.35,51.95,50.5,51.15,279485,,,
2000-12-14,51.4,55.7,51.05,53.85,1358186,,,
2000-12-15,53.3,55.7,50.7,51.15,920950,,,
2000-12-18,50.0,54.15,50.0,53.7,637248,,,
2000-12-19,54.2,56.2,53.1,54.55,1049810,,,
2000-12-20,53.3,55.0,53.1,53.8,351610,,,
2000-12-21,53.5,54.75,51.25,52.45,316690,,,
2000-12-22,53.0,53.5,47.05,48.3,424398,,,
2000-12-26,48.25,49.75,45.1,45.45,485604,,,
2000-12-27,46.05,49.1,45.1,47.45,185591,,,
2000-12-28,49.05,49.8,48.25,49.15,169004,,,
2000-12-29,49.9,50.9,48.8,50.55,304340,,,
2001-01-01,51.5,53.95,51.05,52.4,550535,,,
2001-01-02,53.2,54.95,53.05,54.65,485630,,,
2001-01-03,54.1,56.3,54.1,55.35,545356,,,
2001-01-04,55.95,59.8,55.2,56.9,1264989,,,
2001-01-05,56.7,57.5,54.5,55.25,404153,,,
2001-01-08,55.25,55.8,52.1,52.75,381671,,,
2001-01-09,52.9,54.2,52.1,52.6,397415,,,
2001-01-10,54.9,54.95,52.15,52.4,210519,,,
2001-01-11,53.0,53.0,51.1,51.65,109280,,,
2001-01-12,50.25,52.5,50.25,51.15,291373,,,
2001-01-15,51.45,51.45,50.2,51.15,143830,,,
2001-01-16,50.5,53.45,50.5,51.9,571129,,,
2001-01-17,52.5,53.3,51.25,51.7,168681,,,
2001-01-18,52.05,52.1,50.9,51.25,111954,,,
2001-01-19,51.4,51.9,49.55,49.9,262220,,,
2001-01-22,50.25,51.3,49.5,50.75,192798,,,
2001-01-23,50.7,51.15,49.8,50.0,337279,,,
2001-01-24,52.0,52.75,50.25,52.15,462545,,,
2001-01-25,52.75,56.35,52.2,55.7,1758113,,,
2001-01-29,55.4,56.3,51.25,53.8,659116,,,
2001-01-30,54.7,57.0,54.05,55.85,934225,,,
2001-01-31,57.0,57.25,54.1,54.6,607703,,,
2001-02-01,54.75,55.4,52.4,53.4,577703,,,
2001-02-02,53.7,54.7,52.8,53.25,534701,,,
2001-02-05,53.4,56.0,52.8,55.75,727973,,,
2001-02-06,56.15,60.25,55.75,57.95,2017555,,,
2001-02-07,59.4,60.8,57.8,58.45,1716018,,,
2001-02-08,58.5,60.4,58.1,60.15,1040414,,,
2001-02-09,60.5,63.75,60.3,61.8,2194974,,,
2001-02-12,62.55,64.1,61.7,61.95,1469761,,,
2001-02-13,62.0,62.65,59.6,60.05,1288507,,,
2001-02-14,59.15,61.4,58.5,59.6,618825,,,
2001-02-15,60.4,63.1,60.25,62.1,1435452,,,
2001-02-16,62.5,62.6,57.25,57.95,1084977,,,
2001-02-19,58.1,60.7,56.1,59.7,1122914,,,
2001-02-20,59.5,61.7,58.2,60.4,1644093,,,
2001-02-21,60.0,63.0,60.0,61.15,1486689,,,
2001-02-22,60.7,61.5,57.65,58.85,873560,,,
2001-02-23,59.35,59.95,51.0,53.65,994833,,,
2001-02-26,54.15,55.5,50.0,53.25,845808,,,
2001-02-27,53.15,54.5,50.5,51.1,1351882,,,
2001-02-28,51.05,54.0,50.25,51.15,931648,,,
2001-03-01,52.05,53.6,50.25,51.35,834242,,,
2001-03-02,50.8,52.75,43.15,43.3,1226625,,,
2001-03-05,39.85,41.35,36.6,38.45,1466137,,,
2001-03-07,41.0,43.75,39.5,41.6,874122,,,
2001-03-08,42.0,42.45,39.75,41.25,387487,,,
2001-03-09,40.6,40.7,38.0,39.95,583297,,,
2001-03-12,40.0,40.75,37.0,37.4,367123,,,
2001-03-13,37.0,38.4,32.55,33.8,591459,,,
2001-03-14,34.0,38.65,34.0,38.2,332850,,,
2001-03-15,38.0,39.3,35.6,38.3,276709,,,
2001-03-16,37.9,38.5,36.25,37.05,371171,,,
2001-03-19,37.5,38.1,36.5,37.8,299290,,,
2001-03-20,38.0,38.4,37.0,37.4,297403,,,
2001-03-21,37.8,38.45,37.0,38.0,142028,,,
2001-03-22,38.6,40.25,38.0,38.7,277189,,,
2001-03-23,39.1,39.55,37.4,37.95,204992,,,
2001-03-26,38.45,39.2,37.5,38.9,132298,,,
2001-03-27,39.3,41.5,39.0,40.25,260463,,,
2001-03-28,41.4,41.5,40.5,40.7,157996,,,
2001-03-29,40.2,40.8,39.75,40.1,98978,,,
2001-03-30,39.95,40.0,38.05,38.25,185550,,,
2001-04-02,38.0,38.7,36.0,38.3,159154,,,
2001-04-03,37.75,39.75,37.7,39.1,158725,,,
2001-04-04,39.0,39.2,38.0,39.05,120228,,,
2001-04-06,39.9,40.8,38.75,39.1,109830,,,
2001-04-09,39.55,39.75,38.6,39.3,66294,,,
2001-04-10,39.7,39.7,38.3,38.45,142657,,,
2001-04-11,39.7,39.7,38.1,38.85,114686,,,
2001-04-12,38.3,38.7,37.1,38.0,143452,,,
2001-04-16,37.1,40.9,37.1,40.6,203285,,,
2001-04-17,40.35,42.75,40.0,41.0,212564,,,
2001-04-18,42.25,42.75,41.4,42.35,248919,,,
2001-04-19,42.75,44.25,41.6,42.0,260706,,,
2001-04-20,42.3,42.35,41.0,41.7,135945,,,
2001-04-23,41.5,42.25,41.0,41.45,154039,,,
2001-04-24,41.1,41.75,41.05,41.5,174002,,,
2001-04-25,42.0,43.2,41.2,42.9,209308,,,
2001-04-26,43.45,43.75,41.2,41.55,173873,,,
2001-04-27,41.2,41.2,38.25,40.0,212080,,,
2001-04-30,41.3,41.3,39.65,39.85,180754,,,
2001-05-02,41.9,41.95,40.0,40.85,249870,,,
2001-05-03,41.25,41.25,40.05,40.3,85796,,,
2001-05-04,40.4,40.65,40.0,40.35,91518,,,
2001-05-07,41.1,41.4,40.35,40.45,112251,,,
2001-05-08,40.45,40.9,40.3,40.65,131869,,,
2001-05-09,41.3,41.3,40.3,40.6,108855,,,
2001-05-10,40.35,40.4,40.25,40.35,30570,,,
2001-05-11,40.45,40.45,39.6,39.65,79206,,,
2001-05-14,39.6,40.0,39.25,39.5,40189,,,
2001-05-15,39.25,39.5,38.5,39.15,140289,,,
2001-05-16,39.2,41.9,39.2,41.05,197577,,,
2001-05-17,41.4,42.0,41.0,41.4,140475,,,
2001-05-18,41.7,42.9,41.15,42.45,211766,,,
2001-05-21,42.0,43.8,42.0,42.65,227795,,,
2001-05-22,42.1,43.4,42.1,42.8,141135,,,
2001-05-23,42.65,45.0,42.65,44.75,361370,,,
2001-05-24,45.0,46.0,43.95,44.1,386414,,,
2001-05-25,44.05,44.4,43.3,43.9,146130,,,
2001-05-28,44.25,46.4,43.3,46.2,430864,,,
2001-05-29,46.2,46.7,45.25,45.7,313880,,,
2001-05-30,46.25,46.75,44.65,44.85,269917,,,
2001-05-31,44.5,46.4,43.5,45.9,352666,,,
2001-06-01,46.3,46.85,44.6,44.85,300766,,,
2001-06-04,45.9,47.6,45.9,46.25,1017871,,,
2001-06-05,46.6,46.9,46.05,46.5,512007,,,
2001-06-06,47.1,47.75,46.55,46.8,283317,,,
2001-06-07,46.95,47.0,45.9,46.85,365410,,,
2001-06-08,47.15,48.25,46.6,47.65,497664,,,
2001-06-11,47.9,48.05,46.6,47.1,651193,,,
2001-06-12,46.8,47.2,46.55,46.75,755059,,,
2001-06-13,40.65,41.7,39.35,40.55,345288,,,
2001-06-14,40.85,40.85,39.35,39.55,174706,,,
2001-06-15,39.25,39.25,38.35,38.45,205821,,,
2001-06-18,38.2,38.4,37.5,38.0,140273,,,
2001-06-19,38.9,38.9,37.6,37.85,138796,,,
2001-06-20,38.25,38.25,37.3,37.5,68161,,,
2001-06-21,37.7,37.7,36.4,36.55,114695,,,
2001-06-22,36.75,36.75,35.25,35.6,166161,,,
2001-06-25,35.5,35.5,34.6,34.95,118686,,,
2001-06-26,34.55,35.95,34.55,35.6,207915,,,
2001-06-27,35.95,36.35,35.5,35.9,107489,,,
2001-06-28,36.0,36.4,35.55,36.05,42254,,,
2001-06-29,36.5,36.8,35.4,35.8,94004,,,
2001-07-02,36.25,37.2,34.15,36.55,47437,,,
2001-07-03,34.35,38.0,34.35,36.8,46748,,,
2001-07-04,37.3,37.3,36.65,37.1,21864,,,
2001-07-05,35.2,37.35,35.2,37.05,27771,,,
2001-07-06,37.3,37.3,36.5,36.65,31771,,,
2001-07-09,36.9,37.0,35.8,36.8,34899,,,
2001-07-10,37.2,37.2,36.6,36.75,21189,,,
2001-07-11,36.6,36.95,35.75,35.95,52449,,,
2001-07-12,36.1,36.8,36.05,36.35,34647,,,
2001-07-13,36.5,37.0,36.2,36.3,48881,,,
2001-07-16,36.4,36.95,36.3,36.55,23382,,,
2001-07-17,36.45,36.55,36.1,36.15,24713,,,
2001-07-18,36.85,36.85,36.05,36.1,15953,,,
2001-07-19,36.65,36.7,35.65,36.3,22637,,,
2001-07-20,36.2,36.4,35.9,36.1,28863,,,
2001-07-23,35.7,37.0,35.7,36.25,2564,,,
2001-07-24,35.5,36.4,35.0,36.15,32090,,,
2001-07-25,36.0,36.15,35.25,35.45,45015,,,
2001-07-26,35.95,35.95,35.2,35.6,49503,,,
2001-07-27,37.5,39.35,37.5,38.25,170288,,,
2001-07-30,39.1,41.9,39.1,40.2,194112,,,
2001-07-31,40.2,40.5,39.2,39.45,107348,,,
2001-08-01,39.0,39.7,38.6,38.8,69409,,,
2001-08-02,38.65,39.0,38.5,38.65,37082,,,
2001-08-03,40.2,40.2,38.55,38.95,62978,,,
2001-08-06,39.0,39.9,39.0,39.6,46934,,,
2001-08-07,39.0,39.75,39.0,39.25,42719,,,
2001-08-08,39.6,40.8,39.35,40.45,105047,,,
2001-08-09,40.7,42.4,40.05,41.85,288390,,,
2001-08-10,42.0,42.9,42.0,42.55,182066,,,
2001-08-13,44.75,44.75,41.25,41.55,333983,,,
2001-08-14,42.0,43.9,41.85,42.25,473333,,,
2001-08-16,43.0,43.0,42.15,42.35,121091,,,
2001-08-17,42.6,42.6,41.5,41.6,61274,,,
2001-08-20,41.95,42.0,41.1,41.3,53428,,,
2001-08-21,41.25,41.45,41.0,41.15,42993,,,
2001-08-23,40.15,41.45,40.15,41.1,31470,,,
2001-08-24,41.5,41.5,40.6,40.8,46362,,,
2001-08-27,41.5,41.5,40.5,40.75,42314,,,
2001-08-28,40.6,41.0,40.4,40.5,33262,,,
2001-08-29,40.3,40.6,40.1,40.3,43779,,,
2001-08-30,40.5,40.9,40.05,40.15,31273,,,
2001-08-31,40.3,40.35,39.3,39.5,71566,,,
2001-09-03,46.85,46.85,39.0,39.2,40441,,,
2001-09-04,39.6,40.0,39.0,39.7,40270,,,
2001-09-05,40.75,40.8,39.6,39.8,47278,,,
2001-09-06,40.25,40.45,39.5,39.65,35008,,,
2001-09-07,40.25,40.25,39.1,39.6,28137,,,
2001-09-10,39.3,39.75,39.3,39.55,23021,,,
2001-09-11,39.25,39.9,39.0,39.25,25365,,,
2001-09-12,37.0,39.0,36.0,38.25,108437,,,
2001-09-13,37.75,38.75,37.75,38.1,32230,,,
2001-09-14,37.45,37.95,35.4,36.2,124562,,,
2001-09-17,35.1,36.0,33.0,34.05,130885,,,
2001-09-18,34.0,36.4,34.0,35.0,153500,,,
2001-09-19,36.9,36.9,35.15,35.6,81441,,,
2001-09-20,35.45,37.65,34.6,36.6,118220,,,
2001-09-21,35.05,36.4,35.05,36.15,60048,,,
2001-09-24,36.3,37.0,36.1,36.9,58803,,,
2001-09-25,37.0,37.9,36.4,36.55,50404,,,
2001-09-26,37.35,37.35,36.0,36.25,37946,,,
2001-09-27,36.0,37.2,35.1,36.7,61264,,,
2001-09-28,37.1,38.0,36.7,36.85,67944,,,
2001-10-01,37.1,37.1,36.25,36.65,29652,,,
2001-10-03,36.5,37.0,36.4,36.5,21907,,,
2001-10-04,37.0,37.0,36.5,36.8,12719,,,
2001-10-05,37.0,37.0,36.45,36.7,28013,,,
2001-10-08,35.5,36.5,34.6,36.15,41479,,,
2001-10-09,36.4,36.75,36.1,36.55,42337,,,
2001-10-10,36.55,36.8,36.5,36.65,48362,,,
2001-10-11,36.75,37.6,36.75,37.35,48260,,,
2001-10-12,37.5,37.6,37.0,37.15,37590,,,
2001-10-15,37.95,37.95,37.0,37.25,16780,,,
2001-10-16,39.8,39.8,37.55,38.0,30581,,,
2001-10-17,37.3,39.25,37.3,38.55,63376,,,
2001-10-18,37.75,39.25,37.75,38.2,56539,,,
2001-10-19,38.4,38.8,38.0,38.15,38662,,,
2001-10-22,39.25,39.25,38.1,39.05,108994,,,
2001-10-23,39.45,40.0,39.15,39.3,81619,,,
2001-10-24,39.25,39.75,39.0,39.1,32001,,,
2001-10-25,38.25,39.35,36.0,39.0,31326,,,
2001-10-29,38.9,40.1,38.9,39.3,73936,,,
2001-10-30,38.75,38.8,37.25,38.55,28154,,,
2001-10-31,38.0,39.05,38.0,38.75,40858,,,
2001-11-01,39.25,39.25,38.5,38.85,39598,,,
2001-11-02,39.0,39.3,38.65,38.85,30262,,,
2001-11-05,39.15,39.2,38.55,38.75,31796,,,
2001-11-06,39.0,39.1,38.75,38.9,35245,,,
2001-11-07,39.5,40.0,38.65,38.95,85915,,,
2001-11-08,39.95,39.95,38.3,38.55,65096,,,
2001-11-09,38.8,39.15,38.6,39.0,48305,,,
2001-11-12,42.85,42.85,38.5,39.55,125956,,,
2001-11-13,39.2,41.5,39.2,40.65,122876,,,
2001-11-14,41.3,41.75,40.65,41.0,74253,,,
2001-11-15,41.3,41.7,40.7,41.05,93248,,,
2001-11-19,41.65,42.45,41.2,42.15,183984,,,
2001-11-20,46.0,46.0,41.0,41.4,120658,,,
2001-11-21,45.4,45.4,40.6,42.0,81336,,,
2001-11-22,42.25,42.8,42.0,42.1,111975,,,
2001-11-23,42.5,42.5,41.55,41.9,83579,,,
2001-11-26,42.05,42.7,41.75,41.95,96028,,,
2001-11-27,43.9,43.9,41.1,41.55,66977,,,
2001-11-28,41.5,41.75,40.8,41.0,49241,,,
2001-11-29,41.0,41.0,40.1,40.25,50137,,,
2001-12-03,42.0,42.9,40.1,40.35,92738,,,
2001-12-04,40.5,42.45,40.4,41.85,128154,,,
2001-12-05,42.8,46.05,42.8,45.0,747701,,,
2001-12-06,46.0,47.4,43.8,44.45,348249,,,
2001-12-07,44.0,45.0,41.95,42.4,173475,,,
2001-12-10,43.2,44.75,43.05,44.0,130915,,,
2001-12-11,44.5,45.8,44.25,44.4,206809,,,
2001-12-12,44.5,45.1,43.5,43.7,91762,,,
2001-12-13,44.8,44.8,41.75,42.3,149151,,,
2001-12-14,41.15,42.45,40.65,42.05,71007,,,
2001-12-18,42.0,43.45,41.0,41.75,72481,,,
2001-12-19,41.35,41.9,40.0,40.15,82566,,,
2001-12-20,40.75,40.75,39.05,39.55,105653,,,
2001-12-21,39.05,39.75,39.0,39.15,69614,,,
2001-12-24,38.75,39.85,38.05,39.1,71758,,,
2001-12-26,38.2,39.4,38.2,38.65,64875,,,
2001-12-27,38.4,39.2,38.0,38.1,55138,,,
2001-12-28,38.9,39.1,38.1,38.85,46391,,,
2001-12-31,39.4,39.95,39.0,39.7,45449,,,
2002-01-01,39.95,40.35,39.0,39.25,59640,,,
2002-01-02,39.05,39.6,39.0,39.25,37194,,,
2002-01-03,39.7,39.85,39.0,39.6,24733,,,
2002-01-04,40.5,40.5,39.5,39.8,71633,,,
2002-01-07,40.25,40.7,40.0,40.15,60891,,,
2002-01-08,39.8,40.7,39.5,39.75,41701,,,
2002-01-09,39.75,40.0,39.1,39.3,47143,,,
2002-01-10,40.0,40.0,39.1,39.2,23531,,,
2002-01-11,39.5,39.7,39.0,39.05,37274,,,
2002-01-14,40.1,40.15,39.4,39.45,40210,,,
2002-01-15,39.85,40.0,39.25,39.6,23756,,,
2002-01-16,40.7,41.0,40.0,40.15,74417,,,
2002-01-17,40.0,44.2,40.0,43.15,411092,,,
2002-01-18,39.6,43.75,39.6,42.2,107004,,,
2002-01-21,42.7,43.5,42.0,42.2,80515,,,
2002-01-22,42.5,42.95,41.55,41.9,78124,,,
2002-01-23,42.4,43.95,40.3,43.0,352578,,,
2002-01-24,44.75,44.75,41.25,41.5,196545,,,
2002-01-25,41.4,41.8,40.65,41.1,65403,,,
2002-01-28,41.0,41.5,40.5,40.75,45455,,,
2002-01-29,40.75,41.0,40.55,40.65,23888,,,
2002-01-30,40.75,40.9,40.1,40.55,48530,,,
2002-01-31,41.0,41.0,40.2,40.6,66833,,,
2002-02-01,40.65,41.0,40.4,40.55,56492,,,
2002-02-04,40.9,41.5,40.25,40.45,58044,,,
2002-02-05,40.4,40.9,40.25,40.4,37034,,,
2002-02-06,40.8,44.45,40.4,42.25,277705,,,
2002-02-07,43.95,44.0,41.0,41.25,92775,,,
2002-02-08,41.7,42.5,40.75,41.6,110406,,,
2002-02-11,42.85,43.3,42.1,42.9,163981,,,
2002-02-12,43.2,43.85,42.5,42.75,113057,,,
2002-02-13,42.8,43.0,42.5,42.65,59415,,,
2002-02-14,43.0,43.2,42.6,42.75,52165,,,
2002-02-15,42.75,44.25,42.7,43.7,327613,,,
2002-02-18,44.6,46.0,43.8,45.0,614715,,,
2002-02-19,44.95,45.5,44.15,44.3,254267,,,
2002-02-20,44.5,44.5,43.2,43.35,112805,,,
2002-02-21,43.3,44.5,43.3,44.0,115308,,,
2002-02-22,43.2,45.0,43.2,44.6,117470,,,
2002-02-25,43.65,44.9,43.65,44.35,95988,,,
2002-02-26,44.8,44.9,43.8,44.05,100257,,,
2002-02-27,44.8,45.95,43.3,43.5,114316,,,
2002-02-28,43.8,45.0,41.1,41.45,327873,,,
2002-03-01,41.0,42.8,40.65,42.25,101985,,,
2002-03-04,42.9,46.5,42.9,46.5,520223,,,
2002-03-05,47.9,48.35,46.15,46.45,680656,,,
2002-03-06,46.95,47.25,44.8,45.9,542920,,,
2002-03-07,45.0,46.0,45.0,45.35,155459,,,
2002-03-08,45.6,45.6,44.1,44.3,175883,,,
2002-03-11,44.2,44.6,43.4,43.75,90621,,,
2002-03-12,43.5,43.85,43.2,43.3,104550,,,
2002-03-13,43.7,43.8,43.1,43.3,80337,,,
2002-03-14,43.4,43.85,43.15,43.25,45011,,,
2002-03-15,43.8,44.35,43.15,44.15,353562,,,
2002-03-18,44.6,44.95,43.5,43.7,72754,,,
2002-03-19,43.7,43.95,43.1,43.35,74871,,,
2002-03-20,43.15,43.85,43.1,43.5,72018,,,
2002-03-21,43.1,43.6,43.1,43.4,52785,,,
2002-03-22,43.2,43.8,43.2,43.55,31936,,,
2002-03-26,43.5,44.25,43.05,43.3,65283,,,
2002-03-27,43.45,43.95,43.3,43.55,37475,,,
2002-03-28,43.4,47.0,43.4,43.8,115729,,,
2002-04-01,44.9,45.8,42.15,43.75,54183,,,
2002-04-02,43.6,44.0,43.5,43.65,47681,,,
2002-04-03,43.6,43.95,43.55,43.8,50866,,,
2002-04-04,43.95,45.4,43.65,44.5,213869,,,
2002-04-05,44.25,45.5,44.25,44.75,128215,,,
2002-04-08,45.2,45.45,44.75,44.9,93174,,,
2002-04-09,45.2,45.2,44.6,44.8,56694,,,
2002-04-10,44.95,45.0,44.55,44.75,50044,,,
2002-04-11,45.1,45.25,44.65,44.95,72026,,,
2002-04-12,45.0,46.5,44.7,45.75,294687,,,
2002-04-15,46.35,47.3,46.0,47.0,281762,,,
2002-04-16,47.75,47.75,46.25,46.5,92157,,,
2002-04-17,46.8,47.4,46.4,46.85,96678,,,
2002-04-18,47.2,47.55,46.4,46.5,83562,,,
2002-04-19,46.7,46.9,45.8,46.05,78160,,,
2002-04-22,45.65,46.0,45.1,45.85,33489,,,
2002-04-23,46.0,46.0,45.2,45.35,23165,,,
2002-04-24,45.8,45.8,45.25,45.5,38556,,,
2002-04-25,46.0,46.9,45.5,45.7,74065,,,
2002-04-26,46.2,46.75,45.8,45.95,73909,,,
2002-04-29,45.7,46.2,45.6,45.8,46900,,,
2002-04-30,46.15,46.25,45.6,45.75,42471,,,
2002-05-02,45.8,46.4,45.1,46.1,41184,,,
2002-05-03,46.75,50.0,46.65,47.0,141121,,,
2002-05-06,47.1,48.4,47.1,47.7,170428,,,
2002-05-07,47.8,48.0,47.05,47.25,74021,,,
2002-05-08,47.5,47.8,47.1,47.3,50757,,,
2002-05-09,47.8,48.0,47.35,47.65,61581,,,
2002-05-10,49.5,50.0,48.5,49.25,343795,,,
2002-05-13,51.0,51.1,49.25,50.45,249634,,,
2002-05-14,51.85,52.0,50.0,50.15,309043,,,
2002-05-15,50.1,50.8,48.3,49.0,160378,,,
2002-05-16,48.6,49.3,48.0,48.4,111264,,,
2002-05-17,48.5,48.6,47.3,47.75,123276,,,
2002-05-20,47.25,48.7,46.0,47.4,189072,,,
2002-05-21,47.0,48.3,46.2,47.15,232723,,,
2002-05-22,46.65,47.85,46.3,47.35,163537,,,
2002-05-23,46.9,47.9,46.9,47.5,89286,,,
2002-05-24,47.9,50.3,47.8,49.65,285491,,,
2002-05-27,50.0,53.5,49.1,50.35,344005,,,
2002-05-28,51.0,51.0,48.9,49.65,168735,,,
2002-05-29,49.85,51.4,49.75,50.3,272975,,,
2002-05-30,48.0,48.0,44.6,44.8,210027,,,
2002-05-31,45.0,45.4,44.0,44.45,150026,,,
2002-06-03,45.0,46.8,44.85,45.85,283401,,,
2002-06-04,46.65,46.65,45.35,45.55,99702,,,
2002-06-05,46.2,51.5,45.5,49.55,1252832,,,
2002-06-06,50.6,52.0,48.75,49.15,464856,,,
2002-06-07,48.0,49.0,46.65,46.95,211046,,,
2002-06-10,49.8,51.3,47.8,50.55,940404,,,
2002-06-11,51.9,53.9,51.0,53.05,929763,,,
2002-06-12,53.25,55.9,52.5,53.3,784926,,,
2002-06-13,54.5,54.7,52.1,53.05,389688,,,
2002-06-14,52.95,57.7,52.6,56.85,1573449,,,
2002-06-17,58.0,62.0,57.5,61.4,2177073,,,
2002-06-18,62.0,65.5,60.5,60.95,1720329,,,
2002-06-19,61.1,62.7,58.5,60.2,818675,,,
2002-06-20,60.0,61.0,58.55,59.85,489676,,,
2002-06-21,60.1,63.9,59.25,61.7,844129,,,
2002-06-24,62.2,62.8,60.05,60.5,359665,,,
2002-06-25,61.0,61.5,58.3,58.6,306724,,,
2002-06-26,58.45,60.4,57.3,59.35,373768,,,
2002-06-27,59.9,61.0,59.05,59.7,277300,,,
2002-06-28,60.4,60.45,58.9,59.1,219587,,,
2002-07-01,59.55,63.1,58.75,61.45,794498,,,
2002-07-02,61.6,63.9,59.75,60.15,501830,,,
2002-07-03,60.7,61.25,59.4,59.75,191144,,,
2002-07-04,60.1,60.85,59.0,59.15,344633,,,
2002-07-05,59.85,62.5,59.05,61.55,465388,,,
2002-07-08,63.15,70.0,63.15,69.25,2772817,,,
2002-07-09,69.4,69.4,66.25,66.75,845011,,,
2002-07-10,66.95,68.0,65.6,66.35,624972,,,
2002-07-11,66.0,69.75,65.7,66.8,1337418,,,
2002-07-12,67.45,69.2,66.85,68.3,787010,,,
2002-07-15,68.6,68.6,63.7,64.55,529844,,,
2002-07-16,65.2,66.3,63.4,64.9,479170,,,
2002-07-17,65.35,66.2,62.2,64.05,520405,,,
2002-07-18,64.7,65.8,64.25,65.1,358425,,,
2002-07-19,65.1,65.15,62.55,63.45,263207,,,
2002-07-22,63.25,63.25,52.8,59.2,325156,,,
2002-07-23,59.0,60.3,57.5,59.75,374147,,,
2002-07-24,59.2,59.45,58.15,58.7,262528,,,
2002-07-25,59.9,61.35,58.7,59.15,273397,,,
2002-07-26,59.0,59.0,54.6,55.25,363463,,,
2002-07-29,55.2,55.2,51.0,53.2,418857,,,
2002-07-30,54.0,55.9,53.2,53.65,342161,,,
2002-07-31,52.1,61.15,52.0,59.8,989382,,,
2002-08-01,61.2,61.7,57.4,58.65,686531,,,
2002-08-02,57.9,57.9,56.25,56.9,378464,,,
2002-08-05,57.5,58.75,56.6,57.7,374711,,,
2002-08-06,56.45,56.9,54.65,54.9,476308,,,
2002-08-07,57.4,60.0,55.6,56.6,720763,,,
2002-08-08,57.2,57.45,54.95,55.25,252860,,,
2002-08-09,55.5,57.0,54.1,56.55,362026,,,
2002-08-12,55.9,57.25,55.9,56.85,107907,,,
2002-08-13,57.8,58.1,56.5,57.05,180276,,,
2002-08-14,56.85,57.25,56.15,56.3,111258,,,
2002-08-16,57.0,57.9,56.15,56.45,123174,,,
2002-08-19,57.2,57.25,56.05,56.25,108308,,,
2002-08-20,56.9,56.9,56.1,56.35,111012,,,
2002-08-21,56.7,57.15,56.25,56.45,108161,,,
2002-08-22,56.7,57.1,56.3,56.3,93585,,,
2002-08-23,56.1,56.5,55.7,56.1,57329,,,
2002-08-26,56.05,56.5,56.05,56.25,45099,,,
2002-08-27,56.4,56.85,55.5,55.7,70032,,,
2002-08-28,55.9,56.9,54.7,55.55,46230,,,
2002-08-29,55.75,55.75,55.0,55.1,71250,,,
2002-08-30,55.1,55.35,54.75,55.15,77319,,,
2002-09-02,55.95,60.0,55.35,56.75,132743,,,
2002-09-03,56.3,56.6,55.5,55.85,42691,,,
2002-09-04,55.0,55.55,55.0,55.2,52206,,,
2002-09-05,55.5,55.7,55.1,55.25,55988,,,
2002-09-06,55.4,55.65,54.25,54.7,88933,,,
2002-09-09,54.0,54.25,52.8,53.75,125086,,,
2002-09-11,55.0,55.5,54.3,54.55,50189,,,
2002-09-12,54.95,55.0,54.0,54.2,57710,,,
2002-09-13,54.35,55.8,54.0,54.25,70058,,,
2002-09-16,54.55,55.0,53.75,54.05,42194,,,
2002-09-17,53.8,54.45,53.8,53.85,24401,,,
2002-09-18,53.65,54.95,53.05,53.4,193433,,,
2002-09-19,54.0,54.0,52.1,52.6,97546,,,
2002-09-20,52.05,54.25,51.8,53.8,61632,,,
2002-09-23,54.25,54.25,53.1,53.4,42304,,,
2002-09-24,53.25,53.35,52.1,52.35,109067,,,
2002-09-25,52.3,52.95,51.8,52.55,57649,,,
2002-09-26,53.25,53.4,52.7,52.95,25843,,,
2002-09-27,53.4,53.8,53.0,53.3,55964,,,
2002-09-30,54.05,54.05,52.75,53.25,41672,,,
2002-10-01,53.75,53.75,52.7,53.15,32449,,,
2002-10-03,53.15,53.5,52.9,53.15,61254,,,
2002-10-04,53.0,53.35,52.5,52.7,63272,,,
2002-10-07,53.0,53.25,51.75,52.85,57479,,,
2002-10-08,54.95,54.95,52.25,53.55,48312,,,
2002-10-09,53.1,53.85,52.6,52.7,71960,,,
2002-10-10,52.55,53.3,52.25,52.4,69050,,,
2002-10-11,52.8,52.8,49.0,50.1,293727,,,
2002-10-14,50.6,50.7,49.3,50.0,126319,,,
2002-10-16,50.8,51.75,49.5,49.8,67543,,,
2002-10-17,49.9,50.2,49.6,50.05,40188,,,
2002-10-18,50.0,50.15,49.25,49.45,102976,,,
2002-10-21,50.0,50.9,49.45,49.6,201002,,,
2002-10-22,50.5,50.5,47.5,48.4,335109,,,
2002-10-23,48.7,50.75,48.7,49.85,202429,,,
2002-10-24,50.25,50.75,49.65,49.9,148063,,,
2002-10-25,51.3,55.0,49.1,50.25,153868,,,
2002-10-28,50.0,51.7,49.5,49.95,127704,,,
2002-10-29,50.2,50.55,49.2,49.35,150812,,,
2002-10-30,49.5,50.25,47.4,47.85,264798,,,
2002-10-31,48.0,48.85,46.4,47.8,395324,,,
2002-11-01,48.45,48.9,48.0,48.6,98658,,,
2002-11-04,49.45,49.75,49.1,49.65,82358,,,
2002-11-05,49.5,49.75,48.9,49.35,53969,,,
2002-11-07,49.3,49.95,48.9,49.05,69177,,,
2002-11-08,48.2,49.0,47.65,47.8,258718,,,
2002-11-11,48.5,48.5,47.7,47.95,72844,,,
2002-11-12,47.9,48.75,47.7,48.05,77410,,,
2002-11-13,48.35,48.35,47.15,47.3,292222,,,
2002-11-14,47.75,48.1,46.75,46.9,318707,,,
2002-11-15,47.75,48.45,47.3,47.9,151386,,,
2002-11-18,47.1,49.9,47.1,49.5,246742,,,
2002-11-20,49.75,51.3,49.6,50.25,203523,,,
2002-11-21,51.0,52.0,50.25,50.4,165901,,,
2002-11-22,50.9,52.0,50.4,51.65,216722,,,
2002-11-25,51.9,52.75,51.5,52.3,168446,,,
2002-11-26,52.55,53.25,52.35,52.6,143560,,,
2002-11-27,53.5,53.5,52.2,53.0,212838,,,
2002-11-28,53.0,53.55,52.5,53.3,204117,,,
2002-11-29,53.75,54.5,53.3,54.35,273058,,,
2002-12-02,54.0,55.9,54.0,55.55,237864,,,
2002-12-03,55.85,55.85,53.85,54.1,159914,,,
2002-12-04,53.8,54.2,53.0,53.45,163393,,,
2002-12-05,53.3,54.8,53.25,54.4,88904,,,
2002-12-06,54.9,55.0,53.55,54.3,167924,,,
2002-12-09,54.85,55.3,53.5,53.7,184966,,,
2002-12-10,53.3,53.8,52.65,53.45,71823,,,
2002-12-11,52.8,54.2,52.8,53.25,70531,,,
2002-12-12,63.8,63.8,53.0,53.9,70966,,,
2002-12-13,55.7,57.45,55.5,57.15,603046,,,
2002-12-16,57.5,57.95,55.25,55.55,231504,,,
2002-12-17,56.5,56.8,55.0,55.25,149676,,,
2002-12-18,54.8,55.8,54.8,55.45,63400,,,
2002-12-19,55.45,55.5,54.75,55.1,84116,,,
2002-12-20,55.3,56.1,55.05,55.35,86182,,,
2002-12-23,56.0,56.05,55.0,55.15,72031,,,
2002-12-24,55.0,55.5,55.0,55.25,52558,,,
2002-12-26,55.55,56.8,55.2,56.45,172501,,,
2002-12-27,56.75,58.0,56.2,57.1,202231,,,
2002-12-30,57.25,58.55,56.25,57.8,272455,,,
2002-12-31,58.25,59.25,58.0,58.15,191849,,,
2003-01-01,58.35,58.7,57.2,57.65,88415,,,
2003-01-02,57.9,58.25,57.1,57.25,97648,,,
2003-01-03,57.7,58.65,57.1,57.75,151485,,,
2003-01-06,58.1,58.45,56.5,56.85,118203,,,
2003-01-07,57.4,57.5,56.15,56.45,72396,,,
2003-01-08,56.95,57.5,56.35,57.3,65534,,,
2003-01-09,57.05,58.75,57.05,58.2,163290,,,
2003-01-10,57.5,58.25,57.4,57.65,77427,,,
2003-01-13,57.55,57.9,56.5,57.25,54695,,,
2003-01-14,57.45,60.35,57.3,57.6,66125,,,
2003-01-15,57.65,59.8,57.4,59.55,320442,,,
2003-01-16,60.0,62.5,59.9,61.35,804895,,,
2003-01-17,61.45,62.8,61.15,61.65,398298,,,
2003-01-20,62.5,63.0,60.0,60.25,286581,,,
2003-01-21,60.9,61.35,60.1,60.8,206447,,,
2003-01-22,61.0,67.5,60.8,66.45,2872664,,,
2003-01-23,67.0,68.4,63.0,63.4,1738945,,,
2003-01-24,64.7,66.0,60.6,61.65,1579948,,,
2003-01-27,61.0,61.8,57.8,58.1,706428,,,
2003-01-28,59.7,60.9,58.7,59.8,432164,,,
2003-01-29,61.0,61.0,59.15,59.5,287272,,,
2003-01-30,60.3,60.3,58.85,59.1,158851,,,
2003-01-31,59.9,61.0,58.15,58.35,154543,,,
2003-02-03,58.5,59.35,58.5,58.85,115418,,,
2003-02-04,59.9,62.5,59.25,61.0,663394,,,
2003-02-05,60.9,61.75,60.0,60.05,191827,,,
2003-02-06,60.4,60.65,59.5,60.25,129345,,,
2003-02-07,60.9,60.9,59.75,59.9,235567,,,
2003-02-10,59.4,60.2,58.65,58.85,84076,,,
2003-02-11,59.15,59.75,58.1,58.35,94369,,,
2003-02-12,58.45,58.8,58.1,58.25,62637,,,
2003-02-14,58.6,58.6,57.7,57.85,91022,,,
2003-02-17,58.45,60.5,58.45,60.35,234770,,,
2003-02-18,60.7,61.4,59.55,59.95,184015,,,
2003-02-19,60.0,62.15,60.0,61.45,423333,,,
2003-02-20,61.9,62.65,61.45,61.9,490860,,,
2003-02-21,62.0,62.6,61.3,62.25,318342,,,
2003-02-24,62.45,65.95,62.4,65.25,785886,,,
2003-02-25,64.9,65.4,63.7,64.9,569151,,,
2003-02-26,65.0,66.35,64.5,65.3,427595,,,
2003-02-27,65.65,67.45,65.1,66.55,581887,,,
2003-02-28,67.6,67.8,64.0,64.35,766926,,,
2003-03-03,63.5,65.25,63.5,64.5,215223,,,
2003-03-04,64.1,64.1,62.0,62.15,187111,,,
2003-03-05,57.1,63.5,57.1,63.1,368754,,,
2003-03-06,63.0,63.65,62.0,62.75,131432,,,
2003-03-07,62.0,62.5,60.45,61.3,183562,,,
2003-03-10,62.4,62.4,60.55,61.05,191359,,,
2003-03-11,60.8,62.0,60.45,61.2,119982,,,
2003-03-12,62.3,62.8,61.2,61.4,185782,,,
2003-03-13,61.8,62.0,61.05,61.75,206634,,,
2003-03-17,61.3,61.5,60.1,60.7,166144,,,
2003-03-19,61.05,61.7,60.05,60.1,166855,,,
2003-03-20,60.0,61.5,59.6,61.25,138109,,,
2003-03-21,61.0,63.8,61.0,62.75,229044,,,
2003-03-22,63.5,63.8,62.8,63.55,108967,,,
2003-03-24,63.7,63.7,61.95,62.05,85827,,,
2003-03-25,60.75,62.5,60.75,62.25,97814,,,
2003-03-26,63.4,63.4,60.45,62.65,99144,,,
2003-03-27,62.0,62.55,61.1,61.5,75540,,,
2003-03-28,61.75,62.15,61.35,61.85,47614,,,
2003-03-31,61.05,61.85,61.0,61.2,135951,,,
2003-04-01,61.7,63.0,61.3,62.55,112357,,,
2003-04-02,65.2,66.9,64.1,64.35,328039,,,
2003-04-03,65.45,66.95,64.75,65.45,530261,,,
2003-04-04,65.05,70.5,65.05,69.45,1088755,,,
2003-04-07,69.0,72.4,69.0,69.85,432795,,,
2003-04-08,70.3,70.6,68.25,68.6,303529,,,
2003-04-09,68.8,69.1,66.0,66.25,469484,,,
2003-04-10,66.0,68.4,65.25,66.7,322015,,,
2003-04-11,67.7,67.9,66.3,66.85,182229,,,
2003-04-15,67.5,68.45,67.15,67.6,148783,,,
2003-04-16,68.3,70.1,67.4,68.85,406430,,,
2003-04-17,68.7,68.85,66.55,67.15,280785,,,
2003-04-21,68.1,68.4,66.85,67.95,121813,,,
2003-04-22,68.0,69.3,67.5,67.95,125552,,,
2003-04-23,68.15,68.55,66.6,67.15,107172,,,
2003-04-24,66.7,67.8,66.6,66.9,181608,,,
2003-04-25,67.5,67.5,66.2,66.65,121321,,,
2003-04-28,67.35,68.8,66.9,67.5,308681,,,
2003-04-29,68.4,69.0,66.65,67.15,636814,,,
2003-04-30,68.45,68.5,67.2,67.4,454605,,,
2003-05-02,68.2,71.45,68.2,69.65,483141,,,
2003-05-05,70.45,70.65,69.5,69.85,388252,,,
2003-05-06,69.25,70.15,68.7,69.0,249769,,,
2003-05-07,68.55,69.3,67.6,67.85,253421,,,
2003-05-08,68.2,68.9,67.75,67.95,192314,,,
2003-05-09,67.9,68.9,67.8,68.0,145496,,,
2003-05-12,68.3,68.85,68.0,68.1,150267,,,
2003-05-13,68.7,70.9,68.5,70.0,855169,,,
2003-05-14,70.5,72.95,70.0,71.25,707672,,,
2003-05-15,71.4,72.3,71.1,71.9,369894,,,
2003-05-16,72.5,72.55,71.2,71.7,232904,,,
2003-05-19,72.4,73.5,72.0,72.25,438971,,,
2003-05-20,72.4,73.15,72.05,72.9,339443,,,
2003-05-21,73.25,74.5,73.1,73.8,441920,,,
2003-05-22,73.7,75.4,73.7,74.85,395441,,,
2003-05-23,74.8,75.9,74.15,74.75,280579,,,
2003-05-26,75.3,77.85,75.0,77.5,324531,,,
2003-05-27,78.25,79.9,74.0,75.25,585079,,,
2003-05-28,76.9,77.25,75.55,76.5,506427,,,
2003-05-29,72.95,73.0,69.6,72.15,604449,,,
2003-05-30,72.8,72.8,69.4,69.8,445084,,,
2003-06-02,70.05,70.5,67.25,67.6,305983,,,
2003-06-03,67.2,68.15,65.6,65.95,321220,,,
2003-06-04,66.65,67.9,66.3,66.95,245099,,,
2003-06-05,67.5,69.4,67.0,67.45,283638,,,
2003-06-06,68.0,68.5,67.6,68.2,270653,,,
2003-06-09,69.0,69.15,68.05,68.8,191523,,,
2003-06-10,69.0,69.0,67.85,68.05,194919,,,
2003-06-11,68.55,68.65,67.0,67.45,163050,,,
2003-06-12,67.9,68.4,66.5,67.0,100784,,,
2003-06-13,67.85,67.85,66.1,66.6,144665,,,
2003-06-16,67.0,67.45,66.0,67.1,225668,,,
2003-06-17,67.8,68.45,67.5,67.95,210374,,,
2003-06-18,69.4,71.85,68.5,68.8,360513,,,
2003-06-19,69.75,70.0,68.75,69.0,198486,,,
2003-06-20,69.0,72.8,68.85,72.4,833673,,,
2003-06-23,73.9,75.85,72.75,73.0,1372514,,,
2003-06-24,73.25,74.1,72.35,73.35,510042,,,
2003-06-25,74.4,76.4,73.5,74.6,1152339,,,
2003-06-26,75.0,75.3,73.5,74.45,962340,,,
2003-06-27,75.0,77.8,73.5,76.2,1464869,,,
2003-06-30,76.5,76.9,74.05,74.5,521376,,,
2003-07-01,75.3,78.75,73.4,78.15,1838287,,,
2003-07-02,79.0,82.3,78.9,81.35,1900712,,,
2003-07-03,82.0,82.5,78.4,78.65,697915,,,
2003-07-04,82.0,82.0,77.9,78.1,431449,,,
2003-07-07,87.0,87.0,77.75,78.05,451542,,,
2003-07-08,79.0,79.4,75.1,75.6,509821,,,
2003-07-09,75.15,76.9,74.3,76.05,565675,,,
2003-07-10,76.4,76.4,74.05,74.25,271999,,,
2003-07-11,75.45,76.35,74.45,74.85,363209,,,
2003-07-14,75.75,76.4,75.0,75.4,223309,,,
2003-07-15,75.5,78.1,75.35,76.8,490416,,,
2003-07-16,77.0,78.5,76.4,77.6,401943,,,
2003-07-17,78.2,78.75,75.0,75.3,458929,,,
2003-07-18,74.25,76.25,72.35,73.1,661462,,,
2003-07-21,73.5,74.55,72.5,72.95,237210,,,
2003-07-22,73.0,73.3,72.1,72.4,166940,,,
2003-07-23,72.75,73.8,72.55,73.25,156969,,,
2003-07-24,74.9,76.3,74.0,76.0,421309,,,
2003-07-25,76.6,76.9,75.3,75.65,303406,,,
2003-07-28,76.2,77.45,75.7,76.55,415744,,,
2003-07-29,76.0,76.95,75.25,75.95,256268,,,
2003-07-30,76.9,77.25,75.3,77.0,237911,,,
2003-07-31,76.5,79.5,75.9,79.15,869565,,,
2003-08-01,80.0,80.5,77.85,78.8,791302,,,
2003-08-04,79.5,84.0,78.95,83.3,1461341,,,
2003-08-05,84.9,86.4,82.05,82.55,1652400,,,
2003-08-06,80.8,84.4,80.55,81.6,564439,,,
2003-08-07,82.4,84.9,81.9,84.35,685744,,,
2003-08-08,84.9,90.0,84.45,89.0,3448183,,,
2003-08-11,89.0,93.8,88.0,91.95,1997713,,,
2003-08-12,92.9,94.55,87.5,88.85,1544051,,,
2003-08-13,89.7,91.95,87.85,89.1,1164793,,,
2003-08-14,90.25,96.35,89.55,94.75,2984261,,,
2003-08-18,95.9,98.8,94.1,97.0,2031814,,,
2003-08-19,99.0,99.0,93.1,93.75,868600,,,
2003-08-20,94.9,95.95,92.6,95.15,961882,,,
2003-08-21,95.3,95.95,92.9,93.15,447508,,,
2003-08-22,94.45,95.5,93.0,93.3,604581,,,
2003-08-25,94.4,94.5,83.3,88.85,1091590,,,
2003-08-26,89.9,92.75,89.0,92.15,706022,,,
2003-08-27,92.75,95.0,92.75,93.4,814361,,,
2003-08-28,94.9,94.9,92.5,93.5,564416,,,
2003-08-29,94.35,95.0,91.1,92.7,448785,,,
2003-09-01,93.1,93.8,92.3,92.95,334780,,,
2003-09-02,93.6,94.35,91.0,91.8,481696,,,
2003-09-03,92.8,99.2,92.05,95.05,2648477,,,
2003-09-04,95.5,98.9,94.9,96.4,1676837,,,
2003-09-05,97.4,98.0,94.05,95.1,917088,,,
2003-09-08,95.85,96.9,95.0,95.3,575256,,,
2003-09-09,96.25,96.25,93.1,93.55,421789,,,
2003-09-10,94.0,94.0,92.0,93.2,405757,,,
2003-09-11,93.1,94.35,92.4,92.65,252544,,,
2003-09-12,93.1,93.75,91.0,91.65,371582,,,
2003-09-15,91.5,91.8,87.7,88.6,368285,,,
2003-09-16,87.15,89.45,86.55,88.15,730341,,,
2003-09-17,89.5,91.7,89.0,89.75,560632,,,
2003-09-18,88.9,90.25,85.5,86.05,348253,,,
2003-09-19,86.1,87.85,83.8,86.1,399012,,,
2003-09-22,87.9,88.5,85.0,85.25,236945,,,
2003-09-23,84.05,87.3,84.05,86.8,182372,,,
2003-09-24,87.9,92.0,86.5,91.25,559920,,,
2003-09-25,90.5,91.7,89.0,90.05,281462,,,
2003-09-26,90.0,92.0,89.6,91.7,229195,,,
2003-09-29,91.65,93.0,91.4,91.65,317384,,,
2003-09-30,92.0,93.85,90.65,93.2,390601,,,
2003-10-01,93.85,94.6,92.05,92.5,429585,,,
2003-10-03,93.5,94.0,92.9,93.5,247304,,,
2003-10-06,94.0,97.0,94.0,96.15,911696,,,
2003-10-07,97.45,102.5,97.4,100.65,2789549,,,
2003-10-08,101.9,106.95,101.15,105.75,2694817,,,
2003-10-09,108.0,116.8,108.0,115.55,3308632,,,
2003-10-10,117.65,119.0,112.1,112.9,1311755,,,
2003-10-13,113.5,120.85,113.5,120.05,2331575,,,
2003-10-14,121.0,121.7,115.0,117.0,2179362,,,
2003-10-15,117.0,118.45,113.0,115.55,1028436,,,
2003-10-16,116.1,119.4,115.5,116.6,949930,,,
2003-10-17,116.95,118.95,114.5,114.95,586475,,,
2003-10-20,115.9,116.65,109.15,110.1,879812,,,
2003-10-21,111.75,112.7,105.1,107.35,1040646,,,
2003-10-22,109.0,109.0,104.75,106.2,785318,,,
2003-10-23,106.7,110.75,104.55,107.25,836997,,,
2003-10-24,107.1,110.75,104.05,109.6,779474,,,
2003-10-25,110.85,111.85,107.5,110.15,366008,,,
2003-10-27,110.5,111.85,107.55,108.5,672488,,,
2003-10-28,109.65,111.7,107.0,108.5,2408440,,,
2003-10-29,110.1,118.3,110.1,117.2,2076810,,,
2003-10-30,118.6,122.4,117.3,121.3,2309481,,,
2003-10-31,122.2,126.0,121.5,124.7,1890115,,,
2003-11-03,125.55,127.65,122.7,126.05,1667503,,,
2003-11-04,127.1,127.1,123.7,124.75,964075,,,
2003-11-05,124.55,130.7,122.5,127.5,1784605,,,
2003-11-06,129.0,129.0,122.5,123.45,1114219,,,
2003-11-07,125.0,125.75,121.15,121.95,749473,,,
2003-11-10,122.8,124.9,120.5,123.65,440262,,,
2003-11-11,124.8,128.8,124.0,126.85,1037441,,,
2003-11-12,127.9,131.5,126.0,126.75,1278090,,,
2003-11-13,128.4,128.4,123.1,123.9,613443,,,
2003-11-14,124.0,124.5,121.4,123.1,748259,,,
2003-11-15,125.0,127.8,122.05,125.9,320394,,,
2003-11-17,126.5,129.0,126.0,128.3,641567,,,
2003-11-18,129.0,134.35,128.0,132.9,2146325,,,
2003-11-19,132.3,134.0,128.5,129.35,1394072,,,
2003-11-20,130.0,131.0,124.1,125.0,881769,,,
2003-11-21,123.55,126.5,121.1,125.25,816726,,,
2003-11-24,126.9,127.8,123.8,126.45,460345,,,
2003-11-25,128.0,128.55,124.9,126.6,477137,,,
2003-11-27,127.5,129.0,127.0,127.95,519043,,,
2003-11-28,129.0,129.65,126.5,127.2,462768,,,
2003-12-01,128.5,131.75,127.8,130.75,749901,,,
2003-12-02,132.15,132.25,128.1,129.9,553923,,,
2003-12-03,130.0,135.0,129.75,132.65,990747,,,
2003-12-04,133.4,134.7,129.7,131.65,515259,,,
2003-12-05,132.05,136.9,130.0,130.75,1076972,,,
2003-12-08,131.75,132.5,129.6,130.9,331565,,,
2003-12-09,132.8,135.0,131.8,132.2,664042,,,
2003-12-10,133.5,134.4,130.1,131.0,497759,,,
2003-12-11,132.8,132.8,129.05,130.05,423928,,,
2003-12-12,131.5,140.5,130.1,138.4,2521759,,,
2003-12-15,140.0,145.9,139.35,141.55,2293174,,,
2003-12-16,144.0,144.0,138.0,140.2,1180646,,,
2003-12-17,141.5,144.75,139.9,141.35,1202481,,,
2003-12-18,142.4,143.1,140.0,140.75,808190,,,
2003-12-19,141.4,145.7,141.05,144.3,1478159,,,
2003-12-22,146.0,153.0,145.85,152.1,2757354,,,
2003-12-23,153.8,155.5,150.1,151.8,1541979,,,
2003-12-24,154.3,159.8,152.55,158.25,1645797,,,
2003-12-26,159.9,163.5,159.1,160.6,1124217,,,
2003-12-29,162.5,162.5,157.65,159.0,1339047,,,
2003-12-30,163.45,188.8,150.0,152.2,1107042,,,
2003-12-31,154.75,155.9,152.1,153.45,915840,,,
2004-01-01,155.45,157.4,154.0,156.1,691706,,,
2004-01-02,158.0,162.5,156.05,160.7,1092716,,,
2004-01-05,161.95,169.7,158.0,167.7,2397985,,,
2004-01-06,169.05,169.5,163.0,164.85,1415606,,,
2004-01-07,170.0,170.0,158.6,162.05,882206,,,
2004-01-08,163.7,169.95,163.0,167.7,930524,,,
2004-01-09,168.5,171.0,164.55,166.8,1230259,,,
2004-01-12,169.0,171.8,163.75,165.8,1005384,,,
2004-01-13,164.25,167.0,162.0,164.15,504176,,,
2004-01-14,164.95,169.5,164.0,165.2,602094,,,
2004-01-15,166.9,169.0,164.5,166.65,859461,,,
2004-01-16,166.5,169.0,163.5,167.5,948331,,,
2004-01-19,166.0,169.7,159.0,159.8,1627499,,,
2004-01-20,160.0,160.0,141.7,143.95,2026090,,,
2004-01-21,144.0,146.45,128.15,130.75,1613860,,,
2004-01-22,131.2,135.0,117.55,120.55,1471979,,,
2004-01-23,120.55,129.7,120.55,126.45,1307050,,,
2004-01-27,130.0,130.85,127.5,129.35,925947,,,
2004-01-28,130.9,134.5,126.55,130.6,1252129,,,
2004-01-29,131.8,133.5,127.0,128.8,821366,,,
2004-01-30,131.0,131.0,122.15,123.0,706481,,,
2004-02-03,124.8,125.7,110.0,112.2,846063,,,
2004-02-04,113.0,122.35,112.05,121.05,826259,,,
2004-02-05,122.0,125.9,119.0,121.25,730303,,,
2004-02-06,122.9,126.0,119.3,124.85,721498,,,
2004-02-09,126.3,128.9,125.6,128.1,367543,,,
2004-02-10,129.0,129.0,126.5,127.8,393821,,,
2004-02-11,128.6,130.95,126.7,130.05,461285,,,
2004-02-12,130.65,133.4,128.15,130.0,466457,,,
2004-02-13,131.0,131.05,128.0,130.8,409953,,,
2004-02-16,131.0,132.4,129.8,131.8,451706,,,
2004-02-17,132.0,132.95,128.35,131.9,555985,,,
2004-02-18,132.0,132.4,128.25,129.05,290982,,,
2004-02-19,129.5,129.85,118.75,120.6,683964,,,
2004-02-20,121.9,123.45,118.1,122.05,440171,,,
2004-02-23,122.7,124.0,119.4,121.0,297482,,,
2004-02-24,121.0,121.5,115.6,117.05,455447,,,
2004-02-25,118.0,118.0,111.15,112.3,632247,,,
2004-02-26,113.05,116.85,112.5,113.85,501338,,,
2004-02-27,114.05,116.2,112.3,115.45,352666,,,
2004-03-01,115.3,116.9,112.0,116.3,292535,,,
2004-03-03,115.5,120.0,115.5,119.6,528542,,,
2004-03-04,119.5,121.0,117.75,118.6,448175,,,
2004-03-05,112.0,120.0,112.0,119.55,317951,,,
2004-03-08,120.6,124.45,119.8,123.7,366931,,,
2004-03-09,126.0,126.0,121.15,122.95,263931,,,
2004-03-10,122.0,123.0,119.5,120.3,219726,,,
2004-03-11,119.0,119.95,117.0,118.25,201027,,,
2004-03-12,117.95,119.5,115.2,119.0,230708,,,
2004-03-15,118.5,120.0,113.0,115.15,271669,,,
2004-03-16,114.25,115.9,112.55,113.4,276905,,,
2004-03-17,114.0,114.85,110.15,112.1,297991,,,
2004-03-18,112.1,113.3,105.5,107.55,327962,,,
2004-03-19,107.85,111.5,105.0,110.1,486535,,,
2004-03-22,110.1,110.5,101.15,102.25,350060,,,
2004-03-23,98.0,104.45,98.0,102.5,731402,,,
2004-03-24,102.5,106.9,98.4,105.65,448403,,,
2004-03-25,106.0,108.75,104.7,108.15,384742,,,
2004-03-26,109.75,122.0,109.75,119.75,695643,,,
2004-03-29,121.4,126.5,119.35,125.35,753821,,,
2004-03-30,110.2,127.7,110.2,120.1,398259,,,
2004-03-31,120.5,127.5,119.3,126.95,764895,,,
2004-04-01,126.7,129.4,125.1,128.45,507326,,,
2004-04-02,129.3,129.85,125.8,128.75,399758,,,
2004-04-05,128.5,133.85,128.5,130.1,419381,,,
2004-04-06,130.8,131.6,126.3,128.75,394074,,,
2004-04-07,129.3,132.75,127.0,131.65,372274,,,
2004-04-08,132.4,133.0,129.65,131.5,404674,,,
2004-04-12,131.9,139.4,131.5,138.05,800715,,,
2004-04-13,139.3,140.95,134.5,138.0,544567,,,
2004-04-15,138.9,142.9,138.55,141.75,641299,,,
2004-04-16,142.0,148.0,142.0,145.9,767628,,,
2004-04-17,146.7,147.0,143.6,145.15,172151,,,
2004-04-19,145.0,145.85,138.25,140.1,497542,,,
2004-04-20,140.65,146.4,135.25,145.2,711758,,,
2004-04-21,145.45,148.4,143.5,147.3,706747,,,
2004-04-22,148.6,148.6,145.1,145.95,299697,,,
2004-04-23,146.95,147.7,143.25,144.85,260716,,,
2004-04-27,140.0,143.9,130.0,138.75,443031,,,
2004-04-28,138.0,140.85,134.0,136.8,339983,,,
2004-04-29,136.2,144.0,135.5,141.35,394394,,,
2004-04-30,143.0,144.3,138.5,138.65,247824,,,
2004-05-03,137.0,142.25,134.15,137.0,321982,,,
2004-05-04,138.5,141.85,138.0,138.8,156375,,,
2004-05-05,139.0,142.9,138.5,141.05,222261,,,
2004-05-06,143.1,147.0,142.6,145.2,383914,,,
2004-05-07,145.0,146.0,141.55,145.0,250822,,,
2004-05-10,141.0,142.0,138.5,140.25,177985,,,
2004-05-11,135.0,138.0,131.1,134.1,321310,,,
2004-05-12,135.6,137.45,126.5,130.9,406134,,,
2004-05-13,133.0,135.0,123.0,132.65,324503,,,
2004-05-14,134.15,134.15,115.5,117.6,569911,,,
2004-05-17,115.0,115.0,94.1,105.9,591333,,,
2004-05-18,110.0,117.8,108.0,115.7,628136,,,
2004-05-19,119.75,127.0,118.5,125.5,451641,,,
2004-05-20,128.1,131.65,123.0,127.8,416745,,,
2004-05-21,128.0,130.0,121.25,129.15,345892,,,
2004-05-24,131.4,132.8,129.75,130.35,277327,,,
2004-05-25,130.0,134.0,126.0,133.1,417419,,,
2004-05-26,134.9,136.5,132.7,134.9,317783,,,
2004-05-27,133.0,135.2,132.1,134.1,278911,,,
2004-05-28,134.5,134.5,127.0,128.65,340428,,,
2004-05-31,125.1,126.9,118.0,122.9,386213,,,
2004-06-01,122.0,128.85,121.1,127.75,335268,,,
2004-06-02,130.85,134.8,128.8,130.25,227481,,,
2004-06-03,133.45,133.9,128.5,129.6,353374,,,
2004-06-04,126.0,131.2,126.0,130.25,239224,,,
2004-06-07,133.15,134.2,131.05,132.2,214845,,,
2004-06-08,133.9,134.8,126.05,130.3,914794,,,
2004-06-09,128.5,132.9,125.1,130.55,701039,,,
2004-06-10,131.8,139.4,129.15,136.25,594171,,,
2004-06-11,140.3,142.9,131.55,132.4,2436832,,,
2004-06-14,132.0,133.9,127.5,130.85,710505,,,
2004-06-15,129.5,133.45,127.5,128.25,599070,,,
2004-06-16,130.45,132.0,126.3,126.65,412374,,,
2004-06-17,128.1,128.1,125.0,127.3,339261,,,
2004-06-18,129.75,129.75,125.35,125.85,252483,,,
2004-06-21,126.0,127.6,123.6,124.25,210642,,,
2004-06-22,123.0,124.6,118.15,118.8,282632,,,
2004-06-23,120.0,120.5,112.1,112.95,458897,,,
2004-06-24,113.0,115.6,109.5,111.5,792507,,,
2004-06-25,114.0,116.9,111.65,116.15,488352,,,
2004-06-28,118.0,120.8,117.55,120.2,399636,,,
2004-06-29,121.5,121.8,116.35,117.7,608911,,,
2004-06-30,117.5,119.9,117.5,117.85,244714,,,
2004-07-01,119.4,120.5,117.85,119.8,274096,,,
2004-07-02,118.5,122.4,118.1,119.55,413626,,,
2004-07-05,120.7,120.7,115.0,116.4,523541,,,
2004-07-06,117.0,119.6,116.5,119.2,274283,,,
2004-07-07,120.0,124.0,119.15,123.4,894203,,,
2004-07-08,123.8,126.4,116.0,117.25,981357,,,
2004-07-09,117.55,121.0,111.25,120.45,444858,,,
2004-07-12,121.3,124.25,119.5,123.6,392092,,,
2004-07-13,123.5,124.95,121.5,122.9,342592,,,
2004-07-14,124.5,129.0,121.0,121.45,632712,,,
2004-07-15,122.5,122.65,119.75,121.0,424149,,,
2004-07-16,123.4,124.45,121.5,123.1,586087,,,
2004-07-19,124.5,124.5,121.5,122.2,531754,,,
2004-07-20,123.0,123.25,118.75,119.4,509797,,,
2004-07-21,119.85,121.0,117.8,119.3,601179,,,
2004-07-22,121.45,122.7,119.4,120.7,653022,,,
2004-07-23,121.5,122.8,116.0,118.2,985023,,,
2004-07-26,118.0,120.0,116.3,118.35,285806,,,
2004-07-27,118.5,119.5,117.05,117.35,239251,,,
2004-07-28,117.0,118.0,113.65,114.95,367724,,,
2004-07-29,115.8,119.0,114.9,117.95,880153,,,
2004-07-30,118.9,120.25,118.0,119.0,499770,,,
2004-08-02,120.0,121.0,119.0,119.4,359414,,,
2004-08-03,119.65,120.0,117.5,117.9,317633,,,
2004-08-04,118.65,118.65,116.45,117.15,272406,,,
2004-08-05,117.0,123.9,117.0,123.45,1437398,,,
2004-08-06,123.9,124.95,120.6,121.0,652482,,,
2004-08-09,121.6,122.4,119.5,120.3,350608,,,
2004-08-10,120.5,121.8,120.1,120.5,264174,,,
2004-08-11,120.6,120.85,118.0,118.8,316870,,,
2004-08-12,117.5,123.9,117.5,120.0,761599,,,
2004-08-13,119.95,121.8,118.3,119.05,380794,,,
2004-08-16,120.0,122.75,119.15,121.45,544978,,,
2004-08-17,121.9,125.85,121.9,124.5,1248310,,,
2004-08-18,125.5,128.15,124.65,125.25,1008874,,,
2004-08-19,127.0,127.25,124.75,125.35,481983,,,
2004-08-20,125.5,125.75,122.95,123.75,321717,,,
2004-08-23,124.85,126.0,123.45,124.4,313144,,,
2004-08-24,125.0,129.4,124.5,128.55,815888,,,
2004-08-25,130.0,131.0,126.05,127.4,962420,,,
2004-08-26,127.0,129.3,127.0,128.1,454955,,,
2004-08-27,128.85,130.5,128.25,129.3,797962,,,
2004-08-30,127.65,127.65,122.55,125.1,403492,,,
2004-08-31,125.8,126.0,123.0,124.05,377171,,,
2004-09-01,124.5,125.0,123.05,123.3,257926,,,
2004-09-02,121.5,124.0,121.2,121.5,376969,,,
2004-09-03,120.0,122.5,119.8,121.6,417613,,,
2004-09-06,122.7,123.9,121.7,123.15,323029,,,
2004-09-07,123.5,124.45,123.15,123.5,251470,,,
2004-09-08,124.7,126.3,123.0,125.95,576440,,,
2004-09-09,126.0,127.65,123.2,124.3,542015,,,
2004-09-10,124.1,124.75,123.4,124.1,241081,,,
2004-09-13,124.0,125.25,124.0,124.2,263559,,,
2004-09-14,124.25,125.0,123.1,123.45,357739,,,
2004-09-15,122.25,127.9,122.25,125.55,515912,,,
2004-09-16,125.0,126.25,125.0,125.25,240680,,,
2004-09-17,126.0,126.9,125.5,126.05,359401,,,
2004-09-20,128.0,128.0,125.0,125.2,231237,,,
2004-09-21,124.5,128.8,124.5,127.0,678027,,,
2004-09-22,126.0,127.85,126.0,126.6,237870,,,
2004-09-23,125.5,126.75,124.1,124.6,313451,,,
2004-09-24,124.0,128.1,124.0,127.25,609655,,,
2004-09-27,128.5,129.5,127.5,127.85,754545,,,
2004-09-28,128.5,131.4,127.5,128.2,1216680,,,
2004-09-29,128.25,131.1,128.25,130.55,786692,,,
2004-09-30,130.7,132.95,130.7,131.75,693518,,,
2004-10-01,131.65,132.9,130.0,132.35,420483,,,
2004-10-04,133.05,134.1,131.5,132.2,371335,,,
2004-10-05,133.0,133.35,130.0,131.8,302259,,,
2004-10-06,131.0,133.8,131.0,132.3,388977,,,
2004-10-07,132.0,134.9,131.1,134.3,421299,,,
2004-10-08,135.0,138.25,135.0,136.75,834538,,,
2004-10-09,137.95,138.0,135.9,137.45,190722,,,
2004-10-11,138.4,139.8,134.8,135.3,415125,,,
2004-10-12,134.0,136.8,131.25,131.8,224293,,,
2004-10-14,132.0,132.0,129.85,130.95,330197,,,
2004-10-15,130.5,133.0,130.0,130.15,278735,,,
2004-10-18,131.0,132.2,128.25,130.85,308413,,,
2004-10-19,132.0,132.45,125.35,127.85,725725,,,
2004-10-20,127.0,129.1,126.65,127.05,269684,,,
2004-10-21,126.0,128.4,126.0,127.75,139799,,,
2004-10-25,126.6,127.95,125.0,126.15,129510,,,
2004-10-26,125.55,127.2,124.35,126.55,147105,,,
2004-10-27,125.0,127.9,125.0,125.3,90694,,,
2004-10-28,125.55,130.0,125.55,129.05,276893,,,
2004-10-29,129.5,130.0,126.5,128.35,161956,,,
2004-11-01,127.5,128.9,127.1,128.0,115872,,,
2004-11-02,127.0,129.5,127.0,128.6,133824,,,
2004-11-03,127.0,130.5,127.0,127.5,148568,,,
2004-11-04,127.3,128.75,126.55,127.0,144762,,,
2004-11-05,127.1,127.9,126.3,126.6,84078,,,
2004-11-08,125.5,127.8,125.5,125.9,151282,,,
2004-11-09,126.8,130.45,126.25,128.85,363494,,,
2004-11-10,127.5,131.0,127.5,129.7,280615,,,
2004-11-11,131.25,131.25,128.0,128.45,175737,,,
2004-11-12,127.0,131.9,127.0,130.75,190974,,,
2004-11-16,132.2,139.0,131.5,138.55,1398784,,,
2004-11-17,139.0,148.5,138.65,146.85,2799278,,,
2004-11-18,148.4,149.4,145.0,147.4,1473712,,,
2004-11-19,158.0,158.0,141.0,143.1,983520,,,
2004-11-22,143.0,146.9,140.1,145.4,825016,,,
2004-11-23,146.9,148.95,145.0,145.55,795336,,,
2004-11-24,145.15,147.35,145.0,145.7,648097,,,
2004-11-25,149.8,149.8,145.25,146.2,628170,,,
2004-11-29,147.3,148.4,145.5,146.45,691238,,,
2004-11-30,125.0,148.0,125.0,145.8,545868,,,
2004-12-01,145.9,153.8,144.6,148.65,1288100,,,
2004-12-02,149.95,153.75,149.15,150.4,1255388,,,
2004-12-03,149.25,151.5,148.0,148.4,727915,,,
2004-12-06,149.9,154.4,149.85,150.4,890320,,,
2004-12-07,151.5,154.0,150.2,153.2,1338031,,,
2004-12-08,154.0,162.5,152.0,157.1,2612097,,,
2004-12-09,159.0,164.8,157.95,164.0,1599523,,,
2004-12-10,166.0,168.0,160.0,161.9,1149627,,,
2004-12-13,163.4,163.4,159.85,160.3,583388,,,
2004-12-14,162.45,162.45,159.85,160.2,572656,,,
2004-12-15,161.5,162.25,156.75,157.45,569130,,,
2004-12-16,157.5,163.35,157.5,159.7,680773,,,
2004-12-17,163.9,167.8,160.0,160.9,1163465,,,
2004-12-20,161.4,161.9,157.0,157.8,485513,,,
2004-12-21,158.1,163.5,158.1,162.95,696754,,,
2004-12-22,163.0,168.35,163.0,164.95,1203600,,,
2004-12-23,165.8,168.0,163.55,165.95,546227,,,
2004-12-24,166.0,169.0,164.2,165.9,726596,,,
2004-12-27,175.0,175.0,165.0,170.2,1094925,,,
2004-12-28,171.45,173.5,168.0,168.7,737172,,,
2004-12-29,170.0,170.4,163.2,164.25,536411,,,
2004-12-30,165.0,167.45,162.5,165.1,480120,,,
2004-12-31,166.0,166.75,163.25,165.5,465334,,,
2005-01-03,166.45,167.5,161.0,164.65,614531,,,
2005-01-04,164.0,168.5,162.25,164.4,507867,,,
2005-01-05,165.75,165.75,155.0,159.65,493326,,,
2005-01-06,159.5,159.5,152.1,157.35,686537,,,
2005-01-07,157.0,159.0,153.3,157.85,342782,,,
2005-01-10,159.7,162.45,157.05,158.55,376534,,,
2005-01-11,158.5,159.7,153.0,153.75,283859,,,
2005-01-12,155.0,155.35,145.05,147.55,369060,,,
2005-01-13,149.0,155.9,149.0,154.6,316449,,,
2005-01-14,154.0,155.95,149.15,149.85,186366,,,
2005-01-17,150.0,151.8,145.55,148.6,150876,,,
2005-01-18,149.9,155.45,149.3,153.25,1091801,,,
2005-01-19,154.0,155.95,152.6,154.6,428263,,,
2005-01-20,157.0,157.0,150.3,154.35,431367,,,
2005-01-24,154.1,155.8,150.0,150.85,243682,,,
2005-01-25,148.2,155.0,148.2,154.4,405315,,,
2005-01-27,155.0,157.8,155.0,157.3,515056,,,
2005-01-28,158.4,160.9,157.3,159.55,351857,,,
2005-01-31,161.0,161.5,155.4,157.85,462941,,,
2005-02-01,159.0,165.1,155.6,164.25,696008,,,
2005-02-02,165.0,166.7,159.4,159.95,714774,,,
2005-02-03,161.65,162.9,159.2,161.6,489860,,,
2005-02-04,162.0,167.0,162.0,165.35,557325,,,
2005-02-07,166.0,167.25,162.05,162.9,478740,,,
2005-02-08,164.3,164.7,161.1,163.15,299206,,,
2005-02-09,165.15,169.0,163.2,167.85,1169488,,,
2005-02-10,168.5,174.9,168.5,170.05,1176316,,,
2005-02-11,171.0,172.5,168.7,170.1,452306,,,
2005-02-14,173.0,174.4,167.2,168.1,419051,,,
2005-02-15,168.85,169.0,164.5,165.95,345732,,,
2005-02-16,165.9,168.0,165.0,166.7,588400,,,
2005-02-17,164.0,166.85,162.2,163.7,300983,,,
2005-02-18,164.8,167.9,163.75,165.0,411722,,,
2005-02-21,164.55,166.35,160.05,160.95,243428,,,
2005-02-22,161.0,162.0,159.0,161.3,222598,,,
2005-02-23,162.85,162.85,158.0,160.65,140649,,,
2005-02-24,161.0,162.2,158.3,159.2,140835,,,
2005-02-25,161.0,162.7,158.5,158.85,219511,,,
2005-02-28,151.0,161.9,151.0,156.65,292858,,,
2005-03-01,158.4,159.85,157.0,158.2,231082,,,
2005-03-02,161.0,161.0,159.0,160.3,263490,,,
2005-03-03,164.0,167.0,160.9,166.45,545599,,,
2005-03-04,167.95,167.95,161.65,162.4,284777,,,
2005-03-07,161.0,164.75,161.0,161.85,247540,,,
2005-03-08,162.0,164.0,159.95,160.8,238353,,,
2005-03-09,161.8,162.15,157.0,157.55,248829,,,
2005-03-10,157.6,158.7,157.0,157.75,233102,,,
2005-03-11,159.15,159.5,155.2,155.75,208020,,,
2005-03-14,155.75,157.3,155.05,155.7,190056,,,
2005-03-15,156.1,156.2,151.8,153.25,307401,,,
2005-03-16,154.4,156.5,153.0,153.65,295552,,,
2005-03-17,154.95,156.0,152.0,152.85,217198,,,
2005-03-18,153.0,154.4,151.1,152.4,288139,,,
2005-03-21,153.8,155.0,151.05,151.55,149461,,,
2005-03-22,152.5,153.1,149.5,150.55,271294,,,
2005-03-23,151.0,151.9,147.0,148.75,601293,,,
2005-03-24,148.75,151.95,146.25,147.1,149928,,,
2005-03-28,147.25,149.7,142.0,142.9,446259,,,
2005-03-29,143.0,144.6,141.7,142.65,311861,,,
2005-03-30,142.1,147.5,141.25,146.2,404540,,,
2005-03-31,147.0,154.5,145.5,151.6,395976,,,
2005-04-01,153.1,155.85,150.25,151.7,251557,,,
2005-04-04,152.0,152.9,149.5,150.6,219100,,,
2005-04-05,150.8,155.5,149.05,154.35,427613,,,
2005-04-06,155.5,157.8,152.75,156.0,516150,,,
2005-04-07,158.0,160.9,155.05,155.7,489346,,,
2005-04-08,157.35,157.35,154.55,155.4,236519,,,
2005-04-11,156.0,156.8,151.1,153.05,154960,,,
2005-04-12,153.4,154.75,153.2,153.6,88898,,,
2005-04-13,154.0,156.9,153.0,153.7,113090,,,
2005-04-15,142.55,153.65,142.55,149.95,199742,,,
2005-04-18,150.1,151.0,145.0,149.6,108146,,,
2005-04-19,150.5,153.8,148.25,149.75,153404,,,
2005-04-20,149.2,150.5,145.75,148.0,167358,,,
2005-04-21,150.0,151.5,147.65,151.1,164825,,,
2005-04-22,151.0,157.0,151.0,154.8,487480,,,
2005-04-25,155.85,156.0,151.9,152.2,248155,,,
2005-04-26,151.6,154.45,151.6,152.8,133471,,,
2005-04-27,150.1,154.25,150.1,152.55,129632,,,
2005-04-28,151.0,155.0,150.55,153.9,192006,,,
2005-04-29,153.0,153.7,151.1,151.95,158673,,,
2005-05-02,152.0,153.8,151.25,152.6,219719,,,
2005-05-03,153.0,161.5,152.25,157.6,1064323,,,
2005-05-04,158.6,160.8,156.35,157.5,313544,,,
2005-05-05,158.1,160.4,157.25,157.95,266300,,,
2005-05-06,158.0,159.8,156.05,158.2,137233,,,
2005-05-09,160.0,162.95,159.25,161.5,600573,,,
2005-05-10,162.0,162.75,158.2,159.35,215582,,,
2005-05-11,157.45,159.3,156.4,158.75,118431,,,
2005-05-12,160.0,161.0,158.55,158.95,151017,,,
2005-05-13,159.0,159.5,157.55,158.05,147385,,,
2005-05-16,156.45,165.0,156.45,163.2,691837,,,
2005-05-17,165.0,167.3,162.4,163.05,927460,,,
2005-05-18,163.0,163.7,159.0,161.55,408585,,,
2005-05-19,163.0,165.75,162.5,164.15,445335,,,
2005-05-20,164.9,164.9,160.1,162.95,270164,,,
2005-05-23,163.5,163.85,161.9,163.1,242044,,,
2005-05-24,163.0,164.75,163.0,163.95,373618,,,
2005-05-25,164.0,167.85,164.0,165.8,456324,,,
2005-05-26,167.8,179.9,166.5,177.7,5048317,,,
2005-05-27,177.8,181.4,174.5,175.3,1606987,,,
2005-05-30,177.0,183.7,175.6,182.5,2247396,,,
2005-05-31,181.9,182.5,177.5,178.5,2404799,,,
2005-06-01,189.0,189.0,179.5,182.1,2141629,,,
2005-06-02,182.5,184.9,178.45,181.95,1957064,,,
2005-06-03,182.5,183.7,179.25,182.4,640670,,,
2005-06-04,182.0,183.75,181.05,182.65,238575,,,
2005-06-06,183.5,183.75,179.15,180.05,412326,,,
2005-06-07,181.0,183.75,180.2,181.15,515403,,,
2005-06-08,182.0,182.8,179.25,179.85,355874,,,
2005-06-09,180.0,182.95,178.3,180.35,575400,,,
2005-06-10,181.8,185.9,181.15,182.2,1318618,,,
2005-06-13,183.9,183.9,178.25,178.95,417853,,,
2005-06-14,179.1,180.95,177.0,177.8,423083,,,
2005-06-15,177.3,180.35,176.55,177.35,386601,,,
2005-06-16,179.0,179.45,172.0,173.0,444070,,,
2005-06-17,173.25,173.25,169.2,171.25,737195,,,
2005-06-20,172.9,172.9,167.05,170.2,297974,,,
2005-06-21,170.0,174.5,168.15,172.15,330407,,,
2005-06-22,172.85,173.9,169.15,169.8,345065,,,
2005-06-23,170.8,173.55,168.9,171.9,411508,,,
2005-06-24,173.0,175.8,172.0,174.15,698441,,,
2005-06-27,174.8,177.5,172.1,172.85,614878,,,
2005-06-28,174.1,175.55,171.55,173.9,744684,,,
2005-06-29,168.0,169.95,165.05,169.5,535345,,,
2005-06-30,170.6,170.9,164.15,165.2,716464,,,
2005-07-01,166.35,169.9,165.5,169.15,470813,,,
2005-07-04,170.9,173.5,170.15,172.05,416548,,,
2005-07-05,173.7,173.7,170.0,170.4,491359,,,
2005-07-06,171.5,172.0,170.5,171.65,190463,,,
2005-07-07,170.05,176.8,169.2,170.45,715870,,,
2005-07-08,173.0,174.0,170.55,172.1,258634,,,
2005-07-11,173.25,174.4,172.2,172.8,231434,,,
2005-07-12,173.6,177.7,172.85,174.2,455519,,,
2005-07-13,174.5,182.5,174.5,180.35,1255727,,,
2005-07-14,183.8,191.7,183.0,187.45,3633229,,,
2005-07-15,187.0,190.0,182.1,185.05,822765,,,
2005-07-18,186.0,191.9,186.0,189.95,1750873,,,
2005-07-19,195.8,195.8,185.55,186.7,526513,,,
2005-07-20,188.0,199.0,186.7,196.5,2051922,,,
2005-07-21,199.25,202.5,187.5,191.25,3936147,,,
2005-07-22,192.05,193.0,189.5,191.85,1168721,,,
2005-07-25,192.5,193.25,187.75,188.3,490615,,,
2005-07-26,189.55,189.8,185.0,186.35,462036,,,
2005-07-27,187.45,187.5,184.25,186.45,266187,,,
2005-07-29,185.9,187.5,179.0,180.9,1326984,,,
2005-08-01,182.5,186.4,176.3,185.8,705236,,,
2005-08-02,185.1,189.15,184.1,185.4,966259,,,
2005-08-03,186.5,190.1,183.0,186.65,730420,,,
2005-08-04,185.5,190.9,185.5,189.15,770089,,,
2005-08-05,191.8,194.5,190.0,190.5,934248,,,
2005-08-08,192.5,192.8,184.3,185.1,457823,,,
2005-08-09,186.3,187.75,182.0,183.7,443767,,,
2005-08-10,185.8,187.5,184.0,186.4,347495,,,
2005-08-11,188.4,190.0,186.1,187.15,438339,,,
2005-08-12,187.5,191.35,186.1,188.25,539484,,,
2005-08-16,189.0,194.9,189.0,190.6,431220,,,
2005-08-17,190.6,193.2,188.25,192.2,542820,,,
2005-08-18,193.0,194.5,187.1,188.1,515232,,,
2005-08-19,189.0,190.45,186.55,187.1,261991,,,
2005-08-22,188.9,189.5,185.5,185.85,634727,,,
2005-08-23,186.9,187.4,182.5,184.1,677807,,,
2005-08-24,184.9,186.3,182.0,184.45,1212815,,,
2005-08-25,185.5,185.8,181.7,182.9,765455,,,
2005-08-26,185.0,186.0,184.0,185.2,256052,,,
2005-08-29,183.55,184.0,180.55,182.65,243410,,,
2005-08-30,185.0,187.45,184.0,186.3,373390,,,
2005-08-31,186.3,190.75,184.8,188.3,493023,,,
2005-09-01,189.8,191.8,188.6,189.45,351999,,,
2005-09-02,190.0,190.9,185.15,187.85,198431,,,
2005-09-05,189.4,190.5,187.0,188.0,203652,,,
2005-09-06,189.0,196.25,188.0,195.2,1767030,,,
2005-09-08,198.0,199.5,195.55,196.35,1378225,,,
2005-09-09,197.4,197.4,192.2,193.8,516783,,,
2005-09-12,195.5,201.0,194.2,199.75,1121627,,,
2005-09-13,201.1,203.35,198.65,199.6,1436029,,,
2005-09-14,200.0,201.75,193.1,196.0,703491,,,
2005-09-15,197.5,210.3,195.05,209.35,3192034,,,
2005-09-16,210.5,210.85,204.55,205.9,1029270,,,
2005-09-19,208.9,210.0,205.0,205.95,801021,,,
2005-09-20,206.0,206.75,201.0,202.15,477237,,,
2005-09-21,200.2,202.9,189.0,197.15,705297,,,
2005-09-22,197.0,197.4,183.0,185.15,890470,,,
2005-09-23,189.7,190.0,182.55,187.2,678053,,,
2005-09-26,189.85,196.4,188.0,194.2,632381,,,
2005-09-27,194.2,197.95,192.5,194.75,513555,,,
2005-09-28,195.9,196.85,192.6,195.35,492192,,,
2005-09-29,196.45,196.45,191.05,192.6,688844,,,
2005-09-30,194.1,194.55,189.25,191.9,286706,,,
2005-10-03,193.0,202.0,192.2,200.95,1251678,,,
2005-10-04,204.9,205.55,200.25,201.6,976545,,,
2005-10-05,202.0,203.0,197.05,200.85,853842,,,
2005-10-06,201.55,201.9,195.35,196.65,585722,,,
2005-10-07,197.0,198.45,189.85,195.4,700973,,,
2005-10-10,196.4,196.7,191.65,194.15,422069,,,
2005-10-11,196.0,196.0,190.5,192.6,570336,,,
2005-10-13,192.95,194.4,190.0,191.15,561904,,,
2005-10-14,192.7,192.7,187.15,187.9,349512,,,
2005-10-17,187.9,192.0,184.15,190.35,439749,,,
2005-10-18,192.9,192.9,185.65,187.35,369830,,,
2005-10-19,187.9,187.9,182.0,182.95,373904,,,
2005-10-20,184.9,187.5,176.5,179.6,337860,,,
2005-10-21,181.0,181.0,175.0,178.3,540306,,,
2005-10-24,179.1,181.5,177.0,178.05,380101,,,
2005-10-25,179.9,181.0,175.0,179.2,222498,,,
2005-10-26,182.5,184.7,180.05,181.6,470960,,,
2005-10-27,182.25,182.95,176.5,179.05,853243,,,
2005-10-28,178.8,184.0,174.7,182.3,744841,,,
2005-10-31,183.0,192.0,181.0,191.25,1012806,,,
2005-11-01,192.9,197.0,189.3,191.1,193313,,,
2005-11-02,190.9,193.85,187.95,193.0,326289,,,
2005-11-07,193.1,196.4,191.0,195.35,670289,,,
2005-11-08,195.0,197.95,193.0,195.65,474819,,,
2005-11-09,194.5,196.9,193.55,195.25,347777,,,
2005-11-10,195.0,200.9,194.1,199.85,843011,,,
2005-11-11,201.9,202.85,198.2,199.15,585716,,,
2005-11-14,199.95,202.15,196.05,198.8,363314,,,
2005-11-16,199.0,201.9,198.1,199.6,424395,,,
2005-11-17,199.05,201.0,197.3,199.2,318010,,,
2005-11-18,198.85,204.55,198.1,201.25,960683,,,
2005-11-21,200.55,206.3,198.55,204.7,1109002,,,
2005-11-22,206.0,208.35,200.95,202.25,1577909,,,
2005-11-23,202.0,205.5,199.4,204.25,760824,,,
2005-11-24,207.5,218.0,207.2,215.8,3621836,,,
2005-11-25,217.5,221.45,215.5,217.8,1565495,,,
2005-11-26,217.0,221.95,217.0,217.95,620087,,,
2005-11-28,218.75,222.5,216.6,217.25,1060960,,,
2005-11-29,218.0,218.4,214.5,215.25,588765,,,
2005-11-30,215.95,218.7,210.2,212.2,906852,,,
2005-12-01,212.05,215.8,210.65,214.3,454334,,,
2005-12-02,216.1,217.3,214.85,215.1,402577,,,
2005-12-05,216.0,224.0,214.35,222.15,859429,,,
2005-12-06,223.45,224.9,217.05,218.45,829113,,,
2005-12-07,218.75,221.7,218.1,219.5,396053,,,
2005-12-08,220.0,221.0,217.75,219.0,383796,,,
2005-12-09,219.4,223.4,217.0,221.2,707460,,,
2005-12-12,223.0,223.5,219.0,219.75,350268,,,
2005-12-13,220.0,223.95,217.5,221.35,501113,,,
2005-12-14,221.0,225.45,220.75,223.3,534994,,,
2005-12-15,222.0,229.0,221.05,222.85,1204035,,,
2005-12-16,223.8,226.0,221.0,225.4,387248,,,
2005-12-19,229.0,229.95,223.6,224.5,214736,,,
2005-12-20,224.0,226.5,221.5,222.25,243817,,,
2005-12-21,222.0,224.75,219.0,219.9,275582,,,
2005-12-22,220.0,221.95,218.35,219.9,267255,,,
2005-12-23,224.9,227.45,221.0,221.95,549939,,,
2005-12-26,222.0,223.0,216.55,218.7,562487,,,
2005-12-27,220.85,231.4,219.0,230.15,1587157,,,
2005-12-28,230.15,232.0,226.0,227.05,791839,,,
2005-12-29,227.4,229.0,225.55,226.3,480907,,,
2005-12-30,227.0,236.0,227.0,235.0,1434850,,,
2006-01-02,236.0,251.4,236.0,249.55,2592336,,,
2006-01-03,250.0,253.4,245.0,249.1,1958965,,,
2006-01-04,250.0,252.0,246.75,248.55,673599,,,
2006-01-05,249.0,250.0,244.1,247.05,555349,,,
2006-01-06,247.85,253.3,246.15,249.0,897175,,,
2006-01-09,248.0,257.9,248.0,251.65,1071118,,,
2006-01-10,250.0,251.9,246.5,247.2,702566,,,
2006-01-12,248.0,248.5,244.05,245.45,495249,,,
2006-01-13,246.05,251.9,243.25,244.3,744629,,,
2006-01-16,245.0,246.0,240.5,242.65,517027,,,
2006-01-17,243.1,247.3,237.3,238.85,514066,,,
2006-01-18,239.0,241.4,227.0,240.55,691620,,,
2006-01-19,240.55,247.95,240.55,246.2,522974,,,
2006-01-20,247.5,249.8,243.0,244.45,501484,,,
2006-01-23,244.45,246.0,237.65,239.75,728162,,,
2006-01-24,244.8,244.8,238.05,240.65,561457,,,
2006-01-25,243.0,243.0,232.35,234.75,1081416,,,
2006-01-27,238.0,242.0,238.0,240.5,573881,,,
2006-01-30,240.0,246.6,240.0,242.1,786895,,,
2006-01-31,242.0,246.4,242.0,242.75,375691,,,
2006-02-01,235.55,244.0,223.35,235.45,1145800,,,
2006-02-02,239.9,240.65,234.0,235.15,478686,,,
2006-02-03,234.5,240.4,232.0,233.45,636343,,,
2006-02-06,234.4,240.2,232.55,237.65,682319,,,
2006-02-07,240.0,247.0,238.25,244.6,1435321,,,
2006-02-08,246.0,250.7,243.0,245.85,1345598,,,
2006-02-10,247.5,251.25,246.8,248.85,1085541,,,
2006-02-13,248.5,255.0,248.0,253.2,1281111,,,
2006-02-14,254.85,260.4,250.5,251.45,1626862,,,
2006-02-15,255.0,255.0,248.0,250.2,530852,,,
2006-02-16,251.9,255.9,250.0,250.55,538509,,,
2006-02-17,251.9,256.6,246.65,248.4,1382799,,,
2006-02-20,251.5,251.5,243.0,245.1,662770,,,
2006-02-21,246.1,247.85,245.0,245.65,348174,,,
2006-02-22,246.5,247.6,240.8,243.15,1007873,,,
2006-02-23,245.75,245.95,241.3,243.7,772410,,,
2006-02-24,244.15,248.9,244.15,245.15,726309,,,
2006-02-27,236.6,247.25,236.6,243.45,311489,,,
2006-02-28,246.0,246.0,236.0,237.35,839382,,,
2006-03-01,237.8,241.0,230.6,239.0,891620,,,
2006-03-02,240.5,245.25,239.1,244.05,1693794,,,
2006-03-03,244.8,249.15,244.0,246.05,790524,,,
2006-03-06,248.45,250.55,246.05,247.5,797672,,,
2006-03-07,248.5,254.85,247.6,252.5,1265674,,,
2006-03-08,254.45,259.95,244.1,245.95,1331067,,,
2006-03-09,246.5,250.45,243.05,245.4,1482362,,,
2006-03-10,246.0,254.95,246.0,253.95,1789139,,,
2006-03-13,256.0,261.0,253.4,254.5,1723328,,,
2006-03-14,257.5,257.5,250.0,250.7,841372,,,
2006-03-16,251.05,256.2,251.05,255.05,1283139,,,
2006-03-17,256.75,260.95,254.05,255.3,1233749,,,
2006-03-20,257.9,258.7,253.55,254.3,596782,,,
2006-03-21,257.0,263.0,255.0,256.75,1854432,,,
2006-03-22,260.0,260.0,252.0,254.75,990701,,,
2006-03-23,256.7,256.8,251.3,253.55,875282,,,
2006-03-24,254.0,256.9,253.15,255.6,525005,,,
2006-03-27,255.75,259.75,255.5,258.95,688850,,,
2006-03-28,261.0,262.45,253.0,254.45,912582,,,
2006-03-29,254.4,257.35,254.05,255.55,642331,,,
2006-03-30,257.8,258.95,248.15,249.55,1205912,,,
2006-03-31,252.0,266.8,250.5,263.65,1719260,,,
2006-04-03,270.0,272.8,267.0,270.75,1428023,,,
2006-04-04,273.8,273.8,265.0,267.8,580458,,,
2006-04-05,268.0,273.75,268.0,272.05,705422,,,
2006-04-07,273.0,279.8,262.1,267.5,1258039,,,
2006-04-10,268.0,278.85,263.05,277.1,935708,,,
2006-04-12,271.0,275.0,262.1,264.05,1729283,,,
2006-04-13,265.0,265.0,253.6,257.1,1072376,,,
2006-04-17,259.0,262.0,255.0,260.8,447112,,,
2006-04-18,265.0,270.0,262.2,268.45,750783,,,
2006-04-19,269.95,270.9,262.6,264.05,886016,,,
2006-04-20,264.6,267.6,261.05,264.2,418345,,,
2006-04-21,265.05,265.9,256.0,258.25,1443732,,,
2006-04-24,259.0,262.7,258.25,259.95,392352,,,
2006-04-25,260.5,263.0,252.0,253.0,623358,,,
2006-04-26,254.0,260.55,250.2,258.05,548670,,,
2006-04-27,258.0,261.4,251.0,253.25,452694,,,
2006-04-28,254.0,255.0,231.1,254.45,594312,,,
2006-04-29,255.0,260.0,253.0,258.15,105659,,,
2006-05-02,259.75,261.35,257.05,259.7,296743,,,
2006-05-03,260.9,262.0,257.3,259.9,166034,,,
2006-05-04,261.35,261.35,254.2,255.75,188771,,,
2006-05-05,256.0,257.95,253.6,255.0,223743,,,
2006-05-08,255.6,267.5,253.75,265.45,703338,,,
2006-05-09,267.5,269.95,261.1,266.05,898017,,,
2006-05-10,269.0,272.8,265.0,268.8,975946,,,
2006-05-11,267.9,275.0,264.0,267.9,615940,,,
2006-05-12,272.8,272.8,263.0,263.65,524462,,,
2006-05-15,264.9,266.75,248.5,251.25,661140,,,
2006-05-16,252.0,252.0,234.15,244.85,939469,,,
2006-05-17,247.0,255.5,247.0,254.7,417985,,,
2006-05-18,245.0,249.9,225.0,228.0,998924,,,
2006-05-19,235.0,243.0,208.0,215.75,1214311,,,
2006-05-22,227.0,227.0,187.0,205.0,798991,,,
2006-05-23,209.0,228.0,195.0,225.05,456513,,,
2006-05-24,225.05,229.0,215.0,219.0,470984,,,
2006-05-25,219.0,239.8,214.55,229.4,1778039,,,
2006-05-26,221.1,234.0,221.1,233.05,530385,,,
2006-05-29,237.0,238.5,233.0,237.35,454533,,,
2006-05-30,239.0,239.0,229.0,235.45,658048,,,
2006-05-31,221.1,230.5,219.5,229.35,1024024,,,
2006-06-01,233.7,234.8,219.1,221.75,375327,,,
2006-06-02,221.65,225.0,214.0,222.0,288345,,,
2006-06-05,223.0,225.0,216.5,217.35,249804,,,
2006-06-06,206.0,216.95,205.1,212.9,266529,,,
2006-06-07,214.0,215.5,205.1,209.85,363409,,,
2006-06-08,205.0,205.0,187.9,196.7,517779,,,
2006-06-09,192.0,211.0,192.0,207.15,322556,,,
2006-06-12,209.9,209.9,198.2,202.85,168766,,,
2006-06-13,190.2,199.0,190.2,195.2,260119,,,
2006-06-14,195.2,202.75,188.25,191.35,248970,,,
2006-06-15,194.0,201.8,193.0,197.65,231502,,,
2006-06-16,203.0,209.05,201.1,205.2,243433,,,
2006-06-19,207.0,211.9,201.2,208.85,208102,,,
2006-06-20,205.0,210.95,203.1,208.4,169487,,,
2006-06-21,208.9,211.0,205.0,209.9,226884,,,
2006-06-22,225.0,225.0,211.5,211.95,177746,,,
2006-06-23,208.0,254.0,190.0,216.6,340509,,,
2006-06-25,223.0,224.0,217.0,217.75,31393,,,
2006-06-26,217.5,225.05,214.0,217.45,325488,,,
2006-06-27,220.3,223.0,216.5,219.25,297066,,,
2006-06-28,215.55,220.45,214.0,218.65,213365,,,
2006-06-29,214.9,218.95,211.1,212.45,614700,,,
2006-06-30,216.0,219.7,210.0,213.65,256168,,,
2006-07-03,214.0,215.0,210.05,211.15,73641,,,
2006-07-04,214.9,214.9,209.0,209.1,93418,,,
2006-07-05,210.9,211.0,208.0,209.85,49389,,,
2006-07-06,208.0,215.9,208.0,211.8,221626,,,
2006-07-07,214.0,216.0,211.05,212.45,384766,,,
2006-07-10,212.95,214.5,211.0,213.05,68486,,,
2006-07-11,212.5,216.9,211.95,215.9,259563,,,
2006-07-12,210.0,217.0,210.0,215.25,122078,,,
2006-07-13,216.5,217.0,211.3,212.65,72513,,,
2006-07-14,210.25,212.8,207.8,210.05,91132,,,
2006-07-17,208.2,209.5,205.05,205.65,92296,,,
2006-07-18,209.9,210.0,202.65,204.4,97233,,,
2006-07-19,207.0,209.0,194.25,195.1,158746,,,
2006-07-20,199.0,201.0,196.95,198.2,109326,,,
2006-07-21,198.2,199.95,194.55,198.6,93527,,,
2006-07-24,198.6,198.6,188.15,194.6,108298,,,
2006-07-25,203.0,203.0,195.1,197.1,67223,,,
2006-07-26,198.6,204.9,196.6,203.7,136758,,,
2006-07-27,205.5,208.0,198.0,202.6,503174,,,
2006-07-28,206.0,210.0,198.3,199.35,172308,,,
2006-07-31,209.5,209.5,199.1,200.9,148688,,,
2006-08-01,200.9,202.9,199.3,201.05,129306,,,
2006-08-02,197.1,207.85,197.1,204.9,336350,,,
2006-08-03,206.0,207.65,201.2,202.95,236958,,,
2006-08-04,204.0,205.9,200.05,201.25,164013,,,
2006-08-07,201.0,204.0,199.2,202.95,105533,,,
2006-08-08,201.1,204.8,201.1,204.35,93203,,,
2006-08-09,205.0,211.0,204.0,209.95,290787,,,
2006-08-10,211.2,217.45,210.5,215.05,312500,,,
2006-08-11,230.0,230.0,213.1,215.1,140891,,,
2006-08-14,217.95,219.0,214.45,215.15,360742,,,
2006-08-16,218.9,219.85,215.0,215.75,268879,,,
2006-08-17,218.95,218.95,211.1,212.1,211412,,,
2006-08-18,212.5,215.9,211.7,212.25,170704,,,
2006-08-21,215.0,215.0,208.25,213.0,262176,,,
2006-08-22,214.2,217.35,214.0,215.95,223419,,,
2006-08-23,215.0,221.15,214.0,216.25,464044,,,
2006-08-24,215.0,218.55,213.1,218.05,284597,,,
2006-08-25,219.0,224.2,218.0,222.35,640272,,,
2006-08-28,225.8,225.9,222.05,222.55,239643,,,
2006-08-29,225.0,225.0,222.0,222.1,109145,,,
2006-08-30,225.0,226.55,221.75,225.25,338765,,,
2006-08-31,228.5,232.7,223.5,224.75,1041528,,,
2006-09-01,228.4,229.45,226.0,227.15,164996,,,
2006-09-04,227.0,233.0,227.0,232.3,461133,,,
2006-09-05,233.0,233.8,228.15,229.4,222673,,,
2006-09-06,229.0,231.5,227.35,229.95,211553,,,
2006-09-07,228.15,229.0,224.05,224.6,221384,,,
2006-09-08,225.0,226.4,223.4,225.45,274865,,,
2006-09-11,224.7,225.85,213.3,214.75,154033,,,
2006-09-12,215.15,216.9,211.0,216.15,118532,,,
2006-09-13,219.85,220.0,217.15,219.3,87624,,,
2006-09-14,223.0,223.95,220.3,222.2,125135,,,
2006-09-15,224.0,225.5,220.3,221.6,276790,,,
2006-09-18,224.0,224.6,221.05,222.45,184998,,,
2006-09-19,224.5,227.55,223.1,226.2,355840,,,
2006-09-20,226.0,231.0,224.0,230.05,306797,,,
2006-09-21,231.85,236.85,231.5,236.25,603354,,,
2006-09-22,236.0,237.0,232.0,234.75,242234,,,
2006-09-25,230.1,235.5,230.1,233.6,126188,,,
2006-09-26,230.0,234.8,230.0,230.75,79571,,,
2006-09-27,233.0,233.4,230.0,230.15,87795,,,
2006-09-28,231.0,240.0,231.0,238.05,602296,,,
2006-09-29,238.15,244.0,237.1,241.15,374684,,,
2006-10-03,244.0,245.15,239.0,240.35,233560,,,
2006-10-04,241.75,241.75,237.25,240.05,197243,,,
2006-10-05,241.0,242.8,238.65,240.0,106255,,,
2006-10-06,244.4,244.4,239.5,240.05,167184,,,
2006-10-09,239.45,241.9,236.0,237.0,171308,,,
2006-10-10,239.9,239.9,232.2,233.15,124349,,,
2006-10-11,233.15,235.7,227.0,228.1,136178,,,
2006-10-12,229.95,233.95,228.0,231.1,1030268,,,
2006-10-13,234.0,234.8,225.25,228.95,225290,,,
2006-10-16,230.0,231.9,227.0,228.95,115030,,,
2006-10-17,229.0,230.8,225.5,226.1,173564,,,
2006-10-18,225.15,231.5,224.25,230.25,338902,,,
2006-10-19,235.0,235.0,225.5,226.55,105054,,,
2006-10-20,226.1,229.9,220.1,224.75,368415,,,
2006-10-21,225.8,227.0,225.0,226.5,29159,,,
2006-10-23,226.0,228.5,224.45,227.8,83253,,,
2006-10-26,225.05,232.4,225.05,229.7,557609,,,
2006-10-27,231.8,235.4,231.25,234.35,179933,,,
2006-10-30,234.9,236.4,232.0,236.0,176862,,,
2006-10-31,236.0,238.05,230.0,230.6,152614,,,
2006-11-01,231.05,234.9,231.05,233.5,248835,,,
2006-11-02,234.5,234.5,227.5,228.65,80545,,,
2006-11-03,228.0,230.95,224.55,226.9,97722,,,
2006-11-06,226.9,228.45,225.6,226.55,90566,,,
2006-11-07,228.0,232.5,227.1,230.4,199262,,,
2006-11-08,230.9,230.9,226.1,227.75,63980,,,
2006-11-09,227.0,230.95,227.0,229.25,92227,,,
2006-11-10,229.0,232.0,229.0,231.45,90559,,,
2006-11-13,231.0,235.5,230.0,232.0,292424,,,
2006-11-14,236.5,236.5,228.3,229.2,166556,,,
2006-11-15,229.95,229.95,227.1,227.65,115458,,,
2006-11-16,228.8,229.85,224.1,224.85,187959,,,
2006-11-17,224.85,227.3,217.55,224.3,349034,,,
2006-11-20,221.0,227.95,221.0,225.15,204698,,,
2006-11-21,227.0,227.0,224.0,225.0,111126,,,
2006-11-22,224.0,226.8,224.0,225.15,352962,,,
2006-11-23,226.8,230.0,224.55,227.1,347726,,,
2006-11-24,225.15,228.4,224.05,225.4,82682,,,
2006-11-27,224.0,226.0,224.0,225.7,103479,,,
2006-11-28,225.7,228.45,223.0,226.05,137216,,,
2006-11-29,223.5,226.5,220.0,220.75,222785,,,
2006-11-30,222.85,224.0,218.25,219.15,306531,,,
2006-12-01,218.0,222.8,218.0,219.8,154513,,,
2006-12-04,215.0,223.45,215.0,219.85,163538,,,
2006-12-05,220.95,222.45,219.0,219.85,189720,,,
2006-12-06,222.0,222.95,218.0,219.8,223636,,,
2006-12-07,216.1,222.75,216.1,221.95,140037,,,
2006-12-08,221.95,222.8,218.0,218.2,76305,,,
2006-12-11,218.0,218.75,214.2,214.65,312892,,,
2006-12-12,215.0,216.25,204.65,207.3,541712,,,
2006-12-13,207.3,209.7,200.5,208.9,158654,,,
2006-12-14,209.0,222.0,208.55,218.85,239118,,,
2006-12-15,221.0,225.6,220.65,224.35,498130,,,
2006-12-18,221.05,225.9,220.5,225.15,115754,,,
2006-12-19,224.35,225.5,221.0,225.05,290259,,,
2006-12-20,228.9,228.9,222.5,227.1,425978,,,
2006-12-21,227.5,227.5,222.0,222.8,56262,,,
2006-12-22,223.0,224.7,220.1,222.1,40460,,,
2006-12-26,222.0,223.0,220.0,220.55,87264,,,
2006-12-27,226.9,226.9,218.6,219.55,520099,,,
2006-12-28,220.0,220.5,217.25,217.7,231133,,,
2006-12-29,218.9,218.9,215.25,215.6,181281,,,
2007-01-02,215.6,219.9,214.95,216.6,76527,,,
2007-01-03,218.9,218.9,214.85,215.35,218044,,,
2007-01-04,216.9,218.85,216.0,217.75,374406,,,
2007-01-05,218.9,221.45,217.55,218.6,117520,,,
2007-01-08,218.6,218.6,216.5,217.2,85860,,,
2007-01-09,216.0,218.9,213.0,213.65,84415,,,
2007-01-10,214.8,215.2,210.1,212.7,77274,,,
2007-01-11,214.95,216.5,212.5,214.95,133151,,,
2007-01-12,216.0,220.85,216.0,219.75,225351,,,
2007-01-15,221.9,222.6,219.1,219.85,151877,,,
2007-01-16,221.0,221.05,219.25,220.05,41576,,,
2007-01-17,220.05,226.75,220.0,224.85,336495,,,
2007-01-18,225.0,227.2,223.0,225.6,246580,,,
2007-01-19,226.3,227.0,224.1,225.0,156760,,,
2007-01-22,225.0,225.0,223.3,224.0,83514,,,
2007-01-23,223.1,225.95,220.8,224.6,163284,,,
2007-01-24,223.1,226.5,216.6,225.0,74061,,,
2007-01-25,224.0,227.5,224.0,226.55,237091,,,
2007-01-29,227.5,232.95,227.0,228.9,285937,,,
2007-01-31,229.0,230.8,226.05,226.95,183756,,,
2007-02-01,228.0,232.95,223.6,229.45,108354,,,
2007-02-02,232.3,238.9,232.1,237.8,420854,,,
2007-02-05,239.9,242.4,238.05,241.35,422088,,,
2007-02-06,243.0,243.0,240.25,241.9,281904,,,
2007-02-07,241.9,242.95,239.35,242.1,429913,,,
2007-02-08,243.0,243.0,236.5,240.65,120144,,,
2007-02-09,238.55,239.7,230.0,230.8,80411,,,
2007-02-12,230.8,230.8,223.5,224.1,80019,,,
2007-02-13,224.1,227.65,221.05,225.85,43633,,,
2007-02-14,224.0,224.95,220.0,221.2,60832,,,
2007-02-15,225.0,230.4,224.75,228.85,91730,,,
2007-02-19,228.85,231.0,225.7,226.65,58868,,,
2007-02-20,225.05,228.45,224.25,226.1,63279,,,
2007-02-21,228.0,228.0,220.6,221.9,96559,,,
2007-02-22,222.5,231.0,221.1,226.3,153276,,,
2007-02-23,226.3,228.5,216.2,217.55,111795,,,
2007-02-26,220.0,223.0,218.1,221.75,81994,,,
2007-02-27,226.0,227.0,218.35,219.9,68715,,,
2007-02-28,215.0,219.0,202.0,214.4,149105,,,
2007-03-01,215.0,217.8,213.05,215.15,45408,,,
2007-03-02,217.0,218.9,213.05,214.6,56213,,,
2007-03-05,211.0,213.0,200.0,209.85,104263,,,
2007-03-06,211.0,212.0,205.0,208.15,53056,,,
2007-03-07,208.5,211.0,202.2,203.0,109356,,,
2007-03-08,204.0,207.0,197.5,201.0,221937,,,
2007-03-09,204.0,205.5,195.7,196.9,110321,,,
2007-03-12,200.0,200.0,190.0,190.6,214470,,,
2007-03-13,190.6,192.4,187.1,189.15,196272,,,
2007-03-14,188.0,192.7,187.0,190.45,185045,,,
2007-03-15,190.45,195.8,190.45,193.75,166313,,,
2007-03-16,196.9,196.9,189.15,190.65,42827,,,
2007-03-19,193.8,194.6,189.65,194.15,53511,,,
2007-03-20,195.2,196.9,193.05,196.15,144369,,,
2007-03-21,197.0,199.5,196.05,197.05,45465,,,
2007-03-22,199.05,212.5,199.05,210.95,316198,,,
2007-03-23,211.0,212.95,204.0,207.6,39306,,,
2007-03-26,209.0,210.0,204.5,205.05,75261,,,
2007-03-28,202.0,206.0,202.0,204.8,109071,,,
2007-03-29,203.1,206.8,203.1,206.05,56537,,,
2007-03-30,206.95,209.0,205.25,207.55,49328,,,
2007-04-02,202.0,206.5,200.4,201.55,45605,,,
2007-04-03,202.0,202.05,201.0,201.7,43520,,,
2007-04-04,224.0,224.0,201.5,202.05,44224,,,
2007-04-05,200.05,202.5,199.6,200.15,75610,,,
2007-04-09,204.0,204.0,199.9,200.5,112981,,,
2007-04-10,206.0,206.95,202.05,202.55,115043,,,
2007-04-11,202.0,210.85,202.0,209.65,227046,,,
2007-04-12,209.9,214.5,207.0,210.25,168157,,,
2007-04-13,210.0,214.0,207.0,210.85,240091,,,
2007-04-16,210.85,214.0,210.5,212.85,59457,,,
2007-04-17,214.0,214.8,207.85,210.4,269325,,,
2007-04-18,210.0,212.0,210.0,210.75,33709,,,
2007-04-19,205.0,219.7,205.0,215.85,474017,,,
2007-04-20,222.0,222.0,212.1,213.25,170473,,,
2007-04-23,215.2,216.5,213.1,214.0,56115,,,
2007-04-24,214.25,219.2,212.0,217.25,134152,,,
2007-04-25,217.25,225.15,213.5,220.65,304435,,,
2007-04-26,222.0,224.0,215.15,218.75,283858,,,
2007-04-27,218.5,218.75,215.0,215.7,60760,,,
2007-04-30,215.65,220.0,214.5,217.95,154394,,,
2007-05-03,220.0,226.9,220.0,224.3,306288,,,
2007-05-04,227.0,227.5,220.05,221.15,99845,,,
2007-05-07,224.0,230.85,221.25,228.7,269180,,,
2007-05-08,229.9,233.85,228.75,230.3,312580,,,
2007-05-09,228.3,229.0,224.35,227.7,110253,,,
2007-05-10,227.7,237.75,227.7,234.95,500372,,,
2007-05-11,232.8,236.0,229.2,230.3,170746,,,
2007-05-14,232.0,234.5,230.05,230.55,86403,,,
2007-05-15,233.0,233.2,227.0,228.25,149092,,,
2007-05-16,229.95,231.0,228.1,230.0,131015,,,
2007-05-17,231.9,243.4,231.25,241.15,620313,,,
2007-05-18,242.0,242.9,237.0,239.1,343393,,,
2007-05-21,239.5,253.0,239.0,251.25,668903,,,
2007-05-22,252.0,259.0,250.55,257.3,816893,,,
2007-05-23,252.4,265.05,252.4,257.7,726291,,,
2007-05-24,255.0,257.45,253.6,255.75,256651,,,
2007-05-25,231.2,255.0,231.2,252.8,242740,,,
2007-05-28,254.0,260.95,254.0,256.1,360586,,,
2007-05-29,258.85,258.85,255.75,256.0,170558,,,
2007-05-30,256.9,261.35,250.65,256.8,697422,,,
2007-05-31,260.0,262.5,255.9,256.25,419639,,,
2007-06-01,257.9,257.9,250.0,251.25,419915,,,
2007-06-04,252.0,252.4,244.0,244.75,153931,,,
2007-06-05,244.0,244.65,240.5,244.1,165361,,,
2007-06-06,248.65,248.65,239.15,240.2,155725,,,
2007-06-07,240.0,242.5,239.25,240.85,254180,,,
2007-06-08,238.0,241.05,236.75,240.15,152917,,,
2007-06-11,243.0,244.5,239.5,240.1,141562,,,
2007-06-12,241.85,242.0,238.0,240.25,213510,,,
2007-06-13,230.5,245.4,230.5,241.5,173928,,,
2007-06-14,243.0,245.0,240.0,243.8,78714,,,
2007-06-15,244.9,249.0,243.05,245.6,99116,,,
2007-06-18,243.5,246.7,243.15,244.45,45892,,,
2007-06-19,242.5,245.0,242.1,243.7,20564,,,
2007-06-20,242.1,245.0,241.2,242.35,65638,,,
2007-06-21,242.4,244.0,240.35,241.45,55085,,,
2007-06-22,243.95,246.5,240.25,244.9,335492,,,
2007-06-25,251.0,253.0,245.55,248.6,730427,,,
2007-06-26,251.0,255.0,251.0,253.95,283857,,,
2007-06-27,254.0,254.9,244.6,246.7,217402,,,
2007-06-28,246.2,253.2,245.0,250.0,404879,,,
2007-06-29,252.0,252.0,243.65,248.9,120114,,,
2007-07-02,249.9,254.0,249.1,253.85,187184,,,
2007-07-03,256.9,257.8,251.0,252.8,601722,,,
2007-07-04,253.8,253.8,250.25,253.0,305176,,,
2007-07-05,253.0,255.0,249.05,252.95,389218,,,
2007-07-06,250.8,250.8,240.1,241.05,182974,,,
2007-07-09,245.7,245.7,241.0,241.45,134582,,,
2007-07-10,241.0,243.5,239.0,241.6,198360,,,
2007-07-11,240.0,244.7,239.2,243.6,137733,,,
2007-07-12,246.0,247.0,240.15,242.1,183995,,,
2007-07-13,244.0,247.5,243.5,244.8,342559,,,
2007-07-16,275.0,275.0,246.25,252.65,691196,,,
2007-07-17,255.0,259.9,253.0,254.15,628843,,,
2007-07-18,255.0,259.8,252.0,254.1,267391,,,
2007-07-19,255.0,266.45,252.05,264.45,1392735,,,
2007-07-20,267.0,269.95,263.75,264.85,919873,,,
2007-07-23,265.0,267.0,260.95,265.9,363112,,,
2007-07-24,266.1,267.8,260.3,261.6,572029,,,
2007-07-25,258.15,263.0,253.55,257.45,475870,,,
2007-07-26,256.0,263.85,254.0,256.4,540750,,,
2007-07-27,253.0,253.85,246.4,250.05,233537,,,
2007-07-30,251.5,257.95,246.25,255.3,299226,,,
2007-07-31,257.0,265.8,256.0,263.15,676924,,,
2007-08-01,257.1,259.9,249.0,250.1,117680,,,
2007-08-02,248.0,253.5,248.0,250.1,269503,,,
2007-08-03,252.0,255.3,252.0,253.9,149208,,,
2007-08-06,248.2,253.8,246.55,251.45,58928,,,
2007-08-07,256.95,261.9,252.5,257.75,145725,,,
2007-08-08,259.8,261.0,254.1,255.85,186908,,,
2007-08-09,260.0,260.9,252.05,254.2,134656,,,
2007-08-10,249.95,255.0,244.55,251.95,80791,,,
2007-08-13,251.95,253.95,250.8,252.65,46668,,,
2007-08-14,252.65,255.5,251.1,253.8,28927,,,
2007-08-16,248.0,253.2,240.05,246.0,149534,,,
2007-08-17,243.0,246.9,232.0,235.1,219711,,,
2007-08-20,240.0,253.75,240.0,250.7,318487,,,
2007-08-21,252.0,257.0,236.0,237.75,250563,,,
2007-08-22,239.0,243.0,231.0,241.05,109197,,,
2007-08-23,243.5,245.9,234.0,235.55,68292,,,
2007-08-24,235.55,245.0,231.1,243.6,83788,,,
2007-08-27,244.9,247.8,243.0,246.75,87384,,,
2007-08-28,247.35,247.35,243.0,245.6,46267,,,
2007-08-29,243.0,248.5,239.05,247.55,64489,,,
2007-08-30,249.1,251.1,245.55,250.25,247356,,,
2007-08-31,249.95,254.9,246.0,252.05,631269,,,
2007-09-03,252.0,255.25,251.3,252.05,87758,,,
2007-09-04,252.05,258.2,251.05,254.4,368748,,,
2007-09-05,256.9,256.9,252.0,252.5,169282,,,
2007-09-06,258.0,259.0,248.9,250.6,133224,,,
2007-09-07,253.5,253.5,249.75,250.1,212026,,,
2007-09-10,248.05,253.9,247.55,250.4,56001,,,
2007-09-11,252.8,275.0,251.1,261.1,580002,,,
2007-09-12,262.8,267.8,261.9,263.0,840914,,,
2007-09-13,263.95,265.0,257.5,258.3,320210,,,
2007-09-14,257.5,261.8,253.2,254.55,254371,,,
2007-09-17,259.35,259.35,252.4,255.25,260234,,,
2007-09-18,256.0,262.15,253.0,258.0,422060,,,
2007-09-19,263.9,268.5,259.1,267.6,739748,,,
2007-09-20,268.5,287.25,263.0,281.2,1289248,,,
2007-09-21,283.1,285.5,275.0,276.8,685334,,,
2007-09-24,274.0,281.0,266.5,277.35,1028344,,,
2007-09-25,280.0,286.0,274.4,283.1,893848,,,
2007-09-26,289.0,291.2,283.65,289.0,1341198,,,
2007-09-27,292.9,298.0,286.05,291.2,1406242,,,
2007-09-28,292.0,300.0,292.0,298.65,472440,,,
2007-10-01,299.0,311.5,295.7,308.2,658485,,,
2007-10-03,310.35,319.0,293.0,304.85,884038,,,
2007-10-04,307.0,320.8,303.5,313.6,854163,,,
2007-10-05,314.95,315.0,308.8,310.95,432312,,,
2007-10-08,310.95,311.9,295.2,303.25,422611,,,
2007-10-09,294.55,309.9,294.0,305.1,172871,,,
2007-10-10,307.55,312.4,303.0,307.15,460266,,,
2007-10-11,308.1,310.0,297.55,304.05,137940,,,
2007-10-12,304.0,308.5,292.65,294.05,211683,,,
2007-10-15,298.7,308.0,295.15,305.85,208180,,,
2007-10-16,305.0,311.0,298.15,301.4,208958,,,
2007-10-17,286.0,302.0,279.9,300.25,310923,,,
2007-10-18,302.0,315.0,301.05,310.6,1029932,,,
2007-10-19,311.25,311.25,290.0,300.1,320717,,,
2007-10-22,297.9,313.25,291.5,311.6,268721,,,
2007-10-23,318.8,331.65,313.5,321.8,684599,,,
2007-10-24,326.0,326.0,315.05,323.1,307049,,,
2007-10-25,323.95,339.9,320.1,336.35,561917,,,
2007-10-26,339.65,339.65,331.3,335.8,354664,,,
2007-10-29,339.0,339.0,325.0,328.15,147034,,,
2007-10-30,330.0,339.0,320.0,326.45,474076,,,
2007-10-31,328.0,329.0,318.5,321.7,1581252,,,
2007-11-01,325.0,325.7,308.7,320.3,870573,,,
2007-11-02,310.05,317.0,305.0,314.65,138462,,,
2007-11-05,311.6,325.0,310.25,315.05,330323,,,
2007-11-06,320.0,328.0,315.75,320.5,382558,,,
2007-11-07,321.0,324.45,319.0,320.2,245698,,,
2007-11-08,315.05,325.0,313.0,320.9,307093,,,
2007-11-09,323.0,326.85,317.0,323.95,63894,,,
2007-11-12,316.05,321.5,310.0,317.05,344973,,,
2007-11-13,315.0,325.0,315.0,322.0,245938,,,
2007-11-14,325.95,328.8,315.25,318.45,781931,,,
2007-11-15,320.0,328.7,318.0,319.8,1422067,,,
2007-11-16,321.0,336.0,319.0,326.35,931228,,,
2007-11-19,329.95,334.0,322.0,323.05,478178,,,
2007-11-20,324.95,327.0,307.0,312.65,469415,,,
2007-11-21,314.0,315.0,300.0,303.8,408609,,,
2007-11-22,302.0,308.9,290.0,298.45,727419,,,
2007-11-23,304.8,308.9,301.2,306.5,613184,,,
2007-11-26,312.0,312.8,305.1,307.3,536261,,,
2007-11-27,310.0,321.25,307.0,313.85,612704,,,
2007-11-28,316.05,329.4,316.05,319.5,1367953,,,
2007-11-29,321.5,326.0,302.7,308.65,1422565,,,
2007-11-30,312.1,320.9,310.5,312.0,420742,,,
2007-12-03,313.0,327.3,313.0,325.15,444903,,,
2007-12-04,328.9,346.9,326.0,340.0,1606471,,,
2007-12-05,348.5,359.9,344.0,354.4,2386404,,,
2007-12-06,354.85,374.95,354.85,360.25,1756391,,,
2007-12-07,361.95,369.8,355.65,364.75,1430084,,,
2007-12-10,367.35,391.0,366.0,383.65,2285894,,,
2007-12-11,385.0,388.9,379.35,382.6,1498801,,,
2007-12-12,382.0,396.8,372.0,386.45,1665394,,,
2007-12-13,385.0,390.0,374.0,377.7,682977,,,
2007-12-14,382.8,385.15,373.0,382.05,375477,,,
2007-12-17,384.8,395.6,370.5,373.2,861624,,,
2007-12-18,376.0,393.0,368.1,387.85,704481,,,
2007-12-19,393.0,403.5,390.0,394.15,1298106,,,
2007-12-20,400.0,400.0,381.0,384.3,1145795,,,
2007-12-24,390.0,394.0,385.0,386.3,427461,,,
2007-12-26,389.85,418.0,388.05,404.6,1053074,,,
2007-12-27,415.0,421.0,397.0,404.55,1291880,,,
2007-12-28,396.0,419.95,395.0,411.6,554742,,,
2007-12-31,416.0,418.0,411.0,413.05,328834,,,
2008-01-01,419.95,427.0,412.1,423.3,523405,,,
2008-01-02,425.0,428.95,415.0,426.95,300345,,,
2008-01-03,425.0,430.9,419.0,421.45,233995,,,
2008-01-04,430.0,430.0,415.0,417.65,774861,,,
2008-01-07,407.05,425.0,405.0,408.9,502649,,,
2008-01-08,411.8,414.0,381.0,386.65,608831,,,
2008-01-09,395.95,395.95,371.25,373.45,730143,,,
2008-01-10,399.0,399.0,369.0,370.4,522347,,,
2008-01-11,375.0,375.0,362.1,364.9,472334,,,
2008-01-14,366.5,373.0,361.0,365.15,465501,,,
2008-01-15,369.8,376.9,366.05,369.55,1710492,,,
2008-01-16,370.0,370.0,355.1,358.9,389469,,,
2008-01-17,369.95,369.95,345.0,359.1,399620,,,
2008-01-18,355.0,360.0,334.1,339.55,265751,,,
2008-01-21,339.95,339.95,288.0,306.05,842743,,,
2008-01-22,300.0,310.0,227.2,284.4,658173,,,
2008-01-23,291.35,319.0,290.0,302.65,813015,,,
2008-01-24,319.75,319.75,273.0,295.85,534475,,,
2008-01-25,304.0,327.8,295.0,321.75,266093,,,
2008-01-28,314.0,341.9,305.05,333.9,275082,,,
2008-01-29,331.65,353.0,330.0,344.45,261942,,,
2008-01-30,341.8,354.0,322.35,329.65,731106,,,
2008-01-31,328.0,344.8,295.1,307.0,1406421,,,
2008-02-01,321.0,334.8,287.05,290.75,1514484,,,
2008-02-04,295.0,315.0,295.0,310.8,1295741,,,
2008-02-05,310.0,312.85,301.0,308.1,341985,,,
2008-02-06,299.0,309.7,291.0,307.35,842111,,,
2008-02-07,309.0,321.3,296.0,299.55,1005875,,,
2008-02-08,304.9,311.0,289.15,295.25,592930,,,
2008-02-11,297.0,300.75,276.15,281.5,850278,,,
2008-02-12,286.0,290.0,270.0,272.05,430368,,,
2008-02-13,278.0,279.0,265.0,267.5,880705,,,
2008-02-14,276.0,286.0,271.1,279.1,1138565,,,
2008-02-15,275.05,291.5,274.8,288.8,945965,,,
2008-02-18,295.5,295.5,287.1,290.85,262292,,,
2008-02-19,295.5,319.8,295.0,302.15,426444,,,
2008-02-20,300.0,307.0,295.5,297.95,272509,,,
2008-02-21,305.0,305.0,296.0,299.3,192555,,,
2008-02-22,295.05,304.75,293.05,300.35,360745,,,
2008-02-25,304.8,305.0,299.0,303.45,266180,,,
2008-02-26,303.0,313.2,303.0,311.4,326158,,,
2008-02-27,316.5,329.0,313.15,324.25,872572,,,
2008-02-28,324.55,333.0,321.15,329.25,1081388,,,
2008-02-29,327.3,336.5,321.0,329.35,1154367,,,
2008-03-03,316.05,328.8,315.6,321.1,259494,,,
2008-03-04,322.1,327.7,304.05,319.1,1447411,,,
2008-03-05,318.25,330.0,318.25,324.85,1151577,,,
2008-03-07,310.05,328.3,303.0,320.8,991647,,,
2008-03-10,315.9,327.0,306.5,322.75,303329,,,
2008-03-11,320.0,330.0,318.0,322.65,976063,,,
2008-03-12,335.0,338.0,326.0,331.1,1049324,,,
2008-03-13,326.0,326.0,298.0,302.85,565429,,,
2008-03-14,300.0,305.0,291.1,296.7,414277,,,
2008-03-17,291.25,297.6,274.0,276.25,379481,,,
2008-03-18,279.0,286.0,270.0,274.15,456779,,,
2008-03-19,280.0,286.9,260.0,268.45,403628,,,
2008-03-24,275.0,275.0,256.6,260.45,206435,,,
2008-03-25,262.55,278.0,262.55,275.25,534894,,,
2008-03-26,276.1,277.95,272.05,274.1,289131,,,
2008-03-27,279.95,279.95,265.0,272.9,745358,,,
2008-03-28,279.75,294.0,272.1,289.75,431852,,,
2008-03-31,285.0,292.0,278.55,280.55,270966,,,
2008-04-01,288.0,291.9,280.0,289.5,718031,,,
2008-04-02,298.4,300.9,287.35,289.2,857469,,,
2008-04-03,289.5,298.0,285.1,293.1,535031,,,
2008-04-04,305.0,305.0,292.0,300.0,738476,,,
2008-04-07,300.0,312.9,294.2,311.9,432976,,,
2008-04-08,310.0,314.8,307.0,309.65,98918,,,
2008-04-09,310.0,319.5,306.5,312.8,378266,,,
2008-04-10,313.0,325.1,310.15,323.0,455206,,,
2008-04-11,326.0,330.0,321.0,329.15,208191,,,
2008-04-15,328.0,330.0,325.0,328.4,155765,,,
2008-04-16,333.9,334.8,328.0,330.85,454104,,,
2008-04-17,336.4,346.9,332.15,343.3,559995,,,
2008-04-21,345.6,372.6,343.5,368.45,1003954,,,
2008-04-22,362.0,379.5,362.0,376.0,964990,,,
2008-04-23,378.0,381.2,363.7,372.9,1177302,,,
2008-04-24,373.0,375.9,347.2,352.9,670846,,,
2008-04-25,352.9,364.35,352.1,354.25,388338,,,
2008-04-28,357.9,365.6,352.15,355.55,454299,,,
2008-04-29,355.25,371.45,355.25,363.8,458057,,,
2008-04-30,372.0,372.0,356.0,358.75,181158,,,
2008-05-02,367.7,367.7,355.05,360.0,287127,,,
2008-05-05,359.9,361.9,356.65,359.2,151198,,,
2008-05-06,359.9,363.85,348.0,350.25,164469,,,
2008-05-07,352.0,352.0,339.2,341.15,158281,,,
2008-05-08,341.0,344.0,334.0,342.15,90192,,,
2008-05-09,343.0,349.0,328.1,330.95,189517,,,
2008-05-12,328.0,348.0,325.0,343.35,402583,,,
2008-05-13,345.0,352.9,333.0,335.6,285652,,,
2008-05-14,332.2,351.5,332.2,348.75,716014,,,
2008-05-15,375.0,375.0,349.15,350.8,536704,,,
2008-05-16,351.0,375.8,351.0,370.45,1071337,,,
2008-05-20,336.65,392.4,336.65,384.65,1094700,,,
2008-05-21,382.0,401.0,373.25,396.7,925015,,,
2008-05-22,392.0,395.85,375.2,378.85,1049636,,,
2008-05-23,382.8,394.0,381.5,383.9,571264,,,
2008-05-26,381.45,385.0,370.0,372.0,261005,,,
2008-05-27,375.0,386.0,371.05,378.95,364627,,,
2008-05-28,380.5,411.9,380.5,409.9,1625905,,,
2008-05-29,411.0,440.45,404.05,409.55,1547498,,,
2008-05-30,417.7,417.7,393.5,404.9,567492,,,
2008-06-02,409.0,409.8,392.05,395.25,293489,,,
2008-06-03,386.1,388.95,370.1,372.45,777648,,,
2008-06-04,373.65,376.0,349.0,352.4,485079,,,
2008-06-05,355.0,359.0,341.6,354.45,546328,,,
2008-06-06,360.0,366.4,351.1,354.25,917927,,,
2008-06-09,337.05,358.5,337.05,350.4,394618,,,
2008-06-10,343.0,354.5,333.0,344.65,606038,,,
2008-06-11,344.0,355.0,344.0,351.75,222576,,,
2008-06-12,350.0,359.0,340.0,356.4,271439,,,
2008-06-13,363.0,373.9,352.25,367.65,963497,,,
2008-06-16,369.0,378.95,349.0,352.4,445590,,,
2008-06-17,350.0,370.5,347.1,369.0,602028,,,
2008-06-18,370.0,376.3,365.15,368.5,605997,,,
2008-06-19,363.9,370.0,354.75,364.15,338509,,,
2008-06-20,365.0,365.0,343.35,347.8,360292,,,
2008-06-23,336.05,345.1,323.0,326.15,418064,,,
2008-06-24,325.0,325.0,285.0,303.9,1909781,,,
2008-06-25,299.9,307.0,291.75,297.8,1093635,,,
2008-06-26,300.0,321.6,295.0,314.95,2213990,,,
2008-06-27,305.0,305.6,290.0,291.5,918421,,,
2008-06-30,291.05,297.35,285.0,286.9,408870,,,
2008-07-01,289.0,292.1,271.0,274.65,315350,,,
2008-07-02,275.05,299.0,266.25,291.85,700619,,,
2008-07-03,292.0,292.05,270.1,273.65,353998,,,
2008-07-04,272.0,282.0,270.1,276.65,432652,,,
2008-07-07,277.0,288.9,270.0,274.9,633942,,,
2008-07-08,270.0,279.3,265.0,272.35,595880,,,
2008-07-09,280.0,292.1,279.15,290.1,518208,,,
2008-07-10,287.5,307.0,284.95,302.85,461919,,,
2008-07-11,304.5,314.45,295.1,305.35,785562,,,
2008-07-14,300.0,312.0,299.05,308.1,292473,,,
2008-07-15,302.0,305.9,276.0,277.45,567203,,,
2008-07-16,277.45,285.8,261.0,264.55,688417,,,
2008-07-17,275.5,281.0,268.3,271.05,595777,,,
2008-07-18,269.5,269.5,252.2,254.2,956515,,,
2008-07-21,258.0,264.0,250.7,261.4,470751,,,
2008-07-22,261.5,274.9,260.0,271.85,592577,,,
2008-07-23,282.5,296.0,281.2,295.05,768448,,,
2008-07-24,299.0,313.3,293.0,307.2,692940,,,
2008-07-25,290.0,310.0,290.0,306.85,433801,,,
2008-07-28,300.25,316.4,300.25,310.4,665137,,,
2008-07-29,309.0,311.0,296.0,302.55,518404,,,
2008-07-30,309.0,310.5,304.0,308.05,225802,,,
2008-07-31,308.0,324.0,305.0,319.6,1212275,,,
2008-08-01,316.5,334.5,313.0,330.65,1108853,,,
2008-08-04,334.0,348.0,332.0,345.5,737428,,,
2008-08-05,346.0,349.1,323.0,330.95,761175,,,
2008-08-06,337.0,339.95,322.1,324.1,445955,,,
2008-08-07,321.0,332.65,321.0,325.95,340892,,,
2008-08-08,324.0,350.0,324.0,346.85,1134196,,,
2008-08-11,354.0,360.7,343.35,347.9,1062041,,,
2008-08-12,350.7,351.5,336.1,338.2,679824,,,
2008-08-13,338.9,338.9,311.25,316.0,2033462,,,
2008-08-14,316.0,328.0,310.0,319.25,2065996,,,
2008-08-18,319.0,323.75,315.65,318.7,254223,,,
2008-08-19,317.2,319.8,306.5,317.05,326082,,,
2008-08-20,323.0,323.0,315.15,318.8,356923,,,
2008-08-21,319.8,325.0,311.1,314.95,575686,,,
2008-08-22,315.0,317.0,308.6,311.45,457409,,,
2008-08-25,319.25,319.25,310.0,312.35,1308146,,,
2008-08-26,310.0,315.0,306.2,312.4,243925,,,
2008-08-27,317.9,317.9,312.65,314.25,505857,,,
2008-08-28,315.6,323.25,312.25,315.9,992621,,,
2008-08-29,313.0,331.85,313.0,330.4,497585,,,
2008-09-01,329.0,334.9,320.0,328.85,299833,,,
2008-09-02,329.0,334.35,327.25,331.2,406949,,,
2008-09-04,328.0,333.9,325.1,330.25,513329,,,
2008-09-05,330.0,336.0,319.0,323.4,576222,,,
2008-09-08,330.0,330.0,314.0,315.1,439667,,,
2008-09-09,316.0,319.8,304.5,307.15,308914,,,
2008-09-10,305.0,310.95,299.1,301.05,320923,,,
2008-09-11,299.0,301.0,290.0,295.1,482679,,,
2008-09-12,299.25,299.25,276.1,283.25,425939,,,
2008-09-15,279.7,279.7,261.1,270.25,337598,,,
2008-09-16,265.0,276.5,261.1,274.75,200873,,,
2008-09-17,278.0,278.0,265.0,269.55,372193,,,
2008-09-18,260.0,265.5,246.0,260.5,688156,,,
2008-09-19,271.8,280.2,265.0,276.75,408075,,,
2008-09-22,279.0,282.6,270.35,272.3,248694,,,
2008-09-23,268.3,274.0,263.8,265.1,295796,,,
2008-09-24,265.65,281.0,265.65,277.8,719002,,,
2008-09-25,276.1,280.0,265.5,270.1,726024,,,
2008-09-26,272.0,272.0,245.1,248.8,857826,,,
2008-09-29,252.0,252.0,214.5,219.7,1790634,,,
2008-09-30,215.0,231.0,208.0,226.25,1290957,,,
2008-10-01,230.0,231.0,215.25,227.75,964530,,,
2008-10-03,225.0,225.85,210.95,212.5,604017,,,
2008-10-06,210.95,210.95,185.0,188.3,714617,,,
2008-10-07,195.0,195.4,176.25,180.05,1182215,,,
2008-10-08,174.7,178.0,165.0,173.2,548953,,,
2008-10-10,170.0,174.0,152.6,160.3,559192,,,
2008-10-13,165.0,175.0,163.0,167.9,423647,,,
2008-10-14,178.5,182.0,166.0,168.3,1019332,,,
2008-10-15,166.5,166.7,157.2,159.95,784443,,,
2008-10-16,155.1,169.5,148.1,167.1,684973,,,
2008-10-17,161.8,173.9,161.8,164.8,282325,,,
2008-10-20,163.0,171.45,163.0,168.15,403338,,,
2008-10-21,171.6,181.75,168.2,176.95,502672,,,
2008-10-22,176.0,183.7,166.1,169.95,545773,,,
2008-10-23,162.0,164.5,141.0,143.8,740991,,,
2008-10-24,142.95,142.95,125.8,128.25,517781,,,
2008-10-27,132.0,136.5,118.0,121.7,558105,,,
2008-10-28,133.7,137.0,127.0,134.25,125843,,,
2008-10-29,140.0,146.4,129.4,133.1,816599,,,
2008-10-31,136.15,163.0,136.15,158.7,1543168,,,
2008-11-03,157.15,170.0,157.15,166.4,857765,,,
2008-11-04,167.45,185.6,163.2,182.0,987039,,,
2008-11-05,190.0,190.0,174.0,177.25,852400,,,
2008-11-06,170.0,174.0,160.55,161.65,516797,,,
2008-11-07,160.1,167.8,158.0,163.85,509920,,,
2008-11-10,168.0,178.0,166.1,176.25,408018,,,
2008-11-11,175.0,178.5,169.25,171.8,606981,,,
2008-11-12,170.0,175.8,166.0,172.6,781842,,,
2008-11-14,176.0,176.9,159.1,162.0,1283951,,,
2008-11-17,166.8,166.8,154.35,158.0,1250932,,,
2008-11-18,157.0,157.0,145.85,155.4,905177,,,
2008-11-19,155.0,158.0,152.1,153.8,614663,,,
2008-11-20,150.0,150.0,142.05,143.7,1322389,,,
2008-11-21,139.8,143.4,133.0,137.3,1024462,,,
2008-11-24,137.0,141.8,134.0,140.5,923275,,,
2008-11-25,143.5,146.8,135.0,138.55,826429,,,
2008-11-26,142.85,142.85,136.2,138.85,787302,,,
2008-11-28,137.95,151.0,135.3,148.0,614243,,,
2008-12-01,149.15,155.8,142.8,144.2,340823,,,
2008-12-02,143.0,146.4,139.5,144.35,521568,,,
2008-12-03,147.0,148.9,143.1,144.8,432388,,,
2008-12-04,146.0,153.0,146.0,152.1,300556,,,
2008-12-05,151.1,156.0,144.2,145.85,416340,,,
2008-12-08,154.45,156.0,146.65,148.25,244955,,,
2008-12-10,149.0,156.0,149.0,155.25,306057,,,
2008-12-11,158.2,163.05,154.1,159.75,632496,,,
2008-12-12,155.5,158.8,152.25,157.45,195027,,,
2008-12-15,150.15,171.8,132.85,168.75,570547,,,
2008-12-16,169.0,174.95,161.5,164.6,748871,,,
2008-12-17,166.1,167.3,155.0,156.55,337160,,,
2008-12-18,158.0,164.9,153.1,162.0,292143,,,
2008-12-19,161.5,165.9,158.9,160.95,521651,,,
2008-12-22,162.1,165.75,154.0,155.4,332386,,,
2008-12-23,154.6,154.6,151.1,153.4,383631,,,
2008-12-24,152.0,160.0,149.25,156.85,694376,,,
2008-12-26,158.1,163.95,156.15,157.7,263800,,,
2008-12-29,157.0,162.2,154.4,159.75,348138,,,
2008-12-30,161.0,165.25,159.0,163.0,227409,,,
2008-12-31,163.9,167.85,162.1,165.25,284599,,,
2009-01-01,165.95,168.8,165.35,167.95,119178,,,
2009-01-02,170.0,174.0,167.95,170.85,364714,,,
2009-01-05,171.0,174.45,168.9,172.15,331150,,,
2009-01-06,173.0,178.0,169.2,177.05,553198,,,
2009-01-07,179.25,183.9,170.0,175.15,809715,,,
2009-01-09,172.0,172.9,162.0,166.25,294477,,,
2009-01-12,166.4,172.4,165.0,166.65,175333,,,
2009-01-13,168.0,169.4,162.25,163.65,120630,,,
2009-01-14,166.0,168.95,163.7,166.5,171766,,,
2009-01-15,161.2,165.5,157.0,160.0,155803,,,
2009-01-16,164.45,166.0,159.65,164.8,163796,,,
2009-01-19,165.2,174.9,164.55,165.15,78828,,,
2009-01-20,162.0,164.0,159.3,160.5,288868,,,
2009-01-21,159.5,162.0,155.05,156.4,190459,,,
2009-01-22,156.45,158.05,152.0,154.45,131037,,,
2009-01-23,154.0,155.8,147.0,149.45,252153,,,
2009-01-27,150.0,153.95,149.1,153.05,150633,,,
2009-01-28,156.0,158.0,152.85,156.35,233944,,,
2009-01-29,157.0,159.2,151.1,156.05,315530,,,
2009-01-30,155.0,155.45,152.0,153.15,353022,,,
2009-02-02,153.0,157.4,151.0,151.95,330832,,,
2009-02-03,154.7,154.7,146.15,149.5,265607,,,
2009-02-04,151.1,152.0,145.5,146.4,194012,,,
2009-02-05,149.0,149.0,142.1,144.35,173466,,,
2009-02-06,148.0,149.0,145.1,146.1,226503,,,
2009-02-09,147.0,149.3,146.9,148.2,442447,,,
2009-02-10,149.7,153.8,148.5,150.75,275848,,,
2009-02-11,149.0,152.4,148.0,150.1,418283,,,
2009-02-12,151.1,155.95,147.1,149.15,679625,,,
2009-02-13,151.9,151.9,148.3,149.85,509153,,,
2009-02-16,149.2,150.45,144.55,145.1,122747,,,
2009-02-17,143.6,144.95,137.0,140.95,176057,,,
2009-02-18,140.0,143.8,138.1,140.85,257854,,,
2009-02-19,142.8,144.0,136.55,137.75,145215,,,
2009-02-20,137.0,139.0,135.0,136.3,149918,,,
2009-02-24,135.95,135.95,130.55,131.3,186822,,,
2009-02-25,133.6,134.9,130.1,130.8,289562,,,
2009-02-26,130.1,131.5,127.0,127.85,532323,,,
2009-02-27,128.0,128.45,123.6,124.1,422413,,,
2009-03-02,124.1,124.1,115.5,116.45,461305,,,
2009-03-03,113.1,117.5,112.35,113.55,467684,,,
2009-03-04,114.0,116.95,112.05,112.65,371679,,,
2009-03-05,113.0,114.75,106.4,107.7,719603,,,
2009-03-06,103.0,106.9,100.1,104.45,516834,,,
2009-03-09,105.5,106.9,99.3,99.95,620752,,,
2009-03-12,103.75,104.95,99.6,100.45,1492477,,,
2009-03-13,102.4,109.4,95.2,108.25,1963534,,,
2009-03-16,114.0,114.0,108.0,109.4,808568,,,
2009-03-17,114.0,114.7,110.0,112.55,1133198,,,
2009-03-18,114.8,118.0,113.0,116.5,656562,,,
2009-03-19,114.0,119.9,113.6,115.3,1092374,,,
2009-03-20,117.0,119.2,114.5,118.55,376609,,,
2009-03-23,117.75,126.65,117.75,125.95,538386,,,
2009-03-24,133.85,138.55,127.0,134.15,1246904,,,
2009-03-25,134.0,135.0,129.65,133.95,258056,,,
2009-03-26,138.0,143.25,135.0,141.3,913783,,,
2009-03-27,143.95,147.8,141.2,145.05,405398,,,
2009-03-30,146.7,152.4,138.7,139.85,842786,,,
2009-03-31,140.1,143.5,136.05,141.55,754705,,,
2009-04-01,142.0,146.25,140.0,143.0,342537,,,
2009-04-02,145.0,152.75,145.0,150.9,888946,,,
2009-04-06,151.05,159.0,150.2,154.2,519707,,,
2009-04-08,153.2,156.95,147.1,155.15,727503,,,
2009-04-09,157.4,162.0,154.4,157.05,771189,,,
2009-04-13,158.8,169.65,157.55,167.85,724248,,,
2009-04-15,166.0,175.25,164.1,170.25,965410,,,
2009-04-16,173.4,175.0,164.25,167.2,737903,,,
2009-04-17,169.7,172.0,158.2,160.3,842963,,,
2009-04-20,160.0,168.1,159.9,167.0,418733,,,
2009-04-21,167.0,167.0,159.5,162.65,498232,,,
2009-04-22,165.8,167.95,159.5,160.1,1088094,,,
2009-04-23,163.0,165.0,159.1,163.25,468112,,,
2009-04-24,165.0,168.75,163.05,167.6,324983,,,
2009-04-27,169.0,170.5,162.9,167.5,344941,,,
2009-04-28,168.0,168.3,164.0,164.9,230435,,,
2009-04-29,166.15,172.0,165.0,171.55,371405,,,
2009-05-04,175.0,187.4,171.5,186.6,887440,,,
2009-05-05,189.25,194.0,182.7,190.25,568847,,,
2009-05-06,192.0,195.5,185.4,186.4,500934,,,
2009-05-07,189.0,190.85,181.0,187.85,629312,,,
2009-05-08,187.0,189.5,183.15,185.6,462975,,,
2009-05-11,185.6,194.9,181.05,182.4,365340,,,
2009-05-12,180.05,181.0,175.0,176.5,740981,,,
2009-05-13,178.0,183.0,177.0,180.55,372123,,,
2009-05-14,177.0,180.5,172.1,179.25,474819,,,
2009-05-15,180.0,186.0,178.5,183.45,570732,,,
2009-05-18,195.0,203.0,192.1,202.55,3262,,,
2009-05-19,203.0,214.4,190.0,200.9,538754,,,
2009-05-20,201.0,227.0,201.0,217.95,489888,,,
2009-05-21,215.0,246.9,215.0,242.8,1074660,,,
2009-05-22,245.0,249.4,221.2,225.55,971304,,,
2009-05-25,228.0,233.95,224.9,226.35,701224,,,
2009-05-26,228.5,236.4,208.2,211.75,1799759,,,
2009-05-27,215.0,223.9,215.0,221.8,400202,,,
2009-05-28,223.9,231.0,222.25,226.55,807965,,,
2009-05-29,230.0,234.85,214.0,216.35,1549173,,,
2009-06-01,220.0,227.0,215.3,216.35,2300351,,,
2009-06-02,218.0,222.0,215.5,220.9,1963115,,,
2009-06-03,224.0,236.8,223.0,227.15,2084098,,,
2009-06-04,227.15,241.0,223.5,239.85,2327420,,,
2009-06-05,244.0,245.85,234.0,236.0,1759827,,,
2009-06-08,236.0,238.45,221.4,222.6,1170227,,,
2009-06-09,225.0,232.0,219.55,230.55,933709,,,
2009-06-10,234.0,245.0,231.1,242.25,1194106,,,
2009-06-11,245.05,263.9,242.25,261.3,3071167,,,
2009-06-12,264.0,269.0,243.0,246.15,1829036,,,
2009-06-15,244.0,247.95,232.0,240.9,1015675,,,
2009-06-16,240.0,248.5,235.0,246.15,1054072,,,
2009-06-17,249.0,255.95,240.0,242.6,1063722,,,
2009-06-18,243.0,244.8,226.0,230.95,604062,,,
2009-06-19,232.0,239.6,230.1,234.3,1093491,,,
2009-06-22,236.0,244.6,235.15,237.3,441360,,,
2009-06-23,234.9,237.9,228.25,229.9,600074,,,
2009-06-24,232.0,237.0,228.15,233.1,422496,,,
2009-06-25,235.0,236.45,222.0,224.6,1372959,,,
2009-06-26,226.0,231.0,225.0,227.95,583424,,,
2009-06-29,230.0,231.6,222.9,224.55,624115,,,
2009-06-30,229.9,229.9,215.9,217.35,585262,,,
2009-07-01,220.0,221.8,217.05,220.85,370237,,,
2009-07-02,223.0,227.85,219.8,221.0,774948,,,
2009-07-03,215.05,227.8,215.05,225.85,321308,,,
2009-07-06,228.8,229.9,212.0,213.15,506124,,,
2009-07-07,214.9,218.0,211.1,212.75,380822,,,
2009-07-08,214.0,214.0,200.15,203.25,664205,,,
2009-07-09,203.9,208.4,203.05,205.75,449380,,,
2009-07-10,207.0,209.9,196.15,199.35,596094,,,
2009-07-13,196.05,203.0,194.1,196.45,892018,,,
2009-07-14,193.85,197.55,189.0,195.25,761822,,,
2009-07-15,199.8,207.5,197.6,206.05,1135286,,,
2009-07-16,209.7,209.75,202.2,204.9,927689,,,
2009-07-17,206.0,208.2,204.7,206.55,592474,,,
2009-07-20,210.0,211.8,207.35,210.15,285432,,,
2009-07-21,210.1,214.0,209.75,212.45,677875,,,
2009-07-22,214.95,215.9,210.2,211.55,789620,,,
2009-07-23,214.0,220.65,212.1,218.9,894790,,,
2009-07-24,221.0,231.45,221.0,229.25,702639,,,
2009-07-27,231.0,235.6,226.7,229.5,629216,,,
2009-07-28,231.85,245.6,229.0,244.1,1210547,,,
2009-07-29,241.15,249.5,230.05,244.4,1180893,,,
2009-07-30,241.0,243.8,232.7,239.45,1317597,,,
2009-07-31,242.0,259.35,242.0,254.15,1914294,,,
2009-08-03,256.5,259.0,245.55,257.15,697266,,,
2009-08-04,259.0,259.9,250.55,255.55,684989,,,
2009-08-05,255.5,259.8,248.2,257.7,872844,,,
2009-08-06,257.7,265.95,253.0,261.35,1907219,,,
2009-08-07,263.0,269.9,253.5,257.65,1646094,,,
2009-08-10,260.0,261.8,244.5,247.85,604130,,,
2009-08-11,244.1,259.5,244.1,256.55,567306,,,
2009-08-12,251.0,263.8,249.0,260.15,772172,,,
2009-08-13,265.0,271.85,263.0,265.75,1067419,,,
2009-08-14,268.0,269.8,256.1,259.4,547202,,,
2009-08-17,255.0,258.65,243.5,246.75,457615,,,
2009-08-18,246.55,251.9,242.6,244.1,856323,,,
2009-08-19,259.9,259.9,240.1,243.9,724885,,,
2009-08-20,249.0,249.0,242.3,244.2,581532,,,
2009-08-21,243.0,249.4,241.15,247.2,468830,,,
2009-08-24,250.5,258.8,249.0,256.5,839329,,,
2009-08-25,256.0,260.0,250.75,251.95,403208,,,
2009-08-26,255.05,256.9,252.25,254.0,216724,,,
2009-08-27,256.0,256.0,249.2,250.5,351566,,,
2009-08-28,251.05,256.0,249.0,249.85,328565,,,
2009-08-31,248.7,252.45,246.1,248.2,281130,,,
2009-09-01,252.85,254.8,243.15,244.2,502942,,,
2009-09-02,241.0,248.45,240.0,241.0,221310,,,
2009-09-03,243.0,247.7,241.6,242.6,528912,,,
2009-09-04,246.0,249.7,244.55,246.9,453579,,,
2009-09-07,250.0,255.7,248.25,254.0,341822,,,
2009-09-08,258.0,264.9,253.1,258.95,1117355,,,
2009-09-09,259.0,261.9,250.4,253.75,555484,,,
2009-09-10,257.9,304.5,254.7,260.9,1517369,,,
2009-09-11,263.0,266.5,255.6,258.2,771901,,,
2009-09-14,259.1,259.7,252.75,253.75,236115,,,
2009-09-15,259.0,266.0,255.2,264.9,488974,,,
2009-09-16,267.0,275.0,267.0,274.05,1147267,,,
2009-09-17,278.0,279.0,262.15,265.25,820442,,,
2009-09-18,265.25,273.85,262.3,269.3,493447,,,
2009-09-22,271.85,273.25,268.15,269.3,228386,,,
2009-09-23,268.6,271.45,261.25,262.85,478266,,,
2009-09-24,260.0,269.9,256.5,266.0,567262,,,
2009-09-25,265.0,276.65,260.0,274.45,428699,,,
2009-09-29,278.8,281.9,275.0,279.0,589283,,,
2009-09-30,279.6,283.4,279.2,281.35,605010,,,
2009-10-01,281.0,284.8,280.0,282.05,377886,,,
2009-10-05,281.0,282.0,276.4,278.15,197753,,,
2009-10-06,280.0,282.0,270.0,276.25,245654,,,
2009-10-07,276.5,289.9,276.25,282.1,561155,,,
2009-10-08,284.6,286.6,278.35,279.5,288071,,,
2009-10-09,280.0,283.0,277.55,280.7,283007,,,
2009-10-12,282.0,282.0,275.0,277.1,192760,,,
2009-10-14,279.0,284.4,278.5,282.25,228640,,,
2009-10-15,286.15,294.0,285.0,292.1,642416,,,
2009-10-16,293.0,295.5,289.0,293.4,227486,,,
2009-10-17,300.0,305.0,289.05,290.65,79627,,,
2009-10-20,292.0,293.0,285.1,287.15,180674,,,
2009-10-21,285.6,288.6,280.3,282.05,158379,,,
2009-10-22,280.0,285.5,276.3,280.0,164887,,,
2009-10-23,284.8,285.5,280.2,282.85,130283,,,
2009-10-26,285.0,285.0,278.05,280.55,92780,,,
2009-10-27,276.6,282.0,271.5,273.15,288223,,,
2009-10-28,274.0,275.0,267.1,269.0,395985,,,
2009-10-29,266.0,266.9,248.5,251.0,641737,,,
2009-10-30,254.95,266.85,251.5,262.85,755478,,,
2009-11-03,263.0,263.0,255.65,258.2,379217,,,
2009-11-04,257.0,264.8,257.0,263.8,201474,,,
2009-11-05,262.0,265.5,259.5,264.25,114712,,,
2009-11-06,266.4,281.9,263.5,278.0,706106,,,
2009-11-09,282.0,282.0,268.55,277.9,517069,,,
2009-11-10,282.0,282.0,274.5,276.3,216188,,,
2009-11-11,277.5,293.7,274.5,286.15,430782,,,
2009-11-12,286.2,289.2,283.1,285.25,272853,,,
2009-11-13,290.1,290.1,278.5,280.8,137575,,,
2009-11-16,282.0,285.75,281.1,282.2,125100,,,
2009-11-17,282.3,286.8,280.4,284.35,92403,,,
2009-11-18,281.2,286.9,281.2,282.3,146563,,,
2009-11-19,282.3,284.5,274.0,275.45,145865,,,
2009-11-20,273.0,286.45,273.0,284.1,293475,,,
2009-11-23,284.2,284.95,278.2,281.25,210123,,,
2009-11-24,281.95,291.55,280.2,288.9,303542,,,
2009-11-25,290.35,292.95,283.15,284.35,200088,,,
2009-11-26,283.0,287.65,280.35,282.3,159385,,,
2009-11-27,278.9,284.0,273.0,277.55,180946,,,
2009-11-30,282.55,284.9,279.4,281.15,92480,,,
2009-12-01,280.1,299.9,280.1,293.85,467039,,,
2009-12-02,296.0,307.8,291.3,305.3,944614,,,
2009-12-03,310.0,318.9,308.15,315.5,1501946,,,
2009-12-04,317.0,324.0,316.0,318.7,610517,,,
2009-12-07,321.25,321.5,311.05,315.15,396133,,,
2009-12-08,315.0,328.4,314.6,325.2,815697,,,
2009-12-09,325.5,325.5,318.25,320.9,584646,,,
2009-12-10,320.0,321.8,314.1,317.6,287594,,,
2009-12-11,318.5,320.95,314.1,315.0,350829,,,
2009-12-14,314.5,318.0,313.6,315.45,142406,,,
2009-12-15,311.9,321.5,311.05,313.55,220931,,,
2009-12-16,311.5,320.35,310.0,317.35,280455,,,
2009-12-17,317.5,328.8,317.3,327.3,543702,,,
2009-12-18,327.0,330.9,317.85,319.65,307415,,,
2009-12-21,320.0,324.9,314.5,315.0,136299,,,
2009-12-22,318.8,319.75,310.5,313.5,174575,,,
2009-12-23,315.0,322.8,315.0,320.8,230638,,,
2009-12-24,324.9,324.9,319.7,322.2,168245,,,
2009-12-29,323.0,323.85,319.7,321.45,276488,,,
2009-12-30,322.95,336.8,321.1,332.6,1337339,,,
2009-12-31,337.95,341.5,319.15,321.85,1385159,,,
2010-01-04,325.1,326.5,319.3,325.15,378946,,,
2010-01-05,328.0,332.0,326.1,329.9,372564,,,
2010-01-06,332.35,336.2,328.05,328.4,346131,,,
2010-01-07,328.0,329.9,320.05,321.6,280690,,,
2010-01-08,322.0,327.5,315.0,317.1,459436,,,
2010-01-11,319.0,324.35,316.6,319.7,493177,,,
2010-01-12,320.0,321.45,309.0,310.25,428327,,,
2010-01-13,305.0,316.45,305.0,315.2,265723,,,
2010-01-14,310.0,319.4,310.0,315.6,151074,,,
2010-01-15,316.0,319.5,311.05,312.15,606691,,,
2010-01-18,315.0,319.9,306.0,317.5,469837,,,
2010-01-19,319.9,324.0,315.0,316.6,1149658,,,
2010-01-20,319.75,319.75,311.0,312.95,348568,,,
2010-01-21,315.0,317.45,309.0,311.0,475080,,,
2010-01-22,308.6,313.65,297.05,310.6,510921,,,
2010-01-25,302.1,310.45,301.5,306.1,479301,,,
2010-01-27,305.0,308.6,289.25,291.35,564238,,,
2010-01-28,295.05,299.65,280.5,283.15,375265,,,
2010-01-29,282.8,299.7,276.05,296.85,1034264,,,
2010-02-01,300.0,308.1,296.55,305.9,344871,,,
2010-02-02,307.7,309.45,295.1,296.7,270664,,,
2010-02-03,300.05,303.9,300.0,302.55,156459,,,
2010-02-04,300.1,305.4,295.55,298.3,241081,,,
2010-02-05,295.0,295.0,279.05,286.05,685783,,,
2010-02-06,286.0,289.95,284.0,288.7,33746,,,
2010-02-08,285.1,293.9,285.1,292.5,198850,,,
2010-02-09,296.0,299.6,291.0,297.4,159208,,,
2010-02-10,299.0,300.85,289.4,290.05,212529,,,
2010-02-11,292.0,294.0,286.5,287.7,1097283,,,
2010-02-15,286.0,291.7,282.0,283.3,287666,,,
2010-02-16,286.0,287.0,281.0,285.95,249619,,,
2010-02-17,290.0,290.0,285.0,287.45,581539,,,
2010-02-18,288.0,299.4,285.95,291.8,939893,,,
2010-02-19,297.0,303.4,281.9,295.9,1907164,,,
2010-02-22,298.1,304.8,282.55,285.45,745210,,,
2010-02-23,286.0,289.15,283.5,284.95,238825,,,
2010-02-24,284.1,287.9,282.5,284.2,431693,,,
2010-02-25,287.9,289.8,273.75,280.9,4982823,,,
2010-02-26,278.0,295.0,278.0,288.0,797002,,,
2010-03-02,290.0,292.9,284.5,285.7,314206,,,
2010-03-03,286.5,300.85,285.6,298.95,882404,,,
2010-03-04,300.0,309.0,298.55,307.85,949782,,,
2010-03-05,309.3,310.35,305.5,308.0,365930,,,
2010-03-08,311.0,319.4,308.0,317.7,772302,,,
2010-03-09,315.4,318.45,310.0,311.55,355029,,,
2010-03-10,309.95,315.1,307.3,311.7,218241,,,
2010-03-11,301.65,312.6,301.65,308.55,394758,,,
2010-03-12,309.0,310.7,303.1,305.1,111084,,,
2010-03-15,303.25,312.75,303.0,311.75,321232,,,
2010-03-16,311.75,314.9,307.15,312.85,266249,,,
2010-03-17,311.25,316.8,311.25,313.8,311927,,,
2010-03-18,315.0,318.0,310.05,311.45,200586,,,
2010-03-19,312.0,312.0,307.0,307.95,190372,,,
2010-03-22,303.3,314.6,303.3,309.75,409070,,,
2010-03-23,314.9,314.9,310.15,311.55,302209,,,
2010-03-25,310.05,310.05,300.1,302.5,601690,,,
2010-03-26,307.7,316.1,304.2,314.15,445653,,,
2010-03-29,314.95,321.0,310.55,319.8,542578,,,
2010-03-30,321.8,324.0,315.5,319.9,892845,,,
2010-03-31,320.0,331.85,318.25,328.15,1078434,,,
2010-04-01,329.0,329.95,319.05,320.4,727386,,,
2010-04-05,323.25,326.0,320.0,323.25,337201,,,
2010-04-06,325.0,327.0,322.15,323.7,122515,,,
2010-04-07,326.85,326.85,320.5,323.1,174308,,,
2010-04-08,319.6,330.0,319.6,322.75,519906,,,
2010-04-09,322.2,326.5,321.0,323.85,124676,,,
2010-04-12,326.5,333.0,325.25,326.25,479100,,,
2010-04-13,328.0,335.75,324.0,333.65,354311,,,
2010-04-15,335.0,335.8,326.0,328.35,398831,,,
2010-04-16,326.0,330.8,322.0,327.0,309212,,,
2010-04-19,325.0,325.75,317.25,323.3,266109,,,
2010-04-20,325.5,328.0,323.1,325.55,164006,,,
2010-04-21,327.0,330.5,325.3,327.25,137987,,,
2010-04-22,325.0,332.75,325.0,330.95,369629,,,
2010-04-23,332.9,343.7,332.05,340.45,951227,,,
2010-04-26,342.7,348.5,336.35,345.95,680711,,,
2010-04-27,344.0,353.7,343.0,352.5,595266,,,
2010-04-28,349.0,352.4,341.5,343.7,390992,,,
2010-04-29,343.25,349.5,343.25,345.6,188407,,,
2010-04-30,346.0,356.5,346.0,353.85,410243,,,
2010-05-03,348.5,355.9,348.5,353.55,260807,,,
2010-05-04,354.0,356.05,340.25,342.2,206400,,,
2010-05-05,340.0,344.75,332.2,342.95,224656,,,
2010-05-06,344.5,344.5,335.0,338.3,124441,,,
2010-05-07,336.0,337.05,326.0,328.65,167803,,,
2010-05-10,331.1,342.0,331.0,339.85,275566,,,
2010-05-11,340.0,344.45,335.55,336.65,198983,,,
2010-05-12,336.0,339.5,331.0,334.3,314292,,,
2010-05-13,335.1,338.5,331.4,335.5,441523,,,
2010-05-14,337.7,340.0,333.1,335.1,196175,,,
2010-05-17,333.5,341.0,326.25,339.75,240802,,,
2010-05-18,338.4,345.0,338.35,339.45,224091,,,
2010-05-19,337.0,343.5,329.1,330.35,205919,,,
2010-05-20,332.0,334.0,322.1,324.15,146557,,,
2010-05-21,321.2,321.2,313.35,317.3,357737,,,
2010-05-24,322.0,324.7,298.2,305.05,480242,,,
2010-05-25,295.0,304.2,295.0,297.7,476310,,,
2010-05-26,300.0,308.0,298.55,304.35,486602,,,
2010-05-27,305.0,333.0,300.3,327.9,893899,,,
2010-05-28,330.0,330.6,314.0,319.15,367394,,,
2010-05-31,315.3,324.7,315.3,321.55,476540,,,
2010-06-01,323.0,325.4,312.15,316.2,377893,,,
2010-06-02,317.0,318.8,306.0,308.55,493613,,,
2010-06-03,314.05,316.4,311.2,314.85,348082,,,
2010-06-04,316.0,321.0,311.75,319.6,311742,,,
2010-06-07,312.0,318.0,304.5,314.35,378555,,,
2010-06-08,317.35,319.3,307.1,308.6,177607,,,
2010-06-09,310.0,312.6,305.75,307.45,267263,,,
2010-06-10,306.15,313.0,306.15,312.2,176450,,,
2010-06-11,316.0,316.0,309.1,311.2,168746,,,
2010-06-14,316.0,316.0,311.7,315.35,156435,,,
2010-06-15,317.9,322.5,315.1,319.5,547363,,,
2010-06-16,321.5,322.55,312.65,314.2,413737,,,
2010-06-17,311.1,315.5,309.0,311.55,327160,,,
2010-06-18,311.0,312.0,307.3,308.7,191524,,,
2010-06-21,315.0,318.6,310.25,317.35,465195,,,
2010-06-22,318.0,318.5,314.15,315.1,249774,,,
2010-06-23,315.1,324.7,312.8,320.4,345612,,,
2010-06-24,322.95,329.4,321.15,328.3,710950,,,
2010-06-25,329.0,331.9,324.25,326.25,294842,,,
2010-06-28,329.0,329.0,325.7,327.0,194733,,,
2010-06-29,328.0,338.95,324.5,332.45,864235,,,
2010-06-30,335.0,339.4,328.0,334.3,831865,,,
2010-07-01,331.65,334.7,329.4,330.0,316856,,,
2010-07-02,324.5,326.9,319.1,322.4,303986,,,
2010-07-05,321.9,329.4,321.0,323.95,416554,,,
2010-07-06,325.85,327.9,322.9,325.8,278125,,,
2010-07-07,325.05,326.75,321.8,324.7,320084,,,
2010-07-08,326.0,328.85,324.15,325.2,380909,,,
2010-07-09,328.6,329.5,325.5,327.05,356011,,,
2010-07-12,328.0,331.6,324.0,327.9,266764,,,
2010-07-13,328.1,331.7,326.05,328.9,339961,,,
2010-07-14,331.8,331.8,324.5,325.25,226929,,,
2010-07-15,324.8,328.0,324.0,325.0,271863,,,
2010-07-16,324.3,327.7,323.35,325.2,280849,,,
2010-07-19,319.0,327.85,319.0,325.5,152171,,,
2010-07-20,327.0,327.5,324.1,325.0,217561,,,
2010-07-21,325.5,330.4,325.0,328.75,388858,,,
2010-07-22,329.0,330.7,325.3,326.2,281130,,,
2010-07-23,329.5,329.5,324.45,327.35,457368,,,
2010-07-26,327.75,329.7,326.45,328.15,185829,,,
2010-07-27,328.5,329.5,327.0,328.0,153615,,,
2010-07-28,328.95,330.7,326.15,327.55,324531,,,
2010-07-29,329.9,331.0,319.2,322.05,1072875,,,
2010-07-30,322.2,340.6,322.2,336.8,1150743,,,
2010-08-02,339.7,353.7,339.7,352.65,1190859,,,
2010-08-03,355.0,355.05,348.2,349.55,317349,,,
2010-08-04,349.6,349.85,344.85,347.5,174327,,,
2010-08-05,346.2,348.75,338.2,339.95,594862,,,
2010-08-06,343.0,361.35,341.0,355.7,1449265,,,
2010-08-09,357.9,370.75,357.0,367.9,1047705,,,
2010-08-10,370.1,370.95,360.2,361.75,698277,,,
2010-08-11,361.8,373.5,360.5,362.2,679779,,,
2010-08-12,360.0,365.5,358.25,360.5,625459,,,
2010-08-13,360.3,367.5,360.3,363.2,318825,,,
2010-08-16,367.15,384.9,367.0,383.3,1767332,,,
2010-08-17,385.0,390.9,384.9,387.65,1121419,,,
2010-08-18,390.7,404.5,389.95,401.65,1634094,,,
2010-08-19,405.0,412.25,390.15,401.25,1182500,,,
2010-08-20,400.0,403.8,391.5,396.45,353655,,,
2010-08-23,398.0,407.4,393.0,405.3,627753,,,
2010-08-24,407.5,408.45,396.1,401.1,460680,,,
2010-08-25,397.15,404.55,390.95,396.35,741652,,,
2010-08-26,397.5,400.8,388.35,390.25,327817,,,
2010-08-27,391.5,399.7,377.05,382.0,506939,,,
2010-08-30,387.9,394.0,382.5,387.2,247278,,,
2010-08-31,386.7,397.5,381.0,395.4,482115,,,
2010-09-01,398.0,399.5,392.1,396.35,273045,,,
2010-09-02,399.0,402.75,394.6,396.3,186990,,,
2010-09-03,398.9,413.9,397.3,410.5,1244473,,,
2010-09-06,415.0,424.65,413.5,418.6,826632,,,
2010-09-07,421.0,421.0,410.2,413.05,250124,,,
2010-09-08,412.0,418.5,407.55,409.2,473894,,,
2010-09-09,411.5,427.0,411.5,425.15,1147818,,,
2010-09-13,430.0,434.0,427.0,429.6,594320,,,
2010-09-14,430.5,431.75,421.15,423.25,464431,,,
2010-09-15,424.0,428.55,418.3,420.4,239539,,,
2010-09-16,422.3,424.7,411.4,412.75,301865,,,
2010-09-17,416.4,416.7,410.5,412.5,575065,,,
2010-09-20,412.55,419.5,411.3,416.05,379929,,,
2010-09-21,420.0,420.9,403.1,405.5,636709,,,
2010-09-22,408.65,408.65,395.1,397.7,660829,,,
2010-09-23,400.0,402.6,394.15,395.9,320961,,,
2010-09-24,397.2,408.5,395.3,407.4,538019,,,
2010-09-27,408.6,417.0,405.5,410.8,731495,,,
2010-09-28,412.0,413.9,402.15,406.15,305814,,,
2010-09-29,407.0,409.5,398.0,399.6,256522,,,
2010-09-30,398.0,405.0,392.5,399.6,674780,,,
2010-10-01,401.0,405.95,400.1,401.75,529343,,,
2010-10-04,401.75,407.25,399.0,402.2,890738,,,
2010-10-05,403.9,404.85,396.0,397.5,943271,,,
2010-10-06,402.9,416.9,399.35,414.45,1703575,,,
2010-10-07,420.0,424.3,409.1,412.2,1118859,,,
2010-10-08,414.35,416.0,406.4,410.5,542325,,,
2010-10-11,413.75,424.3,412.6,422.8,867386,,,
2010-10-12,425.0,426.0,416.95,421.65,714086,,,
2010-10-13,424.7,426.45,421.0,422.6,585424,,,
2010-10-14,423.5,436.35,419.25,434.35,1928351,,,
2010-10-15,437.8,439.4,428.5,431.4,1214575,,,
2010-10-18,435.0,435.0,420.15,425.35,482069,,,
2010-10-19,430.5,432.4,420.0,421.55,522520,,,
2010-10-20,421.0,427.5,417.05,424.95,650980,,,
2010-10-21,428.0,437.7,425.0,431.85,850206,,,
2010-10-22,435.0,435.75,424.0,429.4,349418,,,
2010-10-25,430.9,434.95,429.25,430.65,218608,,,
2010-10-26,432.0,444.5,430.3,440.0,962124,,,
2010-10-27,440.3,446.5,435.25,437.9,1105230,,,
2010-10-28,439.0,440.9,420.6,425.45,892483,,,
2010-10-29,428.05,430.6,386.0,390.45,2129977,,,
2010-11-01,395.0,398.0,374.25,386.15,1723052,,,
2010-11-02,394.0,394.95,386.25,393.8,574795,,,
2010-11-03,395.5,412.45,394.95,407.2,1879250,,,
2010-11-04,408.65,416.6,405.55,415.05,1075062,,,
2010-11-05,417.65,419.0,412.6,415.25,84454,,,
2010-11-08,416.15,416.15,407.0,410.75,370684,,,
2010-11-09,412.05,413.15,402.05,406.1,676322,,,
2010-11-10,407.0,413.0,407.0,410.25,306994,,,
2010-11-11,413.45,414.0,398.3,402.3,275230,,,
2010-11-12,398.0,404.95,389.5,391.1,324197,,,
2010-11-15,391.1,396.7,377.0,385.15,511483,,,
2010-11-16,377.9,392.0,375.0,377.4,361466,,,
2010-11-18,378.0,384.0,368.0,381.2,356961,,,
2010-11-19,383.65,391.5,370.0,372.1,876274,,,
2010-11-22,373.35,389.0,365.25,379.2,327257,,,
2010-11-23,377.0,383.8,368.0,380.2,428272,,,
2010-11-24,381.5,384.9,364.75,368.75,349681,,,
2010-11-25,371.0,374.75,348.4,356.15,1165026,,,
2010-11-26,357.55,364.55,341.0,352.05,525796,,,
2010-11-29,353.0,362.0,345.25,359.75,343422,,,
2010-11-30,360.0,360.0,350.0,354.85,663882,,,
2010-12-01,355.0,375.45,354.0,373.5,423515,,,
2010-12-02,377.0,380.9,366.1,369.9,435856,,,
2010-12-03,372.75,372.75,357.25,362.15,276275,,,
2010-12-06,366.9,366.9,360.0,361.2,127046,,,
2010-12-07,361.0,363.0,351.2,354.75,309140,,,
2010-12-08,351.0,359.0,340.0,355.4,613534,,,
2010-12-09,358.4,363.5,330.1,348.0,808550,,,
2010-12-10,349.75,359.95,340.05,357.05,401835,,,
2010-12-13,357.1,363.85,352.1,361.2,162264,,,
2010-12-14,362.0,374.0,361.55,373.15,326146,,,
2010-12-15,373.9,375.4,363.5,366.75,256092,,,
2010-12-16,367.4,376.4,364.05,372.35,322428,,,
2010-12-20,372.35,379.7,366.0,373.85,361215,,,
2010-12-21,382.8,382.8,373.3,374.8,386458,,,
2010-12-22,376.5,389.45,376.5,388.15,908101,,,
2010-12-23,390.0,399.85,389.0,394.4,690320,,,
2010-12-24,391.05,395.7,386.5,391.85,386608,,,
2010-12-27,396.9,399.8,392.1,393.35,234420,,,
2010-12-28,390.5,393.35,386.5,387.8,315476,,,
2010-12-29,389.1,390.8,386.3,387.05,165957,,,
2010-12-30,388.95,391.5,384.0,389.35,410008,,,
2010-12-31,389.0,395.7,389.0,393.9,312024,,,
2011-01-03,394.0,407.2,394.0,404.6,446136,,,
2011-01-04,407.0,411.85,405.0,408.1,602129,,,
2011-01-05,410.9,410.95,396.05,398.7,264724,,,
2011-01-06,401.0,401.0,380.4,385.05,808716,,,
2011-01-07,381.0,392.9,372.0,376.5,418592,,,
2011-01-10,378.35,383.0,367.1,373.45,298051,,,
2011-01-11,375.0,384.9,368.0,379.8,350132,,,
2011-01-12,385.0,386.85,376.05,382.5,294182,,,
2011-01-13,384.0,393.5,379.4,382.0,290819,,,
2011-01-14,384.8,387.5,376.05,381.6,266197,,,
2011-01-17,381.9,386.8,372.15,378.3,311381,,,
2011-01-18,382.8,383.7,375.6,379.1,168968,,,
2011-01-19,381.0,387.05,377.1,379.35,204799,,,
2011-01-20,378.7,381.75,375.05,376.35,152744,,,
2011-01-21,378.0,383.85,372.15,373.25,138819,,,
2011-01-24,373.0,375.7,371.0,373.15,117149,,,
2011-01-25,375.0,379.8,373.1,374.25,202191,,,
2011-01-27,373.0,376.95,348.05,351.6,996829,,,
2011-01-28,350.05,352.0,337.05,345.05,586295,,,
2011-01-31,340.0,354.9,335.2,350.85,232956,,,
2011-02-01,352.7,356.7,340.1,342.55,187551,,,
2011-02-02,343.0,347.0,332.55,335.05,324430,,,
2011-02-03,336.0,345.9,328.5,344.15,397508,,,
2011-02-04,344.45,348.6,333.3,335.6,272252,,,
2011-02-07,336.0,338.65,331.35,332.35,158543,,,
2011-02-08,335.05,335.05,322.1,325.9,153856,,,
2011-02-09,322.1,325.7,311.0,313.65,284718,,,
2011-02-10,310.1,317.0,302.3,304.15,368691,,,
2011-02-11,307.0,312.3,304.3,310.65,503598,,,
2011-02-14,314.0,318.95,311.4,317.55,476641,,,
2011-02-15,318.5,323.85,314.55,320.45,454353,,,
2011-02-16,317.75,324.85,315.65,317.3,283359,,,
2011-02-17,314.6,326.2,314.6,321.85,368197,,,
2011-02-18,323.2,332.8,322.05,327.0,711531,,,
2011-02-21,329.5,339.2,325.0,337.85,427637,,,
2011-02-22,335.0,344.4,334.2,336.0,428130,,,
2011-02-23,305.0,339.0,305.0,335.6,142902,,,
2011-02-24,335.6,339.9,318.1,322.3,320372,,,
2011-02-25,325.0,327.7,316.55,322.05,280143,,,
2011-02-28,325.0,329.7,315.1,321.5,404077,,,
2011-03-01,326.2,336.05,324.0,333.9,271074,,,
2011-03-03,327.0,335.9,325.0,330.2,227673,,,
2011-03-04,331.0,334.45,325.1,331.25,451293,,,
2011-03-07,326.1,328.7,323.0,325.85,185082,,,
2011-03-08,324.0,329.8,324.0,326.15,363324,,,
2011-03-09,330.0,330.7,327.5,328.4,391556,,,
2011-03-10,329.05,329.05,322.6,325.85,221295,,,
2011-03-11,316.0,334.7,316.0,328.65,241646,,,
2011-03-14,329.0,330.0,323.05,324.85,246874,,,
2011-03-15,311.9,320.75,311.9,319.45,170671,,,
2011-03-16,321.9,322.85,319.15,320.5,449213,,,
2011-03-17,319.45,328.0,319.05,326.6,688867,,,
2011-03-18,332.0,332.0,320.25,321.95,264603,,,
2011-03-21,324.1,324.1,309.0,315.9,373423,,,
2011-03-22,319.0,325.9,316.0,318.85,248568,,,
2011-03-23,319.8,322.4,318.5,319.7,220524,,,
2011-03-24,321.15,328.0,320.25,327.05,562882,,,
2011-03-25,330.8,335.0,328.2,333.65,709804,,,
2011-03-28,335.05,337.0,329.15,331.6,275415,,,
2011-03-29,335.4,335.4,326.8,329.0,288095,,,
2011-03-30,331.05,336.0,329.9,335.25,407892,,,
2011-03-31,337.05,351.0,330.1,342.0,857164,,,
2011-04-01,345.1,348.95,340.35,345.6,235814,,,
2011-04-04,353.0,353.0,345.95,348.95,292001,,,
2011-04-05,349.9,355.8,344.5,353.95,212209,,,
2011-04-06,356.3,357.8,347.15,351.05,176871,,,
2011-04-07,348.2,362.0,348.2,360.25,272956,,,
2011-04-08,363.05,363.05,352.05,355.65,785305,,,
2011-04-11,354.4,359.45,349.5,355.35,105017,,,
2011-04-13,369.0,369.0,359.4,362.55,643448,,,
2011-04-15,365.8,371.65,362.4,368.1,554397,,,
2011-04-18,371.0,372.4,362.55,364.65,379465,,,
2011-04-19,365.35,369.4,357.5,366.4,194629,,,
2011-04-20,369.0,381.0,368.1,379.25,656531,,,
2011-04-21,383.85,384.9,374.0,382.4,517244,,,
2011-04-25,382.4,383.0,373.2,378.3,140668,,,
2011-04-26,376.1,383.9,374.2,381.75,140548,,,
2011-04-27,381.95,391.85,378.1,389.4,451772,,,
2011-04-28,393.0,394.0,378.95,380.35,352126,,,
2011-04-29,380.0,383.85,369.0,376.45,218049,,,
2011-05-02,379.55,379.55,368.65,372.15,163411,,,
2011-05-03,374.7,374.7,364.7,368.5,154015,,,
2011-05-04,368.45,368.55,360.5,361.85,136805,,,
2011-05-05,362.6,366.9,356.05,359.9,161693,,,
2011-05-06,364.55,370.0,357.35,367.8,185287,,,
2011-05-09,373.6,373.6,366.0,367.05,101589,,,
2011-05-10,366.35,368.85,364.15,367.05,95172,,,
2011-05-11,375.5,375.5,365.3,372.9,129026,,,
2011-05-12,377.0,377.0,370.0,373.0,170650,,,
2011-05-13,373.0,375.1,360.0,374.05,118388,,,
2011-05-16,371.95,373.6,363.5,365.15,162312,,,
2011-05-17,364.05,366.75,356.65,358.55,146839,,,
2011-05-18,363.35,365.0,353.5,363.4,111247,,,
2011-05-19,364.1,365.75,354.75,356.65,138898,,,
2011-05-20,356.75,363.95,356.25,362.05,76967,,,
2011-05-23,362.05,362.05,346.1,351.05,578936,,,
2011-05-24,351.0,354.0,343.45,352.6,254682,,,
2011-05-25,348.3,359.6,348.0,358.3,248796,,,
2011-05-26,361.45,366.9,356.7,359.05,369084,,,
2011-05-27,360.0,365.35,359.05,362.6,194115,,,
2011-05-30,365.5,373.5,364.0,372.6,286881,,,
2011-05-31,375.0,385.0,370.65,381.35,534793,,,
2011-06-01,381.0,384.5,378.0,382.85,247332,,,
2011-06-02,374.0,380.0,373.0,374.5,93872,,,
2011-06-03,372.65,385.75,357.65,373.45,74325,,,
2011-06-06,374.0,379.15,374.0,377.45,128009,,,
2011-06-07,376.6,377.95,373.1,374.6,97543,,,
2011-06-08,366.25,376.45,366.25,372.55,55792,,,
2011-06-09,376.4,377.45,372.0,375.05,111202,,,
2011-06-10,373.65,375.35,366.5,370.7,63074,,,
2011-06-13,371.0,371.7,361.7,367.8,114455,,,
2011-06-14,367.8,374.5,367.8,373.3,363220,,,
2011-06-15,375.05,378.5,368.55,370.4,212854,,,
2011-06-16,369.1,372.9,365.0,369.05,116130,,,
2011-06-17,372.8,373.9,367.75,371.9,170848,,,
2011-06-20,374.3,374.3,356.05,365.6,520001,,,
2011-06-21,367.0,367.65,360.0,360.65,125494,,,
2011-06-22,363.0,363.0,349.75,351.55,338002,,,
2011-06-23,350.05,355.3,345.05,350.2,247740,,,
2011-06-24,353.9,363.1,350.3,361.95,163303,,,
2011-06-27,360.95,369.9,359.4,366.05,318548,,,
2011-06-28,368.8,373.5,364.3,366.55,247775,,,
2011-06-29,370.0,371.9,365.35,366.85,537259,,,
2011-06-30,370.5,374.95,369.0,372.8,417233,,,
2011-07-01,375.9,375.9,370.6,371.7,142458,,,
2011-07-04,371.25,374.35,367.7,369.85,109770,,,
2011-07-05,370.0,380.0,369.05,378.35,498677,,,
2011-07-06,379.0,386.6,376.25,385.05,423914,,,
2011-07-07,386.9,389.7,380.2,384.25,326365,,,
2011-07-08,387.0,387.0,378.4,379.5,129010,,,
2011-07-11,380.0,384.4,376.5,383.05,132258,,,
2011-07-12,380.3,385.9,375.0,377.55,251233,,,
2011-07-13,378.7,383.55,378.55,380.95,171173,,,
2011-07-14,380.0,387.85,378.15,382.45,257586,,,
2011-07-15,383.1,385.6,380.6,381.6,99570,,,
2011-07-18,384.0,384.5,377.85,379.1,149457,,,
2011-07-19,380.05,387.6,380.05,383.5,281667,,,
2011-07-20,384.8,386.35,381.0,382.85,220417,,,
2011-07-21,383.85,383.85,378.0,379.85,91734,,,
2011-07-22,382.85,382.9,379.1,382.1,243322,,,
2011-07-25,376.95,376.95,372.2,374.4,427396,,,
2011-07-26,374.0,376.85,370.0,371.3,144474,,,
2011-07-27,370.1,374.4,368.35,371.9,265949,,,
2011-07-28,366.7,371.9,361.25,362.6,223358,,,
2011-07-29,360.3,365.5,353.05,354.5,562837,,,
2011-08-01,360.0,360.0,352.7,354.95,131250,,,
2011-08-02,354.25,361.5,349.2,350.7,666454,,,
2011-08-03,347.2,351.75,343.55,350.85,298317,,,
2011-08-04,351.0,356.7,347.25,353.9,581152,,,
2011-08-05,350.0,355.4,338.0,352.3,511651,,,
2011-08-08,349.8,358.0,340.1,352.85,1168240,,,
2011-08-09,342.05,352.1,340.0,350.4,399908,,,
2011-08-10,353.9,364.95,351.25,361.9,350442,,,
2011-08-11,358.4,367.0,348.95,354.4,549627,,,
2011-08-12,358.0,360.55,351.0,356.0,474878,,,
2011-08-16,356.05,362.85,353.55,356.55,469520,,,
2011-08-17,357.05,360.5,352.0,355.3,311951,,,
2011-08-18,355.1,355.35,345.0,348.35,328305,,,
2011-08-19,332.65,354.35,332.6,351.2,434639,,,
2011-08-22,352.45,356.0,347.9,354.3,168201,,,
2011-08-23,355.95,355.95,347.25,348.8,219924,,,
2011-08-24,347.25,358.0,347.25,350.15,365833,,,
2011-08-25,351.1,353.35,340.3,342.1,228500,,,
2011-08-26,339.0,343.5,332.5,334.2,231144,,,
2011-08-29,352.4,352.4,328.0,332.0,632474,,,
2011-08-30,334.95,337.0,330.3,334.75,308797,,,
2011-09-02,339.9,339.9,332.35,334.95,224485,,,
2011-09-05,331.4,336.4,331.05,332.15,356279,,,
2011-09-06,333.0,334.5,329.65,331.65,471268,,,
2011-09-07,333.35,338.3,331.85,337.05,735211,,,
2011-09-08,340.0,342.0,335.2,339.25,404984,,,
2011-09-09,340.1,342.3,331.0,332.35,467686,,,
2011-09-12,330.0,330.4,324.3,329.3,319734,,,
2011-09-13,333.7,333.9,324.1,327.05,335613,,,
2011-09-14,330.85,330.85,322.5,329.55,293763,,,
2011-09-15,331.1,333.8,326.05,329.45,392851,,,
2011-09-16,330.1,333.0,325.0,328.85,700773,,,
2011-09-19,326.55,331.05,326.55,330.0,189515,,,
2011-09-20,326.3,336.0,326.3,334.5,235972,,,
2011-09-21,339.0,339.7,334.55,337.45,368000,,,
2011-09-22,334.55,336.0,327.0,332.3,445100,,,
2011-09-23,330.25,335.7,321.0,323.4,240475,,,
2011-09-26,320.0,325.0,315.05,319.1,162214,,,
2011-09-27,323.1,329.9,320.5,327.7,212766,,,
2011-09-28,325.3,329.8,316.8,320.55,169713,,,
2011-09-29,316.8,323.7,315.7,319.1,157546,,,
2011-09-30,322.9,322.9,313.0,316.15,303622,,,
2011-10-03,314.0,315.4,301.0,302.75,289577,,,
2011-10-04,302.75,304.0,297.0,301.6,442994,,,
2011-10-05,301.6,304.7,287.0,295.0,575362,,,
2011-10-07,298.8,303.85,295.4,297.5,180389,,,
2011-10-10,315.8,321.6,297.0,308.45,335634,,,
2011-10-11,312.0,314.0,308.3,311.95,318177,,,
2011-10-12,312.5,314.95,309.0,314.1,160913,,,
2011-10-13,315.0,324.6,312.95,320.0,341951,,,
2011-10-14,315.55,322.0,315.0,318.1,100299,,,
2011-10-17,318.7,323.0,317.0,318.5,82329,,,
2011-10-18,318.4,322.0,313.05,319.6,167259,,,
2011-10-19,321.05,321.95,317.0,319.9,145721,,,
2011-10-20,315.0,318.85,314.5,316.15,97767,,,
2011-10-21,317.4,319.5,307.05,308.25,193177,,,
2011-10-24,310.85,313.15,305.2,310.8,216515,,,
2011-10-25,312.9,326.0,308.0,321.05,131730,,,
2011-10-26,321.0,325.95,321.0,323.55,31958,,,
2011-10-28,326.0,341.0,325.0,337.5,519625,,,
2011-10-31,336.9,336.9,330.5,332.8,128038,,,
2011-11-01,328.0,330.95,319.75,321.6,238632,,,
2011-11-02,325.35,331.55,318.4,328.1,231595,,,
2011-11-03,329.0,331.9,326.0,328.8,129072,,,
2011-11-04,331.5,334.8,329.0,330.8,156441,,,
2011-11-08,331.3,333.8,327.2,329.8,56038,,,
2011-11-09,332.5,334.0,326.05,331.85,541226,,,
2011-11-11,322.6,337.6,321.1,331.0,951614,,,
2011-11-14,337.4,340.5,333.0,335.7,370144,,,
2011-11-15,333.0,334.9,328.0,330.1,204465,,,
2011-11-16,330.4,331.6,325.3,326.8,235348,,,
2011-11-17,324.15,334.5,324.0,329.85,317332,,,
2011-11-18,328.15,332.7,323.0,330.0,393716,,,
2011-11-21,329.7,333.4,326.5,330.35,232476,,,
2011-11-22,335.0,350.0,327.8,331.6,346253,,,
2011-11-23,331.45,333.8,327.0,329.6,435235,,,
2011-11-24,329.85,331.85,326.55,330.1,199256,,,
2011-11-25,329.45,349.0,328.0,344.45,344291,,,
2011-11-28,351.0,359.9,341.8,343.55,495762,,,
2011-11-29,344.35,349.7,340.35,342.35,326765,,,
2011-11-30,340.65,347.65,338.95,346.05,395188,,,
2011-12-01,349.0,355.6,349.0,350.85,451234,,,
2011-12-02,349.95,357.1,349.95,352.85,565354,,,
2011-12-05,351.0,353.95,348.0,351.55,158287,,,
2011-12-07,356.0,360.35,351.95,356.5,636346,,,
2011-12-08,355.85,358.6,350.1,356.15,279272,,,
2011-12-09,350.5,354.0,349.6,351.8,146178,,,
2011-12-12,353.0,355.9,344.0,347.7,139954,,,
2011-12-13,340.3,345.9,340.3,344.9,260292,,,
2011-12-14,344.0,344.95,333.3,335.05,166737,,,
2011-12-15,330.0,338.3,322.0,334.7,310003,,,
2011-12-16,334.1,334.65,325.35,326.65,162333,,,
2011-12-19,327.0,328.0,317.95,325.55,128175,,,
2011-12-20,326.8,326.8,313.0,315.0,123302,,,
2011-12-21,316.0,319.9,312.05,317.8,115283,,,
2011-12-22,318.4,325.45,308.8,320.55,207933,,,
2011-12-23,321.85,322.25,312.6,314.05,139918,,,
2011-12-26,317.05,318.15,314.05,316.8,55984,,,
2011-12-27,318.15,318.25,311.0,312.65,87364,,,
2011-12-28,311.0,314.15,301.5,307.5,237288,,,
2011-12-29,306.95,314.0,304.5,307.5,180783,,,
2011-12-30,308.1,315.15,304.75,312.55,135067,,,
2012-01-02,313.0,313.05,307.35,308.85,51512,,,
2012-01-03,309.85,317.9,309.1,316.15,176437,,,
2012-01-04,316.7,320.0,313.0,314.1,431416,,,
2012-01-05,314.05,317.0,310.5,311.9,181950,,,
2012-01-06,312.6,312.6,308.25,310.45,166909,,,
2012-01-07,309.1,324.0,309.1,319.95,57956,,,
2012-01-09,320.35,323.85,317.2,318.65,471731,,,
2012-01-10,320.0,322.0,319.35,320.65,315935,,,
2012-01-11,324.7,324.7,312.15,313.75,337733,,,
2012-01-12,313.8,319.3,312.0,315.05,422239,,,
2012-01-13,318.15,318.2,313.5,315.4,295960,,,
2012-01-16,313.35,317.9,313.0,314.4,146515,,,
2012-01-17,315.8,327.2,314.2,324.6,540897,,,
2012-01-18,327.95,330.5,320.5,321.6,375967,,,
2012-01-19,321.0,328.0,321.0,324.2,333602,,,
2012-01-20,325.9,328.85,321.0,324.0,459618,,,
2012-01-23,324.0,328.0,322.1,326.0,169624,,,
2012-01-24,326.65,333.4,326.65,329.7,260246,,,
2012-01-25,332.45,332.45,325.2,326.3,206499,,,
2012-01-27,325.15,338.7,325.15,336.75,335353,,,
2012-01-30,336.15,337.05,330.1,334.25,289460,,,
2012-01-31,338.95,344.7,333.15,341.35,387357,,,
2012-02-01,348.95,348.95,333.95,346.5,245512,,,
2012-02-02,349.9,351.95,346.0,349.05,406012,,,
2012-02-03,352.8,352.8,340.05,345.0,270774,,,
2012-02-06,350.0,352.0,346.0,348.5,349914,,,
2012-02-07,353.95,353.95,342.05,344.8,249646,,,
2012-02-08,347.95,349.1,343.5,347.05,254965,,,
2012-02-09,347.3,354.95,345.25,351.55,322213,,,
2012-02-10,351.1,362.0,343.35,357.0,1054465,,,
2012-02-13,360.55,367.45,357.4,363.45,689432,,,
2012-02-14,365.05,367.7,358.3,360.0,284488,,,
2012-02-15,363.4,369.45,361.85,368.3,543563,,,
2012-02-16,367.0,371.9,365.7,370.05,363952,,,
2012-02-17,372.85,374.7,368.2,371.5,304855,,,
2012-02-21,370.0,374.6,364.5,366.4,248109,,,
2012-02-22,370.5,371.65,349.55,354.4,248844,,,
2012-02-23,354.0,366.0,347.0,353.25,639825,,,
2012-02-24,355.05,364.0,351.0,355.0,224238,,,
2012-02-27,359.6,360.0,336.75,342.15,155660,,,
2012-02-28,350.45,351.0,338.6,348.9,149905,,,
2012-02-29,351.9,366.0,351.9,362.45,360535,,,
2012-03-01,364.05,366.35,355.25,359.5,256087,,,
2012-03-02,362.9,362.9,354.2,355.6,126012,,,
2012-03-03,357.45,357.45,352.0,355.05,12762,,,
2012-03-05,355.3,358.7,352.2,355.35,163994,,,
2012-03-06,352.3,360.6,351.45,354.4,267652,,,
2012-03-07,354.95,354.95,345.0,346.45,182735,,,
2012-03-09,352.1,352.1,347.5,350.95,200748,,,
2012-03-12,352.7,356.1,350.1,354.15,147334,,,
2012-03-13,359.85,364.9,354.0,359.5,241616,,,
2012-03-14,362.05,367.0,355.6,357.4,209602,,,
2012-03-15,357.0,362.75,354.65,359.2,188547,,,
2012-03-16,362.95,363.0,353.2,355.0,254459,,,
2012-03-19,360.05,360.05,351.2,354.3,125617,,,
2012-03-20,352.3,356.85,350.75,354.15,196487,,,
2012-03-21,352.2,358.95,352.15,355.75,131550,,,
2012-03-22,355.05,363.9,347.0,349.3,181129,,,
2012-03-23,351.95,353.15,345.25,347.15,139363,,,
2012-03-26,347.0,347.0,336.0,339.4,316748,,,
2012-03-27,344.2,347.0,339.2,340.95,272142,,,
2012-03-28,341.5,344.75,336.0,337.75,276671,,,
2012-03-29,337.7,345.9,335.1,341.1,199359,,,
2012-03-30,338.0,349.0,338.0,346.65,344753,,,
2012-04-02,348.0,349.45,342.25,343.85,118806,,,
2012-04-03,347.6,348.7,344.1,345.2,432683,,,
2012-04-04,344.0,353.5,344.0,350.85,117820,,,
2012-04-09,345.0,350.8,339.05,339.9,190467,,,
2012-04-10,338.0,343.95,333.25,335.15,232627,,,
2012-04-11,335.8,339.3,329.1,335.75,102973,,,
2012-04-12,336.05,341.5,336.05,340.8,216350,,,
2012-04-13,340.0,346.0,338.0,339.4,158060,,,
2012-04-16,344.8,350.9,338.15,348.05,126607,,,
2012-04-17,353.4,354.7,348.1,349.35,317182,,,
2012-04-18,352.15,353.9,349.3,350.6,305462,,,
2012-04-19,351.05,354.7,333.0,351.95,173414,,,
2012-04-20,348.55,353.4,340.7,342.45,136761,,,
2012-04-23,340.7,348.0,340.7,343.2,82625,,,
2012-04-24,352.0,352.0,340.0,340.8,62418,,,
2012-04-25,343.0,343.9,336.0,336.9,79393,,,
2012-04-26,337.15,339.7,325.0,327.1,455619,,,
2012-04-27,330.45,333.0,327.3,332.45,206399,,,
2012-04-28,335.0,337.25,332.5,336.0,8688,,,
2012-04-30,336.0,338.0,332.8,336.25,143066,,,
2012-05-02,337.0,340.95,334.0,337.05,128961,,,
2012-05-03,338.95,338.95,330.5,332.15,122853,,,
2012-05-04,332.9,334.85,325.0,331.85,157236,,,
2012-05-07,328.1,339.85,322.6,337.55,176713,,,
2012-05-08,342.0,342.0,335.25,336.95,93981,,,
2012-05-09,336.05,339.0,335.1,336.5,62908,,,
2012-05-10,337.15,344.5,336.5,340.5,241206,,,
2012-05-11,340.5,345.0,330.55,333.0,198474,,,
2012-05-14,333.0,338.4,328.2,330.2,71778,,,
2012-05-15,330.0,332.0,321.55,327.1,249180,,,
2012-05-16,324.05,327.5,322.0,325.75,88963,,,
2012-05-17,326.15,329.95,324.9,325.4,135808,,,
2012-05-18,325.0,325.0,318.5,320.0,85628,,,
2012-05-21,316.15,322.85,311.1,314.85,326139,,,
2012-05-22,317.85,318.9,312.05,313.6,119506,,,
2012-05-23,312.05,313.5,308.0,309.8,79373,,,
2012-05-24,310.85,313.45,308.8,309.85,229912,,,
2012-05-25,310.0,312.0,309.35,311.05,129330,,,
2012-05-28,312.0,325.0,311.0,323.15,165751,,,
2012-05-29,325.0,326.2,318.05,318.65,72153,,,
2012-05-30,316.95,323.65,314.2,316.85,160760,,,
2012-05-31,315.0,315.0,304.15,307.85,390011,,,
2012-06-01,307.0,310.5,306.0,307.5,149772,,,
2012-06-04,309.05,309.05,299.3,299.9,171376,,,
2012-06-05,299.0,308.25,299.0,304.7,299840,,,
2012-06-06,305.05,309.8,305.05,309.0,276607,,,
2012-06-07,312.9,314.5,310.1,312.0,236694,,,
2012-06-08,312.0,314.8,308.4,311.5,288310,,,
2012-06-11,314.75,322.0,313.1,317.05,272516,,,
2012-06-12,315.9,318.95,314.4,317.0,136995,,,
2012-06-13,317.0,318.25,312.5,313.0,404828,,,
2012-06-14,322.0,322.0,311.5,312.75,204052,,,
2012-06-15,315.0,315.25,308.05,309.9,214525,,,
2012-06-18,320.0,320.0,304.4,306.15,224604,,,
2012-06-19,305.95,308.05,299.25,302.35,294654,,,
2012-06-20,303.0,309.5,302.5,307.75,101499,,,
2012-06-21,311.3,311.3,306.2,307.95,140639,,,
2012-06-22,307.0,308.0,303.0,306.1,1049468,,,
2012-06-25,306.9,309.9,304.5,304.95,228532,,,
2012-06-26,304.0,307.0,303.1,304.65,219289,,,
2012-06-27,305.3,308.65,305.15,305.95,133185,,,
2012-06-28,308.6,308.65,303.5,305.8,281959,,,
2012-06-29,308.4,312.5,307.7,311.0,245122,,,
2012-07-02,315.85,317.8,312.0,315.5,303743,,,
2012-07-03,316.0,318.8,315.5,317.2,291513,,,
2012-07-04,319.95,321.25,315.35,316.25,157634,,,
2012-07-05,315.05,328.35,313.05,324.4,927968,,,
2012-07-06,324.0,325.5,320.6,321.7,169264,,,
2012-07-09,323.0,323.0,315.2,318.05,189333,,,
2012-07-10,318.65,322.3,318.65,321.65,449794,,,
2012-07-11,320.9,323.0,320.0,320.15,98085,,,
2012-07-12,319.75,322.4,318.25,320.8,211646,,,
2012-07-13,323.9,323.9,318.95,320.8,114288,,,
2012-07-16,320.8,323.85,318.15,319.2,169654,,,
2012-07-17,319.9,321.8,317.9,319.0,428582,,,
2012-07-18,320.05,320.05,315.15,318.0,307561,,,
2012-07-19,325.0,325.0,317.2,318.0,370792,,,
2012-07-20,325.0,325.0,316.1,318.0,260883,,,
2012-07-23,314.75,318.35,312.1,314.25,132335,,,
2012-07-24,314.9,317.9,314.45,316.6,149720,,,
2012-07-25,315.95,316.65,310.0,310.85,142907,,,
2012-07-26,311.05,312.0,303.0,305.45,331360,,,
2012-07-27,307.9,309.4,304.6,305.1,162531,,,
2012-07-30,309.5,310.0,305.1,309.2,322372,,,
2012-07-31,308.95,310.0,305.5,305.9,222827,,,
2012-08-01,305.0,311.0,305.0,310.65,301909,,,
2012-08-02,307.0,312.25,307.0,309.95,141691,,,
2012-08-03,309.0,311.7,307.5,308.85,310822,,,
2012-08-06,318.0,318.0,310.0,310.8,304839,,,
2012-08-07,313.0,313.95,306.1,308.7,1214708,,,
2012-08-08,300.55,304.25,298.0,299.25,640530,,,
2012-08-09,300.0,304.4,300.0,302.65,418087,,,
2012-08-10,302.65,307.0,301.7,306.05,536686,,,
2012-08-13,307.4,309.5,304.75,308.25,454975,,,
2012-08-14,309.05,311.45,306.1,310.45,326436,,,
2012-08-16,312.0,312.4,308.9,310.7,210830,,,
2012-08-17,310.0,317.4,309.6,316.1,741558,,,
2012-08-21,319.25,319.25,309.85,312.15,138782,,,
2012-08-22,311.0,313.7,309.6,311.05,288344,,,
2012-08-23,312.45,314.0,308.0,310.0,223936,,,
2012-08-24,308.0,315.25,307.0,314.3,241786,,,
2012-08-27,314.8,314.9,308.15,309.75,150498,,,
2012-08-28,300.0,308.95,300.0,305.2,171447,,,
2012-08-29,302.55,310.65,300.15,305.95,297204,,,
2012-08-30,305.95,307.5,300.1,302.3,216988,,,
2012-08-31,302.7,305.35,302.5,304.9,213822,,,
2012-09-03,302.55,305.25,302.55,304.75,262700,,,
2012-09-04,304.85,307.0,303.5,304.9,202299,,,
2012-09-05,303.8,311.6,303.55,311.0,1090645,,,
2012-09-06,312.35,316.45,312.2,313.8,375523,,,
2012-09-07,313.05,319.0,313.05,318.5,324027,,,
2012-09-08,318.05,319.9,316.25,317.7,14524,,,
2012-09-10,318.8,325.4,317.85,322.85,424593,,,
2012-09-11,324.35,325.2,320.95,324.2,265848,,,
2012-09-12,325.0,330.8,321.9,323.7,807913,,,
2012-09-13,323.05,324.95,319.25,321.45,452868,,,
2012-09-14,323.05,325.0,318.5,319.95,477728,,,
2012-09-17,321.2,321.9,316.45,317.75,212164,,,
2012-09-18,317.5,320.45,313.35,314.5,328824,,,
2012-09-20,304.0,317.2,304.0,315.5,277607,,,
2012-09-21,317.95,325.45,315.7,323.65,420368,,,
2012-09-24,323.65,328.4,318.1,320.25,933621,,,
2012-09-25,320.95,324.65,316.55,318.25,348937,,,
2012-09-26,316.6,320.75,315.1,315.7,224674,,,
2012-09-27,317.85,321.6,317.25,318.5,484943,,,
2012-09-28,315.6,323.9,315.6,320.85,333313,,,
2012-10-01,319.9,323.65,319.9,321.0,392838,,,
2012-10-03,320.0,330.4,320.0,327.0,903454,,,
2012-10-04,328.1,331.6,325.1,326.15,580913,,,
2012-10-05,327.65,328.6,320.0,320.45,776883,,,
2012-10-08,321.0,322.9,318.25,319.95,692955,,,
2012-10-09,320.0,323.4,317.75,318.25,352770,,,
2012-10-10,320.7,320.7,315.4,316.0,311621,,,
2012-10-11,318.1,324.85,317.5,323.15,713520,,,
2012-10-12,322.9,326.9,321.15,325.4,544889,,,
2012-10-15,327.95,328.5,324.2,324.9,351946,,,
2012-10-16,323.05,327.5,322.0,323.9,404471,,,
2012-10-17,325.0,328.25,323.35,325.35,414640,,,
2012-10-18,326.05,331.9,325.5,326.15,586817,,,
2012-10-19,326.05,329.35,325.6,326.9,234310,,,
2012-10-22,326.85,330.7,316.65,326.8,388549,,,
2012-10-23,328.75,330.7,324.9,325.5,288529,,,
2012-10-25,328.75,330.3,322.05,325.05,960596,,,
2012-10-26,327.1,327.85,323.2,324.4,123930,,,
2012-10-29,325.0,326.25,321.0,321.7,104324,,,
2012-10-30,323.9,326.5,317.3,319.3,474527,,,
2012-10-31,320.0,322.0,315.35,316.45,663642,,,
2012-11-01,318.0,319.0,315.6,316.3,381941,,,
2012-11-02,319.9,319.9,316.2,316.75,703734,,,
2012-11-05,317.65,321.45,317.5,318.0,581820,,,
2012-11-06,318.95,319.9,317.0,319.0,285616,,,
2012-11-07,318.0,320.0,317.8,318.35,238556,,,
2012-11-08,316.05,319.5,316.0,318.85,208418,,,
2012-11-09,319.3,321.2,318.0,318.85,220500,,,
2012-11-12,317.95,321.0,316.0,319.5,141943,,,
2012-11-13,320.0,321.0,316.0,320.0,40308,,,
2012-11-15,320.0,320.0,316.0,316.45,310995,,,
2012-11-16,315.05,318.95,314.0,317.25,635396,,,
2012-11-19,317.4,317.95,309.1,312.7,421172,,,
2012-11-20,313.45,316.6,311.15,312.85,806199,,,
2012-11-21,310.05,313.85,310.05,312.55,334302,,,
2012-11-22,312.95,315.0,310.0,311.85,158202,,,
2012-11-23,311.9,314.8,311.0,313.5,147497,,,
2012-11-26,313.6,315.8,310.5,310.9,201086,,,
2012-11-27,310.0,313.1,310.0,310.35,524640,,,
2012-11-29,309.1,326.45,309.1,325.0,724780,,,
2012-11-30,322.0,328.45,322.0,327.2,343265,,,
2012-12-03,328.5,336.95,322.95,334.35,958066,,,
2012-12-04,335.0,366.7,335.0,352.55,3693639,,,
2012-12-05,352.5,357.0,343.2,344.95,803242,,,
2012-12-06,346.2,355.0,342.8,350.5,1144856,,,
2012-12-07,351.0,352.95,345.3,347.3,951441,,,
2012-12-10,348.0,353.0,345.15,347.4,953817,,,
2012-12-11,346.65,350.5,336.0,341.0,583976,,,
2012-12-12,343.05,347.75,337.35,339.35,510619,,,
2012-12-13,337.0,344.4,331.0,332.9,553127,,,
2012-12-14,334.0,341.0,332.9,337.15,296384,,,
2012-12-17,338.0,340.8,336.3,338.6,221059,,,
2012-12-18,340.0,345.0,338.55,341.05,632017,,,
2012-12-19,342.6,351.3,339.1,348.3,624151,,,
2012-12-20,349.0,353.5,346.3,347.55,523477,,,
2012-12-21,346.5,346.5,340.0,341.05,497019,,,
2012-12-24,339.95,343.4,338.5,339.9,254567,,,
2012-12-26,340.0,343.5,337.45,341.85,270937,,,
2012-12-27,342.55,345.5,338.6,340.3,942638,,,
2012-12-28,342.9,350.4,341.5,349.7,507736,,,
2012-12-31,350.65,355.0,349.75,354.0,679840,,,
2013-01-01,353.95,356.9,352.55,355.65,282306,,,
2013-01-02,358.05,358.4,350.85,351.95,452144,,,
2013-01-03,353.25,366.45,353.1,365.3,1207591,,,
2013-01-04,366.4,369.4,363.05,364.7,787146,,,
2013-01-07,367.05,377.9,364.8,374.55,1007168,,,
2013-01-08,376.05,376.85,368.5,375.9,1005263,,,
2013-01-09,376.7,381.5,373.65,374.95,458687,,,
2013-01-10,376.95,378.3,366.7,370.95,585671,,,
2013-01-11,371.05,374.3,363.65,367.1,673186,,,
2013-01-14,367.1,372.0,365.1,370.05,600141,,,
2013-01-15,371.4,375.75,369.4,373.55,601537,,,
2013-01-16,375.0,380.5,371.85,372.35,882061,,,
2013-01-17,372.65,376.7,369.75,371.3,551332,,,
2013-01-18,372.2,377.0,365.8,367.15,1135952,,,
2013-01-21,368.1,372.7,365.05,370.7,152710,,,
2013-01-22,372.05,374.75,368.0,370.75,200828,,,
2013-01-23,372.0,372.65,366.0,368.95,798520,,,
2013-01-24,367.15,368.95,351.0,355.5,877562,,,
2013-01-25,355.35,368.9,352.55,366.1,196139,,,
2013-01-28,367.0,371.0,364.65,367.2,235668,,,
2013-01-29,367.25,369.9,361.0,364.55,236137,,,
2013-01-30,366.85,368.35,358.95,360.2,341774,,,
2013-01-31,362.5,364.0,355.3,357.85,522933,,,
2013-02-01,357.6,363.2,357.0,361.0,139653,,,
2013-02-04,361.0,366.65,358.0,359.85,281772,,,
2013-02-05,357.0,360.95,355.15,359.8,233154,,,
2013-02-06,360.75,362.4,348.15,350.1,536086,,,
2013-02-07,353.55,364.9,347.0,363.4,634219,,,
2013-02-08,360.15,367.45,352.25,354.45,1654676,,,
2013-02-11,350.0,354.05,343.2,345.3,559047,,,
2013-02-12,349.9,349.9,342.0,343.7,559002,,,
2013-02-13,344.5,347.3,338.55,339.95,1125838,,,
2013-02-14,340.3,342.0,333.2,336.3,758673,,,
2013-02-15,334.25,342.0,331.1,339.5,315169,,,
2013-02-18,339.0,342.4,336.05,338.0,209157,,,
2013-02-19,339.0,341.45,335.5,340.15,156569,,,
2013-02-20,339.0,342.35,337.2,338.3,142604,,,
2013-02-21,338.05,339.3,330.5,332.0,234283,,,
2013-02-22,332.05,333.9,328.65,330.5,180419,,,
2013-02-25,328.9,333.75,328.9,331.4,120588,,,
2013-02-26,330.0,335.2,327.2,332.35,418248,,,
2013-02-27,333.1,336.6,331.0,333.5,298208,,,
2013-02-28,334.9,337.5,325.1,327.25,490894,,,
2013-03-01,329.3,330.85,323.7,324.75,631613,,,
2013-03-04,324.3,325.5,320.45,323.0,220910,,,
2013-03-05,323.0,327.0,320.3,324.6,384720,,,
2013-03-06,326.2,332.85,325.05,325.7,363270,,,
2013-03-07,325.8,329.45,324.25,325.3,171365,,,
2013-03-08,329.6,331.55,326.0,329.85,181100,,,
2013-03-11,330.45,332.9,326.05,327.65,145663,,,
2013-03-12,331.0,331.05,323.5,326.0,218419,,,
2013-03-13,322.1,329.6,321.7,327.5,348154,,,
2013-03-14,327.05,329.65,321.5,324.05,493116,,,
2013-03-15,325.95,325.95,319.05,320.9,575753,,,
2013-03-18,320.6,324.8,317.5,320.9,258392,,,
2013-03-19,321.2,326.0,319.0,320.9,417079,,,
2013-03-20,321.05,321.45,314.0,315.75,233713,,,
2013-03-21,318.45,320.8,310.0,310.4,207507,,,
2013-03-22,310.35,321.4,308.2,317.5,211703,,,
2013-03-25,318.25,323.9,317.25,321.25,204384,,,
2013-03-26,321.25,323.0,316.4,322.15,174954,,,
2013-03-28,321.55,325.0,319.05,321.6,430298,,,
2013-04-01,319.1,324.8,317.5,323.6,84359,,,
2013-04-02,324.0,327.5,323.1,325.7,742926,,,
2013-04-03,325.75,328.4,319.1,320.7,262416,,,
2013-04-04,319.1,319.1,305.9,311.35,519749,,,
2013-04-05,310.05,317.2,310.0,311.4,119953,,,
2013-04-08,312.0,312.9,308.6,311.05,84241,,,
2013-04-09,311.15,317.0,311.15,315.45,209631,,,
2013-04-10,317.5,319.65,312.5,318.0,167782,,,
2013-04-11,318.1,321.45,314.05,316.55,169393,,,
2013-04-12,316.15,318.85,313.15,316.4,232119,,,
2013-04-15,317.0,318.95,314.4,317.85,71677,,,
2013-04-16,315.05,321.5,315.05,320.05,139512,,,
2013-04-17,321.0,324.0,319.1,321.25,371035,,,
2013-04-18,324.0,329.8,321.25,322.85,243538,,,
2013-04-22,325.0,327.0,320.25,324.25,84993,,,
2013-04-23,327.5,327.5,322.0,322.75,94912,,,
2013-04-25,327.0,327.0,322.15,325.5,420786,,,
2013-04-26,326.9,326.9,320.0,320.5,108456,,,
2013-04-29,318.2,323.25,317.2,320.45,205081,,,
2013-04-30,320.0,328.5,319.0,323.85,413245,,,
2013-05-02,325.0,333.5,325.0,329.75,430743,,,
2013-05-03,331.0,331.25,324.1,325.05,249986,,,
2013-05-06,329.4,331.65,325.25,330.25,264222,,,
2013-05-07,332.7,333.3,330.6,331.1,75364,,,
2013-05-08,331.15,332.3,323.7,325.1,256761,,,
2013-05-09,324.0,326.5,318.8,321.3,523621,,,
2013-05-10,322.1,323.5,320.1,322.35,102308,,,
2013-05-11,324.4,324.4,322.0,322.45,7963,,,
2013-05-13,324.0,324.0,319.0,319.4,62035,,,
2013-05-14,319.25,323.95,319.25,322.0,89688,,,
2013-05-15,324.4,324.6,320.1,322.95,381646,,,
2013-05-16,324.0,329.85,323.15,324.2,1186009,,,
2013-05-17,324.2,325.0,321.6,323.0,673988,,,
2013-05-20,323.0,325.0,316.8,318.05,352959,,,
2013-05-21,318.05,318.05,313.0,314.0,764929,,,
2013-05-22,312.1,317.0,310.3,311.0,118439,,,
2013-05-23,310.0,311.25,303.1,307.05,298122,,,
2013-05-24,305.0,309.5,300.15,303.9,734295,,,
2013-05-27,305.8,307.6,303.0,306.8,214020,,,
2013-05-28,301.5,307.45,298.25,304.95,713766,,,
2013-05-29,308.9,308.9,300.15,301.8,324840,,,
2013-05-30,301.8,304.5,299.6,301.9,1592870,,,
2013-05-31,304.0,304.15,299.5,301.7,214109,,,
2013-06-03,300.0,303.75,299.7,300.95,680799,,,
2013-06-04,300.95,305.35,300.9,302.3,128909,,,
2013-06-05,302.3,305.3,300.1,304.55,149302,,,
2013-06-06,303.0,307.9,302.0,305.4,327054,,,
2013-06-07,305.2,311.7,305.2,307.2,489608,,,
2013-06-10,299.0,310.5,299.0,305.2,377165,,,
2013-06-11,304.95,304.95,299.9,300.6,648491,,,
2013-06-12,300.35,304.25,299.55,302.0,565998,,,
2013-06-13,301.1,301.7,295.0,296.2,394776,,,
2013-06-14,295.6,304.0,295.0,302.15,201773,,,
2013-06-17,303.2,305.0,299.6,301.0,416657,,,
2013-06-18,299.5,303.7,299.1,300.1,186486,,,
2013-06-19,300.0,301.9,299.05,299.45,231553,,,
2013-06-20,302.7,302.7,293.0,296.25,674359,,,
2013-06-21,296.25,296.4,284.0,287.9,317551,,,
2013-06-24,286.7,286.75,272.7,274.45,331036,,,
2013-06-25,279.0,279.0,260.25,270.15,580954,,,
2013-06-26,279.9,279.9,271.25,272.9,408196,,,
2013-06-27,274.2,276.65,268.95,270.05,306785,,,
2013-06-28,274.45,286.0,269.05,281.55,187363,,,
2013-07-01,282.15,290.6,280.15,287.2,114696,,,
2013-07-02,290.0,290.0,281.55,282.7,88607,,,
2013-07-03,282.7,283.85,275.65,277.2,89447,,,
2013-07-04,277.0,281.9,270.4,271.95,152958,,,
2013-07-05,273.5,282.2,272.25,276.2,365345,,,
2013-07-08,275.05,278.0,265.2,275.9,257303,,,
2013-07-09,279.7,284.9,277.55,283.95,175967,,,
2013-07-10,288.0,288.0,283.75,286.25,246903,,,
2013-07-11,288.05,292.75,283.35,284.65,207543,,,
2013-07-12,285.3,287.95,282.05,286.15,167194,,,
2013-07-15,284.0,289.0,283.0,287.25,108787,,,
2013-07-16,285.0,287.9,283.0,283.95,151165,,,
2013-07-17,283.2,287.85,282.1,283.6,149850,,,
2013-07-18,285.0,286.8,282.05,283.95,144758,,,
2013-07-19,287.8,287.8,283.0,284.7,133916,,,
2013-07-22,285.9,286.75,282.5,283.4,99631,,,
2013-07-23,284.0,287.0,284.0,285.9,85134,,,
2013-07-24,282.0,285.55,281.85,282.2,102106,,,
2013-07-25,282.0,284.45,272.5,274.2,587746,,,
2013-07-26,271.15,276.8,270.2,271.7,182917,,,
2013-07-29,274.9,274.9,267.15,268.95,683749,,,
2013-07-30,269.7,273.5,263.5,266.4,423980,,,
2013-07-31,259.0,263.75,256.2,258.3,910267,,,
2013-08-01,256.5,260.85,253.05,256.4,365844,,,
2013-08-02,257.0,272.0,253.4,263.3,620360,,,
2013-08-05,264.8,269.9,251.7,259.6,360238,,,
2013-08-06,251.6,257.55,251.1,251.95,388018,,,
2013-08-07,251.0,253.25,247.2,248.85,456254,,,
2013-08-08,247.5,257.7,247.45,255.0,392408,,,
2013-08-12,249.5,250.25,245.2,246.95,189762,,,
2013-08-13,245.25,248.0,244.5,246.7,188808,,,
2013-08-14,249.8,258.9,247.5,256.9,230901,,,
2013-08-16,254.1,257.6,248.0,249.1,337457,,,
2013-08-19,249.95,249.95,238.0,244.15,197423,,,
2013-08-20,242.0,248.95,241.2,247.6,123321,,,
2013-08-21,246.0,253.0,243.0,244.1,223237,,,
2013-08-22,245.5,249.8,240.5,247.7,93544,,,
2013-08-23,248.3,252.0,243.35,245.5,172208,,,
2013-08-26,246.0,252.7,244.3,250.15,119431,,,
2013-08-27,249.7,251.95,246.75,247.05,153089,,,
2013-08-28,247.0,248.3,242.75,247.3,110761,,,
2013-08-29,246.6,252.0,244.2,248.55,355661,,,
2013-08-30,250.1,253.5,246.4,247.65,194862,,,
2013-09-02,247.0,249.8,245.9,246.85,163673,,,
2013-09-03,247.8,249.45,237.0,239.35,515401,,,
2013-09-04,237.0,238.7,233.2,236.5,673717,,,
2013-09-05,237.7,244.15,237.7,242.6,133896,,,
2013-09-06,242.6,245.95,239.0,241.3,707301,,,
2013-09-10,242.0,245.9,242.0,243.7,163321,,,
2013-09-11,244.1,250.95,243.0,244.95,508661,,,
2013-09-12,246.0,248.7,239.1,240.1,228223,,,
2013-09-13,239.9,248.0,237.5,247.6,262842,,,
2013-09-16,251.0,251.0,243.15,244.25,380081,,,
2013-09-17,243.0,244.4,241.5,242.95,135556,,,
2013-09-18,244.0,245.6,240.8,243.1,170508,,,
2013-09-19,246.9,253.6,244.25,251.45,454873,,,
2013-09-20,251.5,255.0,245.5,248.75,471360,,,
2013-09-23,247.4,249.8,241.55,242.35,385527,,,
2013-09-24,242.45,244.7,240.6,243.35,71728,,,
2013-09-25,243.5,245.15,239.6,243.1,148316,,,
2013-09-26,244.95,244.95,241.0,241.8,152892,,,
2013-09-27,242.5,244.6,239.35,240.25,78497,,,
2013-09-30,238.05,239.9,237.05,237.9,208833,,,
2013-10-01,238.5,240.95,236.05,240.2,185493,,,
2013-10-03,240.0,242.7,239.5,241.9,314526,,,
2013-10-04,242.0,243.6,240.0,241.6,417708,,,
2013-10-07,240.8,242.8,239.95,241.9,460811,,,
2013-10-08,241.55,244.8,241.55,242.35,146086,,,
2013-10-09,241.9,243.95,241.0,242.65,127966,,,
2013-10-10,243.85,252.95,240.5,251.5,870252,,,
2013-10-11,254.0,254.4,247.45,248.55,525708,,,
2013-10-14,249.0,251.4,245.75,246.8,201055,,,
2013-10-15,246.15,251.3,243.4,244.6,253706,,,
2013-10-17,242.5,251.95,242.5,249.05,474462,,,
2013-10-18,249.05,251.0,247.0,247.4,223227,,,
2013-10-21,248.85,255.8,247.05,254.1,371766,,,
2013-10-22,255.0,262.5,254.9,258.75,719174,,,
2013-10-23,260.15,263.5,258.05,262.65,441229,,,
2013-10-24,263.0,266.1,261.0,263.05,456137,,,
2013-10-25,263.0,263.05,260.0,261.05,115587,,,
2013-10-28,263.15,266.0,261.0,263.05,398464,,,
2013-10-29,264.7,268.25,260.5,264.45,226107,,,
2013-10-30,265.95,266.6,260.7,262.2,127520,,,
2013-10-31,260.6,270.0,259.15,267.9,397843,,,
2013-11-01,264.8,275.0,264.8,269.1,399230,,,
2013-11-03,266.0,274.9,266.0,273.95,84025,,,
2013-11-05,273.0,278.0,268.1,272.35,319399,,,
2013-11-06,272.15,274.9,268.1,269.9,200759,,,
2013-11-07,271.5,274.4,269.25,270.7,580772,,,
2013-11-08,274.0,274.0,268.15,270.0,117947,,,
2013-11-11,273.9,273.9,261.55,266.05,900823,,,
2013-11-12,262.05,273.2,259.75,270.25,1049496,,,
2013-11-13,268.0,273.9,266.65,272.4,315224,,,
2013-11-14,272.1,278.7,272.1,276.45,539184,,,
2013-11-18,278.05,281.8,276.1,280.85,527480,,,
2013-11-19,280.0,283.0,277.7,280.7,465766,,,
2013-11-20,282.65,282.65,278.0,279.45,579157,,,
2013-11-21,279.05,283.7,277.15,279.75,580333,,,
2013-11-22,280.15,281.95,279.0,280.2,480584,,,
2013-11-25,281.0,285.6,280.2,281.15,527891,,,
2013-11-26,281.15,283.8,277.5,279.15,126928,,,
2013-11-27,279.0,279.9,270.6,271.8,194959,,,
2013-11-28,273.4,282.0,271.4,273.1,529209,,,
2013-11-29,270.05,279.35,270.05,277.9,204880,,,
2013-12-02,279.35,279.9,274.9,276.9,117645,,,
2013-12-03,279.5,279.5,273.8,275.6,82742,,,
2013-12-04,274.0,280.65,271.35,273.85,250222,,,
2013-12-05,274.2,277.8,272.0,272.8,146599,,,
2013-12-06,274.5,275.0,270.2,271.6,163705,,,
2013-12-09,279.8,279.8,273.0,274.55,227171,,,
2013-12-10,278.25,278.85,270.9,271.7,228138,,,
2013-12-11,273.25,276.1,271.0,275.4,252427,,,
2013-12-12,275.0,275.0,267.1,268.7,164101,,,
2013-12-13,268.0,270.9,263.5,267.5,202202,,,
2013-12-16,269.85,269.85,257.0,264.25,250317,,,
2013-12-17,266.0,270.35,261.8,263.2,146553,,,
2013-12-18,263.15,266.0,260.6,263.5,131639,,,
2013-12-19,264.55,265.85,263.1,263.65,189407,,,
2013-12-20,263.05,268.05,262.15,266.9,210353,,,
2013-12-23,266.0,273.25,265.0,268.9,316952,,,
2013-12-24,270.0,276.7,268.15,272.9,342211,,,
2013-12-26,273.0,276.7,269.45,270.95,184207,,,
2013-12-27,270.95,276.15,268.5,273.85,215741,,,
2013-12-30,273.85,276.0,271.2,272.65,123537,,,
2013-12-31,274.0,279.2,273.25,274.9,302335,,,
2014-01-01,276.8,279.0,274.8,276.4,181911,,,
2014-01-02,275.0,279.5,266.5,268.8,201466,,,
2014-01-03,265.65,270.0,263.0,265.9,184088,,,
2014-01-06,267.0,267.0,263.25,265.0,94459,,,
2014-01-07,265.55,267.9,262.2,263.8,68603,,,
2014-01-08,265.25,271.9,263.3,269.95,242306,,,
2014-01-09,267.1,270.95,266.6,268.45,146841,,,
2014-01-10,269.5,271.9,263.1,264.85,146355,,,
2014-01-13,264.85,267.9,261.0,263.2,96160,,,
2014-01-14,263.0,263.95,261.45,262.3,103947,,,
2014-01-15,263.6,263.9,260.6,263.2,127422,,,
2014-01-16,264.7,266.7,260.1,261.4,83727,,,
2014-01-17,261.5,263.5,259.3,260.15,78804,,,
2014-01-20,261.35,261.5,257.5,259.85,110958,,,
2014-01-21,259.9,265.8,259.9,264.9,125002,,,
2014-01-22,265.3,270.5,264.6,268.5,345372,,,
2014-01-23,269.7,270.15,263.0,263.85,218876,,,
2014-01-24,265.0,265.0,261.0,262.35,102900,,,
2014-01-27,260.0,260.8,248.4,249.95,425761,,,
2014-01-28,250.0,253.45,244.2,248.9,403956,,,
2014-01-29,255.0,255.5,249.0,255.0,341757,,,
2014-01-30,252.0,259.4,252.0,255.5,213504,,,
2014-01-31,255.0,263.9,254.4,262.6,147621,,,
2014-02-03,262.6,265.0,256.15,264.1,265792,,,
2014-02-04,253.0,260.0,252.4,258.8,488517,,,
2014-02-05,258.0,260.9,251.1,254.75,308776,,,
2014-02-06,257.4,257.4,252.15,255.7,229483,,,
2014-02-07,258.95,268.25,251.7,267.4,330341,,,
2014-02-10,269.8,272.9,261.3,270.3,251182,,,
2014-02-11,272.0,274.4,268.5,273.0,330245,,,
2014-02-12,274.0,274.5,270.05,272.15,112511,,,
2014-02-13,270.0,271.7,267.15,269.5,85977,,,
2014-02-14,270.0,270.55,264.4,267.1,83385,,,
2014-02-17,267.3,272.8,265.0,270.6,149542,,,
2014-02-18,269.85,273.0,268.35,269.1,126486,,,
2014-02-19,269.6,269.9,264.65,265.65,98962,,,
2014-02-20,267.4,267.9,261.0,266.1,208252,,,
2014-02-21,266.0,270.0,266.0,268.1,93083,,,
2014-02-24,269.0,271.35,266.0,270.15,69527,,,
2014-02-25,270.6,274.0,269.0,270.45,181695,,,
2014-02-26,271.0,271.8,265.0,268.95,139477,,,
2014-02-28,268.95,271.1,264.95,267.85,166394,,,
2014-03-03,267.5,268.95,264.4,266.5,160561,,,
2014-03-04,267.0,293.8,267.0,287.6,3562556,,,
2014-03-05,289.8,292.7,285.8,290.35,1252752,,,
2014-03-06,290.35,301.9,288.35,291.4,1378107,,,
2014-03-07,292.15,294.2,283.1,285.85,534388,,,
2014-03-10,284.95,293.4,284.0,286.05,340544,,,
2014-03-11,288.0,298.0,285.0,285.7,543156,,,
2014-03-12,285.1,290.9,282.75,284.55,318198,,,
2014-03-13,284.95,288.5,277.0,278.85,220355,,,
2014-03-14,279.7,283.4,275.0,277.7,382256,,,
2014-03-18,278.0,282.1,278.0,280.45,207418,,,
2014-03-19,281.4,287.25,279.0,284.35,375837,,,
2014-03-20,284.0,286.0,275.8,277.05,203806,,,
2014-03-21,275.7,279.4,273.25,274.45,406700,,,
2014-03-22,275.0,276.5,273.6,275.95,25262,,,
2014-03-24,276.0,278.6,275.0,276.5,201942,,,
2014-03-25,275.6,284.15,275.6,280.5,374680,,,
2014-03-26,281.0,284.0,278.0,280.6,346847,,,
2014-03-27,278.1,283.0,276.1,277.65,526937,,,
2014-03-28,277.65,286.95,277.65,286.2,536998,,,
2014-03-31,288.0,292.1,284.1,287.2,391016,,,
2014-04-01,288.2,294.0,283.15,292.7,477727,,,
2014-04-02,294.5,295.95,287.55,288.8,549034,,,
2014-04-03,290.8,292.0,280.1,285.1,302500,,,
2014-04-04,283.0,286.6,282.0,283.0,284280,,,
2014-04-07,283.9,287.45,279.65,283.1,275646,,,
2014-04-09,284.4,286.5,281.3,283.6,408973,,,
2014-04-10,284.0,290.65,283.9,285.4,686545,,,
2014-04-11,284.5,293.5,283.55,288.0,742913,,,
2014-04-15,289.7,290.0,278.0,281.45,358337,,,
2014-04-16,281.45,286.4,279.7,280.5,255901,,,
2014-04-17,280.5,283.75,279.5,281.8,309807,,,
2014-04-21,284.6,286.35,282.5,285.25,237833,,,
2014-04-22,286.95,291.9,286.0,288.2,698571,,,
2014-04-23,290.25,291.8,282.35,283.65,524238,,,
2014-04-25,284.75,288.25,280.7,282.55,336573,,,
2014-04-28,282.95,299.5,280.95,295.85,1560982,,,
2014-04-29,299.95,302.8,292.0,294.1,1544104,,,
2014-04-30,295.0,298.4,282.9,284.35,505674,,,
2014-05-02,287.85,287.85,282.1,283.6,294292,,,
2014-05-05,284.0,288.0,282.5,284.1,274178,,,
2014-05-06,285.5,287.8,283.2,283.9,611279,,,
2014-05-07,285.0,287.7,284.0,285.75,384881,,,
2014-05-08,284.2,289.3,284.2,287.2,459571,,,
2014-05-09,289.7,293.0,287.0,291.45,816576,,,
2014-05-12,293.2,293.5,289.9,290.85,473014,,,
2014-05-13,291.5,297.7,290.75,294.4,555322,,,
2014-05-14,291.65,308.4,291.65,306.8,1577981,,,
2014-05-15,308.0,309.6,288.6,292.4,910292,,,
2014-05-16,296.5,301.0,289.45,291.3,1109432,,,
2014-05-19,294.05,305.3,294.0,302.45,1196433,,,
2014-05-20,305.35,323.85,305.35,313.6,2140257,,,
2014-05-21,317.0,323.4,310.3,315.1,1332601,,,
2014-05-22,318.9,321.0,314.2,315.2,640381,,,
2014-05-23,317.25,324.95,316.9,320.85,1285844,,,
2014-05-26,323.9,329.6,305.25,314.45,1527701,,,
2014-05-27,319.5,319.5,310.1,316.0,669625,,,
2014-05-28,319.0,326.4,314.0,321.6,823584,,,
2014-05-29,324.3,324.3,313.0,314.5,1117965,,,
2014-05-30,315.0,321.5,300.0,303.5,1447869,,,
2014-06-02,305.0,307.0,298.25,300.95,803268,,,
2014-06-03,301.45,310.45,300.95,309.25,1046161,,,
2014-06-04,308.0,319.6,308.0,317.85,1563688,,,
2014-06-05,319.05,327.1,315.5,321.55,863010,,,
2014-06-06,321.05,342.4,321.05,335.8,1835144,,,
2014-06-09,337.0,347.9,332.1,341.8,1580211,,,
2014-06-10,342.7,343.3,333.0,337.15,666050,,,
2014-06-11,339.1,339.9,325.75,329.4,429047,,,
2014-06-12,327.0,337.0,326.55,329.7,395178,,,
2014-06-13,332.7,334.1,316.0,319.15,389614,,,
2014-06-16,319.15,324.45,306.05,322.0,480085,,,
2014-06-17,322.0,339.0,319.5,337.0,862927,,,
2014-06-18,337.0,340.85,328.1,334.1,804489,,,
2014-06-19,332.25,342.0,326.0,329.8,633147,,,
2014-06-20,326.5,333.25,324.2,326.75,237867,,,
2014-06-23,328.85,333.0,325.55,328.75,375450,,,
2014-06-24,328.9,339.5,328.35,337.8,716027,,,
2014-06-25,336.5,340.0,333.15,334.7,652304,,,
2014-06-26,334.95,336.8,327.8,328.95,1108233,,,
2014-06-27,330.05,332.7,325.0,327.0,449605,,,
2014-06-30,326.5,346.0,326.5,343.85,1067512,,,
2014-07-01,346.9,348.9,340.15,341.45,676892,,,
2014-07-02,343.0,355.1,340.05,352.55,1216243,,,
2014-07-03,354.1,355.6,340.65,342.25,839232,,,
2014-07-04,344.5,354.8,339.25,351.55,1017025,,,
2014-07-07,351.9,353.4,346.5,348.55,481073,,,
2014-07-08,347.4,350.6,325.0,328.6,627986,,,
2014-07-09,328.0,335.5,324.95,328.4,497372,,,
2014-07-10,329.5,337.35,321.15,332.35,936812,,,
2014-07-11,332.5,333.4,320.1,322.6,531055,,,
2014-07-14,319.4,331.8,318.0,328.55,410408,,,
2014-07-15,329.3,333.4,326.6,331.05,370122,,,
2014-07-16,331.0,340.65,330.15,338.0,721054,,,
2014-07-17,338.0,359.4,334.2,338.85,593864,,,
2014-07-18,338.9,342.9,333.6,338.95,641364,,,
2014-07-21,338.15,346.25,338.0,339.75,569572,,,
2014-07-22,342.1,343.85,337.0,342.45,339856,,,
2014-07-23,345.0,346.9,341.2,344.85,589780,,,
2014-07-24,345.55,348.95,343.3,346.1,767722,,,
2014-07-25,347.05,348.4,337.1,340.75,415324,,,
2014-07-28,341.5,342.9,333.9,336.15,307725,,,
2014-07-30,336.15,342.7,330.45,341.75,457729,,,
2014-07-31,340.05,349.5,338.55,347.2,908693,,,
2014-08-01,343.8,349.5,342.25,347.15,515176,,,
2014-08-04,346.3,367.8,346.3,363.8,1384440,,,
2014-08-05,365.0,376.7,352.1,374.35,2985280,,,
2014-08-06,377.0,389.4,375.5,376.8,3018904,,,
2014-08-07,377.5,385.15,377.0,379.95,1090898,,,
2014-08-08,367.7,367.95,358.65,363.5,1380269,,,
2014-08-11,365.3,370.8,360.35,365.75,650530,,,
2014-08-12,366.0,368.7,360.4,363.7,887737,,,
2014-08-13,360.1,368.0,353.1,359.5,1003907,,,
2014-08-14,360.25,365.0,359.05,361.05,840360,,,
2014-08-18,360.0,375.25,358.5,374.15,846830,,,
2014-08-19,376.5,379.4,371.65,372.2,1031429,,,
2014-08-20,375.2,376.4,370.95,375.15,500042,,,
2014-08-21,375.0,381.65,373.1,374.3,866474,,,
2014-08-22,374.7,377.95,367.3,370.8,697939,,,
2014-08-25,375.0,378.6,371.75,372.8,533139,,,
2014-08-26,373.0,375.5,369.25,370.9,327636,,,
2014-08-27,372.5,375.65,369.55,374.65,406422,,,
2014-08-28,376.0,380.75,373.3,376.95,1089115,,,
2014-09-01,377.4,399.0,377.0,397.8,1251952,,,
2014-09-02,400.0,402.7,394.2,400.0,1246196,,,
2014-09-03,399.0,412.25,394.0,407.25,774197,,,
2014-09-04,410.25,418.4,402.0,414.85,1265111,,,
2014-09-05,416.4,417.7,405.15,414.2,694636,,,
2014-09-08,416.9,422.55,411.9,417.75,623581,,,
2014-09-09,419.9,419.9,408.45,411.5,910677,,,
2014-09-10,410.0,414.95,406.0,410.1,851511,,,
2014-09-11,410.0,414.0,406.25,407.3,779267,,,
2014-09-12,407.0,415.95,406.15,409.75,744715,,,
2014-09-15,412.7,412.7,401.6,403.1,559222,,,
2014-09-16,402.0,407.5,384.85,388.45,747383,,,
2014-09-17,389.0,394.0,378.15,392.6,496209,,,
2014-09-18,389.0,404.4,387.0,399.0,477158,,,
2014-09-19,404.9,409.0,394.4,396.65,946812,,,
2014-09-22,395.05,402.85,391.8,399.6,411419,,,
2014-09-23,401.85,401.85,384.2,387.3,614037,,,
2014-09-24,383.4,387.9,378.25,381.9,397819,,,
2014-09-25,381.0,383.85,371.0,373.65,830919,,,
2014-09-26,372.1,384.9,372.1,382.5,490058,,,
2014-09-29,382.9,397.3,380.35,393.25,559728,,,
2014-09-30,395.2,402.2,388.2,399.4,376124,,,
2014-10-01,398.25,404.15,394.0,395.6,238231,,,
2014-10-07,395.9,397.0,384.0,385.2,226546,,,
2014-10-08,389.0,393.35,385.3,388.9,488480,,,
2014-10-09,391.0,396.7,390.25,392.1,339340,,,
2014-10-10,394.45,394.45,385.55,388.9,250904,,,
2014-10-13,385.0,388.0,383.3,386.05,203092,,,
2014-10-14,388.5,394.0,382.5,391.65,381233,,,
2014-10-16,390.5,403.5,384.0,387.5,738250,,,
2014-10-17,389.5,392.9,383.25,391.35,264368,,,
2014-10-20,395.0,397.25,387.15,388.65,235305,,,
2014-10-21,391.2,395.5,388.8,393.2,427419,,,
2014-10-22,394.5,408.7,393.25,406.0,776592,,,
2014-10-23,408.5,412.0,408.0,409.75,181203,,,
2014-10-27,411.3,414.65,402.5,404.0,588124,,,
2014-10-28,401.55,407.8,398.85,401.2,448622,,,
2014-10-29,402.9,405.6,397.2,398.25,363060,,,
2014-10-30,397.2,403.5,396.65,401.5,2382607,,,
2014-10-31,404.9,412.7,402.95,406.9,855704,,,
2014-11-03,407.05,419.8,407.05,415.6,1126340,,,
2014-11-05,418.7,421.05,411.85,414.35,733697,,,
2014-11-07,415.7,420.5,410.0,418.85,753295,,,
2014-11-10,419.85,430.8,418.2,423.7,2316881,,,
2014-11-11,427.9,428.65,414.4,419.05,1212710,,,
2014-11-12,420.9,424.5,417.3,419.25,812174,,,
2014-11-13,419.8,428.0,416.0,422.5,922011,,,
2014-11-14,423.0,428.5,419.75,424.85,728448,,,
2014-11-17,425.0,425.9,421.05,424.0,306188,,,
2014-11-18,426.0,434.0,423.65,430.75,972365,,,
2014-11-19,431.5,435.4,418.2,421.05,657904,,,
2014-11-20,421.9,428.6,419.4,427.15,448083,,,
2014-11-21,427.2,432.0,423.5,425.95,424624,,,
2014-11-24,426.9,432.85,424.75,430.95,336671,,,
2014-11-25,434.0,434.0,414.0,421.25,402463,,,
2014-11-26,418.1,424.6,418.1,422.05,203803,,,
2014-11-27,422.0,434.7,422.0,430.85,812354,,,
2014-11-28,431.7,442.5,431.5,437.2,736247,,,
2014-12-01,438.5,442.75,432.85,435.45,459489,,,
2014-12-02,434.1,440.1,431.25,437.4,253708,,,
2014-12-03,437.4,448.0,437.4,445.8,488822,,,
2014-12-04,447.4,459.5,443.8,454.75,775473,,,
2014-12-05,456.9,460.7,448.2,450.8,368477,,,
2014-12-08,451.3,452.75,435.05,437.35,304161,,,
2014-12-09,434.2,444.6,429.0,431.35,382986,,,
2014-12-10,428.8,437.0,428.8,435.1,296420,,,
2014-12-11,436.0,436.0,423.5,425.2,264041,,,
2014-12-12,428.8,433.0,411.6,413.25,485575,,,
2014-12-15,410.0,418.75,407.8,414.9,282230,,,
2014-12-16,412.0,418.5,409.2,412.5,492062,,,
2014-12-17,410.0,415.2,396.0,408.1,289903,,,
2014-12-18,414.4,426.4,414.4,423.95,576440,,,
2014-12-19,426.0,431.8,420.3,422.65,241303,,,
2014-12-22,424.4,433.0,424.4,431.25,528340,,,
2014-12-23,431.25,436.0,422.05,426.55,377858,,,
2014-12-24,425.65,430.25,422.5,425.65,507827,,,
2014-12-26,426.0,428.65,419.15,421.55,250499,,,
2014-12-29,421.1,428.1,421.05,427.15,331039,,,
2014-12-30,427.95,431.9,423.95,430.55,488383,,,
2014-12-31,428.6,438.0,428.6,435.55,596140,,,
2015-01-01,434.85,436.15,431.25,434.5,154115,,,
2015-01-02,437.0,441.95,435.6,438.15,417037,,,
2015-01-05,438.0,442.4,435.0,435.75,166681,,,
2015-01-06,433.0,434.2,420.0,422.6,292656,,,
2015-01-07,422.9,437.05,415.2,432.6,486768,,,
2015-01-08,437.0,442.25,434.4,440.4,489479,,,
2015-01-09,444.9,449.0,439.5,442.05,579266,,,
2015-01-12,442.7,444.45,437.05,439.8,198923,,,
2015-01-13,442.0,454.0,438.7,447.85,553633,,,
2015-01-14,448.5,456.7,441.75,443.05,681427,,,
2015-01-15,450.0,453.95,442.3,445.8,416385,,,
2015-01-16,444.2,447.8,443.0,444.05,238104,,,
2015-01-19,446.0,450.9,443.1,444.7,344468,,,
2015-01-20,442.6,451.3,442.6,444.75,460994,,,
2015-01-21,444.1,447.65,438.1,438.8,383253,,,
2015-01-22,437.0,446.0,437.0,441.6,414369,,,
2015-01-23,444.0,445.25,438.3,440.65,469239,,,
2015-01-27,441.05,446.3,438.3,440.15,456673,,,
2015-01-28,441.0,446.5,437.0,440.85,626217,,,
2015-01-29,441.45,453.9,438.9,450.25,1366773,,,
2015-01-30,453.4,466.9,452.25,456.65,1289784,,,
2015-02-02,450.3,468.3,450.0,463.4,694753,,,
2015-02-03,465.9,471.55,456.6,460.25,704835,,,
2015-02-04,462.4,473.9,453.5,468.95,851150,,,
2015-02-05,467.1,476.05,458.25,462.45,728989,,,
2015-02-06,462.9,466.3,442.7,448.75,1729372,,,
2015-02-09,445.9,457.75,444.1,452.5,613676,,,
2015-02-10,451.5,459.75,450.05,458.1,560721,,,
2015-02-11,459.95,472.0,456.5,470.25,305504,,,
2015-02-12,473.0,474.95,466.8,471.8,631334,,,
2015-02-13,472.9,473.6,463.8,466.55,303138,,,
2015-02-16,467.0,469.05,456.75,458.55,195677,,,
2015-02-18,459.95,466.65,453.2,463.35,322929,,,
2015-02-19,464.0,467.5,456.2,461.75,284268,,,
2015-02-20,462.0,469.5,458.0,466.5,445643,,,
2015-02-23,468.5,472.0,456.2,459.7,434664,,,
2015-02-24,459.5,466.0,458.05,463.55,315071,,,
2015-02-25,463.4,464.9,447.35,451.35,326556,,,
2015-02-26,451.0,454.9,439.75,442.25,1161906,,,
2015-02-27,443.95,460.25,441.6,459.25,482844,,,
2015-02-28,462.0,462.0,446.65,453.65,269539,,,
2015-03-02,456.0,467.15,452.0,465.4,507491,,,
2015-03-03,466.0,481.4,461.1,479.1,1103327,,,
2015-03-04,482.0,482.0,463.25,464.85,429281,,,
2015-03-05,464.0,471.5,458.0,466.45,384906,,,
2015-03-09,464.0,464.0,452.5,454.15,151412,,,
2015-03-10,454.95,458.9,448.1,449.75,207153,,,
2015-03-11,452.0,453.0,446.75,449.85,283857,,,
2015-03-12,449.95,454.6,447.75,449.5,202250,,,
2015-03-13,451.15,454.0,436.15,437.7,276890,,,
2015-03-16,437.2,438.7,425.9,428.95,420863,,,
2015-03-17,430.0,435.0,427.0,430.7,354798,,,
2015-03-18,432.0,439.2,430.0,436.3,333245,,,
2015-03-19,440.0,441.25,431.0,433.15,238753,,,
2015-03-20,432.0,433.5,421.0,425.1,419328,,,
2015-03-23,426.0,426.05,415.45,419.3,231006,,,
2015-03-24,419.3,425.6,417.0,417.95,176313,,,
2015-03-25,419.6,422.8,415.0,418.7,263728,,,
2015-03-26,417.05,424.5,414.0,421.45,540485,,,
2015-03-27,423.0,428.9,411.55,426.75,379977,,,
2015-03-30,429.0,445.0,425.5,441.0,594453,,,
2015-03-31,443.9,446.25,435.0,443.55,479413,,,
2015-04-01,444.95,444.95,439.2,441.1,205748,,,
2015-04-06,442.05,443.0,432.1,437.4,242177,,,
2015-04-07,438.0,459.05,435.35,456.8,481845,,,
2015-04-08,459.8,460.0,447.7,449.05,354564,,,
2015-04-09,451.35,458.0,444.25,448.35,294889,,,
2015-04-10,448.95,456.0,447.45,450.35,221902,,,
2015-04-13,450.8,458.9,450.0,452.2,409208,,,
2015-04-15,453.7,455.9,439.7,441.6,460839,,,
2015-04-16,441.6,448.9,440.2,447.7,276162,,,
2015-04-17,449.8,452.45,440.0,442.5,317205,,,
2015-04-20,441.9,442.3,424.6,430.2,421501,,,
2015-04-21,428.0,437.0,426.35,430.4,231079,,,
2015-04-22,431.0,439.0,426.1,433.25,218769,,,
2015-04-23,435.0,439.0,428.55,432.2,174602,,,
2015-04-24,433.75,434.0,422.0,424.75,296531,,,
2015-04-27,424.5,424.5,409.2,412.35,197379,,,
2015-04-28,410.35,430.65,408.6,428.7,265034,,,
2015-04-29,428.95,438.0,425.85,431.6,239370,,,
2015-04-30,431.9,434.4,425.65,426.95,229628,,,
2015-05-04,432.5,443.8,429.8,441.55,257843,,,
2015-05-05,444.95,447.2,438.65,439.9,357688,,,
2015-05-06,438.0,444.95,425.1,428.05,483197,,,
2015-05-07,428.6,434.6,415.55,419.65,406703,,,
2015-05-08,420.5,439.15,420.5,436.1,375517,,,
2015-05-11,438.95,449.0,435.9,445.75,431314,,,
2015-05-12,451.0,451.0,429.05,436.1,888886,,,
2015-05-13,437.4,448.75,437.4,444.9,569367,,,
2015-05-14,445.75,454.05,440.6,443.2,541635,,,
2015-05-15,444.7,448.9,441.25,444.1,191964,,,
2015-05-18,445.0,449.5,440.55,444.8,286262,,,
2015-05-19,445.0,455.0,444.0,445.7,534494,,,
2015-05-20,446.5,449.75,441.0,442.25,283235,,,
2015-05-21,443.0,445.0,436.8,437.75,229869,,,
2015-05-22,439.35,443.4,434.0,434.95,220878,,,
2015-05-25,434.95,443.15,432.5,439.65,348579,,,
2015-05-26,439.5,448.6,439.25,444.55,801327,,,
2015-05-27,441.7,443.95,425.05,428.35,829516,,,
2015-05-28,425.05,442.9,425.0,434.95,1343952,,,
2015-05-29,435.0,436.5,428.35,432.25,758379,,,
2015-06-01,434.95,435.4,427.15,428.5,264819,,,
2015-06-02,429.8,430.5,415.7,419.4,323562,,,
2015-06-03,419.45,420.95,409.2,416.75,360684,,,
2015-06-04,420.0,424.0,415.0,421.45,192522,,,
2015-06-05,419.9,428.9,417.0,425.25,292967,,,
2015-06-08,425.8,428.35,403.75,412.0,692388,,,
2015-06-09,414.5,423.5,410.0,420.2,503916,,,
2015-06-10,421.0,423.75,414.05,415.65,255934,,,
2015-06-11,419.5,419.5,404.75,408.65,610514,,,
2015-06-12,408.5,415.0,403.35,411.2,278400,,,
2015-06-15,407.55,414.4,407.05,410.2,348107,,,
2015-06-16,410.65,414.7,406.8,410.35,252213,,,
2015-06-17,413.0,414.8,406.5,408.0,303364,,,
2015-06-18,408.0,416.5,406.5,409.95,901548,,,
2015-06-19,412.0,419.9,410.55,417.95,402791,,,
2015-06-22,418.8,419.5,415.5,417.55,364213,,,
2015-06-23,418.1,423.5,417.05,419.1,317784,,,
2015-06-24,419.9,421.2,411.25,414.05,330183,,,
2015-06-25,414.05,414.5,410.5,412.15,703333,,,
2015-06-26,412.0,417.5,411.05,414.05,299211,,,
2015-06-29,412.0,412.6,404.05,411.5,313167,,,
2015-06-30,410.7,423.0,410.7,420.9,200767,,,
2015-07-01,436.0,443.8,432.05,437.1,1019711,,,
2015-07-02,437.0,438.0,431.5,434.0,207201,,,
2015-07-03,434.7,438.0,431.5,434.6,136190,,,
2015-07-06,433.3,446.0,429.0,441.3,300353,,,
2015-07-07,439.0,453.0,439.0,449.25,344147,,,
2015-07-08,449.0,449.0,428.2,437.95,343375,,,
2015-07-09,438.8,448.2,438.8,442.55,217263,,,
2015-07-10,444.6,445.45,438.6,442.05,151916,,,
2015-07-13,445.0,445.0,434.0,444.0,217645,,,
2015-07-14,444.4,452.0,440.0,449.25,606401,,,
2015-07-15,447.55,462.0,447.55,460.2,617554,,,
2015-07-16,461.15,495.0,461.15,487.6,2096459,,,
2015-07-17,489.9,491.9,480.5,484.7,734898,,,
2015-07-20,484.7,512.75,482.5,502.15,2195791,,,
2015-07-21,502.15,510.8,491.4,495.55,865420,,,
2015-07-22,488.3,522.6,488.1,518.95,1515235,,,
2015-07-23,519.15,526.0,510.3,512.75,981063,,,
2015-07-24,513.4,519.75,499.0,501.65,487473,,,
2015-07-27,500.0,511.6,482.95,500.55,814075,,,
2015-07-28,497.0,505.25,483.2,487.2,692849,,,
2015-07-29,492.0,504.45,486.05,499.9,976490,,,
2015-07-30,505.0,508.9,497.05,506.35,1513739,,,
2015-07-31,499.0,499.0,487.65,490.0,1602029,,,
2015-08-03,494.8,496.2,481.0,484.3,718263,,,
2015-08-04,485.0,495.4,483.95,491.7,745133,,,
2015-08-05,494.9,503.35,481.15,483.75,2939965,,,
2015-08-06,483.75,499.7,479.25,483.0,1568639,,,
2015-08-07,483.45,488.25,472.0,473.05,825760,,,
2015-08-10,473.9,477.5,465.3,469.6,1346022,,,
2015-08-11,473.0,475.15,458.35,469.95,859689,,,
2015-08-12,470.7,474.75,450.0,457.2,564951,,,
2015-08-13,457.5,465.65,450.2,458.85,598624,,,
2015-08-14,462.0,473.5,460.05,469.75,701558,,,
2015-08-17,473.0,477.0,461.1,464.45,316847,,,
2015-08-18,467.0,470.0,461.25,468.9,249394,,,
2015-08-19,471.0,472.45,456.05,461.25,670179,,,
2015-08-20,460.3,463.5,445.55,447.6,399865,,,
2015-08-21,441.0,447.2,433.35,445.35,341917,,,
2015-08-24,438.0,438.0,382.95,394.8,1043025,,,
2015-08-25,400.2,417.6,372.5,415.35,1134291,,,
2015-08-26,416.0,416.0,395.25,398.2,536023,,,
2015-08-27,403.0,413.0,400.1,402.95,1111333,,,
2015-08-28,408.0,415.85,404.65,409.0,775877,,,
2015-08-31,413.95,413.95,398.25,399.8,413006,,,
2015-09-01,400.0,403.0,389.4,396.45,521200,,,
2015-09-02,395.3,401.45,384.25,388.6,628010,,,
2015-09-03,393.0,398.05,387.1,394.35,384683,,,
2015-09-04,393.9,393.9,378.0,382.8,505545,,,
2015-09-07,385.65,385.75,374.5,379.5,363478,,,
2015-09-08,380.0,386.25,375.0,383.8,484655,,,
2015-09-09,389.05,393.05,387.0,391.8,501829,,,
2015-09-10,391.9,391.9,380.15,388.35,316027,,,
2015-09-11,389.0,393.0,384.65,387.05,407155,,,
2015-09-14,387.0,389.25,380.05,383.7,577587,,,
2015-09-15,384.0,387.65,380.4,383.15,533548,,,
2015-09-16,388.0,388.0,378.25,383.65,513498,,,
2015-09-18,385.2,400.85,383.85,396.15,807606,,,
2015-09-21,396.15,397.6,390.25,393.9,314718,,,
2015-09-22,396.0,400.75,377.8,382.2,589754,,,
2015-09-23,377.0,379.55,370.1,375.9,734217,,,
2015-09-24,376.15,383.8,371.25,380.25,220947,,,
2015-09-28,382.55,385.1,370.05,372.4,305273,,,
2015-09-29,370.0,374.35,364.1,370.2,428438,,,
2015-09-30,372.0,386.0,370.65,381.75,440577,,,
2015-10-01,385.0,389.0,379.85,382.0,300140,,,
2015-10-05,382.35,401.7,382.35,398.9,609850,,,
2015-10-06,403.0,410.0,400.0,407.1,656965,,,
2015-10-07,403.6,413.35,403.6,405.6,293557,,,
2015-10-08,406.15,411.6,396.15,400.15,315951,,,
2015-10-09,403.7,411.95,400.0,407.35,510831,,,
2015-10-12,408.7,411.4,405.6,407.75,317226,,,
2015-10-13,407.15,415.0,406.7,414.3,313107,,,
2015-10-14,415.0,419.0,406.1,410.2,496924,,,
2015-10-15,412.0,414.0,409.0,411.3,266017,,,
2015-10-16,416.0,419.0,413.05,416.8,495298,,,
2015-10-19,416.5,426.7,413.0,415.1,924209,,,
2015-10-20,415.0,422.95,414.0,417.8,306041,,,
2015-10-21,418.0,419.8,409.95,412.7,765437,,,
2015-10-23,414.0,418.0,411.25,415.65,488426,,,
2015-10-26,416.2,423.65,414.85,421.05,422240,,,
2015-10-27,420.7,427.7,417.55,420.55,394962,,,
2015-10-28,419.5,420.0,414.15,416.35,433524,,,
2015-10-29,416.35,424.6,411.05,413.75,675908,,,
2015-10-30,414.0,416.5,405.75,408.45,707215,,,
2015-11-02,408.45,413.5,403.75,409.1,820249,,,
2015-11-03,413.0,418.45,410.25,416.9,313596,,,
2015-11-04,419.0,422.0,416.0,419.05,265583,,,
2015-11-05,419.6,419.85,414.0,415.4,221836,,,
2015-11-06,414.9,418.0,406.2,409.8,317153,,,
2015-11-09,402.05,422.75,402.05,419.35,547133,,,
2015-11-10,417.9,420.0,409.8,414.45,384996,,,
2015-11-11,415.0,419.9,414.6,416.65,45250,,,
2015-11-13,410.2,421.0,410.2,419.1,268014,,,
2015-11-16,419.0,425.0,415.6,418.3,423326,,,
2015-11-17,419.8,422.4,416.6,420.5,223849,,,
2015-11-18,420.25,430.45,417.6,419.1,555682,,,
2015-11-19,422.0,430.9,418.9,429.7,424751,,,
2015-11-20,430.05,435.75,427.05,431.4,288663,,,
2015-11-23,431.95,433.85,428.9,430.3,210953,,,
2015-11-24,430.0,432.75,427.25,428.55,216879,,,
2015-11-26,428.55,435.0,424.3,431.0,645346,,,
2015-11-27,431.5,437.0,422.95,425.35,477837,,,
2015-11-30,425.55,427.4,418.0,418.85,521484,,,
2015-12-01,420.0,428.85,418.2,427.6,262830,,,
2015-12-02,426.9,438.7,425.3,437.05,344312,,,
2015-12-03,438.15,438.35,424.8,425.95,213196,,,
2015-12-04,421.0,425.4,418.05,419.0,389178,,,
2015-12-07,420.15,423.7,415.0,416.35,305463,,,
2015-12-08,411.65,419.9,407.1,410.9,356942,,,
2015-12-09,408.0,408.0,387.5,395.85,908593,,,
2015-12-10,399.0,399.6,389.65,392.3,582307,,,
2015-12-11,393.0,393.7,387.0,388.25,1010108,,,
2015-12-14,386.4,396.05,382.2,394.15,368912,,,
2015-12-15,391.5,397.7,389.0,395.9,356588,,,
2015-12-16,398.0,399.75,392.8,396.35,241675,,,
2015-12-17,398.0,401.9,390.6,395.65,877876,,,
2015-12-18,395.5,400.0,389.7,391.65,492809,,,
2015-12-21,391.65,397.5,389.1,394.2,255587,,,
2015-12-22,395.0,400.95,389.95,391.25,996845,,,
2015-12-23,396.0,405.0,391.5,402.7,977347,,,
2015-12-24,405.0,409.3,403.0,408.15,432214,,,
2015-12-28,411.0,411.0,403.2,405.1,242414,,,
2015-12-29,405.1,413.85,402.65,410.35,265796,,,
2015-12-30,411.4,413.7,405.6,407.7,327756,,,
2015-12-31,408.8,412.8,397.5,401.45,1520280,,,
2016-01-01,405.0,410.0,402.0,408.9,249430,,,
2016-01-04,407.0,410.7,404.0,407.05,243736,,,
2016-01-05,407.1,408.5,402.15,403.35,414056,,,
2016-01-06,403.05,417.5,402.5,414.55,851282,,,
2016-01-07,407.2,410.9,391.3,393.05,501160,,,
2016-01-08,395.0,404.0,395.0,401.05,321083,,,
2016-01-11,400.25,401.0,392.0,393.45,189435,,,
2016-01-12,395.2,398.7,386.35,389.1,231599,,,
2016-01-13,389.3,395.9,378.0,382.35,418284,,,
2016-01-14,376.1,379.55,371.1,376.8,685911,,,
2016-01-15,380.0,380.65,370.0,374.05,513978,,,
2016-01-18,374.4,374.4,356.7,359.0,550994,,,
2016-01-19,360.0,366.6,353.6,361.3,527255,,,
2016-01-20,357.8,360.35,349.1,352.8,604384,,,
2016-01-21,355.1,358.55,339.1,340.7,1064423,,,
2016-01-22,342.7,348.05,340.0,346.0,978489,,,
2016-01-25,348.45,352.55,344.3,348.0,558984,,,
2016-01-27,348.05,354.45,346.25,351.45,500666,,,
2016-01-28,351.6,353.0,339.05,345.4,3275316,,,
2016-01-29,345.0,354.5,339.65,353.35,606726,,,
2016-02-01,354.7,365.0,351.85,363.3,459734,,,
2016-02-02,363.3,366.6,355.8,357.4,509080,,,
2016-02-03,354.9,358.5,348.1,355.7,614063,,,
2016-02-04,358.0,364.0,354.1,360.85,314046,,,
2016-02-05,361.0,367.7,357.1,365.85,514004,,,
2016-02-08,366.05,375.0,363.0,372.6,856420,,,
2016-02-09,368.0,375.0,363.5,368.4,811209,,,
2016-02-10,367.95,367.95,345.2,350.2,1251185,,,
2016-02-11,348.0,353.9,330.6,334.4,1891626,,,
2016-02-12,335.35,338.0,325.0,334.6,507834,,,
2016-02-15,338.0,343.9,334.3,340.7,506569,,,
2016-02-16,336.35,342.4,325.7,329.3,504244,,,
2016-02-17,329.5,334.1,319.0,332.6,343594,,,
2016-02-18,334.5,341.0,330.2,337.15,344818,,,
2016-02-19,336.5,338.35,327.15,329.95,414161,,,
2016-02-22,331.5,336.75,329.95,334.15,339505,,,
2016-02-23,334.65,334.65,325.65,327.15,361942,,,
2016-02-24,324.5,330.7,322.2,323.45,583718,,,
2016-02-25,324.4,324.4,314.2,315.1,847350,,,
2016-02-26,316.75,318.8,309.6,317.0,496478,,,
2016-02-29,317.4,320.0,310.5,316.05,351745,,,
2016-03-01,317.0,326.8,315.7,324.75,520797,,,
2016-03-02,326.95,333.3,326.95,331.65,581554,,,
2016-03-03,336.0,345.0,331.7,344.1,455193,,,
2016-03-04,342.2,354.4,340.05,351.2,328650,,,
2016-03-08,351.2,353.9,343.05,345.3,157720,,,
2016-03-09,348.0,348.55,342.2,343.85,390473,,,
2016-03-10,345.9,347.25,341.0,343.1,549865,,,
2016-03-11,343.6,347.35,342.0,344.9,222274,,,
2016-03-14,346.0,349.4,345.0,346.7,452498,,,
2016-03-15,350.8,352.35,346.05,351.4,240704,,,
2016-03-16,352.0,356.5,348.05,355.35,619152,,,
2016-03-17,357.5,362.0,356.5,360.25,353644,,,
2016-03-18,361.55,365.0,359.15,362.3,252978,,,
2016-03-21,362.5,365.9,359.05,362.9,154180,,,
2016-03-22,363.9,367.15,359.4,361.3,174286,,,
2016-03-23,359.5,366.3,355.1,365.25,384845,,,
2016-03-28,363.55,369.0,363.05,365.5,294068,,,
2016-03-29,366.45,371.0,361.25,368.75,419445,,,
2016-03-30,370.1,378.7,369.0,374.3,452287,,,
2016-03-31,373.0,383.1,369.0,373.7,806280,,,
2016-04-01,378.5,378.5,368.0,369.6,235952,,,
2016-04-04,370.7,373.7,366.0,368.7,126333,,,
2016-04-05,368.7,372.5,359.25,361.0,454346,,,
2016-04-06,361.9,366.8,361.05,364.2,131152,,,
2016-04-07,364.9,366.7,360.05,361.2,131607,,,
2016-04-08,362.95,368.35,361.55,367.3,137813,,,
2016-04-11,368.0,371.45,365.05,369.2,158145,,,
2016-04-12,370.25,376.65,370.25,375.4,225321,,,
2016-04-13,379.0,405.65,377.1,402.55,1098747,,,
2016-04-18,402.8,405.3,394.2,395.6,539660,,,
2016-04-20,396.55,421.2,395.1,416.2,973542,,,
2016-04-21,417.35,420.25,412.6,414.75,582608,,,
2016-04-22,414.55,417.0,408.0,412.85,433429,,,
2016-04-25,413.3,428.2,405.6,425.6,515927,,,
2016-04-26,428.0,430.25,421.95,424.0,465001,,,
2016-04-27,424.1,428.0,417.15,418.2,494063,,,
2016-04-28,418.25,420.55,400.55,406.6,584792,,,
2016-04-29,407.0,411.4,400.3,405.6,462771,,,
2016-05-02,406.3,418.05,403.3,406.55,786051,,,
2016-05-03,408.8,416.6,405.0,407.6,697430,,,
2016-05-04,407.6,409.5,396.2,398.25,222255,,,
2016-05-05,399.9,406.25,396.2,400.0,286325,,,
2016-05-06,400.0,402.0,396.8,399.3,173946,,,
2016-05-09,401.5,409.8,400.3,406.75,288796,,,
2016-05-10,407.3,416.25,404.5,408.25,482613,,,
2016-05-11,403.9,413.45,402.15,405.95,313167,,,
2016-05-12,407.95,415.0,404.4,410.55,298428,,,
2016-05-13,411.7,419.9,410.1,415.35,448849,,,
2016-05-16,416.7,422.4,414.0,421.15,265968,,,
2016-05-17,421.9,423.4,415.6,416.45,211332,,,
2016-05-18,409.1,419.6,409.1,416.2,300609,,,
2016-05-19,416.75,419.4,408.0,410.7,257086,,,
2016-05-20,411.1,422.0,408.75,414.95,342064,,,
2016-05-23,415.5,417.55,413.0,415.3,160239,,,
2016-05-24,416.0,421.8,403.7,418.75,338805,,,
2016-05-25,422.35,435.5,421.0,434.0,659061,,,
2016-05-26,438.75,442.8,432.4,438.75,862607,,,
2016-05-27,453.0,454.9,431.1,432.45,1119302,,,
2016-05-30,434.95,441.0,422.65,424.85,546376,,,
2016-05-31,423.0,434.05,422.15,431.7,796762,,,
2016-06-01,435.4,435.95,426.4,428.25,463050,,,
2016-06-02,427.65,432.0,426.3,429.15,304377,,,
2016-06-03,431.15,436.0,427.55,428.95,357574,,,
2016-06-06,430.95,432.5,427.8,429.85,253474,,,
2016-06-07,430.35,437.5,430.1,431.85,681573,,,
2016-06-08,432.9,434.0,429.1,431.5,220732,,,
2016-06-09,432.0,434.75,426.6,431.0,540164,,,
2016-06-10,434.0,434.85,427.2,428.8,515029,,,
2016-06-13,427.9,430.9,424.4,429.35,211677,,,
2016-06-14,429.0,430.5,426.6,427.55,432258,,,
2016-06-15,428.0,432.8,427.35,429.9,194679,,,
2016-06-16,428.1,430.3,424.45,428.4,239816,,,
2016-06-17,427.5,431.0,427.15,429.45,159175,,,
2016-06-20,424.0,428.0,420.45,427.05,316647,,,
2016-06-21,429.85,431.0,425.2,426.25,155374,,,
2016-06-22,426.25,429.05,425.0,427.05,132411,,,
2016-06-23,426.6,427.6,420.8,424.7,267145,,,
2016-06-24,414.55,421.0,400.25,418.4,627119,,,
2016-06-27,416.0,424.85,415.9,420.95,193167,,,
2016-06-28,420.3,428.4,417.05,422.35,596092,,,
2016-06-29,426.1,427.95,423.55,425.0,286360,,,
2016-06-30,425.55,434.0,425.05,430.4,750717,,,
2016-07-01,433.05,445.9,433.05,443.75,615216,,,
2016-07-04,445.5,450.5,440.25,441.25,389455,,,
2016-07-05,441.1,444.45,437.1,441.85,197685,,,
2016-07-07,442.0,448.0,436.3,437.6,424108,,,
2016-07-08,437.5,438.85,427.6,433.25,340766,,,
2016-07-11,435.1,443.85,435.1,441.95,190291,,,
2016-07-12,444.0,451.7,443.1,450.3,588156,,,
2016-07-13,454.0,454.4,444.6,447.95,390564,,,
2016-07-14,448.0,460.75,446.85,458.95,497997,,,
2016-07-15,462.9,463.4,450.95,452.75,372733,,,
2016-07-18,453.3,457.25,449.55,450.55,253234,,,
2016-07-19,451.0,455.65,448.6,451.0,300261,,,
2016-07-20,450.0,465.9,450.0,463.6,463038,,,
2016-07-21,467.0,469.9,455.1,457.0,550799,,,
2016-07-22,457.0,462.5,453.0,459.35,232288,,,
2016-07-25,459.3,469.5,456.7,466.35,359241,,,
2016-07-26,469.25,471.4,457.2,459.75,504581,,,
2016-07-27,459.5,463.95,451.0,458.15,474513,,,
2016-07-28,458.15,472.0,456.5,466.7,624080,,,
2016-07-29,472.0,478.45,468.0,474.55,536936,,,
2016-08-01,477.5,481.1,469.5,474.25,1048522,,,
2016-08-02,463.5,465.9,456.3,457.8,368462,,,
2016-08-03,457.8,459.5,449.65,454.05,525087,,,
2016-08-04,454.65,461.35,453.5,455.35,538150,,,
2016-08-05,457.8,483.0,456.95,476.25,1505520,,,
2016-08-08,481.15,483.0,467.0,468.65,543915,,,
2016-08-09,471.4,471.4,460.3,463.2,162939,,,
2016-08-10,464.25,524.7,456.6,504.1,7588674,,,
2016-08-11,508.45,517.2,488.6,497.9,2946249,,,
2016-08-12,498.5,504.5,490.4,495.05,791038,,,
2016-08-16,492.95,505.95,488.7,503.05,898573,,,
2016-08-17,502.0,514.9,496.0,510.4,659825,,,
2016-08-18,512.9,523.85,511.2,517.95,771402,,,
2016-08-19,517.05,549.0,513.0,543.95,2575225,,,
2016-08-22,545.95,545.95,530.0,531.3,944713,,,
2016-08-23,534.55,557.4,528.0,555.45,2277770,,,
2016-08-24,558.0,563.9,551.1,555.75,1331075,,,
2016-08-25,554.95,557.95,548.9,552.8,527447,,,
2016-08-26,549.1,569.65,549.1,565.3,1813291,,,
2016-08-29,565.0,572.65,559.4,562.3,891410,,,
2016-08-30,564.8,569.7,552.8,557.25,596464,,,
2016-08-31,558.4,563.9,552.25,556.15,802839,,,
2016-09-01,556.4,561.5,543.1,552.75,978832,,,
2016-09-02,554.0,563.45,550.85,558.95,757335,,,
2016-09-06,560.0,563.65,556.5,559.1,465299,,,
2016-09-07,560.0,576.0,558.25,568.75,1774356,,,
2016-09-08,572.0,574.6,562.15,565.4,405964,,,
2016-09-09,566.45,570.0,559.05,560.4,323891,,,
2016-09-12,551.0,551.0,526.1,530.4,1171779,,,
2016-09-14,529.0,559.5,529.0,555.65,1104053,,,
2016-09-15,558.0,558.7,544.45,548.1,482369,,,
2016-09-16,552.0,562.4,544.05,553.1,1450970,,,
2016-09-19,553.9,559.6,551.25,554.05,330501,,,
2016-09-20,558.0,558.25,545.45,547.1,404718,,,
2016-09-21,547.1,552.7,541.15,543.35,685033,,,
2016-09-22,550.0,556.9,545.55,553.35,704379,,,
2016-09-23,554.0,558.5,545.2,546.7,742165,,,
2016-09-26,547.0,550.85,538.05,540.0,490940,,,
2016-09-27,540.0,545.5,532.0,534.35,613655,,,
2016-09-28,536.2,542.9,528.6,541.05,836313,,,
2016-09-29,546.95,546.95,504.4,509.1,1048793,,,
2016-09-30,513.9,529.45,509.15,524.6,941464,,,
2016-10-03,528.0,537.8,527.0,535.85,707374,,,
2016-10-04,541.15,542.9,533.1,535.95,780294,,,
2016-10-05,538.0,554.9,535.8,551.75,1318429,,,
2016-10-06,554.75,557.5,538.65,540.95,921103,,,
2016-10-07,544.0,547.95,539.0,540.3,622515,,,
2016-10-10,544.4,551.85,542.1,544.95,579728,,,
2016-10-13,544.45,544.45,526.1,532.15,634303,,,
2016-10-14,534.95,546.15,532.0,541.4,721859,,,
2016-10-17,543.0,547.3,531.65,535.3,530721,,,
2016-10-18,539.0,545.45,539.0,540.6,714366,,,
2016-10-19,544.0,569.5,541.0,566.55,1772693,,,
2016-10-20,569.5,573.45,562.5,565.9,1403967,,,
2016-10-21,568.95,582.1,567.2,580.6,1766367,,,
2016-10-24,583.9,586.1,572.6,578.25,721291,,,
2016-10-25,567.0,571.9,552.55,566.65,3708169,,,
2016-10-26,565.0,573.95,539.05,548.95,828917,,,
2016-10-27,525.0,541.9,524.25,539.65,3698411,,,
2016-10-28,535.35,548.8,535.35,544.65,1045079,,,
2016-10-30,545.0,546.35,540.0,542.0,73452,,,
2016-11-01,545.0,554.0,540.55,547.9,508300,,,
2016-11-02,543.05,545.0,527.7,529.35,730464,,,
2016-11-03,529.0,536.9,503.15,510.7,1462185,,,
2016-11-04,511.0,516.95,505.1,510.8,1117449,,,
2016-11-07,515.0,521.6,508.6,510.65,465296,,,
2016-11-08,515.9,515.9,505.65,511.7,271628,,,
2016-11-09,490.0,501.6,462.7,495.3,727491,,,
2016-11-10,499.9,517.0,499.9,505.8,615673,,,
2016-11-11,495.55,503.0,478.65,483.35,1176725,,,
2016-11-15,483.0,483.25,459.3,474.1,633686,,,
2016-11-16,480.0,483.3,461.05,471.15,371448,,,
2016-11-17,469.2,474.7,453.5,467.2,520569,,,
2016-11-18,467.2,475.0,459.0,464.15,283682,,,
2016-11-21,464.15,468.35,444.5,449.25,1115411,,,
2016-11-22,450.0,460.0,446.0,457.6,418263,,,
2016-11-23,457.6,474.2,451.0,460.3,559088,,,
2016-11-24,462.0,465.0,455.5,457.9,1440170,,,
2016-11-25,457.9,469.0,456.1,465.9,301242,,,
2016-11-28,467.8,481.65,466.35,476.6,534359,,,
2016-11-29,477.7,482.35,465.75,469.75,768164,,,
2016-11-30,470.15,481.2,468.85,479.4,621358,,,
2016-12-01,483.0,483.0,471.0,477.2,555283,,,
2016-12-02,475.0,480.0,467.7,470.35,466063,,,
2016-12-05,470.3,478.9,468.1,475.45,188630,,,
2016-12-06,480.0,503.7,478.9,494.95,2131154,,,
2016-12-07,498.0,499.75,483.5,493.3,548888,,,
2016-12-08,498.0,508.0,496.4,499.75,933895,,,
2016-12-09,504.9,513.0,500.6,503.25,793149,,,
2016-12-12,502.05,504.2,485.6,487.0,412391,,,
2016-12-13,491.9,493.35,480.5,484.7,366778,,,
2016-12-14,484.5,492.0,474.1,476.4,486710,,,
2016-12-15,472.0,481.9,467.85,479.35,389644,,,
2016-12-16,479.8,485.95,473.5,478.55,442384,,,
2016-12-19,477.0,490.7,476.85,489.05,669272,,,
2016-12-20,490.6,491.9,484.8,488.2,893056,,,
2016-12-21,488.2,492.0,486.1,488.9,425404,,,
2016-12-22,485.0,491.5,484.65,487.2,479888,,,
2016-12-23,488.0,491.3,481.9,486.5,412653,,,
2016-12-26,484.0,485.0,472.4,475.3,546623,,,
2016-12-27,477.0,490.0,473.5,486.9,311018,,,
2016-12-28,488.0,494.75,487.0,489.0,366808,,,
2016-12-29,486.0,497.75,486.0,493.7,662888,,,
2016-12-30,493.6,504.9,490.0,503.0,404738,,,
2017-01-02,506.0,513.0,505.45,506.95,606623,,,
2017-01-03,508.8,510.95,500.1,509.75,498357,,,
2017-01-04,511.25,517.35,503.4,505.1,548552,,,
2017-01-05,509.0,511.0,503.65,508.15,515847,,,
2017-01-06,512.95,514.5,506.0,507.8,389380,,,
2017-01-09,508.2,513.6,504.5,512.4,421451,,,
2017-01-10,514.6,516.0,507.2,510.25,757264,,,
2017-01-11,510.9,519.95,507.5,517.8,874389,,,
2017-01-12,518.0,520.0,513.0,515.45,416344,,,
2017-01-13,520.6,524.05,514.0,517.6,526040,,,
2017-01-16,517.45,521.5,514.05,518.45,278067,,,
2017-01-17,518.45,527.2,518.25,521.5,549254,,,
2017-01-18,522.9,536.4,522.2,529.35,1188232,,,
2017-01-19,527.85,533.0,526.0,526.8,305264,,,
2017-01-20,527.0,530.15,511.7,512.8,405528,,,
2017-01-23,513.8,517.4,508.3,512.15,496061,,,
2017-01-24,514.9,524.4,510.7,520.85,558720,,,
2017-01-25,522.6,544.8,520.55,541.3,1599089,,,
2017-01-27,541.2,547.9,537.45,542.95,1095539,,,
2017-01-30,541.15,546.65,535.8,541.0,467225,,,
2017-01-31,541.65,549.4,536.4,544.55,1103811,,,
2017-02-01,548.8,555.3,540.1,553.75,715970,,,
2017-02-02,550.0,568.3,547.1,561.4,905019,,,
2017-02-03,562.0,564.75,557.0,560.5,315552,,,
2017-02-06,560.0,566.0,557.3,560.75,434485,,,
2017-02-07,561.45,563.75,552.4,556.3,232921,,,
2017-02-08,559.0,578.2,558.2,573.3,1841501,,,
2017-02-09,576.0,581.3,565.5,570.3,1127454,,,
2017-02-10,573.0,577.4,565.0,567.35,345105,,,
2017-02-13,567.45,570.3,561.0,563.85,412489,,,
2017-02-14,564.0,566.9,557.2,564.4,322505,,,
2017-02-15,564.4,566.0,550.0,551.3,369557,,,
2017-02-16,551.1,569.9,549.05,567.1,405292,,,
2017-02-17,568.0,570.0,557.75,562.85,336439,,,
2017-02-20,563.95,572.25,561.0,569.4,276257,,,
2017-02-21,570.0,583.1,567.0,581.35,532854,,,
2017-02-22,585.0,591.0,581.7,583.85,1023533,,,
2017-02-23,584.0,585.35,573.3,576.15,1422381,,,
2017-02-27,576.75,578.0,563.15,566.5,578296,,,
2017-02-28,568.05,571.95,558.6,560.45,468069,,,
2017-03-01,563.55,570.15,557.35,568.2,647663,,,
2017-03-02,571.9,573.55,559.25,561.65,362975,,,
2017-03-03,561.7,564.85,549.65,562.65,493119,,,
2017-03-06,568.95,577.85,561.25,568.05,841578,,,
2017-03-07,571.0,578.8,566.2,575.1,677339,,,
2017-03-08,573.7,576.0,562.1,566.5,420575,,,
2017-03-09,565.0,567.9,560.15,562.65,392104,,,
2017-03-10,565.9,565.9,555.35,559.5,233102,,,
2017-03-14,565.0,569.45,562.3,564.7,261817,,,
2017-03-15,560.0,568.8,551.25,564.55,758474,,,
2017-03-16,565.0,582.0,563.75,580.5,1610755,,,
2017-03-17,584.0,592.0,575.05,577.6,669490,,,
2017-03-20,582.0,582.0,571.0,575.75,268679,,,
2017-03-21,576.0,581.65,571.6,578.5,329220,,,
2017-03-22,577.0,577.0,566.85,573.1,238934,,,
2017-03-23,572.0,577.8,569.3,576.5,233289,,,
2017-03-24,573.05,583.6,572.8,577.15,343604,,,
2017-03-27,579.0,586.0,572.0,583.3,467677,,,
2017-03-28,587.0,594.5,585.0,592.0,1120697,,,
2017-03-29,597.7,604.0,592.15,594.05,1084449,,,
2017-03-30,595.8,601.0,591.9,594.55,640184,,,
2017-03-31,594.55,606.5,591.6,598.75,480922,,,
2017-04-03,601.0,604.65,595.6,598.75,380150,,,
2017-04-05,596.15,614.0,595.05,611.55,655728,,,
2017-04-06,611.9,615.25,603.9,606.85,500422,,,
2017-04-07,604.2,610.4,601.15,605.05,272031,,,
2017-04-10,607.0,620.95,604.05,615.55,1331634,,,
2017-04-11,618.8,622.8,616.45,618.45,466698,,,
2017-04-12,619.0,624.25,607.6,622.25,482540,,,
2017-04-13,620.95,623.6,614.3,616.25,263019,,,
2017-04-17,616.25,632.1,610.35,629.55,553720,,,
2017-04-18,631.0,633.7,619.9,622.2,418019,,,
2017-04-19,623.0,641.4,619.7,638.5,539369,,,
2017-04-20,640.0,644.5,634.75,640.25,275569,,,
2017-04-21,640.25,645.7,634.05,638.25,311188,,,
2017-04-24,638.25,641.5,632.1,635.8,330064,,,
2017-04-25,636.0,642.7,633.65,638.7,275182,,,
2017-04-26,638.5,661.5,637.25,656.35,1711249,,,
2017-04-27,662.0,662.95,647.9,653.7,486657,,,
2017-04-28,656.0,659.0,648.85,656.8,165820,,,
2017-05-02,656.8,659.95,647.25,654.5,175289,,,
2017-05-03,651.0,657.0,644.0,646.65,505238,,,
2017-05-04,648.7,666.5,644.1,659.0,676641,,,
2017-05-05,658.7,658.7,623.35,635.65,413716,,,
2017-05-08,639.7,644.65,630.5,633.45,391126,,,
2017-05-09,633.1,641.3,631.55,635.95,324657,,,
2017-05-10,634.7,649.3,634.05,644.35,789033,,,
2017-05-11,646.3,649.0,634.1,638.1,292390,,,
2017-05-12,638.0,641.95,624.2,628.4,224589,,,
2017-05-15,628.9,636.8,627.1,629.8,348768,,,
2017-05-16,629.9,647.0,629.9,643.9,426939,,,
2017-05-17,645.0,647.0,636.05,638.1,304687,,,
2017-05-18,635.0,635.0,622.2,624.9,470858,,,
2017-05-19,628.0,635.6,610.0,616.45,285139,,,
2017-05-22,612.1,624.4,596.4,598.9,401429,,,
2017-05-23,595.1,609.45,580.95,601.9,739125,,,
2017-05-24,604.0,609.9,591.55,596.05,374373,,,
2017-05-25,596.55,619.0,596.55,615.25,472017,,,
2017-05-26,617.3,625.95,606.0,610.4,1217053,,,
2017-05-29,612.0,617.9,605.0,608.25,532092,,,
2017-05-30,609.0,629.5,601.75,627.15,467679,,,
2017-05-31,630.0,632.95,622.45,628.3,333451,,,
2017-06-01,632.0,641.0,630.0,637.45,545589,,,
2017-06-02,638.5,645.9,636.85,639.7,622003,,,
2017-06-05,641.8,647.9,631.8,637.75,619030,,,
2017-06-06,637.9,640.0,620.15,621.5,388282,,,
2017-06-07,624.0,629.95,618.05,624.95,594558,,,
2017-06-08,627.0,629.0,612.6,614.25,329876,,,
2017-06-09,616.0,623.0,610.55,620.45,288565,,,
2017-06-12,621.0,629.45,615.0,618.4,534797,,,
2017-06-13,620.0,625.75,614.9,616.55,347822,,,
2017-06-14,618.0,619.45,612.1,614.8,413128,,,
2017-06-15,615.0,621.9,609.75,612.0,236540,,,
2017-06-16,612.4,618.95,610.1,611.85,173600,,,
2017-06-19,614.0,622.95,613.35,615.9,470044,,,
2017-06-20,619.0,625.5,617.5,621.3,435554,,,
2017-06-21,623.5,631.9,618.3,620.95,759234,,,
2017-06-22,621.7,625.55,613.45,615.8,192837,,,
2017-06-23,615.8,617.65,598.45,605.9,618279,,,
2017-06-27,606.3,607.8,587.55,592.45,326655,,,
2017-06-28,592.0,602.95,585.0,597.5,653181,,,
2017-06-29,597.5,605.75,592.65,600.75,531463,,,
2017-06-30,602.0,609.85,588.85,606.95,260092,,,
2017-07-03,620.0,625.95,611.5,623.7,783075,,,
2017-07-04,629.4,631.75,623.0,625.55,733045,,,
2017-07-05,625.0,647.1,622.85,644.0,1513309,,,
2017-07-06,653.95,657.45,642.2,645.15,1658885,,,
2017-07-07,645.0,653.5,639.0,648.5,1021504,,,
2017-07-10,648.7,655.0,647.7,648.9,61841,,,
2017-07-11,650.0,652.0,634.75,637.3,618174,,,
2017-07-12,640.0,649.7,638.0,642.4,602803,,,
2017-07-13,643.85,645.7,637.7,641.0,341127,,,
2017-07-14,640.8,642.35,633.2,639.2,447766,,,
2017-07-17,639.85,641.85,628.2,629.75,689100,,,
2017-07-18,630.7,634.85,621.0,623.0,587324,,,
2017-07-19,624.7,631.25,623.3,628.35,601006,,,
2017-07-20,628.1,630.35,623.6,626.1,244824,,,
2017-07-21,627.4,628.05,618.65,623.2,684735,,,
2017-07-24,624.65,627.9,615.1,617.65,311004,,,
2017-07-25,617.05,625.6,617.05,618.15,276106,,,
2017-07-26,617.1,630.1,617.1,626.1,570537,,,
2017-07-27,627.5,634.7,618.95,620.8,575178,,,
2017-07-28,625.0,628.8,619.55,623.8,452522,,,
2017-07-31,612.7,622.25,611.5,619.9,537150,,,
2017-08-01,620.05,624.35,613.0,614.1,315243,,,
2017-08-02,618.95,622.35,610.3,612.25,461110,,,
2017-08-03,617.25,617.7,596.75,600.15,637146,,,
2017-08-04,600.7,607.55,594.2,606.35,1222797,,,
2017-08-07,607.95,611.75,605.05,607.0,352116,,,
2017-08-08,609.0,613.55,592.15,596.05,545816,,,
2017-08-09,582.45,584.9,562.5,579.05,2197681,,,
2017-08-10,574.1,587.9,560.4,576.75,1066641,,,
2017-08-11,566.1,583.8,560.45,578.35,785813,,,
2017-08-14,574.25,594.0,574.25,592.0,315373,,,
2017-08-16,595.0,603.9,586.0,601.1,366767,,,
2017-08-17,603.5,605.3,588.85,591.35,377020,,,
2017-08-18,586.15,598.8,583.55,592.7,465032,,,
2017-08-21,594.0,598.7,585.3,586.5,422721,,,
2017-08-22,587.2,594.7,576.5,582.8,509709,,,
2017-08-23,585.1,592.0,582.8,588.1,513770,,,
2017-08-24,590.95,597.55,575.0,583.85,394780,,,
2017-08-28,586.0,595.2,584.0,589.7,1117309,,,
2017-08-29,590.1,596.8,585.0,586.6,339087,,,
2017-08-30,590.0,596.6,586.0,588.85,598100,,,
2017-08-31,592.0,593.4,582.1,584.05,753076,,,
2017-09-01,586.85,591.65,584.0,586.55,192521,,,
2017-09-04,587.45,589.5,571.0,580.55,1012245,,,
2017-09-05,582.0,584.6,574.25,575.35,1051498,,,
2017-09-06,572.0,583.4,568.1,580.15,586041,,,
2017-09-07,575.35,622.5,575.35,616.95,2093670,,,
2017-09-08,625.0,628.0,613.55,623.6,1699372,,,
2017-09-11,629.8,630.0,618.0,619.5,389368,,,
2017-09-12,623.1,636.0,623.0,633.3,870084,,,
2017-09-13,639.95,647.0,632.05,636.35,2145011,,,
2017-09-14,651.25,653.75,635.0,636.65,1071997,,,
2017-09-15,636.7,640.7,628.25,636.95,426433,,,
2017-09-18,640.0,646.5,637.25,644.45,508334,,,
2017-09-19,647.5,667.5,642.0,657.6,2078420,,,
2017-09-20,660.9,660.9,643.1,645.8,807541,,,
2017-09-21,646.0,649.55,636.0,639.7,574454,,,
2017-09-22,638.95,638.95,612.25,614.45,956415,,,
2017-09-25,616.0,622.7,597.45,615.75,520244,,,
2017-09-26,615.0,633.55,612.95,625.55,530400,,,
2017-09-27,628.9,628.9,612.2,621.7,396924,,,
2017-09-28,624.0,641.9,611.0,635.4,2137711,,,
2017-09-29,639.7,645.5,631.0,643.15,1131247,,,
2017-10-03,646.0,648.25,637.05,639.55,400963,,,
2017-10-04,639.2,644.65,634.4,637.2,291915,,,
2017-10-05,636.85,685.05,636.85,664.3,1751160,,,
2017-10-06,677.0,687.75,668.25,678.75,2375254,,,
2017-10-09,684.0,692.0,678.4,681.0,1215059,,,
2017-10-10,684.95,687.3,677.65,681.4,407982,,,
2017-10-11,684.95,702.3,672.5,681.85,2970269,,,
2017-10-12,687.0,701.8,681.0,694.55,1220700,,,
2017-10-13,694.65,700.85,687.55,689.2,1131916,,,
2017-10-16,690.25,700.0,685.25,697.8,619521,,,
2017-10-17,699.7,724.95,698.1,722.1,3099908,,,
2017-10-18,721.2,731.0,716.8,726.2,2982683,,,
2017-10-19,727.0,728.0,713.85,719.6,248773,,,
2017-10-23,720.5,734.0,720.5,730.0,1073023,,,
2017-10-24,734.95,751.5,729.0,746.0,1808267,,,
2017-10-25,748.0,750.0,734.0,741.6,567828,,,
2017-10-26,742.0,765.6,734.5,757.8,2523700,,,
2017-10-27,759.0,760.0,739.3,743.55,670625,,,
2017-10-30,745.85,755.6,737.15,740.6,421733,,,
2017-10-31,740.5,747.8,730.75,732.9,582996,,,
2017-11-01,739.0,744.35,727.15,730.2,1985405,,,
2017-11-02,730.2,736.45,712.15,718.95,809337,,,
2017-11-03,733.45,734.0,721.0,730.35,1016413,,,
2017-11-06,734.0,752.35,727.1,734.6,1259063,,,
2017-11-07,749.15,749.15,702.9,711.35,1578645,,,
2017-11-08,712.0,719.8,705.0,710.3,696732,,,
2017-11-09,714.0,724.6,706.5,718.15,658551,,,
2017-11-10,719.0,723.7,710.1,719.3,535580,,,
2017-11-13,720.0,738.0,715.15,724.6,2241251,,,
2017-11-14,721.95,730.0,712.6,715.6,753274,,,
2017-11-15,710.0,722.9,703.2,705.9,483781,,,
2017-11-16,707.0,716.95,705.0,714.6,410367,,,
2017-11-17,716.0,725.0,714.3,716.75,545351,,,
2017-11-20,719.75,741.2,713.0,739.3,920050,,,
2017-11-21,745.95,749.9,732.3,735.0,1143184,,,
2017-11-22,738.0,748.65,729.0,736.8,1053876,,,
2017-11-23,740.0,745.95,731.65,737.75,705241,,,
2017-11-24,737.7,744.0,737.05,740.3,464839,,,
2017-11-27,739.4,753.8,737.6,747.0,689871,,,
2017-11-28,749.9,754.9,740.65,742.95,534035,,,
2017-11-29,746.0,746.7,726.0,729.15,382500,,,
2017-11-30,727.8,736.65,717.6,726.75,998280,,,
2017-12-01,730.05,734.2,708.55,712.35,440774,,,
2017-12-04,719.0,722.75,707.35,714.4,422208,,,
2017-12-05,715.0,720.6,708.2,714.65,408420,,,
2017-12-06,713.0,717.2,706.45,710.45,562212,,,
2017-12-07,711.0,723.9,711.0,719.8,564879,,,
2017-12-08,726.0,727.5,718.15,720.05,434804,,,
2017-12-11,725.0,740.0,720.05,737.8,965599,,,
2017-12-12,743.7,746.5,725.05,727.35,889494,,,
2017-12-13,727.35,734.15,707.45,711.3,584904,,,
2017-12-14,715.1,719.9,709.2,718.0,340963,,,
2017-12-15,722.0,728.0,717.2,718.8,382948,,,
2017-12-18,719.05,726.0,681.0,720.25,513480,,,
2017-12-19,722.0,731.0,722.0,727.0,339666,,,
2017-12-20,729.95,739.9,725.35,732.35,829782,,,
2017-12-21,736.0,740.5,731.0,736.05,477379,,,
2017-12-22,739.0,744.8,731.25,734.6,640764,,,
2017-12-26,734.05,739.05,729.0,731.9,500972,,,
2017-12-27,732.05,746.0,728.0,736.3,1127030,,,
2017-12-28,738.05,740.35,728.5,730.65,652606,,,
2017-12-29,733.95,736.5,728.1,731.55,583611,,,
2018-01-01,731.55,735.4,723.0,726.0,186817,,,
2018-01-02,727.0,739.7,713.85,730.1,628104,,,
2018-01-03,745.7,766.6,739.05,755.9,3451560,,,
2018-01-04,756.5,762.5,750.6,754.4,899967,,,
2018-01-05,756.0,762.8,748.2,757.6,844578,,,
2018-01-08,760.0,772.0,754.2,767.1,1412638,,,
2018-01-09,769.95,780.0,762.65,765.45,1207526,,,
2018-01-10,768.0,768.7,758.0,762.95,441435,,,
2018-01-11,769.0,782.0,763.0,771.0,1727245,,,
2018-01-12,774.0,779.5,755.5,764.65,1047722,,,
2018-01-15,769.65,774.35,759.25,766.5,733501,,,
2018-01-16,767.0,769.4,736.25,740.95,698181,,,
2018-01-17,740.95,751.5,719.25,749.6,606200,,,
2018-01-18,755.0,758.0,716.55,728.65,1019204,,,
2018-01-19,731.45,734.9,717.2,724.65,644579,,,
2018-01-22,728.0,739.0,719.0,735.8,837925,,,
2018-01-23,740.0,741.05,727.15,732.6,380662,,,
2018-01-24,734.0,734.5,721.95,729.2,402364,,,
2018-01-25,730.0,734.2,713.95,717.3,1308813,,,
2018-01-29,720.05,727.4,718.0,720.55,299763,,,
2018-01-30,721.0,722.05,709.4,714.65,303621,,,
2018-01-31,713.8,722.0,708.65,719.0,926013,,,
2018-02-01,721.7,726.0,707.05,718.95,1158653,,,
2018-02-02,712.0,713.85,680.3,692.25,1223666,,,
2018-02-05,682.0,700.0,662.05,695.45,886221,,,
2018-02-06,671.2,699.7,658.05,686.2,927501,,,
2018-02-07,697.0,704.25,678.5,680.85,790565,,,
2018-02-08,685.95,712.0,681.1,708.15,1469372,,,
2018-02-09,698.1,705.8,692.05,700.75,1210510,,,
2018-02-12,704.0,719.3,696.2,715.5,641361,,,
2018-02-14,718.9,723.0,710.75,714.5,777282,,,
2018-02-15,715.0,727.35,710.3,719.0,946599,,,
2018-02-16,722.0,726.7,704.85,718.65,875430,,,
2018-02-19,721.0,721.35,701.1,710.35,339606,,,
2018-02-20,710.8,715.0,700.0,704.25,602741,,,
2018-02-21,706.0,709.35,695.6,699.75,752851,,,
2018-02-22,695.0,705.0,692.1,696.85,530302,,,
2018-02-23,699.0,708.5,698.1,706.75,300185,,,
2018-02-26,711.9,718.3,707.2,711.05,351249,,,
2018-02-27,714.5,715.1,700.5,703.8,557745,,,
2018-02-28,699.8,710.5,698.0,704.65,477028,,,
2018-03-01,704.0,708.65,696.05,699.7,591242,,,
2018-03-05,698.15,698.9,673.0,677.6,684324,,,
2018-03-06,681.0,689.0,671.5,673.6,601845,,,
2018-03-07,673.8,681.0,669.15,677.4,731561,,,
2018-03-08,682.0,700.35,666.95,695.05,1086444,,,
2018-03-09,699.8,699.95,680.75,686.9,558095,,,
2018-03-12,692.55,693.0,681.15,689.55,255384,,,
2018-03-13,687.1,698.6,687.1,691.25,667251,,,
2018-03-14,691.05,693.4,683.4,688.9,355614,,,
2018-03-15,688.1,694.4,681.25,683.35,485178,,,
2018-03-16,682.0,689.0,677.0,682.1,373392,,,
2018-03-19,679.0,682.55,663.3,667.05,668773,,,
2018-03-20,664.0,676.0,658.0,671.7,571338,,,
2018-03-21,671.0,680.55,666.8,669.1,307362,,,
2018-03-22,669.1,673.8,662.95,666.05,364267,,,
2018-03-23,650.0,669.55,650.0,667.5,333100,,,
2018-03-26,670.0,687.45,661.4,678.7,554915,,,
2018-03-27,677.2,694.0,677.2,690.65,413012,,,
2018-03-28,690.1,691.75,674.0,677.15,860375,,,
2018-04-02,683.95,693.75,679.25,691.3,524043,,,
2018-04-03,698.95,721.6,697.75,716.8,2523908,,,
2018-04-04,721.95,722.0,706.0,708.05,710705,,,
2018-04-05,712.5,728.45,711.95,715.6,893018,,,
2018-04-06,721.5,728.0,713.0,724.05,536188,,,
2018-04-09,730.0,731.35,719.0,720.25,911604,,,
2018-04-10,721.05,725.45,717.0,720.9,571327,,,
2018-04-11,721.1,722.25,712.2,718.1,314432,,,
2018-04-12,717.0,727.8,714.25,725.65,437308,,,
2018-04-13,730.0,733.95,721.15,727.55,691054,,,
2018-04-16,726.0,740.65,721.2,737.9,1103099,,,
2018-04-17,743.5,747.0,736.6,738.9,1137927,,,
2018-04-18,745.3,746.8,730.8,735.95,716807,,,
2018-04-19,735.0,742.4,729.0,738.05,752482,,,
2018-04-20,736.55,738.85,728.5,734.8,282896,,,
2018-04-23,734.8,735.95,729.35,731.75,250258,,,
2018-04-24,729.0,735.65,723.8,729.35,243718,,,
2018-04-25,728.5,729.8,711.75,718.0,633941,,,
2018-04-26,719.9,729.8,714.3,722.75,1283567,,,
2018-04-27,723.0,742.2,718.6,736.95,637514,,,
2018-04-30,741.0,775.85,740.05,763.75,2393345,,,
2018-05-02,770.05,785.55,757.2,767.2,2105546,,,
2018-05-03,766.95,778.0,760.6,769.35,1200547,,,
2018-05-04,769.0,787.5,760.0,765.9,1690852,,,
2018-05-07,769.4,769.4,752.85,758.45,633814,,,
2018-05-08,761.0,772.0,759.2,766.3,1111872,,,
2018-05-09,770.0,773.9,764.2,765.3,758225,,,
2018-05-10,766.0,772.4,760.4,768.75,1033867,,,
2018-05-11,770.0,778.9,763.5,775.6,677906,,,
2018-05-14,784.9,786.45,713.6,776.3,1743792,,,
2018-05-15,772.25,778.3,741.6,744.4,1184700,,,
2018-05-16,736.1,750.7,727.0,729.55,554248,,,
2018-05-17,735.0,752.45,729.1,744.9,737879,,,
2018-05-18,744.15,745.4,714.8,719.5,674552,,,
2018-05-21,727.0,759.0,709.0,734.95,2512885,,,
2018-05-22,733.95,733.95,720.05,727.75,930780,,,
2018-05-23,727.0,734.5,719.1,723.0,955476,,,
2018-05-24,723.65,726.95,707.0,717.65,495597,,,
2018-05-25,718.4,742.3,718.4,735.1,926338,,,
2018-05-28,736.5,746.4,728.0,739.9,467342,,,
2018-05-29,742.9,743.0,722.05,725.0,305939,,,
2018-05-30,723.9,734.0,719.1,728.25,446845,,,
2018-05-31,729.4,748.0,729.3,741.4,1380216,,,
2018-06-01,747.9,747.9,732.1,735.35,1010232,,,
2018-06-04,737.1,738.85,724.5,732.05,519306,,,
2018-06-05,730.0,732.0,707.5,725.85,617860,,,
2018-06-06,728.95,734.8,721.1,730.7,1152375,,,
2018-06-07,727.1,743.0,725.2,739.95,821173,,,
2018-06-08,737.5,743.45,731.15,739.05,521629,,,
2018-06-11,741.95,749.05,729.7,732.4,528541,,,
2018-06-12,731.0,747.75,728.15,745.2,515185,,,
2018-06-13,742.4,743.05,731.6,741.35,618396,,,
2018-06-14,739.5,740.25,733.5,739.1,326626,,,
2018-06-15,738.0,744.0,729.65,739.7,679782,,,
2018-06-18,740.0,744.0,730.0,732.4,297608,,,
2018-06-19,732.4,732.4,719.15,724.1,377308,,,
2018-06-20,725.0,732.55,715.75,729.75,236118,,,
2018-06-21,728.1,739.95,726.1,729.05,606392,,,
2018-06-22,726.05,728.5,715.1,719.5,542475,,,
2018-06-25,718.0,723.7,715.25,716.6,293993,,,
2018-06-26,713.1,713.25,698.25,706.8,517118,,,
2018-06-27,705.5,712.8,701.05,707.0,648866,,,
2018-06-28,705.0,706.8,682.5,689.6,572346,,,
2018-06-29,691.4,701.0,685.25,697.85,348712,,,
2018-07-02,700.0,701.0,681.05,692.2,348521,,,
2018-07-03,687.3,718.0,685.0,703.65,678080,,,
2018-07-04,703.65,705.0,689.8,691.65,358908,,,
2018-07-05,692.6,696.0,683.4,693.4,370107,,,
2018-07-06,691.6,704.45,688.0,702.25,384491,,,
2018-07-09,704.1,716.4,704.1,711.95,557938,,,
2018-07-10,714.0,726.8,707.2,710.3,504671,,,
2018-07-11,708.4,716.9,698.6,705.35,651085,,,
2018-07-12,707.5,716.2,707.25,713.75,561134,,,
2018-07-13,720.0,720.2,704.0,706.1,520976,,,
2018-07-16,682.9,684.5,667.0,669.45,530357,,,
2018-07-17,669.85,686.7,662.35,683.95,462862,,,
2018-07-18,686.0,692.4,663.1,667.4,553527,,,
2018-07-19,668.05,677.65,657.0,666.75,615433,,,
2018-07-20,669.0,670.45,658.95,660.15,310769,,,
2018-07-23,662.0,674.75,656.0,669.7,623940,,,
2018-07-24,670.0,682.65,667.85,670.55,479280,,,
2018-07-25,672.0,678.05,666.0,672.2,374649,,,
2018-07-26,672.25,682.25,669.6,673.85,582994,,,
2018-07-27,674.0,687.55,673.9,679.45,301600,,,
2018-07-30,680.0,689.05,678.25,685.25,256631,,,
2018-07-31,684.25,694.25,680.85,688.9,291731,,,
2018-08-01,690.0,692.0,682.6,684.9,224066,,,
2018-08-02,684.95,699.3,676.4,690.1,497811,,,
2018-08-03,690.05,703.0,686.15,693.05,796655,,,
2018-08-06,694.2,701.0,690.2,693.0,200247,,,
2018-08-07,693.05,695.8,664.4,668.35,999045,,,
2018-08-08,669.95,684.0,666.0,671.65,731186,,,
2018-08-09,674.95,678.8,670.0,674.6,215662,,,
2018-08-10,675.45,678.5,670.0,672.8,425905,,,
2018-08-13,669.1,681.0,665.4,675.85,360175,,,
2018-08-14,674.5,682.8,648.25,677.75,2817869,,,
2018-08-16,680.25,704.9,674.0,694.95,1509612,,,
2018-08-17,702.0,713.75,694.1,707.8,836929,,,
2018-08-20,714.95,715.3,697.75,703.65,1215007,,,
2018-08-21,707.65,710.85,700.0,708.25,417098,,,
2018-08-23,712.0,714.55,702.0,709.05,421081,,,
2018-08-24,710.3,733.15,710.1,729.85,1878469,,,
2018-08-27,734.9,750.65,726.85,748.95,1642277,,,
2018-08-28,750.5,757.4,741.0,749.4,1052608,,,
2018-08-29,750.8,762.5,750.1,757.7,1045933,,,
2018-08-30,754.25,766.6,744.55,759.9,1093443,,,
2018-08-31,757.5,769.8,754.55,759.65,492332,,,
2018-09-03,760.0,782.0,756.0,767.95,1081754,,,
2018-09-04,765.0,765.0,744.35,748.75,972580,,,
2018-09-05,741.2,748.95,733.95,740.9,771705,,,
2018-09-06,743.0,758.9,738.0,743.9,589823,,,
2018-09-07,743.0,764.85,739.0,760.6,669449,,,
2018-09-10,759.65,763.0,745.1,747.0,366378,,,
2018-09-11,745.3,749.05,735.0,738.1,565374,,,
2018-09-12,734.0,751.25,724.75,748.25,304520,,,
2018-09-14,751.0,756.4,742.35,746.7,376884,,,
2018-09-17,746.5,762.5,740.0,751.0,454647,,,
2018-09-18,751.4,752.65,733.5,741.15,402422,,,
2018-09-19,742.55,746.95,734.75,738.75,259730,,,
2018-09-21,738.0,743.95,675.1,736.75,1526712,,,
2018-09-24,734.0,734.05,703.0,707.95,328221,,,
2018-09-25,707.75,717.65,688.25,710.8,380391,,,
2018-09-26,712.1,712.95,695.2,699.0,296103,,,
2018-09-27,697.1,698.75,679.3,681.85,560271,,,
2018-09-28,682.1,697.8,675.75,692.4,731534,,,
2018-10-01,696.55,696.55,670.5,690.5,368383,,,
2018-10-03,692.0,696.0,666.05,669.25,507086,,,
2018-10-04,660.0,671.95,650.5,660.25,363673,,,
2018-10-05,659.0,664.95,646.05,655.55,389183,,,
2018-10-08,655.0,662.5,630.45,640.25,718771,,,
2018-10-09,638.0,643.45,622.0,635.75,371254,,,
2018-10-10,631.5,657.0,628.95,649.5,584279,,,
2018-10-11,639.85,650.15,623.1,634.35,705221,,,
2018-10-12,640.0,659.8,637.3,655.95,416494,,,
2018-10-15,661.0,661.0,641.0,649.8,528471,,,
2018-10-16,657.0,687.0,654.0,676.55,826737,,,
2018-10-17,678.2,686.6,663.75,670.1,408332,,,
2018-10-19,667.7,676.35,652.5,671.95,302069,,,
2018-10-22,674.0,685.0,662.3,669.35,457266,,,
2018-10-23,661.0,676.95,660.0,671.5,380857,,,
2018-10-24,673.0,679.5,661.4,668.35,442383,,,
2018-10-25,661.5,681.5,653.6,666.5,671366,,,
2018-10-26,664.0,675.0,652.5,671.0,436332,,,
2018-10-29,674.0,688.65,667.65,685.2,558422,,,
2018-10-30,686.0,687.95,674.05,681.15,321099,,,
2018-10-31,681.55,690.0,670.4,685.75,287891,,,
2018-11-01,686.8,693.95,679.85,688.0,418515,,,
2018-11-02,694.75,712.3,690.55,696.15,643431,,,
2018-11-05,692.95,693.0,668.0,680.15,1102545,,,
2018-11-06,681.25,703.95,681.25,693.8,545326,,,
2018-11-07,697.9,704.85,697.8,702.35,81891,,,
2018-11-09,704.5,712.55,697.0,699.4,340208,,,
2018-11-12,700.0,707.0,690.25,698.8,287598,,,
2018-11-13,688.55,702.65,680.4,687.05,539666,,,
2018-11-14,692.0,708.8,689.0,699.5,591858,,,
2018-11-15,699.5,703.45,684.15,687.5,383090,,,
2018-11-16,691.95,698.25,686.0,695.85,245985,,,
2018-11-19,698.8,705.0,693.0,700.0,556542,,,
2018-11-20,702.0,708.0,686.85,691.5,657786,,,
2018-11-21,688.15,693.75,679.2,684.95,438506,,,
2018-11-22,687.0,706.8,687.0,699.4,632573,,,
2018-11-26,700.0,707.0,689.95,699.2,426092,,,
2018-11-27,698.0,722.8,696.05,709.05,1519838,,,
2018-11-28,712.0,715.5,689.25,692.5,652285,,,
2018-11-29,693.25,703.95,690.05,699.35,863898,,,
2018-11-30,702.95,715.5,691.0,697.45,1367669,,,
2018-12-03,697.25,703.05,691.2,696.75,333425,,,
2018-12-04,697.05,702.0,681.3,683.3,471713,,,
2018-12-05,682.5,683.65,665.0,666.5,721646,,,
2018-12-06,663.0,675.0,660.65,668.9,778312,,,
2018-12-07,670.0,676.6,662.0,673.95,297103,,,
2018-12-10,666.85,669.95,654.2,657.05,364643,,,
2018-12-11,652.0,677.2,652.0,671.35,215086,,,
2018-12-12,672.35,689.5,672.35,688.0,454245,,,
2018-12-13,690.0,694.95,685.05,690.35,252164,,,
2018-12-14,692.0,695.8,683.3,687.3,218535,,,
2018-12-17,687.0,715.7,687.0,705.45,863343,,,
2018-12-18,707.9,724.55,702.15,715.45,1074991,,,
2018-12-19,715.25,722.6,708.7,711.8,548934,,,
2018-12-20,707.65,727.4,703.2,717.7,730329,,,
2018-12-21,720.0,726.0,701.15,704.6,427860,,,
2018-12-24,704.0,717.0,699.0,710.15,373167,,,
2018-12-26,710.0,714.0,686.75,701.25,461516,,,
2018-12-27,705.0,710.95,698.05,701.85,841680,,,
2018-12-28,705.9,715.0,705.9,709.5,520899,,,
2018-12-31,711.0,720.8,704.95,706.7,704148,,,
2019-01-01,708.0,712.65,704.3,705.3,348294,,,
2019-01-02,706.9,709.05,697.05,700.85,763954,,,
2019-01-03,701.5,705.7,691.1,694.45,452769,,,
2019-01-04,696.0,704.8,694.5,698.45,867853,,,
2019-01-07,702.65,706.0,694.1,699.9,233122,,,
2019-01-08,699.9,705.0,697.0,699.8,232894,,,
2019-01-09,700.15,701.55,692.05,697.15,281106,,,
2019-01-10,695.1,701.15,695.1,699.25,204863,,,
2019-01-11,699.3,700.5,693.65,697.75,169435,,,
2019-01-14,696.9,697.0,691.55,693.05,242412,,,
2019-01-15,696.0,699.0,692.05,695.35,186170,,,
2019-01-16,695.1,702.35,693.15,694.9,238062,,,
2019-01-17,698.0,698.0,690.05,693.1,206158,,,
2019-01-18,691.2,695.85,685.55,693.7,185280,,,
2019-01-21,693.9,697.7,685.5,688.05,236414,,,
2019-01-22,691.0,694.0,677.5,688.25,311208,,,
2019-01-23,688.0,692.5,678.7,681.25,270584,,,
2019-01-24,680.25,690.15,678.25,689.2,379049,,,
2019-01-25,686.0,694.0,679.4,682.45,489577,,,
2019-01-28,680.1,685.6,656.8,661.45,555258,,,
2019-01-29,658.8,671.0,656.3,667.1,398232,,,
2019-01-30,671.0,682.9,666.0,680.3,253234,,,
2019-01-31,677.6,685.95,671.8,674.3,417905,,,
2019-02-01,678.0,679.0,662.0,668.0,398868,,,
2019-02-04,664.65,668.65,655.0,657.35,418631,,,
2019-02-05,657.35,664.3,641.15,645.7,635609,,,
2019-02-06,620.0,632.8,586.35,594.4,5454124,,,
2019-02-07,594.0,602.75,588.9,598.1,1746832,,,
2019-02-08,596.6,605.0,590.95,594.25,985430,,,
2019-02-11,593.0,597.75,580.0,585.05,1106212,,,
2019-02-12,583.0,586.2,566.45,569.0,838047,,,
2019-02-13,569.8,580.65,561.6,565.0,598605,,,
2019-02-14,563.7,569.45,554.5,566.6,466611,,,
2019-02-15,565.2,565.2,550.1,555.15,570688,,,
2019-02-18,556.0,561.95,551.0,554.85,607985,,,
2019-02-19,556.55,572.65,556.0,566.05,709418,,,
2019-02-20,569.55,572.0,562.35,565.05,273104,,,
2019-02-21,569.45,572.5,563.85,565.85,337895,,,
2019-02-22,563.5,569.0,558.0,564.8,417784,,,
2019-02-25,567.8,570.15,562.05,566.55,568359,,,
2019-02-26,563.0,566.45,556.0,558.05,831737,,,
2019-02-27,560.0,564.5,550.4,555.95,599715,,,
2019-02-28,557.5,561.55,554.65,556.35,862923,,,
2019-03-01,559.95,568.4,559.0,564.55,1056040,,,
2019-03-05,566.0,582.5,565.15,579.25,2496733,,,
2019-03-06,588.0,588.0,575.5,577.0,1336357,,,
2019-03-07,575.0,584.9,569.0,580.5,2312088,,,
2019-03-08,589.95,592.0,573.0,577.9,1935478,,,
2019-03-11,580.1,590.0,580.0,588.55,1518962,,,
2019-03-12,594.4,595.0,582.0,583.6,1004491,,,
2019-03-13,583.0,589.1,576.35,578.6,772363,,,
2019-03-14,580.0,584.0,569.05,577.9,843655,,,
2019-03-15,580.0,588.4,576.65,585.75,723120,,,
2019-03-18,586.0,597.95,581.2,589.75,1074693,,,
2019-03-19,596.9,596.9,587.25,591.85,633086,,,
2019-03-20,592.9,594.25,583.35,585.3,356036,,,
2019-03-22,585.95,588.0,575.15,581.15,575026,,,
2019-03-25,580.7,581.5,570.75,574.7,502864,,,
2019-03-26,577.5,585.0,572.5,582.95,574463,,,
2019-03-27,584.35,585.0,577.0,583.5,975539,,,
2019-03-28,584.0,589.4,578.2,587.25,601657,,,
2019-03-29,590.5,594.7,579.2,588.8,1474511,,,
2019-04-01,593.95,599.0,582.6,584.1,675754,,,
2019-04-02,583.15,598.8,583.15,595.45,784210,,,
2019-04-03,599.8,603.9,588.75,590.95,957591,,,
2019-04-04,590.15,608.0,588.2,604.8,1157381,,,
2019-04-05,609.0,612.0,601.3,606.95,939917,,,
2019-04-08,608.5,614.0,602.0,611.95,825462,,,
2019-04-09,611.95,612.25,604.0,608.6,409881,,,
2019-04-10,605.15,614.65,600.65,611.3,634722,,,
2019-04-11,610.0,613.85,603.75,605.7,352027,,,
2019-04-12,603.15,611.0,601.05,607.4,429029,,,
2019-04-15,607.55,615.5,604.4,610.75,329856,,,
2019-04-16,611.4,619.4,610.0,612.25,375355,,,
2019-04-18,612.25,612.25,590.7,597.7,720334,,,
2019-04-22,597.0,597.0,584.05,587.65,427935,,,
2019-04-23,587.0,589.7,581.1,584.15,625215,,,
2019-04-24,584.9,586.9,575.8,582.75,650403,,,
2019-04-25,582.0,583.1,570.7,572.2,846268,,,
2019-04-26,574.0,582.2,572.5,580.4,508646,,,
2019-04-30,583.0,583.6,564.35,577.15,479083,,,
2019-05-02,574.0,585.3,570.05,576.5,382360,,,
2019-05-03,575.0,577.8,552.3,556.5,1964046,,,
2019-05-06,562.0,610.4,561.75,605.2,6516899,,,
2019-05-07,604.0,611.3,592.05,596.0,1523112,,,
2019-05-08,594.05,601.0,584.25,590.25,578846,,,
2019-05-09,589.0,596.5,585.05,589.0,375776,,,
2019-05-10,589.75,594.65,589.0,590.0,333536,,,
2019-05-13,590.95,592.55,570.15,574.9,596008,,,
2019-05-14,575.0,581.5,565.5,574.1,519519,,,
2019-05-15,578.6,578.6,555.3,556.8,478228,,,
2019-05-16,562.0,607.95,553.05,603.6,9149206,,,
2019-05-17,604.0,624.2,600.5,619.75,3411734,,,
2019-05-20,626.1,635.0,607.0,609.45,1988897,,,
2019-05-21,611.4,619.05,599.15,616.4,1640493,,,
2019-05-22,616.5,629.95,616.45,622.5,1078562,,,
2019-05-23,625.5,631.7,611.0,616.35,603604,,,
2019-05-24,617.0,629.8,617.0,628.35,499812,,,
2019-05-27,629.0,637.4,626.9,635.85,699736,,,
2019-05-28,637.0,648.65,631.1,645.4,730089,,,
2019-05-29,647.8,649.9,632.55,635.15,445031,,,
2019-05-30,636.0,640.55,629.0,633.05,618231,,,
2019-05-31,634.7,638.5,628.55,631.1,899278,,,
2019-06-03,632.0,642.75,629.0,630.65,545320,,,
2019-06-04,633.0,645.0,625.3,630.95,1069302,,,
2019-06-06,626.35,632.45,619.25,624.0,582988,,,
2019-06-07,621.0,630.55,621.0,628.55,334864,,,
2019-06-10,629.3,634.35,622.95,627.25,328531,,,
2019-06-11,626.0,641.0,622.3,636.8,395816,,,
2019-06-12,635.95,636.8,625.0,627.3,484896,,,
2019-06-13,627.9,634.3,624.0,631.35,385216,,,
2019-06-14,628.0,637.95,625.25,628.0,427976,,,
2019-06-17,627.2,631.2,620.0,622.05,478381,,,
2019-06-18,622.0,626.55,618.1,621.5,282399,,,
2019-06-19,623.1,625.5,604.85,610.0,680534,,,
2019-06-20,605.05,620.25,597.6,616.1,738839,,,
2019-06-21,612.1,614.4,599.1,607.55,677792,,,
2019-06-24,607.6,616.0,606.5,611.4,587844,,,
2019-06-25,607.55,621.75,601.4,615.8,948616,,,
2019-06-26,615.0,644.35,612.1,628.4,1209388,,,
2019-06-27,631.5,645.0,627.05,641.3,608492,,,
2019-06-28,633.0,633.0,616.65,626.6,1262053,,,
2019-07-01,623.9,626.65,617.0,619.7,398927,,,
2019-07-02,620.0,626.35,618.35,621.4,329686,,,
2019-07-03,622.8,630.0,613.15,616.25,649389,,,
2019-07-04,618.4,623.0,616.75,617.95,335538,,,
2019-07-05,619.9,620.75,601.1,605.6,283752,,,
2019-07-08,602.0,605.6,588.7,592.0,384008,,,
2019-07-09,592.0,598.2,588.15,593.8,502415,,,
2019-07-10,598.2,600.95,589.0,594.65,615842,,,
2019-07-11,595.0,600.0,592.0,596.35,197460,,,
2019-07-12,595.95,603.15,592.5,599.85,404710,,,
2019-07-15,602.8,610.0,591.25,594.6,1438286,,,
2019-07-16,596.55,608.0,589.1,606.65,475443,,,
2019-07-17,608.0,615.85,604.55,610.45,507557,,,
2019-07-18,611.0,616.0,599.35,602.7,309556,,,
2019-07-19,607.55,609.0,590.0,592.65,388501,,,
2019-07-22,592.65,601.5,590.0,598.35,267145,,,
2019-07-23,598.35,603.7,592.5,595.8,196451,,,
2019-07-24,595.8,597.95,592.05,593.35,224189,,,
2019-07-25,592.5,601.3,592.5,598.1,389291,,,
2019-07-26,596.05,600.5,592.4,594.55,280533,,,
2019-07-29,598.0,598.0,574.4,578.65,861481,,,
2019-07-30,574.05,579.0,565.0,572.2,1746467,,,
2019-07-31,567.7,582.3,562.6,576.75,548673,,,
2019-08-01,576.95,582.0,563.15,566.65,438718,,,
2019-08-02,561.15,569.9,553.0,562.7,1444544,,,
2019-08-05,562.7,566.15,547.5,559.75,493739,,,
2019-08-06,555.0,572.9,555.0,570.1,384365,,,
2019-08-07,572.95,572.95,560.1,564.45,511803,,,
2019-08-08,562.5,568.2,553.1,564.5,540347,,,
2019-08-09,582.8,602.0,564.4,567.35,3341498,,,
2019-08-13,570.0,570.15,543.0,553.15,1269481,,,
2019-08-14,550.0,572.65,550.0,562.75,1173920,,,
2019-08-16,556.0,559.95,548.7,555.9,627234,,,
2019-08-19,554.0,564.35,546.4,560.0,703831,,,
2019-08-20,560.35,565.35,553.65,563.65,471148,,,
2019-08-21,562.0,562.8,553.8,556.35,1100002,,,
2019-08-22,556.35,556.35,544.4,550.55,476573,,,
2019-08-23,547.55,557.0,543.0,553.25,561654,,,
2019-08-26,554.0,562.0,547.8,557.15,657826,,,
2019-08-27,557.15,563.0,552.65,559.7,584007,,,
2019-08-28,561.0,568.0,558.6,565.0,657220,,,
2019-08-29,563.0,575.4,557.35,570.4,940728,,,
2019-08-30,575.0,588.95,566.2,584.3,798746,,,
2019-09-03,578.8,583.0,575.25,579.8,508673,,,
2019-09-04,577.0,586.15,568.6,573.5,781079,,,
2019-09-05,573.0,584.95,572.75,578.9,273675,,,
2019-09-06,578.0,582.75,575.0,579.45,176482,,,
2019-09-09,578.5,592.5,577.25,587.8,609512,,,
2019-09-11,589.0,594.55,586.25,591.95,277787,,,
2019-09-12,591.5,594.0,584.5,586.85,1027100,,,
2019-09-13,589.8,597.55,585.4,596.5,295974,,,
2019-09-16,590.35,600.7,585.7,588.3,412401,,,
2019-09-17,588.3,589.15,574.75,576.5,304817,,,
2019-09-18,576.7,585.5,574.25,581.85,236826,,,
2019-09-19,579.0,582.75,566.45,568.2,402449,,,
2019-09-20,570.0,596.75,561.05,590.45,723745,,,
2019-09-23,599.95,612.7,591.8,606.0,637319,,,
2019-09-24,624.4,624.4,603.5,607.15,950992,,,
2019-09-25,603.8,606.45,592.05,601.15,459163,,,
2019-09-26,603.0,610.25,600.2,606.4,444561,,,
2019-09-27,603.4,611.05,595.0,596.5,374744,,,
2019-09-30,595.2,596.5,585.0,588.95,557777,16496.0,33.81,185989.0
2019-10-01,591.15,599.65,576.1,582.3,489015,13849.0,35.31,160605.0
2019-10-03,582.1,589.6,575.75,585.25,312626,11955.0,26.15,131948.0
2019-10-04,582.1,584.0,575.0,576.85,646893,15112.0,42.81,394616.0
2019-10-07,576.85,579.85,568.1,577.05,397181,5893.0,67.4,259858.0
2019-10-09,578.8,591.0,576.0,588.35,226550,5847.0,38.75,48380.0
2019-10-10,588.5,591.6,576.5,578.85,309118,8568.0,36.08,115503.0
2019-10-11,581.95,595.5,579.2,593.65,499901,10927.0,45.75,198955.0
2019-10-14,593.7,598.5,587.65,590.0,262329,6812.0,38.51,70762.0
2019-10-15,593.7,593.7,582.7,588.2,262653,12379.0,21.22,90179.0
2019-10-16,591.4,599.0,585.2,594.35,415404,7958.0,52.2,192063.0
2019-10-17,596.0,607.85,591.7,606.15,441556,8125.0,54.35,168994.0
2019-10-18,607.0,618.9,606.15,613.5,802884,17086.0,46.99,263586.0
2019-10-22,613.0,626.6,613.0,615.95,387245,16887.0,22.93,125261.0
2019-10-23,619.8,620.65,607.2,610.3,206913,5126.0,40.37,39826.0
2019-10-24,612.0,621.0,607.35,612.45,605567,14511.0,41.73,112937.0
2019-10-25,616.0,616.85,606.5,609.65,244921,3773.0,64.91,27440.0
2019-10-27,609.9,616.8,609.85,614.7,49384,1352.0,36.53,14389.0
2019-10-29,614.75,630.7,610.7,622.65,870445,17320.0,50.26,160094.0
2019-10-30,633.0,636.7,607.1,614.3,1734604,36038.0,48.13,292842.0
2019-10-31,617.25,632.15,608.35,626.8,1613498,29616.0,54.48,620834.0
2019-11-01,631.0,644.85,628.05,634.75,1209304,20300.0,59.57,335367.0
2019-11-04,638.7,643.9,634.15,635.85,695586,8613.0,80.76,393084.0
2019-11-05,639.0,647.0,628.7,636.85,949765,15244.0,62.3,314864.0
2019-11-06,637.0,650.8,635.0,643.55,583987,11980.0,48.75,127816.0
2019-11-07,644.0,647.8,642.1,643.8,326444,5724.0,57.03,119562.0
2019-11-08,645.0,645.95,627.95,631.55,279708,7078.0,39.52,61889.0
2019-11-11,628.9,637.55,628.0,634.2,450555,9608.0,46.89,221032.0
2019-11-13,635.9,641.85,629.35,632.3,716757,19368.0,37.01,312214.0
2019-11-14,628.3,636.0,624.6,631.4,326012,7605.0,42.87,52998.0
2019-11-15,632.75,640.95,632.0,639.15,458610,15643.0,29.32,236677.0
2019-11-18,642.1,649.4,642.0,645.55,410641,16448.0,24.97,180607.0
2019-11-19,649.0,665.7,642.6,645.45,1033322,19629.0,52.64,262602.0
2019-11-20,646.0,654.3,641.4,647.95,572551,12227.0,46.83,186104.0
2019-11-21,649.0,650.35,637.05,638.85,443315,20499.0,21.63,178547.0
2019-11-22,638.95,644.9,633.15,640.55,455715,16141.0,28.23,152965.0
2019-11-25,640.55,663.5,638.0,661.65,1012526,19999.0,50.63,483240.0
2019-11-26,661.6,666.45,650.3,655.9,505494,8070.0,62.64,301648.0
2019-11-27,656.0,665.9,654.65,659.8,692250,10219.0,67.74,188741.0
2019-11-28,658.0,672.6,656.05,671.2,422148,8921.0,47.32,163804.0
2019-11-29,671.2,681.85,667.9,676.9,855358,19031.0,44.95,305480.0
2019-12-02,676.9,684.95,662.3,666.9,536563,18190.0,29.5,157065.0
2019-12-03,668.9,669.0,657.1,660.6,174865,4948.0,35.34,51223.0
2019-12-04,661.0,667.45,655.7,665.55,151875,5219.0,29.1,44358.0
2019-12-05,667.0,675.0,662.1,665.9,589375,7829.0,75.28,319916.0
2019-12-06,667.0,669.5,657.85,663.85,416366,10691.0,38.95,237766.0
2019-12-09,666.0,669.9,656.65,662.6,346725,6992.0,49.59,132902.0
2019-12-10,662.5,663.75,649.0,651.15,340358,5959.0,57.12,223159.0
2019-12-11,650.0,655.35,642.65,649.55,434771,7649.0,56.84,225415.0
2019-12-12,650.1,661.15,650.1,659.6,709634,15200.0,46.69,399720.0
2019-12-13,662.9,676.95,658.0,666.65,1143617,32240.0,35.47,398760.0
2019-12-16,665.05,674.0,652.45,654.0,258181,5167.0,49.97,103968.0
2019-12-17,656.95,663.05,653.45,654.7,445629,10297.0,43.28,237856.0
2019-12-18,657.0,661.2,635.85,644.15,875403,17773.0,49.25,629394.0
2019-12-19,641.0,652.95,637.85,649.25,521545,10650.0,48.97,172133.0
2019-12-20,652.1,667.0,648.55,649.75,1026767,16827.0,61.02,327392.0
2019-12-23,652.0,673.35,652.0,667.9,1851768,19982.0,92.67,855655.0
2019-12-24,672.7,684.7,666.0,682.8,2339084,25928.0,90.21,902490.0
2019-12-26,685.65,692.0,665.1,668.6,2131166,27652.0,77.07,880054.0
2019-12-27,672.0,677.0,660.0,667.5,850160,13915.0,61.1,292601.0
2019-12-30,670.8,671.75,660.35,665.55,676374,16357.0,41.35,336505.0
2019-12-31,667.0,678.1,663.85,667.1,926104,16005.0,57.86,303812.0
2020-01-01,668.55,673.4,663.25,671.35,519610,8209.0,63.3,176050.0
2020-01-02,672.2,675.2,667.55,672.8,578952,7853.0,73.72,212207.0
2020-01-03,672.8,676.7,666.05,670.05,415545,7261.0,57.23,182646.0
2020-01-06,666.0,666.0,656.05,659.75,410376,5150.0,79.68,240617.0
2020-01-07,661.0,673.0,661.0,666.3,610745,13075.0,46.71,226198.0
2020-01-08,660.1,669.8,658.25,665.05,394579,11294.0,34.94,115467.0
2020-01-09,667.9,679.1,667.15,675.65,718119,18331.0,39.18,315950.0
2020-01-10,675.1,694.0,675.1,689.7,1558020,21127.0,73.75,551274.0
2020-01-13,695.0,705.7,692.05,704.65,1121071,18712.0,59.91,428114.0
2020-01-14,708.0,733.95,707.0,726.6,3016113,47619.0,63.34,921366.0
2020-01-15,727.1,737.45,720.35,730.0,1098330,16419.0,66.89,251299.0
2020-01-16,732.0,740.5,723.95,737.9,1062146,9444.0,112.47,725375.0
2020-01-17,737.9,750.3,734.1,747.35,1252299,25390.0,49.32,501432.0
2020-01-20,746.8,751.7,737.35,746.3,882699,16430.0,53.72,163437.0
2020-01-21,741.0,755.7,741.0,749.45,799303,14675.0,54.47,160423.0
2020-01-22,750.25,759.5,746.1,748.35,762506,20127.0,37.88,269116.0
2020-01-23,748.35,760.95,748.0,758.45,571191,21578.0,26.47,237991.0
2020-01-24,759.75,762.0,753.55,755.4,383996,10467.0,36.69,98037.0
2020-01-27,754.0,759.0,746.0,749.65,508369,6742.0,75.4,294690.0
2020-01-28,748.0,757.4,746.95,748.95,408669,11499.0,35.54,95006.0
2020-01-29,751.0,771.15,751.0,757.55,887086,16451.0,53.92,223860.0
2020-01-30,760.65,763.7,754.0,757.9,524562,9821.0,53.41,99565.0
2020-01-31,761.0,762.3,748.0,751.2,518351,12799.0,40.5,190012.0
2020-02-01,750.5,757.85,735.0,740.7,414443,9526.0,43.51,146947.0
2020-02-03,740.7,753.0,719.4,741.55,1867055,39977.0,46.7,181193.0
2020-02-04,750.0,752.1,729.0,735.85,700440,24400.0,28.71,147990.0
2020-02-05,740.0,762.0,731.05,750.45,1905139,31912.0,59.7,1028412.0
2020-02-06,753.9,756.5,746.55,753.15,819970,12797.0,64.08,287607.0
2020-02-07,754.9,769.65,751.8,763.8,1552526,23192.0,66.94,754613.0
2020-02-10,766.8,766.8,754.65,761.45,352730,6329.0,55.73,130065.0
2020-02-11,765.15,779.8,756.1,758.25,1128876,26495.0,42.61,337371.0
2020-02-12,760.05,763.95,755.6,756.65,364940,7393.0,49.36,157122.0
2020-02-13,756.05,763.25,753.0,760.75,425579,8392.0,50.71,100157.0
2020-02-14,757.05,770.0,757.05,766.65,1175223,23085.0,50.91,835166.0
2020-02-17,769.0,773.0,749.5,752.7,621265,17848.0,34.81,180608.0
2020-02-18,755.0,757.0,743.1,749.6,573449,12902.0,44.45,180438.0
2020-02-19,755.0,768.0,748.3,764.75,742689,19209.0,38.66,254209.0
2020-02-20,761.0,778.5,760.1,763.65,763089,12709.0,60.04,366214.0
2020-02-24,761.0,769.8,747.55,749.8,405545,10564.0,38.39,91576.0
2020-02-25,752.1,754.3,740.35,749.6,2778473,17750.0,156.53,2248186.0
2020-02-26,751.0,752.0,736.0,743.95,2579106,28208.0,91.43,1770042.0
2020-02-27,748.0,748.5,725.25,731.8,1964146,16582.0,118.45,1314731.0
2020-02-28,713.5,720.45,701.1,714.0,1827064,27767.0,65.8,1058173.0
2020-03-02,719.2,728.85,697.65,705.6,2381040,26198.0,90.89,1478778.0
2020-03-03,708.9,733.0,702.1,724.45,2400104,29808.0,80.52,1315488.0
2020-03-04,315.0,339.7,304.4,314.95,4791542,60621.0,79.04,1726722.0
2020-03-05,317.0,323.0,311.4,314.95,2529553,41880.0,60.4,1002274.0
2020-03-06,309.95,312.0,298.3,310.35,1061298,17209.0,61.67,317882.0
2020-03-09,305.0,310.0,294.0,298.25,1379645,13691.0,100.77,642024.0
2020-03-11,298.5,304.35,291.0,295.45,1442173,27394.0,52.65,786888.0
2020-03-12,289.5,289.5,258.3,265.85,1756140,31398.0,55.93,420735.0
2020-03-13,250.0,283.4,235.0,275.85,2398875,44684.0,53.69,1047255.0
2020-03-16,250.0,265.5,249.0,252.05,1466400,29866.0,49.1,621886.0
2020-03-17,251.1,252.65,235.0,238.4,980014,27839.0,35.2,313307.0
2020-03-18,243.1,243.1,223.0,226.75,1057890,35411.0,29.87,406443.0
2020-03-19,225.0,232.0,210.3,223.1,1572998,33690.0,46.69,567297.0
2020-03-20,224.0,236.0,221.15,228.95,1559193,31006.0,50.29,638746.0
2020-03-23,216.0,231.0,197.0,200.7,1115235,18073.0,61.71,551773.0
2020-03-24,212.05,218.5,197.0,200.75,2011624,54340.0,37.02,920410.0
2020-03-25,201.7,213.8,200.5,210.95,984315,21062.0,46.73,314598.0
2020-03-26,212.65,234.35,212.65,225.1,1635008,31337.0,52.18,599062.0
2020-03-27,239.5,242.9,222.0,224.5,1212347,30265.0,40.06,457163.0
2020-03-30,224.75,225.75,218.0,223.0,824243,19601.0,42.05,405166.0
2020-03-31,230.0,230.0,222.5,223.55,806436,19260.0,41.87,373608.0
2020-04-01,227.55,235.3,223.0,224.65,1783621,29184.0,61.12,594691.0
2020-04-03,229.0,229.4,216.2,218.55,1474934,23871.0,61.79,606039.0
2020-04-07,222.85,234.4,222.2,229.8,2137244,33387.0,64.01,1086740.0
2020-04-08,227.0,239.9,225.55,228.6,1510243,26450.0,57.1,399854.0
2020-04-09,237.3,239.45,230.7,233.1,1426461,29541.0,48.29,604207.0
2020-04-13,238.0,247.15,231.55,237.0,2327511,37774.0,61.62,705725.0
2020-04-15,242.0,252.0,239.0,240.05,3193041,60132.0,53.1,1224092.0
2020-04-16,241.4,259.5,240.0,254.4,6163956,67607.0,91.17,1215800.0
2020-04-17,268.5,268.5,250.0,254.0,2680851,44342.0,60.46,849691.0
2020-04-20,260.0,260.5,251.5,256.45,2464492,25778.0,95.6,1048615.0
2020-04-21,255.95,255.95,246.25,249.4,1465907,22157.0,66.16,734437.0
2020-04-22,248.0,251.1,243.0,249.9,1944553,24585.0,79.1,1177778.0
2020-04-23,253.0,265.0,252.55,263.45,2130846,40501.0,52.61,575115.0
2020-04-24,263.4,273.0,255.35,270.05,4175820,69601.0,60.0,1087408.0
2020-04-27,274.95,282.85,274.0,278.25,2772497,51978.0,53.34,708280.0
2020-04-28,285.4,296.6,282.2,285.1,4468935,60253.0,74.17,884531.0
2020-04-29,287.0,289.25,282.5,285.05,1552564,26563.0,58.45,427228.0
2020-04-30,290.0,290.0,281.0,282.7,1981296,33894.0,58.46,559877.0
2020-05-04,279.5,288.7,272.2,281.1,2381558,42367.0,56.21,568451.0
2020-05-05,287.4,288.0,276.35,278.25,1011351,15087.0,67.03,212913.0
2020-05-06,281.0,295.0,281.0,290.55,5394744,63409.0,85.08,912729.0
2020-05-07,293.0,299.0,285.0,286.05,2665427,30539.0,87.28,428309.0
2020-05-08,289.0,291.4,284.0,288.85,2452886,27629.0,88.78,385658.0
2020-05-11,289.0,293.5,288.0,288.7,870513,11907.0,73.11,195702.0
2020-05-12,289.75,292.0,279.8,285.0,1368156,20486.0,66.78,383532.0
2020-05-13,298.5,306.0,291.35,299.75,4185344,56499.0,74.08,1047410.0
2020-05-14,298.65,298.65,290.75,292.7,1151572,24473.0,47.05,305288.0
2020-05-15,295.9,300.8,288.3,293.2,1951693,34196.0,57.07,324180.0
2020-05-18,294.0,294.0,274.1,276.35,1652566,21198.0,77.96,347687.0
2020-05-19,281.0,286.7,278.25,280.35,1422466,17709.0,80.32,324009.0
2020-05-20,281.55,290.7,281.25,288.85,1483942,22297.0,66.55,464402.0
2020-05-21,290.0,290.2,282.5,283.4,1035214,17974.0,57.6,382984.0
2020-05-22,284.0,298.85,282.5,295.0,2854398,36493.0,78.22,663862.0
2020-05-26,296.15,301.9,296.15,299.5,1285158,15510.0,82.86,290188.0
2020-05-27,300.4,311.65,299.35,310.0,2283084,33462.0,68.23,603367.0
2020-05-28,311.95,316.2,301.35,304.1,2471224,36652.0,67.42,635940.0
2020-05-29,303.5,308.95,301.0,306.45,1643251,20501.0,80.15,483401.0
2020-06-01,308.0,318.8,307.0,308.45,2003701,43903.0,45.64,834466.0
2020-06-02,311.85,319.85,310.35,315.5,1847006,22920.0,80.58,623502.0
2020-06-03,319.7,319.7,311.35,313.85,2210675,26319.0,84.0,723563.0
2020-06-04,315.4,317.9,309.5,315.5,1154359,16612.0,69.49,266316.0
2020-06-05,316.55,322.7,315.65,318.35,1564617,17583.0,88.98,413499.0
2020-06-08,322.0,324.2,314.5,315.55,1786956,24929.0,71.68,528187.0
2020-06-09,319.05,319.9,311.0,312.65,1099217,13867.0,79.27,360048.0
2020-06-10,314.8,318.2,308.4,311.5,1399424,15903.0,88.0,537026.0
2020-06-11,312.8,314.65,304.55,306.5,1839745,25388.0,72.47,465537.0
2020-06-12,293.0,313.65,293.0,311.75,1981677,27088.0,73.16,383299.0
2020-06-15,313.95,314.8,306.2,307.05,949541,14032.0,67.67,319013.0
2020-06-16,314.0,314.8,301.4,305.6,1308544,18507.0,70.71,278959.0
2020-06-17,305.0,315.9,304.4,313.5,1591833,18438.0,86.33,314053.0
2020-06-18,315.0,319.5,313.5,314.2,1986228,22555.0,88.06,511106.0
2020-06-19,317.0,317.05,312.0,314.25,1284180,17791.0,72.18,389256.0
2020-06-22,308.95,315.95,306.1,310.75,1736753,29290.0,59.3,425603.0
2020-06-23,313.0,315.95,311.1,311.8,1499339,18639.0,80.44,486633.0
2020-06-24,315.9,319.2,311.95,313.25,1719377,18526.0,92.81,565413.0
2020-06-25,312.95,318.2,309.9,317.3,1167321,13789.0,84.66,502588.0
2020-06-26,319.5,322.9,314.15,315.2,1167005,15406.0,75.75,316192.0
2020-06-29,315.0,316.55,309.05,312.05,618194,10579.0,58.44,144907.0
2020-06-30,314.2,315.5,309.0,310.05,486105,6790.0,71.59,154821.0
2020-07-01,314.0,314.0,307.4,308.35,815746,16355.0,49.88,365341.0
2020-07-02,309.45,312.5,308.0,309.3,833257,12017.0,69.34,279003.0
2020-07-03,311.5,313.25,306.95,308.5,656749,10866.0,60.44,186363.0
2020-07-06,312.0,313.65,308.8,309.9,986731,16563.0,59.57,442446.0
2020-07-07,312.25,321.0,309.55,311.7,4898897,70459.0,69.53,1767188.0
2020-07-08,319.95,319.95,311.25,312.5,4951635,69618.0,71.13,1893003.0
2020-07-09,313.0,316.0,306.2,307.1,3272247,36566.0,89.49,1854258.0
2020-07-10,307.0,307.0,299.0,299.6,2997165,61267.0,48.92,1121063.0
2020-07-13,301.7,303.5,297.6,298.35,1804452,26217.0,68.83,650231.0
2020-07-14,298.0,307.0,295.0,305.65,2451207,31604.0,77.56,600222.0
2020-07-15,306.7,307.8,295.1,296.15,1745100,29897.0,58.37,549134.0
2020-07-16,295.0,299.95,289.25,298.45,2216406,28140.0,78.76,358838.0
2020-07-17,298.5,303.25,298.2,299.9,1219753,12598.0,96.82,507578.0
2020-07-20,303.0,307.1,300.7,306.3,2269740,20565.0,110.37,660239.0
2020-07-21,309.5,309.5,300.85,301.55,1351562,19976.0,67.66,570919.0
2020-07-22,302.0,306.5,301.5,303.8,1249672,14684.0,85.1,385659.0
2020-07-23,304.0,308.9,301.75,307.25,1664957,19270.0,86.4,547139.0
2020-07-24,306.0,310.35,300.75,301.55,1419318,17388.0,81.63,518758.0
2020-07-27,301.0,305.2,297.1,298.3,1469377,18704.0,78.56,601212.0
2020-07-28,298.2,302.5,298.2,299.65,1371819,19415.0,70.66,543757.0
2020-07-29,300.85,314.8,299.65,312.4,3854859,38181.0,100.96,1237841.0
2020-07-30,315.0,315.0,307.75,310.05,1958399,22013.0,88.97,621743.0
2020-07-31,311.25,311.25,303.65,305.7,1441401,17080.0,84.39,530814.0
2020-08-03,301.0,301.75,293.25,298.05,1809465,27311.0,66.25,325084.0
2020-08-04,298.05,302.95,296.0,296.7,926366,12828.0,72.21,312172.0
2020-08-05,297.9,300.75,295.5,296.95,912129,12560.0,72.62,343860.0
2020-08-06,298.0,298.95,294.4,296.15,1164675,22169.0,52.54,465726.0
2020-08-07,297.05,304.5,296.15,300.85,1758219,23977.0,73.33,587025.0
2020-08-10,303.3,305.0,299.1,301.15,1366678,21141.0,64.65,497076.0
2020-08-11,302.2,302.6,295.8,297.05,1292967,19979.0,64.72,670462.0
2020-08-12,295.0,297.45,292.55,295.9,940734,16255.0,57.87,231461.0
2020-08-13,299.5,300.9,295.7,296.0,1026952,14395.0,71.34,402725.0
2020-08-14,298.0,300.5,293.2,295.0,1093691,14033.0,77.94,278329.0
2020-08-17,298.5,298.65,291.5,292.1,1305171,18481.0,70.62,529919.0
2020-08-18,294.5,297.35,293.35,296.1,1435708,18594.0,77.21,379369.0
2020-08-19,298.2,314.0,296.4,311.05,6391301,65935.0,96.93,1249222.0
2020-08-20,314.5,321.9,314.05,317.3,9029579,89192.0,101.24,1356639.0
2020-08-21,321.35,321.35,314.25,315.35,2838219,36933.0,76.85,679473.0
2020-08-24,319.9,334.4,316.0,324.1,11679599,110462.0,105.73,1964324.0
2020-08-25,334.0,345.9,329.2,333.85,13594386,121617.0,111.78,2183259.0
2020-08-26,337.2,339.65,330.2,334.5,4591174,45571.0,100.75,1262878.0
2020-08-27,335.0,336.55,328.25,329.25,2475119,32390.0,76.42,818347.0
2020-08-28,332.5,336.4,326.55,327.9,3256438,38839.0,83.84,1123832.0
2020-08-31,333.0,333.0,308.75,312.5,3365944,38925.0,86.47,636718.0
2020-09-01,313.15,317.05,297.75,310.1,4335965,58168.0,74.54,1005319.0
2020-09-02,310.55,316.0,307.2,311.5,2372727,25187.0,94.2,367116.0
2020-09-03,314.0,317.9,310.25,312.85,2733912,30701.0,89.05,697789.0
2020-09-04,306.0,308.4,302.1,303.3,3028986,47182.0,64.2,1028206.0
2020-09-07,303.5,307.0,294.85,296.9,3307148,33648.0,98.29,873780.0
2020-09-08,300.0,300.0,287.15,289.3,4788679,60072.0,79.72,1501083.0
2020-09-09,287.0,289.45,281.7,287.35,1956047,29029.0,67.38,519775.0
2020-09-10,289.0,293.4,285.0,288.8,2161794,25933.0,83.36,479035.0
2020-09-11,289.2,294.8,287.8,293.05,1976097,20921.0,94.46,405122.0
2020-09-14,294.85,307.65,294.15,303.8,4542530,50627.0,89.73,1286368.0
2020-09-15,304.25,312.9,304.25,306.1,4303284,46173.0,93.2,1035404.0
2020-09-16,306.15,307.15,296.2,301.7,2412037,33068.0,72.94,727548.0
2020-09-17,300.65,302.3,295.4,298.65,1292118,21419.0,60.33,479062.0
2020-09-18,300.1,303.0,288.4,290.3,3220880,44623.0,72.18,2045132.0
2020-09-21,291.7,295.0,285.1,286.7,3941998,58993.0,66.82,662348.0
2020-09-22,287.4,290.35,273.45,279.45,1912625,29374.0,65.11,517927.0
2020-09-23,282.5,300.75,276.1,293.55,5567602,43304.0,128.57,2704866.0
2020-09-24,298.4,300.9,276.9,278.8,7542878,113765.0,66.3,1206423.0
2020-09-25,281.15,293.1,281.15,290.7,2954970,36665.0,80.59,726327.0
2020-09-28,295.25,300.65,292.55,297.4,2079581,28450.0,73.1,437201.0
2020-09-29,298.9,306.95,297.0,299.95,3884925,44998.0,86.34,654031.0
2020-09-30,301.95,302.0,296.1,299.5,2821196,24780.0,113.85,567964.0
2020-10-01,302.5,305.6,300.5,301.6,1583975,21986.0,72.04,304529.0
2020-10-05,301.6,310.6,299.2,308.05,2588974,31573.0,82.0,756989.0
2020-10-06,310.0,311.3,303.2,304.25,2024556,26741.0,75.71,749352.0
2020-10-07,305.8,305.8,298.5,300.95,1171809,14175.0,82.67,373911.0
2020-10-08,301.45,305.0,299.75,301.8,1234452,17351.0,71.15,383174.0
2020-10-09,302.95,304.85,300.0,301.55,974040,12530.0,77.74,259376.0
2020-10-12,302.75,303.7,298.95,300.55,970637,15569.0,62.34,329012.0
2020-10-13,299.95,308.65,299.4,307.45,3491360,39849.0,87.61,1186520.0
2020-10-14,309.0,319.4,309.0,318.05,10683538,109044.0,97.97,1972964.0
2020-10-15,319.0,323.5,312.35,318.45,6790951,51419.0,132.07,3027249.0
2020-10-16,315.8,321.0,314.8,319.65,2243807,25425.0,88.25,496275.0
2020-10-19,322.0,326.0,316.8,318.2,2749105,26518.0,103.67,987785.0
2020-10-20,315.05,323.55,314.75,321.15,2772348,24989.0,110.94,1423448.0
2020-10-21,322.5,323.65,318.0,321.45,1636301,14318.0,114.28,825568.0
2020-10-22,321.5,326.0,317.5,323.95,2734398,27827.0,98.26,1079711.0
2020-10-23,323.8,325.5,320.95,321.9,997430,9826.0,101.51,393828.0
2020-10-26,321.3,322.95,317.5,320.15,1634008,12276.0,133.11,843262.0
2020-10-27,320.0,325.6,317.75,323.15,2062617,19452.0,106.04,735610.0
2020-10-28,323.15,325.25,318.6,322.5,1256044,13412.0,93.65,308004.0
2020-10-29,319.0,331.45,318.5,326.05,2699835,38510.0,70.11,719291.0
2020-10-30,313.05,325.85,312.6,322.35,4790336,38934.0,123.04,1300914.0
2020-11-02,319.95,324.0,311.45,313.5,2854566,19899.0,143.45,1240175.0
2020-11-03,315.5,315.7,305.65,310.15,1520147,17618.0,86.28,337817.0
2020-11-04,311.6,312.2,303.0,306.0,1350035,14698.0,91.85,337891.0
2020-11-05,308.6,314.65,307.0,313.25,1017418,11020.0,92.32,216859.0
2020-11-06,313.5,320.0,311.5,317.6,1259253,11911.0,105.72,258648.0
2020-11-09,318.0,320.45,313.95,317.7,948495,10066.0,94.23,317178.0
2020-11-10,318.7,320.0,313.65,314.65,871806,12029.0,72.48,356149.0
2020-11-11,316.0,320.45,312.5,318.05,1690872,16158.0,104.65,495275.0
2020-11-12,319.65,327.0,318.3,325.25,1858691,20327.0,91.44,524920.0
2020-11-13,326.55,328.7,322.55,324.5,1267172,14535.0,87.18,272289.0
2020-11-14,329.7,329.75,322.05,324.35,249743,5009.0,49.86,113611.0
2020-11-17,324.0,326.7,318.1,322.1,1507783,20053.0,75.19,490221.0
2020-11-18,322.9,332.7,321.1,327.4,2775112,26719.0,103.86,719273.0
2020-11-19,327.95,359.5,325.0,353.05,13618212,134404.0,101.32,1998063.0
2020-11-20,360.0,368.85,351.05,356.35,9266501,105593.0,87.76,1057378.0
2020-11-23,359.2,362.95,351.1,358.45,2968976,46815.0,63.42,632456.0
2020-11-24,361.0,374.35,358.35,367.4,5309131,62486.0,84.97,972055.0
2020-11-25,373.0,376.9,363.1,368.05,4214218,47656.0,88.43,633713.0
2020-11-26,370.1,385.0,365.4,383.3,4880589,48937.0,99.73,1140815.0
2020-11-27,386.05,396.95,381.3,392.1,6115382,50662.0,120.71,2294084.0
2020-12-01,392.4,408.45,386.95,404.95,5161307,51757.0,99.72,1754331.0
2020-12-02,408.55,430.0,404.0,427.35,12177480,102977.0,118.25,2436150.0
2020-12-03,440.0,464.85,435.35,455.4,23888385,226682.0,105.38,3013355.0
2020-12-04,459.95,495.5,450.3,490.9,23777698,219484.0,108.33,3578514.0
2020-12-07,505.25,527.0,498.1,509.05,31264646,309115.0,101.14,2953192.0
2020-12-08,514.45,521.8,501.5,510.45,17221399,149993.0,114.81,1343812.0
2020-12-09,514.5,516.2,507.05,510.65,6313120,65099.0,96.98,903297.0
2020-12-10,511.95,514.0,502.25,511.1,5583730,53798.0,103.79,1291126.0
2020-12-11,511.55,514.0,504.3,508.15,5031540,44482.0,113.11,1059239.0
2020-12-14,510.0,513.45,506.2,509.5,3385649,33122.0,102.22,690324.0
2020-12-15,510.2,511.0,501.2,503.65,3819810,35571.0,107.39,1239142.0
2020-12-16,504.7,505.7,494.25,498.2,4084107,47712.0,85.6,918943.0
2020-12-17,496.8,505.95,491.5,493.8,2878824,32412.0,88.82,544784.0
2020-12-18,493.9,498.95,487.4,489.85,3120905,33671.0,92.69,504636.0
2020-12-21,489.9,490.95,440.9,460.8,5748216,84031.0,68.41,1068480.0
2020-12-22,452.6,478.2,441.3,475.8,7637385,86352.0,88.44,909893.0
2020-12-23,476.0,480.65,471.3,474.05,2809018,40286.0,69.73,637655.0
2020-12-24,478.55,485.4,473.1,476.2,3224567,43987.0,73.31,472557.0
2020-12-28,479.0,483.2,474.05,478.25,2366379,29997.0,78.89,536593.0
2020-12-29,485.95,501.0,479.05,482.8,10626647,115090.0,92.33,1099477.0
2020-12-30,485.0,485.1,474.15,479.7,2842106,34406.0,82.6,420463.0
2020-12-31,478.7,483.3,475.15,477.4,1832359,22839.0,80.23,334048.0
2021-01-01,477.9,482.2,477.05,479.95,1501968,17461.0,86.02,384050.0
2021-01-04,484.9,494.4,482.35,489.25,3206596,42525.0,75.4,599324.0
2021-01-05,488.0,490.65,482.45,486.55,1724507,27601.0,62.48,542690.0
2021-01-06,487.0,504.6,481.7,491.05,7590353,99730.0,76.11,1629493.0
2021-01-07,494.0,505.5,492.6,498.45,6607905,86537.0,76.36,2502461.0
2021-01-08,504.9,509.0,496.25,500.0,4156351,53851.0,77.18,817693.0
2021-01-11,503.35,504.75,491.05,500.3,2784015,38819.0,71.72,535448.0
2021-01-12,500.0,535.0,496.55,523.0,15935064,176683.0,90.19,2622682.0
2021-01-13,528.9,551.75,528.0,541.95,16661781,193066.0,86.3,1863547.0
2021-01-14,548.0,554.0,534.1,535.95,5733798,67944.0,84.39,833500.0
2021-01-15,539.8,539.95,521.2,533.9,6761899,75115.0,90.02,1106371.0
2021-01-18,533.9,535.1,503.75,510.45,5626246,81311.0,69.19,914168.0
2021-01-19,516.3,531.7,512.4,528.85,5481389,60698.0,90.31,955992.0
2021-01-20,529.8,543.0,526.2,536.0,6082428,74986.0,81.11,1102794.0
2021-01-21,536.7,546.95,523.65,528.6,6349869,77547.0,81.88,958817.0
2021-01-22,531.8,537.2,517.0,519.3,3588732,49017.0,73.21,422620.0
2021-01-25,524.8,525.6,503.85,507.1,4117136,53710.0,76.65,452038.0
2021-01-27,507.95,514.9,489.2,492.85,5431254,68024.0,79.84,738598.0
2021-01-28,482.85,495.4,481.0,489.75,3861384,48799.0,79.13,477349.0
2021-01-29,504.0,504.65,471.6,475.3,5600660,74070.0,75.61,968098.0
2021-02-01,481.5,496.65,466.0,494.05,4358295,54309.0,80.25,709855.0
2021-02-02,499.5,523.4,497.85,519.6,4910238,57863.0,84.86,786792.0
2021-02-03,522.95,528.0,513.75,517.6,3559483,41588.0,85.59,483633.0
2021-02-04,517.6,535.0,513.0,529.7,4375696,46485.0,94.13,754165.0
2021-02-05,532.0,534.6,519.0,525.0,2596192,33789.0,76.84,637079.0
2021-02-08,529.8,540.0,525.95,535.75,2779603,42108.0,66.01,864432.0
2021-02-09,538.5,586.75,534.55,571.95,19308883,233832.0,82.58,3114168.0
2021-02-10,577.7,577.8,552.6,561.05,7824688,104606.0,74.8,1290998.0
2021-02-11,561.0,581.0,558.1,563.1,7590816,97626.0,77.75,1118122.0
2021-02-12,566.0,569.4,554.25,560.95,2989444,37944.0,78.79,402750.0
2021-02-15,565.0,584.0,555.7,568.65,6137722,92295.0,66.5,1227618.0
2021-02-16,572.0,589.9,568.85,583.7,9104300,122040.0,74.6,1172997.0
2021-02-17,584.0,594.5,575.55,580.35,6047258,81222.0,74.45,966167.0
2021-02-18,586.0,599.35,582.2,591.1,7810691,107881.0,72.4,1393784.0
2021-02-19,590.9,628.65,586.0,618.6,22374011,269694.0,82.96,1786851.0
2021-02-22,626.0,643.0,616.0,637.15,16020738,213420.0,75.07,1603829.0
2021-02-23,643.9,659.5,637.2,654.0,13630689,172511.0,79.01,1694245.0
2021-02-24,659.0,677.0,648.5,672.3,6377043,82684.0,77.13,1131170.0
2021-02-25,680.0,738.0,675.75,732.6,24769312,313859.0,78.92,2005855.0
2021-02-26,730.0,757.5,712.5,739.5,27465351,376166.0,73.01,2538443.0
2021-03-01,750.0,755.0,731.75,743.45,8707722,138627.0,62.81,925116.0
2021-03-02,745.0,746.0,723.1,733.65,7804433,129161.0,60.42,1720068.0
2021-03-03,738.0,782.0,735.45,776.45,12732034,184133.0,69.15,1742232.0
2021-03-04,764.9,792.05,759.75,772.3,10104938,154123.0,65.56,1399723.0
2021-03-05,774.8,779.35,738.0,748.55,7005537,108090.0,64.81,1110544.0
2021-03-08,761.0,777.0,753.05,768.5,7124305,106873.0,66.66,765486.0
2021-03-09,775.0,775.9,751.5,762.8,3961473,67343.0,58.83,551020.0
2021-03-10,769.5,774.2,763.0,767.0,2868563,49006.0,58.53,642552.0
2021-03-12,774.0,795.0,770.0,783.85,8922262,144179.0,61.88,1524672.0
2021-03-15,790.0,794.4,765.3,782.25,5671286,84573.0,67.06,816269.0
2021-03-16,786.9,786.9,770.6,777.2,4118140,63793.0,64.55,691124.0
2021-03-17,777.0,777.0,729.35,733.05,5788155,97930.0,59.11,881416.0
2021-03-18,743.0,752.9,705.25,715.15,8695141,126159.0,68.92,1291893.0
2021-03-19,709.3,759.0,690.2,752.05,18059484,169584.0,106.49,6471695.0
2021-03-22,752.0,771.0,743.4,763.75,9238739,130700.0,70.69,803199.0
2021-03-23,766.95,774.0,756.25,766.15,4371135,64003.0,68.3,598907.0
2021-03-24,759.0,769.8,734.3,737.65,3847722,64724.0,59.45,480675.0
2021-03-25,742.0,743.95,712.0,731.05,7066714,102013.0,69.27,532165.0
2021-03-26,740.5,757.45,735.0,744.15,5428127,74740.0,72.63,450173.0
2021-03-30,749.35,761.75,743.05,752.25,4161789,53003.0,78.52,818859.0
2021-03-31,746.0,765.0,743.85,751.8,3557369,49935.0,71.24,388536.0
2021-04-01,758.8,791.7,755.1,779.1,7295960,100604.0,72.52,1484879.0
2021-04-05,779.9,788.0,748.5,761.75,5260782,96710.0,54.4,736166.0
2021-04-06,772.0,815.0,760.4,809.1,12743464,180620.0,70.55,1693444.0
2021-04-07,815.25,824.8,805.25,812.0,7321417,118258.0,61.91,818210.0
2021-04-08,817.0,833.95,813.25,819.45,4903152,84363.0,58.12,641331.0
2021-04-09,821.5,827.95,800.1,805.25,4304784,68107.0,63.21,754533.0
2021-04-12,790.0,790.0,744.65,750.3,6113675,111068.0,55.04,979816.0
2021-04-13,750.45,767.45,739.3,759.15,5478421,76267.0,71.83,415905.0
2021-04-15,745.0,759.95,731.0,748.95,4474232,78472.0,57.02,555455.0
2021-04-16,752.7,773.25,745.7,753.1,5047883,74864.0,67.43,523278.0
2021-04-19,731.0,740.0,718.2,732.2,4114175,66959.0,61.44,473596.0
2021-04-20,744.0,748.95,718.75,724.6,3571306,52491.0,68.04,677118.0
2021-04-22,712.0,738.15,711.0,734.45,4280782,64440.0,66.43,513046.0
2021-04-23,731.95,742.85,720.25,726.15,3557549,54955.0,64.74,503116.0
2021-04-26,731.0,742.0,728.0,733.65,2818442,45197.0,62.36,303888.0
2021-04-27,739.1,765.0,733.5,759.7,6234702,82060.0,75.98,1250968.0
2021-04-28,767.0,777.25,760.1,764.65,5189267,77109.0,67.3,767517.0
2021-04-29,769.9,777.0,760.55,763.25,3586133,44021.0,81.46,776097.0
2021-04-30,758.25,797.0,750.35,792.45,9213112,132920.0,69.31,1144184.0
2021-05-03,792.0,793.75,770.0,783.15,6753977,102835.0,65.68,1042178.0
2021-05-04,750.0,757.8,704.85,708.55,23262075,384502.0,60.5,4468732.0
2021-05-05,708.0,715.0,694.5,698.65,13401236,220936.0,60.66,1874012.0
2021-05-06,700.0,703.95,670.55,676.5,9338596,167720.0,55.68,2467198.0
2021-05-07,680.0,692.4,677.05,679.35,4530655,86994.0,52.08,1010741.0
2021-05-10,685.0,689.8,681.05,683.8,2631876,49844.0,52.8,772581.0
2021-05-11,682.0,709.4,677.1,696.7,7844036,131098.0,59.83,1198293.0
2021-05-12,701.7,735.1,694.6,722.35,10922532,175859.0,62.11,1471633.0
2021-05-14,729.7,733.45,698.35,702.35,5789758,104846.0,55.22,903941.0
2021-05-17,705.45,713.25,690.35,704.05,3576459,67076.0,53.32,550377.0
2021-05-18,710.0,721.55,708.3,714.05,3194827,60779.0,52.56,545270.0
2021-05-19,714.9,723.9,709.7,712.4,2638010,51687.0,51.04,321839.0
2021-05-20,715.3,719.3,705.35,706.95,2222891,40399.0,55.02,307218.0
2021-05-21,710.0,715.95,706.35,707.85,1961840,35148.0,55.82,275656.0
2021-05-24,710.0,720.8,699.9,707.25,2863633,46618.0,61.43,599957.0
2021-05-25,712.4,713.75,698.1,703.45,2183985,43509.0,50.2,413561.0
2021-05-26,704.0,705.15,697.0,699.8,2075398,62876.0,33.01,309753.0
2021-05-27,703.6,703.75,690.3,691.75,2436381,54392.0,44.79,713290.0
2021-05-28,693.05,716.5,693.05,708.55,4321419,69700.0,62.0,987447.0
2021-05-31,710.95,713.55,701.05,703.85,2490566,43116.0,57.76,543598.0
2021-06-01,705.0,716.5,702.2,706.4,2217052,41733.0,53.12,394028.0
2021-06-02,705.95,713.65,704.9,711.85,1352949,26100.0,51.84,413179.0
2021-06-03,713.1,731.5,713.1,727.75,5645617,100638.0,56.1,1524181.0
2021-06-04,732.6,748.9,727.8,746.15,5464935,92952.0,58.79,1339716.0
2021-06-07,753.5,755.95,746.0,748.2,3781787,73572.0,51.4,992692.0
2021-06-08,751.0,751.0,731.55,744.15,2277807,41602.0,54.75,453879.0
2021-06-09,746.0,760.0,731.3,738.65,4430473,81737.0,54.2,830683.0
2021-06-10,742.1,750.85,739.8,748.2,1879289,33043.0,56.87,422738.0
2021-06-11,749.0,754.65,743.35,748.5,1717152,32083.0,53.52,553977.0
2021-06-14,740.8,742.5,716.5,738.3,2526252,49869.0,50.66,638999.0
2021-06-15,739.85,753.5,738.2,744.0,2428741,44528.0,54.54,516161.0
2021-06-16,744.95,749.45,734.1,737.1,1444777,27691.0,52.17,378489.0
2021-06-17,732.8,742.35,718.25,725.6,1775728,44789.0,39.65,524283.0
2021-06-18,732.0,733.15,696.05,714.8,2878683,56803.0,50.68,930720.0
2021-06-21,701.0,720.75,701.0,718.05,1597788,32731.0,48.82,343851.0
2021-06-22,722.45,736.15,719.8,723.85,2254491,41969.0,53.72,430963.0
2021-06-23,724.0,729.75,713.15,714.9,1813984,42636.0,42.55,401479.0
2021-06-24,716.5,720.0,702.85,705.95,1435054,33617.0,42.69,489955.0
2021-06-25,710.0,723.45,708.5,715.95,1900518,36844.0,51.58,376986.0
2021-06-28,721.9,728.5,718.0,721.9,1624567,27643.0,58.77,313173.0
2021-06-29,725.0,730.8,716.8,720.6,1521271,30092.0,50.55,355262.0
2021-06-30,722.0,729.5,719.3,723.8,1268766,19676.0,64.48,315631.0
2021-07-01,725.0,728.85,721.05,723.05,796598,20053.0,39.72,201734.0
2021-07-02,725.0,770.0,722.0,767.7,13309645,207270.0,64.21,2911592.0
2021-07-05,774.95,781.0,761.4,773.45,5598513,104094.0,53.78,856317.0
2021-07-06,773.25,780.4,754.35,759.95,2456170,46755.0,52.53,539272.0
2021-07-07,763.75,771.95,756.05,770.0,1797718,36510.0,49.24,362755.0
2021-07-08,775.25,779.5,755.8,764.3,2349551,41814.0,56.19,357422.0
2021-07-09,763.0,776.6,759.05,764.9,1950867,38357.0,50.86,493070.0
2021-07-12,767.5,791.3,766.5,778.9,4592584,82341.0,55.78,908958.0
2021-07-13,783.95,785.1,772.3,782.95,1901115,39850.0,47.71,328657.0
2021-07-14,785.1,792.45,775.7,777.3,1952407,39542.0,49.38,451879.0
2021-07-15,781.0,781.5,773.1,777.8,978998,20849.0,46.96,260465.0
2021-07-16,779.95,785.85,773.1,781.0,1256613,32103.0,39.14,348831.0
2021-07-19,778.0,795.5,769.05,779.65,2775607,51791.0,53.59,510659.0
2021-07-20,778.5,784.65,755.0,759.65,2204811,47941.0,45.99,477804.0
2021-07-22,765.7,767.85,757.4,762.7,1137807,24362.0,46.7,269779.0
2021-07-23,769.0,769.0,752.0,755.05,975600,23776.0,41.03,261589.0
2021-07-26,750.0,766.4,743.0,758.3,1390129,33415.0,41.6,172877.0
2021-07-27,760.0,763.8,739.05,743.6,1181138,32232.0,36.64,323261.0
2021-07-28,748.6,748.6,729.65,738.75,1728583,32998.0,52.38,540621.0
2021-07-29,738.0,754.5,737.7,751.7,1614348,33620.0,48.02,333797.0
2021-07-30,752.4,770.75,751.15,763.15,2255806,43271.0,52.13,561284.0
2021-08-02,771.0,780.95,766.55,774.65,1643860,31621.0,51.99,485330.0
2021-08-03,776.15,781.25,769.65,772.25,999181,21265.0,46.99,307436.0
2021-08-04,775.0,779.7,760.3,763.45,917071,20303.0,45.17,258117.0
2021-08-05,767.55,775.0,754.0,769.3,1462902,29605.0,49.41,262532.0
2021-08-06,807.85,844.0,802.7,823.65,23725308,363806.0,65.21,3518753.0
2021-08-09,828.75,857.8,812.65,846.3,11320092,200953.0,56.33,1358511.0
2021-08-10,847.95,866.0,830.6,843.65,8084425,145292.0,55.64,1063018.0
2021-08-11,847.45,862.7,836.0,859.85,4877031,110939.0,43.96,892856.0
2021-08-12,863.9,886.4,860.15,875.85,5941940,102649.0,57.89,783528.0
2021-08-13,880.35,887.8,876.0,879.0,2918639,56897.0,51.3,584050.0
2021-08-16,880.7,891.9,866.0,871.55,2605354,50030.0,52.08,558941.0
2021-08-17,874.4,886.9,858.55,865.35,2826322,55278.0,51.13,528196.0
2021-08-18,870.0,873.0,855.05,859.55,1790409,44138.0,40.56,501471.0
2021-08-20,854.0,865.0,831.05,839.35,1839507,47308.0,38.88,326800.0
2021-08-23,845.0,853.0,814.5,822.25,2025363,46552.0,43.51,414595.0
2021-08-24,826.0,837.9,821.2,829.85,1759753,34282.0,51.33,511675.0
2021-08-25,833.5,836.0,820.0,822.1,1298473,28530.0,45.51,289080.0
2021-08-26,818.1,834.45,818.1,826.6,2292653,39363.0,58.24,717867.0
2021-08-27,830.5,842.35,825.9,829.0,2867557,48738.0,58.84,920492.0
2021-08-30,833.65,840.0,832.0,834.4,1552884,30617.0,50.72,653136.0
2021-08-31,837.9,860.8,836.65,844.65,4538227,91426.0,49.64,1130255.0
2021-09-01,848.75,853.9,834.0,840.7,1752608,37181.0,47.14,603526.0
2021-09-02,843.65,853.25,841.05,846.5,1487639,26260.0,56.65,537052.0
2021-09-03,850.0,853.9,835.0,841.0,1532492,26999.0,56.76,499946.0
2021-09-06,843.0,846.4,836.25,839.2,864668,17283.0,50.03,247881.0
2021-09-07,842.0,844.0,820.15,823.05,1359443,33119.0,41.05,465103.0
2021-09-08,825.0,835.5,813.25,832.3,1726690,35264.0,48.96,356574.0
2021-09-09,834.8,834.8,821.3,829.25,831574,18534.0,44.87,193556.0
2021-09-13,829.0,842.7,827.15,837.3,1639671,33291.0,49.25,363337.0
2021-09-14,839.0,842.8,830.9,835.75,819659,16749.0,48.94,252724.0
2021-09-15,836.0,862.0,835.9,858.8,3384102,66168.0,51.14,1057078.0
2021-09-16,865.1,879.75,863.55,865.4,4899479,97926.0,50.03,1507879.0
2021-09-17,868.8,869.85,840.3,844.5,2025904,45247.0,44.77,596807.0
2021-09-20,840.0,840.0,795.5,799.75,2678451,65189.0,41.09,963940.0
2021-09-21,799.8,809.85,780.05,801.95,2838627,66329.0,42.8,547271.0
2021-09-22,805.3,828.7,802.25,825.3,3326873,50678.0,65.65,731658.0
2021-09-23,832.75,856.0,827.55,847.15,3624791,56552.0,64.1,1113110.0
2021-09-24,851.9,901.7,851.25,884.95,11074121,208373.0,53.15,2672513.0
2021-09-27,900.0,928.7,895.0,914.75,7817188,155953.0,50.13,1436703.0
2021-09-28,919.75,926.7,900.8,906.4,2952084,66935.0,44.1,664596.0
2021-09-29,905.0,937.6,895.2,933.1,3724758,71012.0,52.45,907741.0
2021-09-30,940.85,945.5,915.4,919.3,3823155,75208.0,50.83,975626.0
2021-10-01,916.7,928.45,907.2,910.9,1597635,34750.0,45.98,326465.0
2021-10-04,917.0,940.0,908.65,935.75,2679786,52971.0,50.59,789569.0
2021-10-05,940.0,952.0,927.25,930.95,4403016,83032.0,53.03,1030791.0
2021-10-06,933.0,980.85,933.0,962.55,8555640,152707.0,56.03,1178559.0
2021-10-07,978.95,978.95,952.0,959.05,2853274,55095.0,51.79,649543.0
2021-10-08,965.0,978.3,954.55,965.65,2624580,55889.0,46.96,416962.0
2021-10-11,970.0,987.4,966.0,968.3,1735386,41845.0,41.47,439033.0
2021-10-12,970.8,975.95,946.9,970.8,1873688,40181.0,46.63,259831.0
2021-10-13,980.3,1144.3,980.3,1107.1,21151990,445949.0,47.43,2417783.0
2021-10-14,1142.0,1142.0,1078.2,1084.05,4586953,116488.0,39.38,939900.0
2021-10-18,1094.0,1158.0,1085.65,1094.4,6845528,169816.0,40.31,1252228.0
2021-10-19,1102.6,1121.2,1067.0,1079.9,4356219,93776.0,46.45,1004886.0
2021-10-20,1080.8,1085.85,1009.05,1033.85,4962360,144078.0,34.44,1182222.0
2021-10-21,1037.0,1044.2,995.1,1003.8,3169781,65061.0,48.72,1089679.0
2021-10-22,1007.0,1027.3,984.3,987.7,2702586,72781.0,37.13,632637.0
2021-10-25,992.0,1001.0,953.1,980.6,2218054,64438.0,34.42,437658.0
2021-10-26,982.7,1013.95,982.6,1006.6,3183161,72898.0,43.67,882823.0
2021-10-27,1015.4,1018.5,994.05,997.4,2004692,43838.0,45.73,562280.0
2021-10-28,960.0,960.0,884.0,891.35,9648852,277821.0,34.73,3282103.0
2021-10-29,895.0,930.0,876.5,901.35,4325902,111428.0,38.82,1008209.0
2021-11-01,911.0,915.5,901.25,905.1,1879146,41550.0,45.23,704464.0
2021-11-02,909.65,919.1,906.9,910.65,1544886,45564.0,33.91,413790.0
2021-11-03,911.9,915.6,887.15,896.1,1558072,44944.0,34.67,542331.0
2021-11-04,903.4,906.0,900.0,904.2,260466,44944.0,5.8,542331.0
2021-11-08,910.0,927.55,894.4,925.85,2094324,48384.0,43.29,725341.0
2021-11-09,928.5,954.85,926.15,947.9,3150110,60908.0,51.72,1276310.0
2021-11-10,944.95,944.95,933.15,935.1,1038512,33655.0,30.86,295707.0
2021-11-11,935.0,946.5,919.0,925.35,1155179,30717.0,37.61,285533.0
2021-11-12,930.0,946.4,927.7,935.85,1193780,33364.0,35.78,299975.0
2021-11-15,942.0,948.0,935.0,937.5,722956,23523.0,30.73,166589.0
2021-11-16,940.0,955.95,931.0,934.75,1969045,47328.0,41.6,450225.0
2021-11-17,933.0,946.8,930.05,940.65,1143181,22060.0,51.82,426256.0
2021-11-18,944.7,946.75,915.7,925.35,1447755,39392.0,36.75,457308.0
2021-11-22,927.0,931.05,880.0,892.0,1590577,55868.0,28.47,454990.0
2021-11-23,888.85,914.7,880.25,912.3,1681550,40097.0,41.94,525357.0
2021-11-24,918.7,923.8,897.0,900.4,1549985,45888.0,33.78,287369.0
2021-11-25,903.4,911.75,891.85,900.6,1240769,30646.0,40.49,399262.0
2021-11-26,896.0,903.5,844.5,853.7,2095768,68829.0,30.45,537493.0
2021-11-29,853.0,887.65,828.8,868.65,3134483,81512.0,38.45,499658.0
2021-11-30,873.0,892.5,868.65,872.25,1770628,40746.0,43.46,276906.0
2021-12-01,880.9,887.8,870.0,883.9,992357,33779.0,29.38,242507.0
2021-12-02,887.9,905.0,878.0,900.0,1243763,39589.0,31.42,260014.0
2021-12-03,904.0,931.15,903.25,910.0,2571339,58091.0,44.26,356731.0
2021-12-06,914.8,921.0,893.2,896.2,1498134,38429.0,38.98,263773.0
2021-12-07,901.5,914.1,900.0,909.45,1070496,24472.0,43.74,195502.0
2021-12-08,915.0,926.65,912.7,923.9,769754,20585.0,37.39,250337.0
2021-12-09,928.0,940.5,918.0,935.85,1489306,33587.0,44.34,387763.0
2021-12-10,935.85,952.0,931.65,940.15,2306800,50251.0,45.91,800185.0
2021-12-13,949.9,949.9,933.1,935.9,730970,25778.0,28.36,198271.0
2021-12-14,930.4,940.5,925.0,933.35,715048,16739.0,42.72,161809.0
2021-12-15,933.0,942.9,919.55,921.8,636803,16294.0,39.08,174748.0
2021-12-16,927.6,929.15,902.1,906.9,739095,27613.0,26.77,172727.0
2021-12-17,906.9,909.4,878.65,883.6,1265520,35846.0,35.3,437213.0
2021-12-20,876.0,876.9,824.15,842.35,1645980,57128.0,28.81,495159.0
2021-12-21,848.0,865.15,847.3,856.45,834671,26764.0,31.19,158503.0
2021-12-22,860.0,884.65,858.65,882.45,958034,29835.0,32.11,216414.0
2021-12-23,889.8,894.5,882.9,886.1,640303,18450.0,34.7,137167.0
2021-12-24,889.95,892.0,868.2,872.2,644902,18552.0,34.76,120861.0
2021-12-27,871.7,883.55,860.35,879.9,508491,16243.0,31.31,87440.0
2021-12-28,888.0,909.7,885.2,907.65,1673007,49475.0,33.82,359726.0
2021-12-29,912.1,914.4,898.05,901.0,1037054,29353.0,35.33,241319.0
2021-12-30,905.0,905.65,882.3,883.95,823403,24356.0,33.81,200753.0
2021-12-31,880.0,897.65,880.0,894.2,583208,17271.0,33.77,113505.0
2022-01-03,897.0,917.35,895.35,914.15,799020,24396.0,32.75,289596.0
2022-01-04,918.7,919.9,900.0,909.1,702903,21627.0,32.5,175543.0
2022-01-05,907.8,918.0,901.5,915.2,749483,20742.0,36.13,176014.0
2022-01-06,909.55,916.3,902.55,904.15,696490,15727.0,44.29,211032.0
2022-01-07,908.0,929.35,906.2,927.2,1286246,34284.0,37.52,331550.0
2022-01-10,934.0,943.75,925.3,939.25,1505658,41303.0,36.45,346235.0
2022-01-11,935.2,981.65,933.95,972.2,5039766,116790.0,43.15,1180041.0
2022-01-12,980.95,1001.85,975.3,993.0,3612732,96936.0,37.27,1316522.0
2022-01-13,993.0,1019.35,985.65,1014.05,2721558,67690.0,40.21,907836.0
2022-01-14,1008.5,1050.3,1002.55,1028.75,3465609,88727.0,39.06,927172.0
2022-01-17,1027.0,1034.65,996.75,1029.25,2763467,94322.0,29.3,892993.0
2022-01-18,1029.9,1041.95,1000.15,1005.95,1212958,37056.0,32.73,307234.0
2022-01-19,1005.0,1020.0,985.35,1011.65,1508638,43884.0,34.38,306478.0
2022-01-20,1005.0,1016.8,993.0,998.05,977785,31180.0,31.36,329899.0
2022-01-21,993.9,997.1,960.0,965.0,1180770,37230.0,31.72,275571.0
2022-01-24,961.0,962.0,903.35,912.15,1594186,54169.0,29.43,501933.0
2022-01-25,903.0,922.45,888.5,919.25,1080389,42851.0,25.21,275619.0
2022-01-27,910.0,915.6,892.05,910.9,1004093,32540.0,30.86,267228.0
2022-01-28,919.0,956.6,919.0,944.05,2235105,59778.0,37.39,780902.0
2022-01-31,957.9,957.9,931.9,933.75,1533507,52169.0,29.39,391348.0
2022-02-01,937.0,956.7,925.55,953.25,1274082,38106.0,33.44,365922.0
2022-02-02,960.0,974.8,956.25,966.75,1004642,29394.0,34.18,202343.0
2022-02-03,965.0,981.0,961.5,965.35,1577566,46630.0,33.83,348632.0
2022-02-04,970.0,972.0,950.6,957.7,935679,22690.0,41.24,167288.0
2022-02-07,960.0,967.75,946.5,953.2,657299,24057.0,27.32,126896.0
2022-02-08,957.0,959.6,916.0,927.9,1061197,30976.0,34.26,173681.0
2022-02-09,934.2,973.0,933.8,967.55,1041919,27501.0,37.89,228234.0
2022-02-10,971.8,975.0,956.0,959.8,1395980,33266.0,41.96,220229.0
2022-02-11,964.0,968.9,911.55,914.7,3439322,84388.0,40.76,1028359.0
2022-02-14,895.0,910.0,882.65,885.8,1753038,70781.0,24.77,364157.0
2022-02-15,893.0,915.7,870.0,912.7,1913236,67878.0,28.19,390116.0
2022-02-16,921.9,921.9,898.75,904.95,1434290,44437.0,32.28,333870.0
2022-02-17,906.0,916.9,894.0,896.85,1133932,31872.0,35.58,229131.0
2022-02-18,892.0,902.85,883.6,886.9,731374,23492.0,31.13,159706.0
2022-02-21,886.8,890.5,872.0,876.9,1119313,34807.0,32.16,322006.0
2022-02-22,850.0,874.0,850.0,868.5,1089327,35915.0,30.33,232566.0
2022-02-23,873.2,882.2,862.1,864.1,704493,25676.0,27.44,152784.0
2022-02-24,844.3,846.75,781.0,785.6,2833879,100375.0,28.23,1197940.0
2022-02-25,802.0,837.45,797.0,826.4,1964093,48895.0,40.17,577638.0
2022-02-28,824.0,846.4,814.45,841.25,1199536,38459.0,31.19,267254.0
2022-03-02,832.85,859.25,828.05,855.85,1644989,46287.0,35.54,618068.0
2022-03-03,865.4,898.75,865.0,889.55,2822048,80281.0,35.15,491702.0
2022-03-04,885.55,888.65,858.5,861.55,1646850,42601.0,38.66,323022.0
2022-03-07,844.0,857.1,831.1,848.75,1213330,28775.0,42.17,307446.0
2022-03-08,848.05,876.3,841.05,869.9,1399463,30887.0,45.31,204008.0
2022-03-09,876.8,895.0,872.2,890.9,995816,27715.0,35.93,209114.0
2022-03-10,911.0,925.65,894.9,909.6,2152832,52074.0,41.34,653222.0
2022-03-11,908.85,929.8,904.05,927.25,1296404,27994.0,46.31,288675.0
2022-03-14,930.55,938.5,917.45,931.85,1531845,31625.0,48.44,481105.0
2022-03-15,934.55,940.7,914.05,920.65,960407,21523.0,44.62,246251.0
2022-03-16,927.0,944.85,927.0,938.05,873968,19753.0,44.24,295540.0
2022-03-17,945.95,948.35,932.15,939.5,833784,19897.0,41.91,348053.0
2022-03-21,940.0,954.85,936.85,939.25,1014336,26026.0,38.97,362388.0
2022-03-22,939.0,960.0,926.1,954.7,1178357,24579.0,47.94,349206.0
2022-03-23,958.0,968.75,946.25,962.0,1470775,29529.0,49.81,300782.0
2022-03-24,958.5,974.9,951.15,972.7,1826181,42226.0,43.25,632916.0
2022-03-25,974.7,985.5,967.25,975.1,1421106,35175.0,40.4,382331.0
2022-03-28,980.4,980.4,951.55,956.65,1383281,26606.0,51.99,430855.0
2022-03-29,958.7,989.7,957.95,987.5,1627998,44087.0,36.93,513500.0
2022-03-30,996.85,997.1,980.0,983.9,1026192,28087.0,36.54,266660.0
2022-03-31,983.3,989.8,971.0,974.35,761235,18423.0,41.32,221561.0
2022-04-01,975.0,994.75,974.05,987.2,1154065,25992.0,44.4,273967.0
2022-04-04,994.65,1009.15,982.3,1001.95,1261875,32050.0,39.37,432789.0
2022-04-05,1007.8,1014.95,999.05,1003.75,1082989,32201.0,33.63,334577.0
2022-04-06,1000.0,1017.55,996.05,1000.55,1205753,26716.0,45.13,341824.0
2022-04-07,1001.5,1010.0,978.0,981.0,692829,26575.0,26.07,245398.0
2022-04-08,982.0,1005.0,982.0,999.6,676739,15796.0,42.84,223936.0
2022-04-11,997.9,1021.8,996.2,1006.65,1178976,32082.0,36.75,330506.0
2022-04-12,1005.1,1006.0,962.0,974.65,1178158,39330.0,29.96,386784.0
2022-04-13,979.55,990.0,972.4,976.95,798634,24609.0,32.45,221677.0
2022-04-18,967.0,990.65,952.3,988.05,808690,25533.0,31.67,190654.0
2022-04-19,992.1,1009.1,952.0,968.55,1149060,29186.0,39.37,320945.0
2022-04-20,978.0,985.75,960.0,970.35,758269,18286.0,41.47,156742.0
2022-04-21,975.0,987.7,973.0,983.05,485694,16512.0,29.41,127648.0
2022-04-22,980.0,989.0,969.6,973.2,816473,21759.0,37.52,250840.0
2022-04-25,960.0,965.0,930.5,936.45,1049248,33991.0,30.87,382150.0
2022-04-26,949.0,965.0,945.2,962.25,705947,21410.0,32.97,167362.0
2022-04-27,949.6,967.5,943.95,961.85,600878,21055.0,28.54,149700.0
2022-04-28,970.0,970.55,948.7,959.35,560736,12646.0,44.34,171888.0
2022-04-29,962.3,972.65,935.8,940.15,1180407,27345.0,43.17,228083.0
2022-05-02,970.0,1048.0,970.0,1033.0,13562497,271342.0,49.98,1934081.0
2022-05-04,1040.45,1054.2,1026.05,1034.55,4351369,110136.0,39.51,643359.0
2022-05-05,1041.0,1069.95,1038.0,1046.3,3357200,91981.0,36.5,553938.0
2022-05-06,1038.8,1048.95,1027.55,1032.5,1757289,49478.0,35.52,360515.0
2022-05-09,1020.0,1025.0,998.75,1007.1,1497599,39957.0,37.48,332238.0
2022-05-10,1003.0,1019.95,958.4,967.35,1496830,48422.0,30.91,375815.0
2022-05-11,969.2,994.25,950.1,988.35,2296845,56851.0,40.4,567768.0
2022-05-12,974.5,980.0,926.9,935.4,1294615,41732.0,31.02,262187.0
2022-05-13,946.0,958.0,914.25,919.25,1473361,40473.0,36.4,354510.0
2022-05-16,925.0,932.55,912.05,921.6,1010872,27440.0,36.84,256418.0
2022-05-17,927.7,974.05,925.55,971.8,1637953,34773.0,47.1,448261.0
2022-05-18,974.0,987.65,964.55,980.35,1334854,27581.0,48.4,319676.0
2022-05-19,955.1,969.3,944.3,952.1,820520,31915.0,25.71,302138.0
2022-05-20,968.95,994.5,964.3,989.15,1455732,29965.0,48.58,464857.0
2022-05-23,995.0,995.9,967.1,970.2,811232,23560.0,34.43,120844.0
2022-05-24,975.0,982.0,960.2,964.35,1201622,29231.0,41.11,377024.0
2022-05-25,970.0,974.05,918.15,920.6,1039711,27365.0,37.99,302484.0
2022-05-26,928.0,939.8,888.95,932.25,1751250,48787.0,35.9,464327.0
2022-05-27,939.9,959.9,925.8,934.25,1671471,29389.0,56.87,726209.0
2022-05-30,949.45,959.0,942.55,949.95,1100892,18494.0,59.53,536916.0
2022-05-31,954.0,955.0,942.35,948.5,1644812,22676.0,72.54,667891.0
2022-06-01,952.4,958.6,938.15,945.3,1016784,24916.0,40.81,433418.0
2022-06-02,948.7,957.35,945.0,950.15,1260814,28102.0,44.87,618670.0
2022-06-03,956.05,956.7,933.05,935.7,862099,20531.0,41.99,341933.0
2022-06-06,935.7,948.25,924.2,946.6,1066431,25370.0,42.04,432154.0
2022-06-07,944.85,948.0,933.55,941.2,807541,32368.0,24.95,329706.0
2022-06-08,943.95,953.5,932.0,936.6,760538,19081.0,39.86,325262.0
2022-06-09,933.7,943.7,927.15,941.65,552903,16727.0,33.05,138444.0
2022-06-10,934.0,948.1,930.6,944.35,489312,13687.0,35.75,106433.0
2022-06-13,938.8,938.8,900.0,906.4,848042,28329.0,29.94,277041.0
2022-06-14,905.0,927.0,901.35,908.45,615268,20172.0,30.5,102564.0
2022-06-15,901.35,909.85,868.1,872.75,2176399,53788.0,40.46,476469.0
2022-06-16,880.0,889.5,851.0,853.75,1346343,41706.0,32.28,276757.0
2022-06-17,849.95,855.0,834.9,838.05,920356,27285.0,33.73,179693.0
2022-06-20,845.0,848.5,781.05,793.2,1631418,57198.0,28.52,358130.0
2022-06-21,805.0,826.0,792.55,821.4,1534004,50186.0,30.57,343981.0
2022-06-22,821.0,821.0,791.3,794.3,1590458,39579.0,40.18,341803.0
2022-06-23,800.0,807.55,782.05,792.65,951915,30539.0,31.17,206162.0
2022-06-24,804.0,810.5,797.35,808.0,847793,23362.0,36.29,183364.0
2022-06-27,834.5,834.5,810.6,813.65,1609502,40705.0,39.54,447130.0
2022-06-28,813.0,817.95,803.0,814.95,654137,17169.0,38.1,112716.0
2022-06-29,808.0,811.0,803.7,806.75,467974,13397.0,34.93,117446.0
2022-06-30,805.8,812.1,790.0,793.35,775514,19684.0,39.4,214002.0
2022-07-01,791.0,804.9,773.35,795.35,770388,25737.0,29.93,194704.0
2022-07-04,800.9,805.7,788.25,803.35,493317,15663.0,31.5,104163.0
2022-07-05,810.75,814.9,801.0,803.4,702545,21814.0,32.21,184798.0
2022-07-06,804.5,814.5,801.9,813.15,677194,21550.0,31.42,224974.0
2022-07-07,811.0,824.0,796.85,819.65,1984221,48764.0,40.69,521845.0
2022-07-08,827.0,839.0,822.25,836.45,1963294,45463.0,43.18,499068.0
2022-07-11,835.0,844.45,828.15,843.1,1077720,29567.0,36.45,236410.0
2022-07-12,839.7,844.7,831.2,835.05,645833,19438.0,33.23,168309.0
2022-07-13,840.0,844.3,832.6,837.85,725104,16697.0,43.43,247534.0
2022-07-14,837.95,848.0,835.0,841.15,950301,24865.0,38.22,320243.0
2022-07-15,842.0,856.75,841.0,854.5,1062779,33871.0,31.38,332008.0
2022-07-18,862.0,863.25,856.0,858.8,536664,13267.0,40.45,179413.0
2022-07-19,857.8,863.9,853.0,857.7,595873,16383.0,36.37,256089.0
2022-07-20,865.0,870.7,858.0,862.6,578773,15014.0,38.55,183840.0
2022-07-21,866.4,879.6,862.0,876.7,755682,26398.0,28.63,217154.0
2022-07-22,880.0,883.0,868.0,870.75,572186,22422.0,25.52,255471.0
2022-07-25,871.0,896.0,867.9,892.7,968433,26043.0,37.19,250950.0
2022-07-26,893.95,893.95,869.2,871.65,791497,22951.0,34.49,280853.0
2022-07-27,869.2,880.8,863.75,878.6,747154,19929.0,37.49,304966.0
2022-07-28,885.0,893.9,876.45,890.0,569107,14699.0,38.72,206713.0
2022-07-29,901.0,913.0,896.35,909.9,1176936,26911.0,43.73,293279.0
2022-08-01,911.0,947.0,910.0,944.05,1450419,34745.0,41.74,317257.0
2022-08-02,944.05,949.0,934.15,942.95,949852,24283.0,39.12,340699.0
2022-08-03,946.3,947.6,929.1,937.95,702899,23051.0,30.49,239709.0
2022-08-04,939.0,962.0,936.3,950.8,1682996,41376.0,40.68,448526.0
2022-08-05,955.25,957.35,942.0,948.5,751942,16732.0,44.94,156805.0
2022-08-08,949.0,962.4,942.75,957.0,1140055,,,
2022-08-10,1015.0,1086.55,1010.1,1074.15,15504357,286997.0,54.02,2364126.0
2022-08-11,1080.0,1093.65,1066.6,1075.6,2782046,65738.0,42.32,718849.0
2022-08-12,1070.0,1160.0,1068.1,1118.9,10654214,230311.0,46.26,1278893.0
2022-08-16,1126.5,1138.0,1104.5,1122.5,2577899,65356.0,39.44,660772.0
2022-08-17,1130.0,1140.0,1100.0,1107.1,1462856,37788.0,38.71,405006.0
2022-08-18,1103.0,1122.25,1091.0,1118.25,2042013,46184.0,44.21,425493.0
2022-08-19,1127.6,1182.2,1120.1,1124.15,8907831,189772.0,46.94,929548.0
2022-08-22,1119.0,1119.0,1079.2,1087.5,2861331,67968.0,42.1,963305.0
2022-08-23,1079.0,1106.8,1063.1,1101.25,3151149,71496.0,44.07,1030618.0
2022-08-24,1108.2,1122.25,1082.7,1095.15,2254878,57148.0,39.46,411634.0
2022-08-25,1104.8,1112.85,1095.4,1099.8,1126027,34959.0,32.21,277327.0
2022-08-26,1110.3,1137.4,1104.2,1110.6,2444978,49506.0,49.39,592393.0
2022-08-29,1051.0,1137.0,1051.0,1132.4,2469682,56302.0,43.86,617097.0
2022-08-30,1148.95,1149.7,1123.35,1129.55,1693174,42849.0,39.51,440114.0
2022-09-01,1123.0,1144.45,1120.05,1139.1,1390775,37438.0,37.15,522010.0
2022-09-02,1146.0,1161.65,1115.85,1119.8,2601751,51357.0,50.66,978356.0
2022-09-05,1120.0,1137.8,1114.8,1119.15,1069350,26274.0,40.7,407094.0
2022-09-06,1126.8,1132.95,1111.05,1120.0,1101924,25840.0,42.64,372509.0
2022-09-07,1120.95,1134.1,1110.45,1125.15,929641,22095.0,42.07,366721.0
2022-09-08,1133.0,1135.1,1111.2,1116.9,870236,21337.0,40.79,408909.0
2022-09-09,1125.0,1127.45,1108.8,1113.05,702066,17949.0,39.11,295093.0
2022-09-12,1119.8,1163.2,1115.55,1159.75,3385341,77116.0,43.9,1163625.0
2022-09-13,1173.95,1194.0,1158.35,1160.7,4497078,105129.0,42.78,1029615.0
2022-09-14,1148.0,1168.95,1140.8,1155.9,1435793,33552.0,42.79,355742.0
2022-09-15,1161.7,1176.65,1136.25,1170.3,1546094,42458.0,36.41,380651.0
2022-09-16,1168.0,1169.75,1090.95,1105.75,2492742,72197.0,34.53,687821.0
2022-09-19,1108.0,1118.0,1090.0,1102.75,1199413,40376.0,29.71,290538.0
2022-09-20,1111.0,1134.2,1110.1,1113.65,1072438,32537.0,32.96,292139.0
2022-09-21,1109.0,1119.9,1090.2,1097.3,860142,28136.0,30.57,207166.0
2022-09-22,1092.5,1157.0,1090.55,1150.05,3258442,82468.0,39.51,982293.0
2022-09-23,1154.9,1161.45,1126.6,1134.4,2377503,70556.0,33.7,401391.0
2022-09-26,1121.0,1127.5,1031.65,1063.35,4692089,136399.0,34.4,1383278.0
2022-09-27,1067.2,1077.05,1035.0,1067.2,2046370,75312.0,27.17,723583.0
2022-09-28,1053.0,1066.65,1042.2,1047.95,1042615,37181.0,28.04,306965.0
2022-09-29,1076.0,1125.0,1071.15,1093.0,5790446,130578.0,44.34,859402.0
2022-09-30,1088.0,1109.95,1048.55,1104.75,2948687,69045.0,42.71,451219.0
2022-10-03,1098.0,1131.9,1082.4,1093.7,3073292,74650.0,41.17,732965.0
2022-10-04,1111.0,1149.65,1106.8,1140.95,3217331,68816.0,46.75,1094836.0
2022-10-06,1148.95,1154.35,1138.15,1147.85,2074065,53704.0,38.62,853330.0
2022-10-07,1144.0,1189.5,1140.0,1181.8,4737463,117943.0,40.17,1220896.0
2022-10-10,1169.85,1214.0,1160.8,1199.65,5201365,139810.0,37.2,1235664.0
2022-10-11,1207.0,1214.9,1159.65,1164.35,2871961,74849.0,38.37,851630.0
2022-10-12,1170.2,1173.0,1146.5,1162.95,2138197,47924.0,44.62,747256.0
2022-10-13,1165.0,1170.7,1138.3,1151.85,1477297,42801.0,34.52,485547.0
2022-10-14,1175.0,1177.3,1140.75,1143.7,1255257,41396.0,30.32,539413.0
2022-10-17,1143.95,1168.0,1130.0,1162.0,1658559,47306.0,35.06,647721.0
2022-10-18,1170.1,1180.0,1153.5,1166.45,1828207,58636.0,31.18,775006.0
2022-10-19,1170.0,1171.2,1155.8,1164.25,1282883,31103.0,41.25,546990.0
2022-10-20,1163.0,1163.75,1147.0,1158.15,725540,21194.0,34.23,168809.0
2022-10-21,1161.9,1167.9,1137.05,1143.5,1002594,30981.0,32.36,430234.0
2022-10-24,1159.0,1160.0,1151.05,1156.75,214740,11497.0,18.68,104040.0
2022-10-25,1160.05,1186.0,1151.0,1180.65,1667372,45441.0,36.69,531085.0
2022-10-27,1184.5,1199.9,1173.0,1188.15,2008073,65700.0,30.56,687266.0
2022-10-28,1181.1,1186.8,1125.1,1131.95,6601985,166665.0,39.61,1652923.0
2022-10-31,1136.0,1149.0,1124.7,1132.8,1926174,52325.0,36.81,698003.0
2022-11-01,1138.5,1150.6,1133.55,1142.2,1605249,47597.0,33.73,524406.0
2022-11-02,1147.0,1158.0,1130.0,1132.75,1232415,34001.0,36.25,345722.0
2022-11-03,1132.0,1141.85,1125.2,1131.5,1089567,35209.0,30.95,486024.0
2022-11-04,1137.2,1140.05,1108.5,1123.35,1371711,54057.0,25.38,507915.0
2022-11-07,1125.0,1145.4,1121.0,1122.35,1348034,36876.0,36.56,634143.0
2022-11-09,1129.0,1136.0,1108.0,1111.95,1268573,50915.0,24.92,524564.0
2022-11-10,1113.0,1117.0,1066.1,1070.25,1892318,73260.0,25.83,799645.0
2022-11-11,1085.0,1090.9,1065.0,1067.5,901885,34994.0,25.77,325840.0
2022-11-14,1072.85,1072.85,1056.6,1065.25,673296,24370.0,27.63,185807.0
2022-11-15,1070.6,1074.25,1052.7,1057.2,717692,24370.0,29.45,185807.0
2022-11-16,1053.0,1064.2,1038.05,1049.2,862086,27175.0,31.72,324065.0
2022-11-17,1048.0,1051.55,1032.0,1036.2,644347,24603.0,26.19,211784.0
2022-11-18,1038.8,1042.0,997.0,1015.75,1510831,50839.0,29.72,457386.0
2022-11-21,1015.75,1044.45,1009.05,1036.3,1300208,43165.0,30.12,285356.0
2022-11-22,1039.45,1042.9,1031.25,1039.2,549767,18184.0,30.23,167430.0
2022-11-23,1042.9,1046.8,1024.2,1028.5,829776,19579.0,42.38,260081.0
2022-11-24,1031.8,1036.75,1019.6,1023.8,660819,20503.0,32.23,194123.0
2022-11-25,1027.05,1040.3,1024.6,1032.1,636738,21372.0,29.79,174330.0
2022-11-28,1034.3,1043.3,1032.1,1038.85,590946,18876.0,31.31,194383.0
2022-11-29,1040.0,1044.1,1025.0,1028.2,529315,17809.0,29.72,189678.0
2022-11-30,1030.0,1042.9,1029.2,1035.5,735398,23535.0,31.25,301828.0
2022-12-01,1041.0,1058.95,1037.1,1048.7,1169027,37419.0,31.24,382599.0
2022-12-02,1048.0,1053.0,1031.05,1039.35,1021911,37209.0,27.46,291602.0
2022-12-05,1044.1,1071.45,1039.8,1056.7,1495223,50909.0,29.37,291217.0
2022-12-06,1055.0,1060.6,1040.95,1043.2,1047006,21928.0,47.75,208943.0
2022-12-07,1046.3,1047.65,1021.7,1029.5,683379,22993.0,29.72,194041.0
2022-12-08,1032.45,1049.0,1026.0,1046.25,747048,26366.0,28.33,197121.0
2022-12-09,1049.95,1056.95,1026.25,1033.75,770753,27111.0,28.43,255240.0
2022-12-12,1033.0,1039.5,1025.3,1034.15,633628,24729.0,25.62,192024.0
2022-12-13,1034.9,1045.45,1032.2,1033.7,535565,19245.0,27.83,157203.0
2022-12-14,1038.0,1044.9,1035.0,1036.5,706162,29005.0,24.35,346810.0
2022-12-15,1039.2,1042.95,1022.1,1026.7,545640,21394.0,25.5,166348.0
2022-12-16,1025.8,1025.8,985.7,991.5,1758284,62447.0,28.16,545654.0
2022-12-19,992.5,997.9,968.8,988.65,1640959,58944.0,27.84,426642.0
2022-12-20,990.7,991.1,968.4,979.0,856249,34186.0,25.05,263790.0
2022-12-21,985.2,996.5,960.95,965.6,1035557,42114.0,24.59,296667.0
2022-12-22,970.45,974.95,933.1,940.25,1218644,46654.0,26.12,378648.0
2022-12-23,933.85,937.1,889.05,891.7,1406373,48713.0,28.87,453553.0
2022-12-26,897.0,916.15,876.8,906.8,836992,31671.0,26.43,217589.0
2022-12-27,911.35,923.8,909.2,918.4,968330,32296.0,29.98,303768.0
2022-12-28,922.45,939.4,915.6,933.2,1018813,36161.0,28.17,164982.0
2022-12-29,928.0,935.0,922.0,928.55,918301,36455.0,25.19,454593.0
2022-12-30,931.6,947.0,930.8,937.15,874888,27280.0,32.07,220022.0
2023-01-02,941.85,943.7,930.15,941.35,745481,35539.0,20.98,304011.0
2023-01-03,945.0,948.6,938.15,941.7,498529,17487.0,28.51,140995.0
2023-01-04,942.0,943.85,926.05,931.65,728111,24620.0,29.57,286626.0
2023-01-05,934.7,946.3,925.85,942.15,835241,28760.0,29.04,282443.0
2023-01-06,942.15,956.0,938.5,948.3,1100983,35823.0,30.73,308032.0
2023-01-09,950.0,960.9,947.5,958.3,653230,31045.0,21.04,249347.0
2023-01-10,959.2,972.4,953.15,968.55,933245,36783.0,25.37,299355.0
2023-01-11,973.0,975.0,962.4,967.75,643479,27727.0,23.21,235700.0
2023-01-12,971.75,978.6,969.0,973.25,593507,23805.0,24.93,148165.0
2023-01-13,973.95,976.0,964.05,974.6,390146,18740.0,20.82,134007.0
2023-01-16,976.6,981.8,969.5,970.35,356574,22718.0,15.7,134622.0
2023-01-17,975.25,989.15,970.35,987.2,885830,33905.0,26.13,260717.0
2023-01-18,991.55,1000.5,988.35,998.95,734651,30090.0,24.42,276978.0
2023-01-19,997.0,998.95,978.3,980.45,598387,24005.0,24.93,248022.0
2023-01-20,981.0,987.7,973.0,975.85,418246,20048.0,20.86,117005.0
2023-01-23,975.85,978.65,971.2,977.15,290614,14255.0,20.39,91165.0
2023-01-24,977.15,984.0,967.05,971.8,444221,18252.0,24.34,187185.0
2023-01-25,970.0,970.0,948.4,950.4,623055,31268.0,19.93,230818.0
2023-01-27,954.65,960.3,929.4,945.0,648243,30674.0,21.13,209110.0
2023-01-30,945.0,960.7,936.4,955.35,549412,32837.0,16.73,181716.0
2023-01-31,958.0,979.0,955.0,973.4,759060,37694.0,20.14,319573.0
2023-02-01,980.0,985.1,942.45,956.15,1175811,65288.0,18.01,462947.0
2023-02-02,948.1,986.75,912.0,967.25,2772046,105352.0,26.31,783698.0
2023-02-03,968.6,999.0,961.05,969.95,1424837,58268.0,24.45,391625.0
2023-02-06,970.0,1010.0,967.05,1006.7,1203295,44787.0,26.87,398796.0
2023-02-07,1011.75,1040.0,1003.2,1030.95,2630267,81143.0,32.42,755538.0
2023-02-08,1032.0,1041.25,1011.5,1029.4,1004359,42681.0,23.53,214284.0
2023-02-09,1021.0,1036.0,1010.75,1012.55,661402,39971.0,16.55,283182.0
2023-02-10,1013.2,1026.2,1004.0,1020.3,724694,34429.0,21.05,192961.0
2023-02-13,1020.7,1028.0,1009.35,1017.3,560147,21723.0,25.79,123652.0
2023-02-14,1019.0,1023.65,1007.25,1009.95,386474,15869.0,24.35,107450.0
2023-02-15,1009.95,1019.9,1004.1,1010.65,626181,25813.0,24.26,191921.0
2023-02-16,1013.0,1035.0,1011.1,1024.9,1129579,36145.0,31.25,346963.0
2023-02-17,1024.05,1033.35,1015.55,1018.85,466079,23557.0,19.79,146240.0
2023-02-20,1020.65,1025.7,1004.5,1010.95,598142,32444.0,18.44,142864.0
2023-02-21,1012.0,1017.95,998.0,1000.25,574836,19534.0,29.43,122704.0
2023-02-22,1000.25,1001.6,958.55,965.2,1803876,46540.0,38.76,915936.0
2023-02-23,969.0,989.9,962.25,972.85,1070215,39561.0,27.05,273569.0
2023-02-24,978.0,984.65,968.5,972.1,839873,29277.0,28.69,307230.0
2023-02-27,972.0,984.5,961.1,974.85,1644171,44684.0,36.8,587617.0
2023-02-28,976.0,980.95,965.2,975.0,715101,25179.0,28.4,238287.0
2023-03-01,972.0,999.0,972.0,994.5,610565,27296.0,22.37,182711.0
2023-03-02,997.0,998.15,984.9,989.1,576642,35331.0,16.32,180378.0
2023-03-03,990.1,1013.0,989.1,1007.95,949753,33800.0,28.1,320693.0
2023-03-06,1010.95,1011.95,999.55,1002.05,775814,37809.0,20.52,316896.0
2023-03-08,1001.8,1016.0,992.1,1010.8,632362,29717.0,21.28,210430.0
2023-03-09,1011.0,1015.9,990.65,993.25,595044,25468.0,23.36,195117.0
2023-03-10,988.0,989.85,970.8,980.75,534453,23642.0,22.61,144895.0
2023-03-13,980.0,985.1,961.3,965.15,639656,29368.0,21.78,194598.0
2023-03-14,967.7,975.0,954.0,966.5,618342,27964.0,22.11,142035.0
2023-03-15,977.0,983.5,960.0,963.3,340658,13582.0,25.08,93257.0
2023-03-16,965.95,965.95,943.25,958.5,634780,35034.0,18.12,248434.0
2023-03-17,963.4,969.6,957.5,963.1,581953,24602.0,23.65,192574.0
2023-03-20,962.4,962.4,934.25,950.4,698608,24508.0,28.51,175145.0
2023-03-21,951.0,957.7,948.0,953.2,366923,19896.0,18.44,97429.0
2023-03-22,953.0,965.8,951.3,961.5,350721,20060.0,17.48,116757.0
2023-03-23,960.0,971.85,952.05,968.1,657902,26952.0,24.41,339939.0
2023-03-24,964.0,970.0,950.0,953.95,572686,23654.0,24.21,280835.0
2023-03-27,954.0,960.65,948.15,955.05,372570,22465.0,16.58,156392.0
2023-03-28,956.45,960.15,950.4,953.8,498770,14701.0,33.93,311525.0
2023-03-29,953.8,961.0,945.0,954.75,608017,21921.0,27.74,262052.0
2023-03-31,959.55,981.05,958.05,972.45,689153,24782.0,27.81,263216.0
2023-04-03,979.95,983.0,973.1,977.15,399269,17638.0,22.64,93751.0
2023-04-05,975.05,977.0,959.25,975.6,479875,20683.0,23.2,128859.0
2023-04-06,975.7,990.0,972.4,989.15,393374,20030.0,19.64,122875.0
2023-04-10,993.95,1004.75,985.0,1003.65,647601,23671.0,27.36,223935.0
2023-04-11,1008.0,1018.45,1002.6,1016.8,620280,21524.0,28.82,200552.0
2023-04-12,1018.0,1027.0,1012.05,1020.65,587158,28639.0,20.5,240928.0
2023-04-13,1020.0,1029.0,1016.5,1026.15,468566,19265.0,24.32,170977.0
2023-04-17,1022.0,1029.9,986.65,990.85,608548,26618.0,22.86,268759.0
2023-04-18,980.0,980.0,926.05,932.1,6210562,165520.0,37.52,2610694.0
2023-04-19,934.0,939.9,921.65,933.4,1912439,49119.0,38.93,689985.0
2023-04-20,930.2,945.5,927.0,942.7,1395931,39860.0,35.02,493629.0
2023-04-21,945.55,948.8,937.5,944.45,835643,21930.0,38.11,336033.0
2023-04-24,946.95,949.4,942.85,948.5,460973,13439.0,34.3,218519.0
2023-04-25,951.0,954.45,941.5,944.4,728106,20138.0,36.16,358838.0
2023-04-26,943.95,948.9,930.0,931.6,1074739,33416.0,32.16,558374.0
2023-04-27,934.85,945.25,929.05,943.7,710930,17962.0,39.58,267620.0
2023-04-28,947.95,959.0,944.0,952.7,737346,25268.0,29.18,286235.0
2023-05-02,955.3,987.9,954.55,972.0,1373516,36585.0,37.54,534392.0
2023-05-03,971.95,996.9,969.0,993.1,1096572,32803.0,33.43,399367.0
2023-05-04,999.95,1017.85,970.0,982.25,3686017,89932.0,40.99,985330.0
2023-05-05,987.05,987.25,958.0,959.5,1526091,42547.0,35.87,583960.0
2023-05-08,965.0,973.9,960.5,969.95,859127,23872.0,35.99,403625.0
2023-05-09,972.65,978.95,964.0,965.85,842765,23783.0,35.44,458625.0
2023-05-10,972.05,976.35,963.6,974.5,902870,28153.0,32.07,552940.0
2023-05-11,977.0,990.0,975.55,988.6,974505,30967.0,31.47,512952.0
2023-05-12,991.0,995.9,982.15,985.2,719326,22177.0,32.44,410058.0
2023-05-15,989.9,993.7,979.15,990.1,422352,12863.0,32.83,195919.0
2023-05-16,994.0,995.95,975.0,976.8,452542,22924.0,19.74,218793.0
2023-05-17,980.0,984.55,966.6,982.1,779613,19447.0,40.09,464206.0
2023-05-18,987.95,992.5,980.05,984.65,683500,19172.0,35.65,332636.0
2023-05-19,989.4,991.0,974.35,984.15,845534,19937.0,42.41,467866.0
2023-05-22,986.95,994.0,975.5,987.2,667367,14471.0,46.12,343473.0
2023-05-23,987.0,994.0,980.0,981.9,627065,17354.0,36.13,288594.0
2023-05-24,984.2,998.65,975.0,987.1,728156,24053.0,30.27,251395.0
2023-05-25,988.45,989.65,946.05,956.7,1620350,52122.0,31.09,600437.0
2023-05-26,960.0,972.25,955.0,970.25,702059,21565.0,32.56,255489.0
2023-05-29,972.3,975.85,967.65,971.85,456813,14376.0,31.78,177234.0
2023-05-30,974.4,975.0,963.5,969.1,477951,19276.0,24.8,218021.0
2023-05-31,971.0,972.5,964.0,970.6,710320,21327.0,33.31,423037.0
2023-06-01,972.0,976.9,966.15,968.95,414830,18683.0,22.2,201832.0
2023-06-02,970.0,979.4,968.0,969.8,516827,17017.0,30.37,264382.0
2023-06-05,979.6,1017.95,976.85,995.55,5155439,105012.0,49.09,1094967.0
2023-06-06,1000.0,1007.1,988.8,993.75,966295,34710.0,27.84,328100.0
2023-06-07,997.45,1000.0,991.3,994.75,485131,16591.0,29.24,225541.0
2023-06-08,999.0,1015.0,997.05,1003.25,1389967,39624.0,35.08,468224.0
2023-06-09,1004.0,1008.1,981.15,985.95,959079,29470.0,32.54,385815.0
2023-06-12,990.0,991.85,983.15,987.75,601656,18776.0,32.04,247834.0
2023-06-13,990.0,1006.0,989.05,1000.05,1236924,42495.0,29.11,549989.0
2023-06-14,973.95,981.9,957.9,977.95,3249390,88944.0,36.53,1355032.0
2023-06-15,969.0,970.8,953.5,958.5,3592424,78056.0,46.02,1963826.0
2023-06-16,959.0,972.75,956.0,970.95,1397816,35147.0,39.77,573780.0
2023-06-19,972.4,980.0,967.8,978.45,1155057,26718.0,43.23,570709.0
2023-06-20,980.0,986.0,974.05,983.5,1267022,23644.0,53.59,617692.0
2023-06-21,988.45,999.0,977.15,997.2,1757441,43405.0,40.49,802718.0
2023-06-22,1003.5,1009.8,992.2,1004.55,1685291,41551.0,40.56,633879.0
2023-06-23,1008.9,1009.0,976.4,980.05,1289496,40211.0,32.07,532603.0
2023-06-26,981.95,997.0,970.05,993.95,962543,28488.0,33.79,341291.0
2023-06-27,993.95,1020.0,993.95,1006.25,2034613,47722.0,42.63,731266.0
2023-06-28,1010.0,1015.65,993.05,996.25,1118507,31836.0,35.13,436536.0
2023-06-30,1002.0,1007.45,993.05,1001.4,892662,28861.0,30.93,376143.0
2023-07-03,1004.0,1016.5,1001.0,1008.05,817032,22965.0,35.58,388693.0
2023-07-04,1010.6,1029.0,1004.85,1006.85,2029338,53767.0,37.74,502693.0
2023-07-05,1010.0,1016.5,1003.55,1007.35,612300,17822.0,34.36,159513.0
2023-07-06,1009.4,1018.0,1004.65,1012.8,566109,21327.0,26.54,248197.0
2023-07-07,1014.1,1026.0,995.5,1002.2,1235538,38933.0,31.73,359290.0
2023-07-10,1006.0,1007.0,981.75,996.3,1102693,34685.0,31.79,451531.0
2023-07-11,998.0,999.0,986.0,992.25,938584,22989.0,40.83,497363.0
2023-07-12,993.2,998.2,982.0,983.45,827540,23616.0,35.04,407437.0
2023-07-13,987.4,990.5,971.4,977.0,908833,30320.0,29.97,511861.0
2023-07-14,979.0,990.6,977.0,983.5,935472,28529.0,32.79,568799.0
2023-07-17,986.9,995.8,984.0,993.65,795781,19095.0,41.67,425023.0
2023-07-18,994.0,1006.0,990.25,997.85,961824,27209.0,35.35,364591.0
2023-07-19,996.0,1004.75,993.0,997.75,520288,22097.0,23.55,271940.0
2023-07-20,1001.8,1001.8,990.45,994.45,565418,26819.0,21.08,318574.0
2023-07-21,992.85,994.0,978.6,987.65,628105,19716.0,31.86,283093.0
2023-07-24,990.0,997.0,987.0,990.5,591437,19707.0,30.01,252877.0
2023-07-25,994.5,995.0,975.0,977.1,1065233,40109.0,26.56,551297.0
2023-07-26,977.1,1002.0,977.1,998.2,1543349,40954.0,37.68,752129.0
2023-07-27,1003.2,1006.0,986.15,993.65,1019601,25884.0,39.39,482193.0
2023-07-28,999.0,1053.95,997.45,1051.05,5379672,118555.0,45.38,2022258.0
2023-07-31,1060.3,1071.8,1051.05,1059.35,1732206,56659.0,30.57,586951.0
2023-08-01,1064.2,1083.6,1059.5,1072.9,1489507,51018.0,29.2,444369.0
2023-08-02,1059.95,1059.95,1027.05,1041.4,1742065,55746.0,31.25,552123.0
2023-08-03,1040.0,1046.85,1030.05,1039.5,643369,21791.0,29.52,249103.0
2023-08-04,1046.5,1058.8,1042.3,1047.45,905449,29480.0,30.71,277203.0
2023-08-07,1055.05,1062.0,1035.1,1039.2,704409,27236.0,25.86,197384.0
2023-08-08,1010.0,1031.95,1002.3,1010.35,2803220,70311.0,39.87,1099121.0
2023-08-09,1009.0,1014.2,987.4,1010.2,2504277,53893.0,46.47,1230511.0
2023-08-10,1012.0,1015.9,1003.85,1008.05,694086,25262.0,27.48,296191.0
2023-08-11,1009.0,1017.05,1002.0,1005.7,821837,22597.0,36.37,427495.0
2023-08-14,1006.0,1007.0,988.2,1001.65,650309,35423.0,18.36,248951.0
2023-08-16,999.5,1000.4,988.5,990.7,556999,36079.0,15.44,270508.0
2023-08-17,992.6,1000.0,988.5,991.4,704109,23216.0,30.33,391832.0
2023-08-18,992.7,1002.0,982.0,998.5,694939,27954.0,24.86,231969.0
2023-08-21,998.5,1006.0,996.2,1001.05,583175,19699.0,29.6,224976.0
2023-08-22,1007.0,1008.0,1000.0,1004.0,426545,17815.0,23.94,161855.0
2023-08-23,1009.0,1015.85,1003.5,1004.65,633794,20075.0,31.57,317734.0
2023-08-24,1010.05,1017.4,1004.15,1015.65,575632,22746.0,25.31,302427.0
2023-08-25,1017.0,1021.0,1000.0,1011.25,1015895,36875.0,27.55,360823.0
2023-08-28,1015.0,1041.0,1005.75,1035.75,1955741,50869.0,38.45,815624.0
2023-08-29,1041.0,1077.0,1040.0,1066.9,3555138,91914.0,38.68,922786.0
2023-08-30,1076.95,1079.85,1056.75,1059.7,907511,28920.0,31.38,310295.0
2023-08-31,1063.6,1072.0,1052.6,1061.45,628121,23890.0,26.29,229750.0
2023-09-01,1065.0,1076.0,1061.8,1071.15,591330,23740.0,24.91,261019.0
2023-09-04,1075.15,1098.0,1070.5,1089.75,1378530,41329.0,33.36,551921.0
2023-09-05,1096.3,1110.85,1092.15,1103.75,1233591,38151.0,32.33,433489.0
2023-09-06,1106.0,1107.0,1078.2,1090.1,642702,21935.0,29.3,223644.0
2023-09-07,1095.0,1096.2,1078.2,1086.15,665262,30838.0,21.57,355212.0
2023-09-08,1086.2,1094.3,1081.6,1085.3,473019,20620.0,22.94,188829.0
2023-09-11,1086.0,1098.0,1080.1,1085.9,511237,22431.0,22.79,207706.0
2023-09-12,1085.9,1090.9,1043.0,1046.1,868126,36175.0,24.0,335605.0
2023-09-13,1050.0,1063.05,1038.05,1052.9,745777,27527.0,27.09,319832.0
2023-09-14,1059.0,1077.15,1057.3,1074.55,610424,25385.0,24.05,198961.0
2023-09-15,1077.0,1081.5,1063.35,1070.45,646144,20780.0,31.09,375535.0
2023-09-18,1070.05,1071.1,1056.15,1057.9,337323,18025.0,18.71,139599.0
2023-09-20,1056.15,1056.15,1039.3,1047.8,591699,26682.0,22.18,268543.0
2023-09-21,1047.8,1050.45,1030.1,1034.8,618526,24637.0,25.11,325203.0
2023-09-22,1039.0,1039.55,1022.05,1035.8,486756,20396.0,23.87,221834.0
2023-09-25,1042.0,1048.35,1034.0,1045.3,612625,23151.0,26.46,266347.0
2023-09-26,1045.3,1049.45,1035.05,1036.95,268848,14988.0,17.94,119908.0
2023-09-27,1041.95,1050.0,1035.9,1043.5,461560,20510.0,22.5,151208.0
2023-09-28,1036.0,1049.75,1011.7,1016.15,622778,29820.0,20.88,270382.0
2023-09-29,1020.95,1038.7,1018.8,1031.2,340818,14858.0,22.94,83519.0
2023-10-03,1032.95,1032.95,1022.05,1025.1,227220,16206.0,14.02,85351.0
2023-10-04,1024.85,1024.85,1000.0,1011.25,457424,25907.0,17.66,187349.0
2023-10-05,1018.9,1025.0,1006.0,1009.3,286411,15520.0,18.45,122581.0
2023-10-06,1012.0,1014.8,1005.3,1012.75,348344,15200.0,22.92,126332.0
2023-10-09,1005.0,1011.0,996.35,1004.35,405937,20724.0,19.59,161649.0
2023-10-10,1008.0,1023.0,1008.0,1016.8,366136,19748.0,18.54,167599.0
2023-10-11,1042.0,1063.0,1033.0,1036.1,2758083,89801.0,30.71,595460.0
2023-10-12,1042.95,1043.0,1030.0,1038.85,465767,20166.0,23.1,187569.0
2023-10-13,1035.95,1045.55,1027.0,1035.1,409241,20490.0,19.97,175773.0
2023-10-16,1034.9,1050.0,1032.0,1040.85,583658,21474.0,27.18,219899.0
2023-10-17,1045.05,1051.0,1042.0,1045.3,536501,19619.0,27.35,249373.0
2023-10-18,1047.0,1050.7,1032.3,1044.25,976236,29354.0,33.26,671457.0
2023-10-19,1044.0,1044.0,1019.65,1031.25,734831,22956.0,32.01,248240.0
2023-10-20,1025.0,1034.15,1010.0,1011.7,588202,22299.0,26.38,256117.0
2023-10-23,1014.0,1017.15,975.05,978.5,825192,41406.0,19.93,381472.0
2023-10-25,980.0,992.0,962.0,963.6,729081,34522.0,21.12,294355.0
2023-10-26,962.0,963.0,935.0,940.7,1061128,41885.0,25.33,509162.0
2023-10-27,951.8,959.75,947.05,955.75,404416,20129.0,20.09,171617.0
2023-10-30,955.0,961.0,948.5,950.5,406988,20473.0,19.88,181028.0
2023-10-31,957.95,964.75,952.0,959.2,432972,16679.0,25.96,164741.0
2023-11-01,958.5,960.0,949.0,950.35,363571,18782.0,19.36,124017.0
2023-11-02,956.0,960.45,953.25,959.05,230632,16360.0,14.1,113158.0
2023-11-03,963.95,964.95,956.85,958.6,280436,11908.0,23.55,130192.0
2023-11-06,965.0,978.9,965.0,973.35,400869,19349.0,20.72,150488.0
2023-11-07,975.95,975.95,961.0,963.7,547913,22307.0,24.56,215249.0
2023-11-08,960.2,968.6,954.15,958.45,910691,28335.0,32.14,377446.0
2023-11-09,961.0,963.9,955.4,959.1,462572,16606.0,27.86,179616.0
2023-11-10,958.0,967.3,952.6,963.95,436075,16580.0,26.3,128926.0
2023-11-12,960.95,967.85,955.55,965.0,220426,10923.0,20.18,102083.0
2023-11-13,953.9,963.0,945.2,946.65,1293837,53420.0,24.22,476768.0
2023-11-15,955.0,955.55,948.1,949.55,463515,21887.0,21.18,203806.0
2023-11-16,951.5,957.6,948.3,954.2,510001,21931.0,23.25,252138.0
2023-11-17,951.55,969.1,951.55,963.4,824095,31022.0,26.56,330058.0
2023-11-20,963.7,967.9,953.0,955.7,390897,25893.0,15.1,191955.0
2023-11-21,957.0,971.0,957.0,961.3,385963,15560.0,24.8,140632.0
2023-11-22,964.0,967.5,951.05,960.45,456965,20090.0,22.75,174692.0
2023-11-23,960.45,971.4,960.0,965.65,722824,23629.0,30.59,332486.0
2023-11-24,967.0,968.9,958.0,960.6,410255,14299.0,28.69,214960.0
2023-11-28,960.6,971.95,958.6,968.55,542859,21596.0,25.14,227144.0
2023-11-29,969.95,974.0,967.05,972.55,458992,19615.0,23.4,258646.0
2023-11-30,971.7,972.95,962.0,970.45,810025,27365.0,29.6,384734.0
2023-12-01,970.3,980.7,966.05,969.95,603363,24628.0,24.5,255312.0
2023-12-04,979.0,979.0,971.0,973.05,599063,25752.0,23.26,325129.0
2023-12-05,975.0,985.1,973.5,983.2,1291543,48626.0,26.56,541045.0
2023-12-06,995.0,1029.9,995.0,1011.9,4017068,105023.0,38.25,848668.0
2023-12-07,1019.8,1025.25,1008.1,1018.25,796187,31779.0,25.05,244506.0
2023-12-08,1024.65,1027.25,990.0,996.85,1179751,44531.0,26.49,476719.0
2023-12-11,1004.95,1026.2,999.5,1018.05,1163115,36734.0,31.66,521167.0
2023-12-12,1024.1,1025.0,1001.4,1005.75,942123,36813.0,25.59,508587.0
2023-12-13,1011.8,1015.0,1001.2,1006.75,592127,22909.0,25.85,324918.0
2023-12-14,1011.0,1019.3,1006.2,1008.4,1124981,29470.0,38.17,678407.0
2023-12-15,1024.75,1044.9,1012.25,1030.0,2655928,77768.0,34.15,998408.0
2023-12-18,1034.7,1042.85,1027.0,1034.2,896701,27575.0,32.52,288657.0
2023-12-19,1040.0,1041.0,1021.1,1033.25,608182,28633.0,21.24,210700.0
2023-12-20,1033.5,1049.9,985.0,988.6,1651350,60784.0,27.17,511431.0
2023-12-21,988.6,1012.0,980.0,1009.65,813289,33340.0,24.39,212336.0
2023-12-22,1016.0,1041.0,1012.5,1022.05,1179769,46490.0,25.38,310341.0
2023-12-26,1027.0,1102.0,1020.7,1094.25,7243281,196940.0,36.78,2005721.0
2023-12-27,1100.0,1102.85,1077.15,1089.85,1984857,63966.0,31.03,471535.0
2023-12-28,1094.7,1095.0,1079.05,1086.6,1387134,38415.0,36.11,625166.0
2023-12-29,1092.0,1123.0,1083.55,1104.1,2522155,78731.0,32.04,841417.0
2024-01-01,1113.0,1134.9,1106.25,1117.85,1851611,59182.0,31.29,563650.0
2024-01-02,1117.9,1139.5,1101.0,1122.35,1578917,51661.0,30.56,494691.0
2024-01-03,1122.3,1129.55,1097.0,1112.65,1404894,48826.0,28.77,310876.0
2024-01-04,1117.05,1137.95,1113.0,1131.55,867201,28781.0,30.13,379130.0
2024-01-05,1139.95,1141.0,1094.25,1104.7,1608206,56724.0,28.35,627105.0
2024-01-08,1109.0,1110.8,1082.15,1099.05,1206551,37272.0,32.37,466059.0
2024-01-09,1102.0,1118.0,1097.2,1104.15,920494,34173.0,26.94,401617.0
2024-01-10,1105.05,1108.55,1088.0,1097.35,389257,21277.0,18.29,112240.0
2024-01-11,1096.0,1114.0,1096.0,1104.85,572512,23685.0,24.17,178310.0
2024-01-12,1110.0,1124.85,1096.7,1112.2,1080170,33532.0,32.21,284656.0
2024-01-15,1118.9,1125.0,1107.15,1112.2,575875,23292.0,24.72,186501.0
2024-01-16,1112.2,1117.7,1089.45,1102.45,603729,27894.0,21.64,183414.0
2024-01-17,1097.95,1104.95,1079.95,1083.65,612371,31798.0,19.26,232734.0
2024-01-18,1080.0,1092.5,1048.0,1066.25,785453,40604.0,19.34,184399.0
2024-01-19,1074.95,1096.85,1070.15,1075.25,998025,35514.0,28.1,386499.0
2024-01-20,1077.3,1085.65,1001.7,1051.95,825794,42419.0,19.47,223679.0
2024-01-23,1060.05,1068.0,1000.05,1003.95,1148896,55318.0,20.77,480387.0
2024-01-24,1008.95,1023.0,998.55,1017.85,808345,28313.0,28.55,233972.0
2024-01-25,1022.0,1026.0,1001.1,1005.65,713684,27509.0,25.94,237500.0
2024-01-29,1010.15,1018.0,1006.4,1013.15,626512,24786.0,25.28,287844.0
2024-01-30,1013.15,1027.9,1003.0,1005.75,709805,29395.0,24.15,244214.0
2024-01-31,1010.1,1032.6,1007.0,1028.05,941821,37100.0,25.39,374393.0
2024-02-01,1035.0,1035.95,1012.0,1014.9,722085,34324.0,21.04,298719.0
2024-02-02,1023.0,1023.95,994.5,997.3,2230529,76905.0,29.0,925393.0
2024-02-05,999.0,1002.95,976.0,979.25,2154399,86262.0,24.98,832342.0
2024-02-06,935.25,1002.4,935.25,991.95,5059499,159698.0,31.68,773133.0
2024-02-07,994.9,995.95,982.25,987.05,967740,39554.0,24.47,262586.0
2024-02-08,987.05,990.0,968.0,971.05,1013560,54101.0,18.73,417062.0
2024-02-09,971.05,980.1,950.1,957.05,1277795,62562.0,20.42,668128.0
2024-02-12,961.0,973.4,944.05,946.05,1054918,47884.0,22.03,396874.0
2024-02-13,953.85,961.7,937.15,958.3,917512,41433.0,22.14,306137.0
2024-02-14,958.0,970.0,947.75,966.2,464013,23958.0,19.37,169022.0
2024-02-15,968.05,978.9,961.9,965.5,654078,25629.0,25.52,271213.0
2024-02-16,977.0,980.95,970.2,972.15,655961,25952.0,25.28,309063.0
2024-02-19,978.45,984.6,972.0,977.45,515992,22387.0,23.05,212898.0
2024-02-20,983.9,991.95,974.1,983.35,877382,32870.0,26.69,256426.0
2024-02-21,987.05,997.0,974.05,977.5,771887,31720.0,24.33,247890.0
2024-02-22,978.5,983.65,969.05,980.55,415917,20400.0,20.39,134079.0
2024-02-23,985.1,987.75,975.0,976.5,396790,18707.0,21.21,145588.0
2024-02-26,981.75,984.45,966.0,967.7,447272,25335.0,17.65,210839.0
2024-02-27,972.0,975.0,958.75,961.8,427306,23598.0,18.11,170014.0
2024-02-28,961.0,965.5,940.5,944.1,733055,44970.0,16.3,383280.0
2024-02-29,945.1,947.1,933.0,939.2,867903,43035.0,20.17,354984.0
2024-03-01,946.0,971.3,945.0,968.0,871124,40016.0,21.77,385238.0
2024-03-02,971.0,985.55,969.35,973.05,90929,5116.0,17.77,55254.0
2024-03-04,981.95,1009.2,969.3,1003.0,1736389,52705.0,32.95,825201.0
2024-03-05,1020.05,1085.0,1011.0,1061.3,9469271,262384.0,36.09,1764958.0
2024-03-06,1063.0,1202.85,1047.55,1178.45,18967589,439958.0,43.11,3323142.0
2024-03-07,1187.05,1349.0,1175.7,1315.25,47822207,1042294.0,45.88,4949480.0
2024-03-11,1220.0,1222.0,1170.0,1175.4,14713647,342951.0,42.9,2745372.0
2024-03-12,1165.0,1169.45,1105.1,1143.65,7447480,153946.0,48.38,1549132.0
2024-03-13,1146.0,1169.0,1081.45,1097.45,3797424,100493.0,37.79,935318.0
2024-03-14,1091.95,1149.85,1077.5,1135.25,2785690,71397.0,39.02,602846.0
2024-03-15,1136.7,1148.0,1112.5,1128.75,1603137,42131.0,38.05,535159.0
2024-03-18,1126.0,1143.4,1103.05,1136.55,921313,29707.0,31.01,310792.0
2024-03-19,1134.7,1136.8,1113.55,1120.9,956762,25481.0,37.55,430163.0
2024-03-20,1126.0,1132.0,1020.55,1031.3,9017251,259881.0,34.7,1388215.0
2024-03-21,1048.85,1055.0,1030.5,1034.9,1736489,50496.0,34.39,370599.0
2024-03-22,1024.05,1064.85,1020.0,1046.4,2872800,73589.0,39.04,569700.0
2024-03-26,1051.0,1096.0,1046.1,1087.05,2028039,58202.0,34.84,612462.0
2024-03-27,1092.1,1142.8,1070.2,1110.3,7031720,178270.0,39.44,1553977.0
2024-03-28,1112.0,1124.35,1075.2,1080.9,2523895,79947.0,31.57,608550.0
2024-04-01,1096.4,1125.7,1083.5,1087.2,2104600,73038.0,28.82,575831.0
2024-04-02,1095.9,1105.0,1087.0,1093.85,1280532,46817.0,27.35,386733.0
2024-04-03,1087.1,1112.7,1087.1,1091.8,1747357,58428.0,29.91,554354.0
2024-04-04,1102.0,1106.85,1087.0,1093.65,1138261,40624.0,28.02,324990.0
2024-04-05,1094.95,1160.0,1088.1,1132.55,8082508,210374.0,38.42,1278351.0
2024-04-08,1140.0,1147.85,1121.1,1137.55,1945676,71216.0,27.32,349708.0
2024-04-09,1142.0,1163.0,1130.25,1137.95,2377893,87473.0,27.18,409259.0
2024-04-10,1140.15,1188.8,1140.15,1168.55,5057112,132818.0,38.08,1239097.0
2024-04-12,1170.0,1181.4,1146.0,1148.45,2492408,65589.0,38.0,753768.0
2024-04-15,1121.0,1129.9,1075.5,1102.15,2859502,97304.0,29.39,609347.0
2024-04-16,1090.9,1129.6,1089.1,1106.2,1695444,58441.0,29.01,347239.0
2024-04-18,1121.9,1155.95,1096.9,1105.05,2704435,83899.0,32.23,465709.0
2024-04-19,1090.0,1123.5,1080.5,1103.75,2126463,65481.0,32.47,355085.0
2024-04-22,1119.0,1123.0,1097.8,1115.4,1853764,54935.0,33.74,567373.0
2024-04-23,1119.85,1130.0,1110.0,1114.9,1354218,36426.0,37.18,495098.0
2024-04-24,1124.0,1144.9,1116.05,1126.85,2258338,56238.0,40.16,454440.0
2024-04-25,1133.95,1141.2,1108.55,1112.8,2113748,52992.0,39.89,801249.0
2024-04-26,1122.3,1132.5,1116.15,1122.0,1171198,38342.0,30.55,398652.0
2024-04-29,1135.0,1136.0,1095.9,1099.5,2083202,59552.0,34.98,842930.0
2024-04-30,1066.0,1084.9,1050.0,1072.15,5927320,150909.0,39.28,1204034.0
2024-05-02,1072.0,1110.95,1065.1,1100.65,3008089,74190.0,40.55,979653.0
2024-05-03,1103.9,1109.4,1082.4,1090.8,1026369,32911.0,31.19,311515.0
2024-05-06,1096.0,1103.5,1068.45,1082.45,798202,36130.0,22.09,202959.0
2024-05-07,1082.45,1087.9,1060.5,1063.55,700537,28025.0,25.0,178448.0
2024-05-08,1063.55,1084.1,1055.3,1080.0,634335,27790.0,22.83,158998.0
2024-05-09,1080.0,1084.0,1042.0,1044.3,623050,32673.0,19.07,184064.0
2024-05-10,1045.0,1062.9,1043.0,1058.65,684671,34717.0,19.72,170787.0
2024-05-13,1057.0,1065.0,1032.2,1063.0,598289,25759.0,23.23,165311.0
2024-05-14,1062.25,1068.35,1048.0,1065.75,567464,24967.0,22.73,178041.0
2024-05-15,1065.85,1101.5,1065.85,1072.45,962430,39107.0,24.61,173030.0
2024-05-16,1080.0,1085.65,1071.4,1083.0,533612,22236.0,24.0,148654.0
2024-05-17,1083.0,1105.25,1078.8,1084.45,695850,31515.0,22.08,250165.0
2024-05-18,1086.85,1092.0,1078.0,1079.55,101872,4980.0,20.46,60256.0
2024-05-21,1079.0,1094.35,1075.3,1087.45,572520,31790.0,18.01,213983.0
2024-05-22,1084.15,1094.85,1076.45,1086.45,496537,26535.0,18.71,145201.0
2024-05-23,1081.05,1094.85,1077.0,1088.85,927993,31693.0,29.28,443271.0
2024-05-24,1089.85,1118.4,1080.05,1084.25,3184058,69316.0,45.94,1458450.0
2024-05-27,1092.6,1117.0,1086.4,1105.15,2360517,56859.0,41.52,768240.0
2024-05-28,1108.9,1129.0,1090.45,1096.4,1614143,54793.0,29.46,423467.0
2024-05-29,1096.4,1101.45,1070.25,1072.3,913212,32302.0,28.27,395561.0
2024-05-30,1072.65,1078.95,1037.0,1043.55,1061955,36638.0,28.99,371944.0
2024-05-31,1048.45,1055.95,1027.0,1030.15,1306729,36100.0,36.2,707127.0
2024-06-03,1068.0,1068.0,1033.65,1060.85,1408614,49386.0,28.52,659584.0
2024-06-04,1068.0,1068.0,960.05,996.95,1950548,103714.0,18.81,624450.0
2024-06-05,1016.0,1047.0,991.5,1043.1,833436,42669.0,19.53,232682.0
2024-06-06,1046.95,1067.0,1045.0,1063.35,857357,32991.0,25.99,208395.0
2024-06-07,1028.9,1061.6,1017.95,1056.15,2477378,65954.0,37.56,548488.0
2024-06-10,1064.95,1097.7,1060.0,1086.0,2458143,66806.0,36.8,632218.0
2024-06-11,1081.1,1120.95,1073.4,1111.4,3432029,95841.0,35.81,820991.0
2024-06-12,1110.9,1135.0,1097.0,1123.6,3594685,93150.0,38.59,1048576.0
2024-06-13,1123.6,1130.0,1106.05,1116.3,1081926,39677.0,27.27,345783.0
2024-06-14,1116.3,1123.0,1100.7,1105.85,1024057,35773.0,28.63,484594.0
2024-06-18,1106.0,1124.4,1101.25,1121.1,1365786,45209.0,30.21,498596.0
2024-06-19,1127.0,1139.0,1104.2,1106.85,1620864,51813.0,31.28,411712.0
2024-06-20,1113.0,1161.3,1105.3,1154.0,6000213,132168.0,45.4,2297711.0
2024-06-21,1162.0,1162.0,1120.45,1126.3,2066048,55884.0,36.97,771407.0
2024-06-24,1125.0,1125.3,1092.4,1103.45,1640665,45949.0,35.71,713761.0
2024-06-25,1106.9,1122.0,1095.0,1097.05,1007056,30296.0,33.24,314391.0
2024-06-26,1100.05,1111.0,1089.5,1092.45,1154125,28583.0,40.38,496069.0
2024-06-27,1092.35,1099.2,1074.0,1091.65,1657793,40187.0,41.25,651424.0
2024-06-28,1095.0,1106.9,1087.55,1103.1,1052712,37409.0,28.14,453781.0
2024-07-01,1107.95,1117.3,1103.6,1107.35,1136445,28880.0,39.35,630279.0
2024-07-02,1108.95,1116.05,1090.35,1095.3,863073,31900.0,27.06,394236.0
2024-07-03,1098.5,1112.85,1095.0,1103.45,878761,28545.0,30.79,393414.0
2024-07-04,1107.0,1120.0,1100.5,1103.65,1102773,42541.0,25.92,509190.0
2024-07-05,1103.65,1110.0,1089.0,1101.75,1658503,42685.0,38.85,897721.0
2024-07-08,1101.75,1111.15,1078.65,1079.95,1111230,39035.0,28.47,498075.0
2024-07-09,1085.0,1096.4,1079.0,1082.75,816669,33396.0,24.45,396345.0
2024-07-10,1082.75,1089.85,1043.25,1063.65,2550443,61446.0,41.51,1325630.0
2024-07-11,1072.0,1073.65,1053.65,1059.0,1366004,33108.0,41.26,773296.0
2024-07-12,1065.0,1074.0,1061.4,1065.7,617639,30059.0,20.55,228592.0
2024-07-15,1066.95,1070.45,1058.1,1066.45,1152257,22395.0,51.45,862685.0
2024-07-16,1071.45,1077.95,1064.4,1065.9,603025,25579.0,23.58,193840.0
2024-07-18,1065.95,1068.9,1047.15,1060.55,1395138,36622.0,38.1,432482.0
2024-07-19,1059.95,1061.75,1038.05,1044.2,1851329,49554.0,37.36,1164532.0
2024-07-22,1039.95,1070.0,1032.4,1067.1,984913,42603.0,23.12,405902.0
2024-07-23,1069.0,1069.9,1019.2,1044.85,794063,43635.0,18.2,227893.0
2024-07-24,1046.1,1057.65,1043.1,1051.5,426005,17672.0,24.11,139168.0
2024-07-25,1048.5,1052.0,1041.45,1047.7,425920,17463.0,24.39,128464.0
2024-07-26,1048.05,1075.95,1048.05,1070.7,873682,29443.0,29.67,363066.0
2024-07-29,1079.0,1105.95,1076.05,1098.6,1876689,58271.0,32.21,768395.0
2024-07-30,1098.0,1121.0,1094.05,1111.5,1426606,47313.0,30.15,730534.0
2024-07-31,1121.0,1129.0,1106.05,1119.65,1377588,47022.0,29.3,676933.0
2024-08-01,1129.95,1133.0,1095.2,1103.75,872250,34138.0,25.55,313955.0
2024-08-02,1095.95,1100.2,1078.6,1087.0,944709,39733.0,23.78,390617.0
2024-08-05,1050.0,1083.5,1045.1,1053.25,1034008,55740.0,18.55,346434.0
2024-08-06,1066.0,1078.4,1027.15,1032.85,1715631,63272.0,27.12,324153.0
2024-08-07,1045.9,1056.8,1034.3,1053.05,538673,23263.0,23.16,177016.0
2024-08-08,1048.2,1051.15,1027.35,1029.9,711931,32681.0,21.78,354802.0
2024-08-09,1035.85,1055.75,1035.85,1041.7,488798,22124.0,22.09,183226.0
2024-08-12,1041.7,1056.0,1030.6,1048.35,506098,25040.0,20.21,160103.0
2024-08-13,1049.0,1050.0,1025.05,1027.75,662395,28289.0,23.42,340736.0
2024-08-14,1034.9,1034.9,1011.1,1019.75,917164,27634.0,33.19,509833.0
2024-08-16,1022.05,1044.9,1022.05,1042.35,461190,19492.0,23.66,172854.0
2024-08-19,1045.0,1055.0,1041.15,1052.95,387913,17016.0,22.8,156887.0
2024-08-20,1052.0,1064.0,1048.5,1059.65,547522,22394.0,24.45,207766.0
2024-08-21,1053.95,1067.95,1051.7,1062.3,376197,16635.0,22.61,130513.0
2024-08-22,1062.3,1093.05,1062.3,1085.45,967795,39257.0,24.65,302890.0
2024-08-23,1091.9,1091.9,1068.1,1072.3,614605,23562.0,26.08,212957.0
2024-08-26,1079.95,1083.0,1071.0,1073.15,317928,16005.0,19.86,118721.0
2024-08-27,1073.4,1097.75,1072.75,1086.8,1126815,38942.0,28.94,299193.0
2024-08-28,1089.0,1106.0,1072.45,1075.65,1009628,41440.0,24.36,255098.0
2024-08-29,1075.65,1076.55,1057.55,1073.3,663496,33955.0,19.54,217203.0
2024-08-30,1073.3,1096.0,1073.3,1082.65,784070,27583.0,28.43,342801.0
2024-09-02,1083.0,1097.0,1077.25,1084.15,524425,27090.0,19.36,163295.0
2024-09-03,1082.0,1112.5,1082.0,1108.3,1756062,55944.0,31.39,698294.0
2024-09-04,1106.9,1106.9,1076.3,1081.4,1108263,38081.0,29.1,374368.0
2024-09-05,1083.3,1088.25,1071.3,1081.25,1278880,42621.0,30.01,636696.0
2024-09-06,1082.0,1085.5,1053.3,1056.65,1014325,47896.0,21.18,353910.0
2024-09-09,1057.0,1057.0,1039.0,1052.05,431616,24658.0,17.5,120856.0
2024-09-10,1060.0,1068.0,1055.0,1062.85,452578,24844.0,18.22,155231.0
2024-09-11,1063.7,1065.85,1028.25,1030.2,755783,35965.0,21.01,342363.0
2024-09-12,1032.1,1045.5,1025.0,1043.65,622430,29416.0,21.16,159973.0
2024-09-13,1045.0,1066.05,1041.5,1053.7,507348,26513.0,19.14,182430.0
2024-09-16,1053.7,1060.2,1040.0,1041.75,697399,28417.0,24.54,370217.0
2024-09-17,1049.0,1049.0,1029.0,1030.85,595277,28742.0,20.71,275339.0
2024-09-18,1031.0,1035.8,1006.05,1017.6,1193561,42458.0,28.11,506241.0
2024-09-19,1025.7,1029.0,993.05,1022.5,1428078,52143.0,27.39,599927.0
2024-09-20,1025.0,1030.95,1015.6,1025.7,541066,25669.0,21.08,168866.0
2024-09-23,1030.0,1038.3,1026.1,1034.1,455243,16904.0,26.93,182444.0
2024-09-24,1031.25,1056.3,1031.25,1049.95,1082182,34547.0,31.32,429282.0
2024-09-25,1051.0,1066.85,1051.0,1058.05,859249,30009.0,28.63,285084.0
2024-09-26,1060.0,1062.0,1042.1,1054.45,481760,22141.0,21.76,145835.0
2024-09-27,1057.6,1089.8,1056.15,1067.2,2285624,60038.0,38.07,1148744.0
2024-09-30,1079.95,1101.3,1074.15,1091.1,2456424,73290.0,33.52,681745.0
2024-10-01,1099.0,1139.95,1088.0,1132.6,3781132,103822.0,36.42,1523262.0
2024-10-03,1119.5,1140.0,1091.25,1133.05,1946547,79607.0,24.45,575869.0
2024-10-04,1132.5,1163.0,1102.25,1128.65,3609598,114194.0,31.61,941852.0
2024-10-07,1142.0,1143.25,1071.15,1077.65,1550240,65933.0,23.51,348379.0
2024-10-08,1077.65,1104.45,1055.85,1085.7,1023319,52061.0,19.66,154340.0
2024-10-09,1093.0,1144.6,1091.2,1105.35,2757842,108448.0,25.43,537408.0
2024-10-10,1160.0,1204.45,1132.65,1151.2,12418567,186269.0,66.67,4032323.0
2024-10-11,1156.9,1188.7,1145.7,1183.1,4347446,86834.0,50.07,1173786.0
2024-10-14,1194.0,1200.3,1097.0,1104.5,6645765,185812.0,35.77,1679405.0
2024-10-15,1107.9,1121.75,1095.15,1099.0,2058334,51696.0,39.82,665004.0
2024-10-16,1095.0,1109.0,1092.0,1100.35,929093,25912.0,35.86,314949.0
2024-10-17,1102.0,1118.0,1064.3,1073.85,1406274,42508.0,33.08,442456.0
2024-10-18,1055.05,1093.45,1040.0,1088.1,2178864,55774.0,39.07,494892.0
2024-10-21,1140.0,1247.35,1127.2,1189.0,19163502,285763.0,67.06,5726654.0
2024-10-22,1170.0,1181.5,1129.3,1143.3,6566552,197796.0,33.2,1929004.0
2024-10-23,1142.0,1163.4,1122.15,1124.85,2878025,86682.0,33.2,1110390.0
2024-10-24,1129.7,1143.95,1101.0,1107.25,1686540,54189.0,31.12,717005.0
2024-10-25,1110.0,1115.05,1052.35,1064.75,1915919,62940.0,30.44,713607.0
2024-10-28,1070.0,1105.95,1065.0,1091.65,1585694,50049.0,31.68,541416.0
2024-10-29,1097.1,1103.5,1072.65,1096.2,1099457,40143.0,27.39,347094.0
2024-10-30,1096.0,1138.6,1088.05,1131.75,2265808,63993.0,35.41,864017.0
2024-10-31,1131.0,1158.4,1124.65,1148.9,1792719,55934.0,32.05,658466.0
2024-11-01,1154.0,1163.85,1148.0,1154.75,287093,11065.0,25.95,108684.0
2024-11-04,1154.75,1154.75,1110.9,1125.75,658591,29398.0,22.4,178738.0
2024-11-05,1128.0,1141.0,1112.0,1129.8,922441,28521.0,32.34,363074.0
2024-11-06,1130.0,1156.0,1126.2,1150.55,927428,31810.0,29.16,303962.0
2024-11-07,1150.9,1159.2,1117.0,1120.25,692065,30011.0,23.06,256939.0
2024-11-08,1127.0,1127.95,1098.0,1101.5,634107,27387.0,23.15,182243.0
2024-11-11,1101.45,1104.8,1080.1,1096.55,876068,29192.0,30.01,354053.0
2024-11-12,1095.5,1112.45,1068.0,1072.35,673271,28297.0,23.79,195996.0
2024-11-13,1076.65,1080.8,1034.8,1041.15,848792,41388.0,20.51,270980.0
2024-11-14,1041.15,1066.95,1041.05,1058.55,588233,32422.0,18.14,197004.0
2024-11-18,1058.0,1069.0,1047.2,1058.95,470959,28894.0,16.3,157732.0
2024-11-19,1067.95,1086.5,1061.0,1068.25,442292,20876.0,21.19,131914.0
2024-11-21,1062.3,1065.0,1042.35,1045.1,543330,28161.0,19.29,211738.0
2024-11-22,1045.0,1072.4,1042.2,1069.9,404809,21064.0,19.22,103336.0
2024-11-25,1090.0,1104.3,1076.25,1081.95,1155800,31703.0,36.46,403571.0
2024-11-26,1085.1,1102.0,1082.35,1095.3,692757,26388.0,26.25,258278.0
2024-11-27,1100.0,1115.1,1086.0,1107.15,562395,26011.0,21.62,141670.0
2024-11-28,1107.15,1120.9,1095.0,1103.85,608222,23702.0,25.66,193609.0
2024-11-29,1100.0,1117.5,1100.0,1111.75,334105,15774.0,21.18,109586.0
2024-12-02,1111.75,1134.0,1095.45,1129.8,659775,25181.0,26.2,236506.0
2024-12-03,1134.0,1139.0,1127.0,1136.4,492734,28857.0,17.08,178312.0
2024-12-04,1136.0,1145.75,1122.4,1125.95,368829,20843.0,17.7,126215.0
2024-12-05,1130.0,1142.35,1118.55,1136.7,546100,23928.0,22.82,211048.0
2024-12-06,1128.0,1141.6,1117.0,1119.5,443419,18177.0,24.39,142499.0
2024-12-09,1118.0,1121.0,1100.1,1106.05,432099,18531.0,23.32,132533.0
2024-12-10,1110.0,1134.9,1109.9,1123.5,792491,29019.0,27.31,301850.0
2024-12-11,1123.0,1139.45,1119.3,1125.65,305863,20010.0,15.29,110741.0
2024-12-12,1120.0,1124.3,1096.35,1100.3,421157,19952.0,21.11,136958.0
2024-12-13,1100.3,1100.9,1067.35,1093.55,567527,29600.0,19.17,143293.0
2024-12-16,1093.0,1100.9,1081.0,1084.75,304355,17172.0,17.72,96635.0
2024-12-17,1084.75,1090.0,1070.0,1072.65,542449,24231.0,22.39,295480.0
2024-12-18,1077.0,1077.4,1047.75,1057.15,495635,26658.0,18.59,224964.0
2024-12-19,1049.2,1061.9,1037.25,1059.55,436526,28295.0,15.43,135423.0
2024-12-20,1062.4,1064.9,1021.0,1028.85,756678,37426.0,20.22,382845.0
2024-12-23,1040.0,1045.0,1025.15,1034.25,270757,18980.0,14.27,89392.0
2024-12-24,1040.0,1107.0,1032.85,1067.6,3912449,120815.0,32.38,485855.0
2024-12-26,1068.0,1073.95,1047.0,1057.65,715129,29208.0,24.48,176637.0
2024-12-27,1059.5,1067.4,1043.3,1046.35,364011,20992.0,17.34,89591.0
2024-12-30,1049.2,1054.95,1028.5,1031.8,899161,40447.0,22.23,296601.0
2024-12-31,1034.8,1061.05,1030.0,1052.2,1558889,64896.0,24.02,410782.0
2025-01-01,1042.0,1048.0,1034.05,1038.4,630282,29111.0,21.65,234828.0
2025-01-02,1042.95,1045.0,1018.15,1031.45,1949445,46409.0,42.01,1197806.0
2025-01-03,1038.0,1041.6,1023.3,1027.9,534063,23257.0,22.96,206442.0
2025-01-06,1034.45,1034.45,986.0,991.25,1560552,51401.0,30.36,868521.0
2025-01-07,1001.0,1022.5,991.0,1012.2,1311159,45312.0,28.94,620685.0
2025-01-08,1014.2,1016.95,999.7,1003.7,1682463,47136.0,35.69,1004462.0
2025-01-09,1008.0,1027.4,998.05,1014.85,1712582,59628.0,28.72,670038.0
2025-01-10,1015.5,1016.0,969.55,977.75,1867534,63362.0,29.47,868167.0
2025-01-13,965.05,972.3,947.05,949.6,1131747,47862.0,23.65,561468.0
2025-01-14,952.5,973.05,952.5,965.5,1120814,36591.0,30.63,607991.0
2025-01-15,966.8,976.95,954.0,961.95,1108334,37338.0,29.68,641121.0
2025-01-16,969.0,982.2,969.0,972.45,600983,22407.0,26.82,287968.0
2025-01-17,995.0,1002.15,968.75,975.35,1214761,45488.0,26.71,464961.0
2025-01-20,976.9,982.2,958.65,971.4,1122721,25783.0,43.55,625285.0
2025-01-21,974.95,983.9,956.0,960.05,792769,29470.0,26.9,304421.0
2025-01-22,962.0,966.25,941.05,954.05,744699,29565.0,25.19,302149.0
2025-01-23,953.8,985.0,941.15,975.45,730913,30485.0,23.98,142887.0
2025-01-24,975.45,983.15,951.8,956.9,464543,23531.0,19.74,124739.0
2025-01-27,953.0,963.0,935.0,943.95,961156,31008.0,31.0,521100.0
2025-01-28,951.0,954.2,930.05,941.8,606676,30270.0,20.04,210994.0
2025-01-29,941.95,965.0,940.5,962.8,540595,20578.0,26.27,229831.0
2025-01-30,962.55,977.4,958.95,967.95,383812,21926.0,17.5,92659.0
2025-01-31,968.1,990.0,968.05,986.1,570528,25511.0,22.36,208825.0
2025-02-01,985.0,988.95,952.65,964.3,349881,19943.0,17.54,100421.0
2025-02-03,964.3,966.9,937.0,946.55,832855,48881.0,17.04,289262.0
2025-02-04,930.1,935.95,899.2,918.5,5589827,165702.0,33.73,1149017.0
2025-02-05,917.55,937.45,913.0,933.75,886319,38094.0,23.27,221206.0
2025-02-06,943.0,958.9,930.5,936.15,1132979,50864.0,22.27,227953.0
2025-02-07,935.0,941.4,920.85,931.4,956627,23578.0,40.57,554490.0
2025-02-10,928.0,930.9,905.05,909.4,840800,30607.0,27.47,345397.0
2025-02-11,910.0,917.8,878.05,883.05,711445,38439.0,18.51,207711.0
2025-02-12,884.95,887.5,858.05,878.6,525775,30171.0,17.43,106397.0
2025-02-13,878.95,888.15,867.0,868.25,412094,27807.0,14.82,144910.0
2025-02-14,871.05,876.05,838.65,846.5,599907,32185.0,18.64,174171.0
2025-02-17,846.5,859.25,831.8,854.5,404275,32415.0,12.47,124515.0
2025-02-18,855.85,859.0,841.75,856.6,361609,20664.0,17.5,134834.0
2025-02-19,853.4,861.8,848.15,853.85,614343,23236.0,26.44,329144.0
2025-02-20,853.4,857.3,844.05,854.7,494774,19124.0,25.87,268183.0
2025-02-21,853.1,866.85,841.0,846.05,414749,20707.0,20.03,106149.0
2025-02-24,844.0,844.0,834.1,836.35,357017,20648.0,17.29,98642.0
2025-02-25,844.0,844.0,824.0,827.7,492961,25498.0,19.33,130382.0
2025-02-27,827.25,829.0,800.0,801.85,743101,35421.0,20.98,316116.0
2025-02-28,799.9,801.6,765.0,777.35,835197,42385.0,19.71,314232.0
2025-03-03,777.35,790.1,756.0,787.55,617215,42644.0,14.47,208480.0
2025-03-04,787.0,794.0,774.0,783.0,490881,26197.0,18.74,155884.0
2025-03-05,780.0,805.8,780.0,802.7,709790,26101.0,27.19,404712.0
2025-03-06,817.8,817.8,805.6,814.7,792050,25016.0,31.66,256177.0
2025-03-07,814.8,825.8,810.0,815.3,522339,33171.0,15.75,197923.0
2025-03-10,820.0,825.25,808.35,814.15,1082771,30778.0,35.18,736684.0
2025-03-11,810.0,825.5,802.7,815.9,450253,19798.0,22.74,195025.0
2025-03-12,815.1,824.6,797.1,806.0,495651,23998.0,20.65,188877.0
2025-03-13,808.0,810.9,795.0,796.1,342005,18760.0,18.23,161856.0
2025-03-17,799.8,805.65,791.0,803.3,712444,51249.0,13.9,372842.0
2025-03-18,806.55,820.8,804.9,817.6,399847,22263.0,17.96,217242.0
2025-03-19,822.45,835.05,819.3,833.1,550187,26308.0,20.91,256764.0
2025-03-20,840.0,843.85,831.0,837.45,561486,27122.0,20.7,233773.0
2025-03-21,839.8,854.2,834.45,847.25,933659,34379.0,27.16,564512.0
2025-03-24,849.95,860.0,845.5,852.65,477959,22842.0,20.92,214264.0
2025-03-25,852.7,862.55,846.7,855.95,841053,30725.0,27.37,446444.0
2025-03-26,857.0,861.0,847.75,850.9,647911,23824.0,27.2,342985.0
2025-03-27,849.9,858.85,844.2,847.8,2839769,61136.0,46.45,2182864.0
2025-03-28,850.0,872.15,849.5,864.9,1643302,49619.0,33.12,748878.0
2025-04-01,860.1,864.85,835.3,839.75,635894,24375.0,26.09,272515.0
2025-04-02,841.0,853.9,827.2,851.5,416659,20768.0,20.06,174406.0
2025-04-03,843.3,854.45,841.0,849.9,208804,14083.0,14.83,66939.0
2025-04-04,849.9,855.05,810.0,812.4,586343,27475.0,21.34,242278.0
2025-04-07,770.0,809.2,765.0,800.5,1145265,42101.0,27.2,343536.0
2025-04-08,805.0,816.45,801.9,809.25,322203,17209.0,18.72,136206.0
2025-04-09,809.0,814.45,797.6,811.5,249489,15742.0,15.85,83291.0
2025-04-11,837.35,837.35,815.0,832.25,831867,31408.0,26.49,470543.0
2025-04-15,837.05,847.95,836.4,846.9,504370,22503.0,22.41,279341.0
2025-04-16,854.0,855.0,844.5,847.5,478419,20935.0,22.85,233066.0
2025-04-17,848.0,859.65,843.1,848.75,613179,25557.0,23.99,194312.0
2025-04-21,857.45,858.85,847.3,853.65,565994,24737.0,22.88,277496.0
2025-04-22,855.1,861.9,846.35,851.85,716475,26737.0,26.8,250972.0
2025-04-23,855.8,867.6,851.0,857.6,786517,28566.0,27.53,358230.0
2025-04-24,857.6,875.4,855.85,864.1,937615,37951.0,24.71,288272.0
2025-04-25,865.0,870.25,822.15,826.45,1669531,50093.0,33.33,945897.0
2025-04-28,826.45,841.75,824.05,838.65,846965,27329.0,30.99,424019.0
2025-04-29,844.0,859.4,840.0,857.2,1169792,39563.0,29.57,625997.0
2025-04-30,857.0,859.6,833.3,837.3,444697,19545.0,22.75,207640.0
2025-05-02,839.95,847.65,832.0,835.1,340851,17359.0,19.64,152033.0
2025-05-05,836.0,847.25,830.5,845.45,404397,18083,22.36,186908
2025-05-06,850.0,850.0,812.0,816.6,987019,36044,27.38,333986
2025-05-07,805.0,828.25,805.0,826.2,711923,32343,22.01,314098
2025-05-08,821.0,844.65,801.0,808.7,2471427,64777,38.15,563782
2025-05-09,787.6,819.5,787.6,817.3,1210695,49545,24.44,555486
2025-05-12,830.0,849.9,829.45,848.75,804624,23694,33.96,399787
2025-05-13,848.0,849.95,831.85,836.8,575585,22118,26.02,231976
2025-05-14,842.0,842.85,834.55,838.6,401692,15055,26.68,195055
2025-05-15,841.05,854.45,838.15,852.4,736612,24759,29.75,398949
2025-05-16,854.4,860.95,850.25,859.5,549605,16995,32.34,240451
2025-05-19,860.0,874.0,856.5,868.15,1242269,26357,47.13,711519
2025-05-20,875.0,885.0,861.0,863.1,1214133,29573,41.06,501035
2025-05-21,867.4,867.5,855.0,859.1,329073,13594,24.21,114499
2025-05-22,858.05,863.9,851.5,859.3,401001,12980,30.89,182024
2025-05-23,858.15,887.55,856.2,873.95,1091945,38362,28.46,341618
2025-05-26,879.9,886.7,871.05,881.85,857812,31354,27.36,345582
2025-05-27,881.9,903.75,878.6,900.4,1753607,50920,34.44,554887
2025-05-28,908.0,908.4,891.0,895.75,719939,24222,29.72,240209
2025-05-29,898.75,898.75,886.5,891.2,396258,20215,19.6,122532
2025-05-30,891.95,895.0,879.45,887.15,463076,20561,22.52,189425
2025-06-02,883.0,898.5,880.85,896.6,501195,18010,27.83,214466
2025-06-03,896.95,914.0,894.65,905.4,1162515,30398,38.24,518487
2025-06-04,905.4,917.7,895.55,915.15,763349,22955,33.25,265396
2025-06-05,916.0,936.5,911.4,930.4,1531901,38267,40.03,432122
2025-06-06,934.0,946.0,921.5,934.1,1530328,39866,38.39,600577
2025-06-09,936.0,962.85,935.5,960.45,1056942,32863,32.16,364175
2025-06-10,965.0,976.55,959.3,962.4,730811,27589,26.49,237107
2025-06-11,964.0,972.0,951.35,960.35,1078694,32934,32.75,594822
2025-06-12,951.8,951.8,930.5,932.75,733082,25905,28.3,330555
2025-06-13,918.0,930.65,918.0,925.45,384589,15856,24.26,140688
2025-06-16,921.3,939.9,911.5,936.35,539395,21528,25.06,156686
2025-06-17,934.05,945.45,931.0,935.2,372538,14614,25.49,105000
2025-06-18,936.6,941.1,924.45,928.25,302779,11188,27.06,98273
2025-06-19,927.0,929.1,905.05,909.05,399670,17707,22.57,148366
2025-06-20,906.5,919.6,905.3,913.85,1015043,29276,34.67,5132152025-06-23,913.85,915.4,900.2,905.5,644664,32423,19.88,250762
2025-06-24,914.85,924.65,907.8,912.6,660305,32007,20.63,228289
2025-06-25,919.0,942.0,910.15,939.95,1663007,44168,37.65,463847
2025-06-26,947.0,947.0,924.0,935.25,986131,26437,37.3,305359
2025-06-27,937.1,942.6,931.6,933.7,458429,20460,22.41,201178
2025-06-30,935.0,943.9,932.55,936.65,449007,16063,27.95,169238
2025-07-01,937.95,942.0,925.6,930.55,297613,11075,26.87,108552
2025-07-02,931.9,943.0,924.1,934.15,606838,18532,32.75,292335
2025-07-03,940.6,950.4,933.15,945.0,1202113,35299,34.06,470263
2025-07-04,949.5,956.15,936.4,939.0,1018714,31462,32.38,392091
2025-07-07,939.35,941.9,927.2,929.2,365580,14439,25.32,147945
2025-07-08,930.95,934.5,919.0,925.85,319306,14419,22.14,126259
2025-07-09,927.0,930.0,920.2,922.35,282307,13950,20.24,120319
2025-07-10,925.0,927.4,917.55,925.25,465789,19859,23.45,204285
2025-07-11,922.0,924.4,900.7,906.3,531790,22115,24.05,267256
2025-07-14,910.8,925.65,903.2,923.95,460697,19297,23.87,153392
2025-07-15,927.0,938.25,921.2,931.4,431633,19538,22.09,158438
2025-07-16,931.4,944.1,922.3,940.2,521056,21353,24.4,213753
2025-07-17,940.1,948.5,934.6,938.45,412325,17058,24.17,184247
2025-07-18,938.45,939.9,925.65,931.95,397257,18698,21.25,212032
2025-07-21,925.15,947.0,925.15,940.4,384455,15261,25.19,150611
2025-07-22,945.0,966.0,935.0,962.65,1169600,32943,35.5,550850
2025-07-23,965.0,977.0,952.05,972.1,2048020,67185,30.48,979066
2025-07-24,975.85,977.95,944.0,946.4,847052,30081,28.16,305574
2025-07-25,947.0,954.55,920.8,941.4,959684,36334,26.41,227675
2025-07-28,943.95,958.0,922.8,934.35,1175385,43878,26.79,207616
2025-07-29,950.55,1004.9,949.0,1000.0,9619563,185457,51.87,1645126
2025-07-30,1000.0,1018.8,992.35,1001.35,2173962,67550,32.18,601355
2025-07-31,978.85,998.5,978.85,982.55,772958,37370,20.68,322781
2025-08-01,982.55,989.0,954.8,956.5,523628,22636,23.13,224347
2025-08-04,962.45,975.65,954.8,973.4,741473,29106,25.47,3235682025-08-04,962.45,975.65,954.8,973.4,741473,29106,25.47,323568
2025-08-05,976.0,983.0,956.65,964.25,631578,23919,26.4,273931
2025-08-06,960.0,965.4,943.75,949.55,499815,19619,25.48,228360
2025-08-07,941.0,962.95,936.45,959.0,586894,21509,27.29,279360
2025-08-08,959.0,963.85,941.6,946.3,244860,15368,15.93,96684
2025-08-11,945.5,956.35,941.05,952.4,226258,16656,13.58,92257
2025-08-12,952.4,954.9,940.85,945.2,278362,14856,18.74,113937
2025-08-13,950.0,950.35,937.05,941.4,356973,15404,23.17,160386
2025-08-14,944.4,946.05,931.05,933.5,278540,14604,19.07,129857
2025-08-18,941.4,953.8,939.55,945.85,352478,14831,23.77,143002
2025-08-19,946.9,950.3,941.65,947.6,334463,11507,29.07,167104
2025-08-20,948.6,952.45,938.5,944.65,423832,13262,31.96,102527
2025-08-21,945.0,946.2,935.15,940.2,463994,13382,34.67,127803
2025-08-22,940.2,945.0,935.45,938.05,200904,8739,22.99,57445
2025-08-25,938.0,953.65,936.95,950.25,428532,14595,29.36,156190
2025-08-26,950.75,950.8,930.0,935.3,427451,18246,23.43,135290
2025-08-28,937.0,937.85,915.05,917.8,338180,17527,19.29,149371
2025-08-29,917.9,933.95,917.05,920.7,429660,19629,21.89,211568
2025-09-01,921.45,941.9,920.35,939.85,194469,11206,17.35,88454
2025-08-29,917.9,933.95,917.05,920.7,429660,19629,21.89,211568
2025-09-01,921.45,941.9,920.35,939.85,194469,11206,17.35,88454
2025-09-02,939.9,944.95,928.9,931.45,467774,16654,28.09,260798
2025-09-03,936.9,942.35,931.1,939.2,443022,19216,23.05,229975
2025-09-04,951.0,951.0,933.7,938.75,386735,19958,19.38,219538
2025-09-05,938.75,945.45,925.6,933.45,307265,12831,23.95,158589
2025-09-08,935.0,952.95,934.5,943.3,295157,15908,18.55,128031
2025-09-09,944.0,949.05,938.6,945.55,211408,10021,21.1,101460
2025-09-10,950.0,955.9,942.3,945.0,264777,10838,24.43,106578
2025-09-11,945.0,976.0,945.0,968.25,754101,21847,34.52,281316
2025-09-12,973.0,978.85,958.0,961.25,609158,17162,35.49,216559
2025-09-15,961.9,985.2,961.55,975.4,537683,19113,28.13,198385
2025-09-16,975.5,1004.65,974.15,982.55,871132,26591,32.76,240562
2025-09-17,982.95,1026.65,982.95,1005.15,1843644,51434,35.84,453589
2025-09-18,1007.2,1008.15,986.65,989.25,606064,19412,31.22,210149
2025-09-19,985.5,1001.8,983.05,993.6,482023,17009,28.34,161664
